Coordinates
version=1
nRows=651
nColumns=34
inDegrees=yes

Units are S.I. units (second, meters, Newtons, ...)
If the header above contains a line with 'inDegrees', this indicates whether rotational values are in degrees (yes) or radians (no).

endheader
time	pelvis_tilt	pelvis_list	pelvis_rotation	pelvis_tx	pelvis_ty	pelvis_tz	hip_flexion_r	hip_adduction_r	hip_rotation_r	knee_angle_r	ankle_angle_r	subtalar_angle_r	mtp_angle_r	hip_flexion_l	hip_adduction_l	hip_rotation_l	knee_angle_l	ankle_angle_l	subtalar_angle_l	mtp_angle_l	lumbar_extension	lumbar_bending	lumbar_rotation	arm_flex_r	arm_add_r	arm_rot_r	elbow_flex_r	pro_sup_r	arm_flex_l	arm_add_l	arm_rot_l	elbow_flex_l	pro_sup_l
      0.00000000	    -24.72107076	     -1.07584109	     10.64923478	     -0.50595499	      0.73295650	     -0.19602999	     19.14927684	     -8.49644170	     39.99999995	     14.83087261	    -50.00000000	    -28.51625652	      0.00000000	     23.89077632	     -2.27534536	     39.99999995	      5.92722600	    -26.40502426	    -35.00000000	      0.00000000	     44.32613677	     -1.39708243	     47.41047785	    -78.49090485	     17.26476004	    -25.44734923	     91.55290722	     64.59707671	     45.21109556	     12.71457289	    -20.42304684	      0.00000000	      2.71058027
      0.01666670	    -25.36435669	      0.04065618	     10.70151334	     -0.50421549	      0.72989172	     -0.19644903	     19.85163499	     -9.36957310	     39.99999995	     14.74639106	    -50.00000000	    -30.01681960	      0.00000000	     24.62558551	     -0.40533024	     39.99999995	      6.09454581	    -26.55759848	    -35.00000000	      0.00000000	     44.78249212	     -1.82254864	     49.11085371	    -81.43969662	     19.30483652	    -24.94893748	     94.56870118	     64.36619022	     46.60646777	     13.03606230	    -20.09984231	      0.00000000	      0.00000000
      0.03333330	    -25.49802052	      0.83021689	     10.57492330	     -0.50425047	      0.72902127	     -0.19586808	     19.94579261	    -10.27515783	     39.99999995	     14.44030661	    -50.00000000	    -29.76412755	      0.00000000	     24.44517605	      0.28056694	     39.99999995	      5.94354478	    -26.97932935	    -35.00000000	      0.00000000	     44.86628509	     -2.51838586	     49.58589104	    -82.32969404	     19.00136180	    -24.06601728	     95.51445920	     64.29811726	     47.02857590	     12.86064625	    -20.32419627	      0.00000000	      0.00000000
      0.05000000	    -25.44422410	      1.16984027	     10.64712405	     -0.50564284	      0.73032142	     -0.19554879	     19.93687448	    -10.70028561	     39.99999995	     14.34696412	    -50.00000000	    -29.97341033	      0.00000000	     24.16475800	      0.59344727	     39.99999995	      5.78676881	    -26.95977130	    -35.00000000	      0.00000000	     44.79304425	     -2.83216156	     49.71200571	    -82.20433526	     18.89761221	    -23.77708149	     95.60714720	     64.27345372	     46.94172681	     12.36177921	    -20.46483240	      0.00000000	      0.00000000
      0.06666670	    -25.41555005	      1.29881516	     10.63720984	     -0.50551499	      0.73096235	     -0.19539206	     20.00300814	    -10.77257984	     39.99999995	     14.34414709	    -50.00000000	    -30.06723006	      0.00000000	     24.05383439	      0.67176620	     39.99999995	      5.64129698	    -26.95212572	    -35.00000000	      0.00000000	     44.78550961	     -2.86625357	     49.63038581	    -82.15185838	     18.86823812	    -23.70571065	     95.64068726	     64.27145041	     46.87410163	     12.43999685	    -20.50936554	      0.00000000	      0.00000000
      0.08333330	    -25.23562735	      1.36263925	     10.63576444	     -0.50583712	      0.73315114	     -0.19555759	     19.95226872	    -10.79562477	     39.99999995	     14.35748148	    -50.00000000	    -31.56172954	      0.00000000	     23.81090644	      0.72086770	     39.99999995	      5.63722474	    -26.65739576	    -35.00000000	      0.00000000	     44.64272542	     -3.07028731	     49.21904997	    -81.77344710	     17.45655359	    -22.51810375	     95.59426622	     64.15026876	     46.62164701	     12.29757995	    -21.61087480	      0.00000000	      0.00000000
      0.10000000	    -25.20334754	      1.36135721	     10.65096870	     -0.50630902	      0.73346809	     -0.19545314	     20.01664131	    -10.79559621	     39.99999995	     14.33453009	    -50.00000000	    -31.56177483	      0.00000000	     23.77254989	      0.72129685	     39.99999995	      5.65160669	    -26.65579368	    -35.00000000	      0.00000000	     44.63885821	     -3.07401478	     49.21254581	    -81.77225322	     17.45770071	    -22.51611510	     95.59441912	     64.14987395	     46.61845886	     12.30557725	    -21.61328374	      0.00000000	      0.00000000
      0.11666670	    -25.03258099	      1.39161344	     10.51603132	     -0.50559671	      0.73445003	     -0.19520265	     19.93839994	    -10.72972335	     39.99999995	     14.35419696	    -50.00000000	    -31.42262295	      0.00000000	     23.59348324	      0.68249535	     39.99999995	      5.70092962	    -26.12625288	    -35.00000000	      0.00000000	     44.34045605	     -3.11565587	     49.02217672	    -81.38206126	     17.07943725	    -22.35167690	     95.53574019	     64.07453355	     46.44202455	     12.59355663	    -21.98114644	      0.00000000	      0.00000000
      0.13333330	    -25.03306808	      1.43613502	     10.44525576	     -0.50522734	      0.73413634	     -0.19502756	     19.99220429	    -10.73204239	     39.99999995	     14.37646535	    -50.00000000	    -31.41591435	      0.00000000	     23.57414941	      0.69370470	     39.99999995	      5.74619683	    -26.11358699	    -35.00000000	      0.00000000	     44.30976380	     -3.14811793	     48.98228218	    -81.38287838	     17.07662097	    -22.33621932	     95.51990302	     64.06967796	     46.40885284	     12.60324538	    -22.00456182	      0.00000000	      0.00000000
      0.15000000	    -25.02474149	      1.45215257	     10.42721992	     -0.50509652	      0.73512519	     -0.19506050	     19.97698029	    -10.73058133	     39.99999995	     14.38472318	    -50.00000000	    -31.41504700	      0.00000000	     23.60676194	      0.69616937	     39.99999995	      5.73592086	    -26.11067742	    -35.00000000	      0.00000000	     44.30598161	     -3.15085004	     48.98083199	    -81.38175377	     17.07585176	    -22.33436323	     95.51879918	     64.06925644	     46.40355170	     12.60225161	    -22.00715647	      0.00000000	      0.00000000
      0.16666670	    -25.04226959	      1.55604762	     10.30166529	     -0.50404181	      0.73551091	     -0.19460052	     20.01248021	    -10.76229960	     39.99999995	     14.39782397	    -50.00000000	    -31.40655754	      0.00000000	     23.61449474	      0.73535213	     39.99999995	      5.77456475	    -26.09253983	    -35.00000000	      0.00000000	     44.26154119	     -3.21167098	     48.97826201	    -81.36290618	     17.07550155	    -22.30743598	     95.51000638	     64.06582758	     46.32884195	     12.57542554	    -22.03664386	      0.00000000	      0.00000000
      0.18333330	    -25.03090272	      1.64512375	     10.31925227	     -0.50508421	      0.73467819	     -0.19490977	     20.02431409	    -10.85710034	     39.99999995	     14.44778443	    -50.00000000	    -31.40588096	      0.00000000	     23.64965445	      0.83586081	     39.99999995	      5.73157667	    -26.07291066	    -35.00000000	      0.00000000	     44.22171477	     -3.24292371	     49.02419597	    -81.32438762	     17.05906400	    -22.28216181	     95.51336795	     64.06295758	     46.26387718	     12.52000166	    -22.07002389	      0.00000000	      0.00000000
      0.20000000	    -25.01852969	      1.84157485	     10.38487193	     -0.50452961	      0.73233372	     -0.19485561	     20.02014020	    -11.09520319	     39.99999995	     14.50412098	    -50.00000000	    -31.48559263	      0.00000000	     23.57767402	      1.08390285	     39.99999995	      5.79051449	    -26.03317104	    -35.00000000	      0.00000000	     44.19213471	     -3.50565488	     49.09682755	    -81.27465190	     17.05511683	    -22.20345689	     95.53066328	     64.05475618	     46.20464763	     12.36367347	    -22.18824158	      0.00000000	      0.00000000
      0.21666670	    -25.01490856	      1.86321499	     10.44165663	     -0.50321107	      0.73397886	     -0.19495629	     19.96554415	    -11.12965212	     39.99999995	     14.55603201	    -50.00000000	    -31.54251578	      0.00000000	     23.51601678	      1.13430299	     39.99999995	      5.82501660	    -26.02278126	    -35.00000000	      0.00000000	     44.26551347	     -3.55253369	     49.07651348	    -81.28431915	     17.07437697	    -22.17782216	     95.52937963	     64.05270177	     46.22536749	     12.34823947	    -22.22444602	      0.00000000	      0.00000000
      0.23333330	    -25.02011916	      1.85990640	     10.44318912	     -0.50378861	      0.73257748	     -0.19475615	     19.96450850	    -11.13178726	     39.99999995	     14.55720550	    -50.00000000	    -31.54372942	      0.00000000	     23.50412424	      1.13623543	     39.99999995	      5.82905104	    -26.02281812	    -35.00000000	      0.00000000	     44.26577466	     -3.55381906	     49.07621119	    -81.28451133	     17.07468561	    -22.17740367	     95.52924754	     64.05266855	     46.22508176	     12.34774730	    -22.22513809	      0.00000000	      0.00000000
      0.25000000	    -25.08809511	      1.86460871	     10.46363342	     -0.50269882	      0.73448897	     -0.19438051	     19.96171033	    -11.13840995	     39.99999995	     14.56363959	    -50.00000000	    -31.55141559	      0.00000000	     23.45609833	      1.12694758	     39.99999995	      5.85405323	    -26.02188428	    -35.00000000	      0.00000000	     44.26438862	     -3.55846100	     49.07459224	    -81.28677343	     17.07427803	    -22.17650323	     95.52959024	     64.05253715	     46.22871881	     12.34874076	    -22.22820406	      0.00000000	      0.00000000
      0.26666670	    -25.08233714	      1.98660155	     10.52738028	     -0.50356546	      0.73211286	     -0.19479432	     19.89491758	    -11.27019279	     39.99999995	     14.69926738	    -50.00000000	    -33.96295006	      0.00000000	     23.39534104	      1.29478518	     39.99999995	      5.87437854	    -25.40773600	    -35.00000000	      0.00000000	     44.32841387	     -3.75897236	     49.19220116	    -81.49147488	     17.05804005	    -21.79730487	     95.69279370	     64.01937452	     46.44008602	     12.35761329	    -23.29747960	      0.00000000	      0.00000000
      0.28333330	    -25.06629038	      1.96846867	     10.54601099	     -0.50421967	      0.73594549	     -0.19471267	     19.97165367	    -11.29793226	     39.99999995	     14.67262771	    -50.00000000	    -33.96449219	      0.00000000	     23.34219601	      1.28011786	     39.99999995	      5.89970154	    -25.41235431	    -35.00000000	      0.00000000	     44.33375024	     -3.75723911	     49.19249542	    -81.49403331	     17.05674764	    -21.79804337	     95.69222980	     64.01905432	     46.44476280	     12.35601873	    -23.30182092	      0.00000000	      0.00000000
      0.30000000	    -25.05847065	      1.95015783	     10.55471190	     -0.50341386	      0.73622183	     -0.19444216	     20.02442723	    -11.32325153	     39.99999995	     14.65287420	    -50.00000000	    -33.96644417	      0.00000000	     23.30181254	      1.26426200	     39.99999995	      5.92304580	    -25.41846797	    -35.00000000	      0.00000000	     44.33492428	     -3.75345593	     49.19362340	    -81.49429021	     17.05369366	    -21.79873716	     95.69162191	     64.01873703	     46.45024916	     12.35504504	    -23.30602979	      0.00000000	      0.00000000
      0.31666670	    -25.04082410	      1.99933989	     10.43728698	     -0.50499646	      0.73054299	     -0.19511558	     20.02667119	    -11.33443555	     39.99999995	     14.63537119	    -50.00000000	    -33.99468301	      0.00000000	     23.31904086	      1.30536989	     39.99999995	      5.93802652	    -25.43994409	    -35.00000000	      0.00000000	     44.34693564	     -3.71705711	     49.19788933	    -81.49613625	     17.02603934	    -21.80009342	     95.68026807	     64.01599215	     46.49109134	     12.35059997	    -23.34337471	      0.00000000	      0.00000000
      0.33333330	    -25.03447526	      2.01023111	     10.42805606	     -0.50382008	      0.73209082	     -0.19487577	     19.99789388	    -11.32320773	     39.99999995	     14.64892446	    -50.00000000	    -34.00081776	      0.00000000	     23.35845009	      1.32789926	     39.99999995	      5.91933642	    -25.43948173	    -35.00000000	      0.00000000	     44.34930119	     -3.71613192	     49.20484317	    -81.49573641	     17.02223812	    -21.79979573	     95.67873347	     64.01560707	     46.49171099	     12.34692984	    -23.34913122	      0.00000000	      0.00000000
      0.35000000	    -25.03553266	      2.00313609	     10.45015756	     -0.50296354	      0.73626211	     -0.19416059	     20.02223073	    -11.34698265	     39.99999995	     14.64743207	    -50.00000000	    -34.00807080	      0.00000000	     23.34447178	      1.31079000	     39.99999995	      5.93229614	    -25.44239367	    -35.00000000	      0.00000000	     44.35418395	     -3.71309702	     49.21496399	    -81.49611369	     17.01845259	    -21.79958241	     95.67732474	     64.01525254	     46.49372690	     12.34110738	    -23.35405654	      0.00000000	      0.00000000
      0.36666670	    -25.01929913	      1.99325458	     10.45893387	     -0.50394602	      0.73623242	     -0.19428933	     20.04626681	    -11.36298353	     39.99999995	     14.63994644	    -50.00000000	    -34.01490515	      0.00000000	     23.32856857	      1.29754626	     39.99999995	      5.94453141	    -25.44806123	    -35.00000000	      0.00000000	     44.35966233	     -3.71137201	     49.22784113	    -81.49448473	     17.01565616	    -21.79845983	     95.67572775	     64.01492601	     46.49446625	     12.33168780	    -23.35875584	      0.00000000	      0.00000000
      0.38333330	    -25.02899667	      1.96168074	     10.43301658	     -0.50416268	      0.73463057	     -0.19409931	     20.09423185	    -11.34530094	     39.99999995	     14.54949891	    -50.00000000	    -34.11458172	      0.00000000	     23.35902798	      1.24887302	     39.99999995	      5.99848916	    -25.54883624	    -35.00000000	      0.00000000	     44.35716236	     -3.65356867	     49.40958685	    -81.44620896	     16.96207446	    -21.78331971	     95.65814268	     64.00967121	     46.50705660	     12.22301602	    -23.42738412	      0.00000000	      0.00000000
      0.40000000	    -25.01587656	      1.95188848	     10.44888762	     -0.50388718	      0.73588562	     -0.19422732	     20.13602451	    -11.35956996	     39.99999995	     14.53726426	    -50.00000000	    -34.12244547	      0.00000000	     23.33742659	      1.24020750	     39.99999995	      6.00460129	    -25.55482191	    -35.00000000	      0.00000000	     44.36081270	     -3.64863126	     49.41395569	    -81.44444790	     16.96287943	    -21.78053267	     95.65586360	     64.00925991	     46.50933186	     12.22081036	    -23.43240971	      0.00000000	      0.00000000
      0.41666670	    -25.00337637	      1.95080487	     10.45196677	     -0.50398944	      0.73436399	     -0.19421971	     20.14096743	    -11.35978961	     39.99999995	     14.53517067	    -50.00000000	    -34.12340155	      0.00000000	     23.33753586	      1.24009020	     39.99999995	      6.00318850	    -25.55574741	    -35.00000000	      0.00000000	     44.36140974	     -3.64783311	     49.41566623	    -81.44354429	     16.96305884	    -21.77998681	     95.65550001	     64.00919910	     46.50869660	     12.21945346	    -23.43316760	      0.00000000	      0.00000000
      0.43333330	    -25.03828626	      1.88155822	     10.51240275	     -0.50490636	      0.73464243	     -0.19494115	     20.19814039	    -11.35630826	     39.99999995	     14.48793178	    -50.00000000	    -34.18695806	      0.00000000	     23.38062305	      1.18836174	     39.99999995	      5.92596800	    -25.57890574	    -35.00000000	      0.00000000	     44.34266383	     -3.58716523	     49.50292141	    -81.40156639	     16.96543850	    -21.75324940	     95.64285383	     64.00541399	     46.50271507	     12.17659922	    -23.47524355	      0.00000000	      0.00000000
      0.45000000	    -25.02815328	      1.87581061	     10.51260005	     -0.50487361	      0.73349720	     -0.19469100	     20.20267533	    -11.35822426	     39.99999995	     14.48672580	    -50.00000000	    -34.18787586	      0.00000000	     23.37957719	      1.19072422	     39.99999995	      5.92524118	    -25.57935988	    -35.00000000	      0.00000000	     44.34346842	     -3.58672342	     49.50344115	    -81.40097444	     16.96594743	    -21.75269670	     95.64236999	     64.00533598	     46.50190333	     12.17615975	    -23.47598869	      0.00000000	      0.00000000
      0.46666670	    -25.02068023	      1.87065969	     10.51236414	     -0.50465336	      0.73310562	     -0.19441298	     20.20469686	    -11.35966959	     39.99999995	     14.48630088	    -50.00000000	    -34.18886281	      0.00000000	     23.38306988	      1.19285007	     39.99999995	      5.92281128	    -25.57930166	    -35.00000000	      0.00000000	     44.34363629	     -3.58600098	     49.50428511	    -81.40028213	     16.96626293	    -21.75221839	     95.64204047	     64.00525784	     46.50112897	     12.17581618	    -23.47669985	      0.00000000	      0.00000000
      0.48333330	    -25.09212937	      1.83379708	     10.41294737	     -0.50363872	      0.73378382	     -0.19403659	     20.30454098	    -11.25925016	     39.99999995	     14.50672288	    -50.00000000	    -34.46548892	      0.00000000	     23.42993563	      1.07977289	     39.99999995	      5.80428677	    -25.54879300	    -35.00000000	      0.00000000	     44.43810846	     -3.45326611	     49.62485235	    -81.23881333	     17.18152378	    -21.57708207	     95.54426143	     63.98077284	     46.30917157	     12.09636042	    -23.69646611	      0.00000000	      0.00000000
      0.50000000	    -25.08756669	      1.84976671	     10.39225358	     -0.50382350	      0.73510796	     -0.19417138	     20.29345259	    -11.24514914	     39.99999995	     14.51182310	    -50.00000000	    -34.47082618	      0.00000000	     23.45197283	      1.10236869	     39.99999995	      5.79276277	    -25.54763395	    -35.00000000	      0.00000000	     44.43738709	     -3.46144382	     49.61810723	    -81.24548963	     17.18686519	    -21.57631145	     95.54024400	     63.97974263	     46.31269952	     12.10038634	    -23.70329759	      0.00000000	      0.00000000
      0.51666670	    -25.09465147	      1.92261897	     10.32510524	     -0.50379624	      0.73566863	     -0.19417226	     20.31313873	    -11.28043087	     39.99999995	     14.54755848	    -50.00000000	    -34.49341966	      0.00000000	     23.43698797	      1.15902285	     39.99999995	      5.79295722	    -25.54777409	    -35.00000000	      0.00000000	     44.43287456	     -3.51024248	     49.56711572	    -81.27173498	     17.22600716	    -21.56758979	     95.52338167	     63.97401295	     46.31622580	     12.13523339	    -23.74261936	      0.00000000	      0.00000000
      0.53333330	    -25.10092312	      1.92858832	     10.31388681	     -0.50369805	      0.73492982	     -0.19405473	     20.29218807	    -11.27584454	     39.99999995	     14.55791961	    -50.00000000	    -34.49534793	      0.00000000	     23.45269844	      1.17622676	     39.99999995	      5.78070004	    -25.54742155	    -35.00000000	      0.00000000	     44.43111184	     -3.51484231	     49.56557325	    -81.27199865	     17.22982742	    -21.56656138	     95.52295640	     63.97334223	     46.31420066	     12.13762410	    -23.74752624	      0.00000000	      0.00000000
      0.55000000	    -25.11652477	      2.02497296	     10.28230141	     -0.50307266	      0.73498565	     -0.19384145	     20.32381288	    -11.35972241	     39.99999995	     14.61278965	    -50.00000000	    -34.52006526	      0.00000000	     23.40511719	      1.26231466	     39.99999995	      5.75482204	    -25.55644919	    -35.00000000	      0.00000000	     44.44547568	     -3.60118842	     49.52184737	    -81.27438286	     17.31148254	    -21.53992832	     95.52134262	     63.96391682	     46.27379727	     12.18009464	    -23.81851809	      0.00000000	      0.00000000
      0.56666670	    -25.13655880	      2.02995611	     10.27832712	     -0.50421016	      0.73350362	     -0.19437201	     20.29433102	    -11.35000211	     39.99999995	     14.62257963	    -50.00000000	    -34.52326959	      0.00000000	     23.40910401	      1.27035538	     39.99999995	      5.75172865	    -25.55665430	    -35.00000000	      0.00000000	     44.44662792	     -3.60484508	     49.52951336	    -81.27123817	     17.31411033	    -21.53910942	     95.52332402	     63.96313559	     46.27149943	     12.17760036	    -23.82426902	      0.00000000	      0.00000000
      0.58333330	    -25.15525301	      2.03209358	     10.28506932	     -0.50280402	      0.73526309	     -0.19382420	     20.29863230	    -11.35395785	     39.99999995	     14.62320550	    -50.00000000	    -34.52639799	      0.00000000	     23.39541107	      1.26891918	     39.99999995	      5.76172980	    -25.55664314	    -35.00000000	      0.00000000	     44.44843100	     -3.60746022	     49.53048641	    -81.26912201	     17.31767953	    -21.53800402	     95.52504888	     63.96247027	     46.26835011	     12.18100700	    -23.82908493	      0.00000000	      0.00000000
      0.60000000	    -25.16274054	      2.03237718	     10.28231741	     -0.50314075	      0.73562833	     -0.19376329	     20.29494463	    -11.35290206	     39.99999995	     14.62413314	    -50.00000000	    -34.52681493	      0.00000000	     23.39259854	      1.27016637	     39.99999995	      5.76261587	    -25.55660041	    -35.00000000	      0.00000000	     44.44969204	     -3.60847281	     49.53030537	    -81.26899278	     17.31874568	    -21.53762812	     95.52525617	     63.96236802	     46.26765226	     12.18144617	    -23.82985743	      0.00000000	      0.00000000
      0.61666670	    -25.14641308	      2.09158459	     10.18300602	     -0.50308936	      0.73414303	     -0.19364710	     20.29710499	    -11.36347806	     39.99999995	     14.62234137	    -50.00000000	    -34.53922885	      0.00000000	     23.37611002	      1.28796337	     39.99999995	      5.77291665	    -25.55579761	    -35.00000000	      0.00000000	     44.48506056	     -3.65648336	     49.51513667	    -81.24219372	     17.37056031	    -21.51594297	     95.53764255	     63.95717295	     46.21474338	     12.21361314	    -23.86920860	      0.00000000	      0.00000000
      0.63333330	    -25.12744821	      2.10072658	     10.16601312	     -0.50544913	      0.73343389	     -0.19411211	     20.27931772	    -11.36140030	     39.99999995	     14.62751340	    -50.00000000	    -34.54061561	      0.00000000	     23.40375053	      1.29519579	     39.99999995	      5.75500732	    -25.55326505	    -35.00000000	      0.00000000	     44.48871601	     -3.65631287	     49.51980513	    -81.23722735	     17.37408939	    -21.51407174	     95.53968164	     63.95652754	     46.21018441	     12.21315920	    -23.87378555	      0.00000000	      0.00000000
      0.65000000	    -25.12850589	      2.10658112	     10.15711695	     -0.50307079	      0.73435462	     -0.19365627	     20.27613121	    -11.36992631	     39.99999995	     14.63078290	    -50.00000000	    -34.54162117	      0.00000000	     23.42733392	      1.29651701	     39.99999995	      5.74488385	    -25.55043316	    -35.00000000	      0.00000000	     44.47910174	     -3.65351999	     49.52124802	    -81.22865588	     17.37576032	    -21.51258774	     95.54298845	     63.95570495	     46.20381539	     12.22008618	    -23.87933392	      0.00000000	      0.00000000
      0.66666670	    -25.11595453	      2.11539710	     10.13723812	     -0.50505795	      0.73361966	     -0.19411457	     20.27192587	    -11.37132047	     39.99999995	     14.63115743	    -50.00000000	    -34.54295211	      0.00000000	     23.44110917	      1.29883046	     39.99999995	      5.73478455	    -25.54646046	    -35.00000000	      0.00000000	     44.47852455	     -3.65331284	     49.52519070	    -81.22069773	     17.37848832	    -21.51076699	     95.54600509	     63.95493382	     46.19766546	     12.22249983	    -23.88452078	      0.00000000	      0.00000000
      0.68333330	    -25.09670905	      2.11474323	     10.13553507	     -0.50522943	      0.73111991	     -0.19388133	     20.27413748	    -11.37180745	     39.99999995	     14.63061392	    -50.00000000	    -34.54292395	      0.00000000	     23.44558967	      1.30356013	     39.99999995	      5.73095881	    -25.54605776	    -35.00000000	      0.00000000	     44.47770608	     -3.65266723	     49.52537978	    -81.21852629	     17.37877912	    -21.51042658	     95.54630345	     63.95480087	     46.19528707	     12.22310246	    -23.88540016	      0.00000000	      0.00000000
      0.70000000	    -25.12377824	      2.18508382	     10.04045264	     -0.50388386	      0.73260180	     -0.19380613	     20.36784455	    -11.43541776	     39.99999995	     14.62470121	    -50.00000000	    -34.56563471	      0.00000000	     23.47817630	      1.32218721	     39.99999995	      5.67577117	    -25.49702225	    -35.00000000	      0.00000000	     44.35916848	     -3.62818880	     49.52241153	    -81.10494399	     17.38685571	    -21.49747049	     95.58213010	     63.94628215	     46.11253988	     12.30140135	    -23.93956458	      0.00000000	      0.00000000
      0.71666670	    -25.12479786	      2.19146263	     10.03665685	     -0.50420624	      0.73345489	     -0.19398525	     20.34155137	    -11.42339530	     39.99999995	     14.63786980	    -50.00000000	    -34.56919775	      0.00000000	     23.49980262	      1.33629076	     39.99999995	      5.66022624	    -25.49094884	    -35.00000000	      0.00000000	     44.36138322	     -3.62982346	     49.52862488	    -81.09322708	     17.38782048	    -21.49700999	     95.58615026	     63.94508858	     46.10478109	     12.30207735	    -23.94642208	      0.00000000	      0.00000000
      0.73333330	    -25.11792077	      2.19895182	     10.03445532	     -0.50461275	      0.73240931	     -0.19402916	     20.32479283	    -11.41756451	     39.99999995	     14.64911607	    -50.00000000	    -34.57230409	      0.00000000	     23.51224882	      1.34964837	     39.99999995	      5.64927559	    -25.48626898	    -35.00000000	      0.00000000	     44.36131616	     -3.63211994	     49.53027327	    -81.08324184	     17.38914540	    -21.49623794	     95.58886355	     63.94410060	     46.09730448	     12.30438575	    -23.95204499	      0.00000000	      0.00000000
      0.75000000	    -25.08463682	      2.34183868	     10.03433879	     -0.50374640	      0.73375941	     -0.19388877	     20.25710232	    -11.53975131	     39.99999995	     14.69935734	    -50.00000000	    -35.00000000	      0.00000000	     23.39351146	      1.45665764	     39.99999995	      5.55104012	    -25.47119568	    -35.00000000	      0.00000000	     44.27052058	     -3.72083727	     49.81968220	    -80.54451071	     17.83475541	    -22.04686223	     95.14403137	     60.77027321	     46.69327057	     12.10373394	    -39.00413027	      0.00000000	      0.00000000
      0.76666670	    -25.10243325	      2.33950880	     10.04318106	     -0.50286629	      0.73492002	     -0.19347890	     20.26016688	    -11.54139576	     39.99999995	     14.70031382	    -50.00000000	    -35.00000000	      0.00000000	     23.38453661	      1.45205213	     39.99999995	      5.55910575	    -25.47054013	    -35.00000000	      0.00000000	     44.26801122	     -3.71986051	     49.81413743	    -80.54583213	     17.83579555	    -22.04397993	     95.14661526	     60.77044699	     46.69409434	     12.10674953	    -39.00457553	      0.00000000	      0.00000000
      0.78333330	    -25.10861055	      2.34405622	     10.04232493	     -0.50343260	      0.73432713	     -0.19372941	     20.25484398	    -11.53692885	     39.99999995	     14.70125931	    -50.00000000	    -34.99995144	      0.00000000	     23.38146197	      1.45124771	     39.99999995	      5.56001036	    -25.47073923	    -35.00000000	      0.00000000	     44.26881621	     -3.72046182	     49.81334918	    -80.54600668	     17.83647869	    -22.04325062	     95.14693486	     60.77048038	     46.69391175	     12.10658481	    -39.00465781	      0.00000000	      0.00000000
      0.80000000	    -25.11884383	      2.33314919	     10.06462560	     -0.50290784	      0.73331863	     -0.19331388	     20.26870582	    -11.54128023	     39.99999995	     14.69706987	    -50.00000000	    -34.99972497	      0.00000000	     23.35544673	      1.44788261	     39.99999995	      5.56733834	    -25.47334758	    -35.00000000	      0.00000000	     44.27008146	     -3.72210616	     49.80786812	    -80.54673390	     17.83955859	    -22.03886127	     95.15003322	     60.77068582	     46.69261084	     12.10833199	    -39.00531983	      0.00000000	      0.00000000
      0.81666670	    -25.13256778	      2.31706467	     10.08957172	     -0.50428758	      0.73521954	     -0.19399414	     20.28784275	    -11.55004056	     39.99999995	     14.69074838	    -50.00000000	    -34.99984519	      0.00000000	     23.32292117	      1.42969145	     39.99999995	      5.57787049	    -25.47673831	    -35.00000000	      0.00000000	     44.27911036	     -3.72463465	     49.80718252	    -80.54799456	     17.84380232	    -22.03377993	     95.15376643	     60.77092778	     46.69318908	     12.10508678	    -39.00587623	      0.00000000	      0.00000000
      0.83333330	    -25.12862028	      2.25707746	     10.19626622	     -0.50361023	      0.73190436	     -0.19415730	     20.21341481	    -11.50490020	     39.99999995	     14.71060800	    -50.00000000	    -35.00000000	      0.00000000	     23.33852198	      1.42130491	     39.99999995	      5.53915514	    -25.49366276	    -35.00000000	      0.00000000	     44.33576170	     -3.73899473	     49.77383418	    -80.55688715	     17.88340140	    -21.98765570	     95.18279893	     60.77260394	     46.68324645	     12.09545906	    -39.01201170	      0.00000000	      0.00000000
      0.85000000	    -25.12721340	      2.26148954	     10.19146790	     -0.50397544	      0.73235678	     -0.19402285	     20.20310328	    -11.49066668	     39.99999995	     14.71144147	    -50.00000000	    -35.00000000	      0.00000000	     23.34894566	      1.43276110	     39.99999995	      5.53113762	    -25.49338739	    -35.00000000	      0.00000000	     44.33866827	     -3.74044174	     49.76917313	    -80.55885420	     17.88657168	    -21.98441418	     95.18463372	     60.77267703	     46.68203761	     12.09590639	    -39.01257491	      0.00000000	      0.00000000
      0.86666670	    -25.14501571	      2.25894020	     10.19105835	     -0.50406374	      0.73494209	     -0.19395401	     20.19843287	    -11.49290502	     39.99999995	     14.71364618	    -50.00000000	    -35.00000000	      0.00000000	     23.34847205	      1.42964513	     39.99999995	      5.53231953	    -25.49310413	    -35.00000000	      0.00000000	     44.33893985	     -3.74034899	     49.76904505	    -80.55962645	     17.88675752	    -21.98404370	     95.18524615	     60.77269003	     46.68290251	     12.09596228	    -39.01263917	      0.00000000	      0.00000000
      0.88333330	    -25.10945483	      2.20724491	     10.23327383	     -0.50456383	      0.73410561	     -0.19332181	     20.14172519	    -11.43349155	     39.99999995	     14.72030696	    -50.00000000	    -35.00000000	      0.00000000	     23.32107058	      1.35204090	     39.99999995	      5.60600716	    -25.53441209	    -35.00000000	      0.00000000	     44.41201945	     -3.76184056	     49.75143371	    -80.58296572	     17.92079168	    -21.94829757	     95.20479876	     60.77305370	     46.68196457	     12.06335143	    -39.01740637	      0.00000000	      0.00000000
      0.90000000	    -25.09398475	      2.20704723	     10.24075210	     -0.50549641	      0.73109637	     -0.19323999	     20.14800816	    -11.44550143	     39.99999995	     14.72048944	    -50.00000000	    -34.99933735	      0.00000000	     23.30627106	      1.32453074	     39.99999995	      5.62503068	    -25.54195031	    -35.00000000	      0.00000000	     44.41565475	     -3.75729319	     49.74691493	    -80.58539224	     17.92310928	    -21.94486172	     95.20572369	     60.77299910	     46.68177459	     12.06125732	    -39.01794687	      0.00000000	      0.00000000
      0.91666670	    -25.04862420	      2.17342259	     10.19854957	     -0.50504739	      0.73297782	     -0.19358841	     20.10717445	    -11.38366467	     39.99999995	     14.71219053	    -50.00000000	    -34.99079350	      0.00000000	     23.29114986	      1.25409563	     39.99999995	      5.73282935	    -25.61958072	    -35.00000000	      0.00000000	     44.46117352	     -3.72877005	     49.70676366	    -80.61655396	     17.94296161	    -21.91664861	     95.21332259	     60.77208419	     46.69295066	     12.03951780	    -39.02222264	      0.00000000	      0.00000000
      0.93333330	    -25.06248612	      2.16142096	     10.21084226	     -0.50312212	      0.73290532	     -0.19401748	     20.11759071	    -11.39550882	     39.99999995	     14.71169770	    -50.00000000	    -34.98777716	      0.00000000	     23.26599797	      1.23102878	     39.99999995	      5.75053768	    -25.62817159	    -35.00000000	      0.00000000	     44.45985924	     -3.72032300	     49.70342393	    -80.61812281	     17.94263912	    -21.91418569	     95.21430667	     60.77191524	     46.69403693	     12.03805489	    -39.02269430	      0.00000000	      0.00000000
      0.95000000	    -25.08046784	      2.13156659	     10.24430575	     -0.50248899	      0.73371541	     -0.19438914	     20.16226156	    -11.40867328	     39.99999995	     14.69829530	    -50.00000000	    -34.98620958	      0.00000000	     23.19610890	      1.21088867	     39.99999995	      5.78192390	    -25.63616121	    -35.00000000	      0.00000000	     44.46544772	     -3.71379255	     49.70324583	    -80.61997875	     17.94327956	    -21.91200238	     95.21507846	     60.77176118	     46.69480544	     12.03387272	    -39.02304361	      0.00000000	      0.00000000
      0.96666670	    -25.09654671	      2.12649837	     10.24151519	     -0.50335777	      0.73353931	     -0.19424447	     20.15071792	    -11.40907935	     39.99999995	     14.70199636	    -50.00000000	    -34.98556827	      0.00000000	     23.18759028	      1.20965164	     39.99999995	      5.78452385	    -25.63723877	    -35.00000000	      0.00000000	     44.46854471	     -3.71263733	     49.70283844	    -80.62079477	     17.94390023	    -21.91146614	     95.21488676	     60.77172654	     46.69475680	     12.03278814	    -39.02310033	      0.00000000	      0.00000000
      0.98333330	    -25.07355191	      1.94461028	     10.29804736	     -0.50223528	      0.73131422	     -0.19435033	     20.05352856	    -11.25177151	     39.99999995	     14.60483408	    -50.00000000	    -34.91275908	      0.00000000	     23.05351096	      1.00521803	     39.99999995	      5.70247599	    -25.73577966	    -35.00000000	      0.00000000	     44.67028838	     -3.56271602	     49.57491997	    -80.76590997	     18.01136916	    -21.82940414	     95.20540453	     60.76297792	     46.68346814	     11.94300824	    -39.03946403	      0.00000000	      0.00000000
      1.00000000	    -25.09110415	      1.92898945	     10.32461356	     -0.50390083	      0.73387675	     -0.19408662	     20.09182709	    -11.26422847	     39.99999995	     14.59455524	    -50.00000000	    -34.91280166	      0.00000000	     23.00589998	      0.99536197	     39.99999995	      5.71976612	    -25.73772728	    -35.00000000	      0.00000000	     44.67193454	     -3.55778918	     49.57723881	    -80.76865252	     18.01032953	    -21.82821527	     95.20768288	     60.76271380	     46.68360646	     11.94040116	    -39.03998803	      0.00000000	      0.00000000
      1.01666670	    -25.09063086	      1.90610497	     10.35491526	     -0.50393842	      0.73215911	     -0.19418715	     20.13955624	    -11.27832674	     39.99999995	     14.58193813	    -50.00000000	    -34.91487260	      0.00000000	     22.95149535	      0.98308955	     39.99999995	      5.74291058	    -25.73953439	    -35.00000000	      0.00000000	     44.67000826	     -3.55537906	     49.57978567	    -80.76815981	     18.00809320	    -21.82754395	     95.21086419	     60.76246277	     46.68261670	     11.93855067	    -39.04053626	      0.00000000	      0.00000000
      1.03333330	    -25.08770098	      1.88410974	     10.37511137	     -0.50467771	      0.73160705	     -0.19466404	     20.17438730	    -11.28922954	     39.99999995	     14.57335115	    -50.00000000	    -34.92048297	      0.00000000	     22.91737424	      0.97498195	     39.99999995	      5.75714167	    -25.73820403	    -35.00000000	      0.00000000	     44.66910724	     -3.55206659	     49.58224330	    -80.76673602	     18.00509766	    -21.82690224	     95.21525882	     60.76214387	     46.68148204	     11.93720619	    -39.04124414	      0.00000000	      0.00000000
      1.05000000	    -25.07943680	      1.86159299	     10.39133415	     -0.50496933	      0.73354692	     -0.19481241	     20.21449158	    -11.29886354	     39.99999995	     14.56042024	    -50.00000000	    -34.93048847	      0.00000000	     22.90361248	      0.97143708	     39.99999995	      5.76345370	    -25.73281539	    -35.00000000	      0.00000000	     44.66338493	     -3.54306688	     49.58418484	    -80.76395531	     17.99922606	    -21.82675768	     95.22139891	     60.76169588	     46.68098320	     11.93860795	    -39.04217511	      0.00000000	      0.00000000
      1.06666670	    -25.07441088	      1.85636102	     10.39218954	     -0.50440879	      0.73385442	     -0.19476737	     20.21992767	    -11.30093208	     39.99999995	     14.55908743	    -50.00000000	    -34.93182317	      0.00000000	     22.90702145	      0.97367408	     39.99999995	      5.76240799	    -25.73196786	    -35.00000000	      0.00000000	     44.66146717	     -3.54181408	     49.58444293	    -80.76324536	     17.99822993	    -21.82682742	     95.22222699	     60.76164382	     46.68093757	     11.93913087	    -39.04228758	      0.00000000	      0.00000000
      1.08333330	    -25.11312869	      1.86731659	     10.37269112	     -0.50317696	      0.73271974	     -0.19451584	     20.14964927	    -11.26616162	     39.99999995	     14.57865838	    -50.00000000	    -34.94036698	      0.00000000	     22.95990661	      1.00792517	     39.99999995	      5.74277063	    -25.72436873	    -35.00000000	      0.00000000	     44.65236875	     -3.53213466	     49.58899919	    -80.75743700	     17.99183191	    -21.82697765	     95.22742455	     60.76128532	     46.67826368	     11.93962250	    -39.04304625	      0.00000000	      0.00000000
      1.10000000	    -25.13407128	      1.87984248	     10.40501720	     -0.50327915	      0.73193709	     -0.19451005	     20.06878090	    -11.24921606	     39.99999995	     14.61667347	    -50.00000000	    -35.00000000	      0.00000000	     23.03128830	      1.06885067	     39.99999995	      5.77539987	    -25.68114563	    -35.00000000	      0.00000000	     44.66354304	     -3.50726645	     49.63686261	    -80.73554176	     17.96918556	    -21.82331276	     95.25749264	     60.75916647	     46.66123257	     11.91027594	    -39.04722106	      0.00000000	      0.00000000
      1.11666670	    -25.12095543	      1.91665263	     10.35891067	     -0.50433108	      0.73183449	     -0.19417410	     19.98450682	    -11.22414966	     39.99999995	     14.64092568	    -50.00000000	    -35.00000000	      0.00000000	     23.12722592	      1.09255125	     39.99999995	      5.73902273	    -25.67277814	    -35.00000000	      0.00000000	     44.66945766	     -3.50942069	     49.63644630	    -80.73726829	     17.96964389	    -21.82158726	     95.25894151	     60.75878332	     46.65861496	     11.90769270	    -39.04788274	      0.00000000	      0.00000000
      1.13333330	    -25.11978315	      1.97548738	     10.37373176	     -0.50349335	      0.73282097	     -0.19446297	     19.95253080	    -11.24466477	     39.99999995	     14.68619262	    -50.00000000	    -35.00000000	      0.00000000	     23.12045334	      1.19219371	     39.99999995	      5.84434391	    -25.60948508	    -35.00000000	      0.00000000	     44.72488050	     -3.56715599	     49.66888998	    -80.73543127	     17.95654013	    -21.80515773	     95.29209497	     60.75330267	     46.62882342	     11.86146705	    -39.05653131	      0.00000000	      0.00000000
      1.15000000	    -25.12791731	      1.97520520	     10.37379623	     -0.50401445	      0.73221981	     -0.19431052	     19.94627141	    -11.24746454	     39.99999995	     14.68891797	    -50.00000000	    -35.00000000	      0.00000000	     23.11733666	      1.19001133	     39.99999995	      5.84629814	    -25.60901497	    -35.00000000	      0.00000000	     44.72474477	     -3.56727853	     49.66879514	    -80.73525536	     17.95623087	    -21.80496356	     95.29238397	     60.75322768	     46.62850517	     11.86141024	    -39.05664322	      0.00000000	      0.00000000
      1.16666670	    -25.13227841	      1.98647708	     10.37727290	     -0.50475231	      0.73163930	     -0.19427484	     19.92692302	    -11.24430235	     39.99999995	     14.69580056	    -50.00000000	    -35.00000000	      0.00000000	     23.13860094	      1.19800693	     39.99999995	      5.83796076	    -25.60150980	    -35.00000000	      0.00000000	     44.72187894	     -3.57148889	     49.66690286	    -80.73209126	     17.95188862	    -21.80404698	     95.29615903	     60.75256789	     46.62797525	     11.86360716	    -39.05760541	      0.00000000	      0.00000000
      1.18333330	    -25.15171738	      2.00516748	     10.47164969	     -0.50499563	      0.73196296	     -0.19448205	     19.92575855	    -11.28965824	     39.99999995	     14.73194295	    -50.00000000	    -35.00000000	      0.00000000	     23.18604324	      1.28213671	     39.99999995	      5.83747836	    -25.52754126	    -35.00000000	      0.00000000	     44.68710435	     -3.65220530	     49.63076593	    -80.67605968	     17.89477516	    -21.80003348	     95.34406279	     60.74514785	     46.61636099	     11.90308633	    -39.06855505	      0.00000000	      0.00000000
      1.20000000	    -25.12427451	      2.02733334	     10.42973203	     -0.50477803	      0.73307864	     -0.19446998	     19.88143376	    -11.27508117	     39.99999995	     14.74166521	    -50.00000000	    -35.00000000	      0.00000000	     23.25852802	      1.29891463	     39.99999995	      5.80738424	    -25.52221390	    -35.00000000	      0.00000000	     44.69119407	     -3.65819645	     49.62376441	    -80.67559482	     17.89358027	    -21.79888704	     95.34471654	     60.74456380	     46.61594793	     11.90446410	    -39.06922586	      0.00000000	      0.00000000
      1.21666670	    -25.11537124	      2.04234572	     10.41389305	     -0.50388584	      0.73398960	     -0.19450599	     19.87341386	    -11.25934459	     39.99999995	     14.73767799	    -50.00000000	    -35.00000000	      0.00000000	     23.28455687	      1.32087711	     39.99999995	      5.79172630	    -25.51913636	    -35.00000000	      0.00000000	     44.68957027	     -3.66525760	     49.61823624	    -80.67159668	     17.88973683	    -21.79789717	     95.34655494	     60.74379354	     46.61439737	     11.90538044	    -39.07008416	      0.00000000	      0.00000000
      1.23333330	    -25.11330507	      2.04226570	     10.41464278	     -0.50384654	      0.73379381	     -0.19443376	     19.87464087	    -11.26058388	     39.99999995	     14.73726842	    -50.00000000	    -35.00000000	      0.00000000	     23.28497783	      1.32114350	     39.99999995	      5.79108659	    -25.51919133	    -35.00000000	      0.00000000	     44.68924200	     -3.66563068	     49.61794223	    -80.67115358	     17.88937322	    -21.79782480	     95.34670081	     60.74373433	     46.61416194	     11.90540473	    -39.07015174	      0.00000000	      0.00000000
      1.25000000	    -25.11463767	      2.04936414	     10.41051613	     -0.50302058	      0.73241709	     -0.19438823	     19.86825074	    -11.28261143	     39.99999995	     14.74157188	    -50.00000000	    -35.00000000	      0.00000000	     23.29127403	      1.30309434	     39.99999995	      5.78640541	    -25.52134737	    -35.00000000	      0.00000000	     44.68653995	     -3.67142258	     49.61216872	    -80.66748889	     17.88696517	    -21.79612425	     95.34714787	     60.74301367	     46.61116863	     11.90559065	    -39.07093128	      0.00000000	      0.00000000
      1.26666670	    -25.11102918	      2.04046454	     10.42783042	     -0.50348937	      0.73472702	     -0.19445490	     19.91788267	    -11.28978180	     39.99999995	     14.71912681	    -50.00000000	    -35.00000000	      0.00000000	     23.25805781	      1.30236224	     39.99999995	      5.78370099	    -25.52424150	    -35.00000000	      0.00000000	     44.68611273	     -3.67737723	     49.60741827	    -80.66481337	     17.88511716	    -21.79428594	     95.34766798	     60.74226877	     46.60957391	     11.90486021	    -39.07165663	      0.00000000	      0.00000000
      1.28333330	    -25.09426975	      2.02650995	     10.43365265	     -0.50499319	      0.73393334	     -0.19489419	     19.97286088	    -11.31557797	     39.99999995	     14.69754267	    -50.00000000	    -35.00000000	      0.00000000	     23.22665537	      1.28828183	     39.99999995	      5.78041083	    -25.52833980	    -35.00000000	      0.00000000	     44.67919914	     -3.68027975	     49.60087602	    -80.66034247	     17.88248224	    -21.79236017	     95.34804109	     60.74144993	     46.60791285	     11.90433816	    -39.07243808	      0.00000000	      0.00000000
      1.30000000	    -25.09694162	      2.01351598	     10.44374326	     -0.50441694	      0.73300270	     -0.19474625	     20.03151089	    -11.34199929	     39.99999995	     14.67396252	    -50.00000000	    -35.00000000	      0.00000000	     23.19108245	      1.26902835	     39.99999995	      5.78297852	    -25.53321013	    -35.00000000	      0.00000000	     44.66191009	     -3.67808919	     49.59068126	    -80.65343203	     17.87697566	    -21.79142000	     95.34914578	     60.74050452	     46.60674782	     11.90881074	    -39.07337360	      0.00000000	      0.00000000
      1.31666670	    -25.14519343	      2.01848022	     10.38552512	     -0.50478452	      0.73353175	     -0.19463881	     20.14855355	    -11.37831880	     39.99999995	     14.59812177	    -50.00000000	    -35.00000000	      0.00000000	     23.20229696	      1.23242820	     39.99999995	      5.70571530	    -25.54737131	    -35.00000000	      0.00000000	     44.57437242	     -3.65161080	     49.53451500	    -80.61907081	     17.84560151	    -21.78965406	     95.35702867	     60.73538548	     46.60885723	     11.93351014	    -39.07817794	      0.00000000	      0.00000000
      1.33333330	    -25.14882235	      2.00884547	     10.40158740	     -0.50388250	      0.73413984	     -0.19441618	     20.17641475	    -11.38566952	     39.99999995	     14.58911331	    -50.00000000	    -35.00000000	      0.00000000	     23.17838019	      1.21967319	     39.99999995	      5.71577321	    -25.55121531	    -35.00000000	      0.00000000	     44.57314535	     -3.64841611	     49.53301456	    -80.61450502	     17.84090308	    -21.79010459	     95.35885172	     60.73469595	     46.60872819	     11.93225926	    -39.07874015	      0.00000000	      0.00000000
      1.35000000	    -25.15422378	      2.00065890	     10.40787274	     -0.50401531	      0.73280238	     -0.19441072	     20.19149965	    -11.39208620	     39.99999995	     14.58388596	    -50.00000000	    -35.00000000	      0.00000000	     23.15564703	      1.20450479	     39.99999995	      5.72602953	    -25.55456029	    -35.00000000	      0.00000000	     44.57228129	     -3.64631454	     49.53122651	    -80.61110771	     17.83777994	    -21.79028244	     95.36010277	     60.73411975	     46.60844023	     11.93055634	    -39.07920977	      0.00000000	      0.00000000
      1.36666670	    -25.13008087	      1.98652060	     10.40411634	     -0.50505778	      0.73336201	     -0.19468814	     20.22619808	    -11.40193629	     39.99999995	     14.56879229	    -50.00000000	    -35.00000000	      0.00000000	     23.14724337	      1.19085851	     39.99999995	      5.72612908	    -25.55687711	    -35.00000000	      0.00000000	     44.57156568	     -3.64238671	     49.52878104	    -80.60748680	     17.83409061	    -21.79044349	     95.36165466	     60.73338408	     46.60898814	     11.92832237	    -39.07978797	      0.00000000	      0.00000000
      1.38333330	    -25.15999145	      1.95697195	     10.31466698	     -0.50468796	      0.73488284	     -0.19465363	     20.32890476	    -11.38409729	     39.99999995	     14.47725934	    -50.00000000	    -35.00000000	      0.00000000	     23.17370328	      1.10871583	     39.99999995	      5.68186372	    -25.57731058	    -35.00000000	      0.00000000	     44.50431143	     -3.56393621	     49.50157210	    -80.56006458	     17.78128042	    -21.79760234	     95.37794600	     60.72626952	     46.61126805	     11.93364338	    -39.08553127	      0.00000000	      0.00000000
      1.40000000	    -25.14412028	      1.94705289	     10.31594554	     -0.50526450	      0.73619092	     -0.19448428	     20.35170012	    -11.38624757	     39.99999995	     14.46857854	    -50.00000000	    -35.00000000	      0.00000000	     23.16825106	      1.10264739	     39.99999995	      5.68290233	    -25.57992428	    -35.00000000	      0.00000000	     44.50892481	     -3.55634248	     49.50222190	    -80.55627120	     17.77593193	    -21.79847730	     95.37973029	     60.72542924	     46.61135846	     11.93099988	    -39.08615102	      0.00000000	      0.00000000
      1.41666670	    -25.14279323	      1.93914027	     10.31406403	     -0.50465807	      0.73548546	     -0.19454847	     20.37513941	    -11.39253086	     39.99999995	     14.45841089	    -50.00000000	    -35.00000000	      0.00000000	     23.15447238	      1.08583568	     39.99999995	      5.69439485	    -25.58517568	    -35.00000000	      0.00000000	     44.50609631	     -3.54705047	     49.50333757	    -80.55066268	     17.76847680	    -21.79977359	     95.38206226	     60.72446660	     46.61163990	     11.92994201	    -39.08687551	      0.00000000	      0.00000000
      1.43333330	    -25.13907254	      1.94526390	     10.27925510	     -0.50451858	      0.73234228	     -0.19475196	     20.36190997	    -11.39195291	     39.99999995	     14.45889762	    -50.00000000	    -35.00000000	      0.00000000	     23.16770494	      1.07622497	     39.99999995	      5.69634607	    -25.58918523	    -35.00000000	      0.00000000	     44.50512260	     -3.53723539	     49.50090925	    -80.54725557	     17.76215928	    -21.80062082	     95.38264164	     60.72340831	     46.61096497	     11.92985272	    -39.08767278	      0.00000000	      0.00000000
      1.45000000	    -25.15000844	      1.96558812	     10.15668195	     -0.50488896	      0.73440507	     -0.19466917	     20.41719830	    -11.38192899	     39.99999995	     14.41485433	    -50.00000000	    -34.99649058	      0.00000000	     23.15863652	      1.05939438	     39.99999995	      5.74640727	    -25.60738394	    -35.00000000	      0.00000000	     44.50582107	     -3.46260743	     49.50882015	    -80.52937208	     17.71542101	    -21.81100693	     95.38960592	     60.71685599	     46.61295109	     11.92661596	    -39.09200492	      0.00000000	      0.00000000
      1.46666670	    -25.14986956	      1.96342166	     10.15699749	     -0.50447216	      0.73468536	     -0.19451792	     20.41671716	    -11.38424628	     39.99999995	     14.41590611	    -50.00000000	    -34.99632164	      0.00000000	     23.16215709	      1.05928242	     39.99999995	      5.74597013	    -25.60763306	    -35.00000000	      0.00000000	     44.50516529	     -3.46097697	     49.50989249	    -80.52885858	     17.71406235	    -21.81136906	     95.38995783	     60.71671740	     46.61300384	     11.92640266	    -39.09208937	      0.00000000	      0.00000000
      1.48333330	    -25.16747894	      1.96972550	     10.14965485	     -0.50462025	      0.73407241	     -0.19450672	     20.39926192	    -11.38112922	     39.99999995	     14.42209853	    -50.00000000	    -34.99494257	      0.00000000	     23.16967654	      1.06126910	     39.99999995	      5.74740969	    -25.60956637	    -35.00000000	      0.00000000	     44.50387209	     -3.45367913	     49.51456328	    -80.52590632	     17.70765190	    -21.81293756	     95.39177745	     60.71594686	     46.61341184	     11.92515557	    -39.09259789	      0.00000000	      0.00000000
      1.50000000	    -25.15992631	      1.98160340	     10.12988676	     -0.50546071	      0.73274889	     -0.19447353	     20.38742432	    -11.37204978	     39.99999995	     14.42501867	    -50.00000000	    -34.99420340	      0.00000000	     23.19393210	      1.08507375	     39.99999995	      5.73927556	    -25.60947008	    -35.00000000	      0.00000000	     44.50257246	     -3.44517172	     49.51747071	    -80.52142685	     17.69885683	    -21.81507733	     95.39459369	     60.71469151	     46.61438946	     11.92565968	    -39.09354469	      0.00000000	      0.00000000
      1.51666670	    -25.14056580	      1.99551868	     10.11109679	     -0.50586557	      0.73231822	     -0.19436942	     20.37915341	    -11.36599691	     39.99999995	     14.42763970	    -50.00000000	    -34.99464488	      0.00000000	     23.22722047	      1.10448567	     39.99999995	      5.72532402	    -25.60677175	    -35.00000000	      0.00000000	     44.50001004	     -3.44223437	     49.51651433	    -80.51859831	     17.69355864	    -21.81658332	     95.39643713	     60.71390193	     46.61471057	     11.92808722	    -39.09423021	      0.00000000	      0.00000000
      1.53333330	    -25.16434171	      2.08088061	     10.02105475	     -0.50542893	      0.73262784	     -0.19416598	     20.45304489	    -11.42181083	     39.99999995	     14.44117921	    -50.00000000	    -35.00000000	      0.00000000	     23.27403315	      1.18095946	     39.99999995	      5.73752385	    -25.56765700	    -35.00000000	      0.00000000	     44.43467339	     -3.44083771	     49.48958986	    -80.47711631	     17.62951400	    -21.83631945	     95.42215266	     60.70514950	     46.61476815	     11.97321543	    -39.10260643	      0.00000000	      0.00000000
      1.55000000	    -25.14055475	      2.08077345	     10.02555908	     -0.50559883	      0.73454276	     -0.19414740	     20.46571071	    -11.41617218	     39.99999995	     14.43690608	    -50.00000000	    -35.00000000	      0.00000000	     23.29098285	      1.19052049	     39.99999995	      5.72742416	    -25.56201686	    -35.00000000	      0.00000000	     44.43706493	     -3.44522095	     49.49197820	    -80.47473278	     17.62523067	    -21.83770934	     95.42444852	     60.70448143	     46.61425088	     11.97237697	    -39.10319785	      0.00000000	      0.00000000
      1.56666670	    -25.13275706	      2.08423031	     10.02517742	     -0.50548177	      0.73401024	     -0.19430569	     20.46586388	    -11.41289293	     39.99999995	     14.43670221	    -50.00000000	    -35.00000000	      0.00000000	     23.29748006	      1.19240360	     39.99999995	      5.72428296	    -25.56091499	    -35.00000000	      0.00000000	     44.43657546	     -3.44644762	     49.49206212	    -80.47379874	     17.62429547	    -21.83795487	     95.42490266	     60.70434219	     46.61378411	     11.97249035	    -39.10334550	      0.00000000	      0.00000000
      1.58333330	    -25.13021173	      2.09382526	     10.01805379	     -0.50537090	      0.73460435	     -0.19432425	     20.44677117	    -11.39597976	     39.99999995	     14.44319013	    -50.00000000	    -35.00000000	      0.00000000	     23.33641592	      1.21227327	     39.99999995	      5.70405197	    -25.55186521	    -35.00000000	      0.00000000	     44.43169305	     -3.45317865	     49.49298833	    -80.46856597	     17.61741377	    -21.83990044	     95.42822108	     60.70340178	     46.61157526	     11.97437604	    -39.10435684	      0.00000000	      0.00000000
      1.60000000	    -25.13426452	      2.09430015	     10.01856940	     -0.50577096	      0.73434971	     -0.19422571	     20.44447270	    -11.39458234	     39.99999995	     14.44415265	    -50.00000000	    -35.00000000	      0.00000000	     23.33548387	      1.21412272	     39.99999995	      5.70390517	    -25.55073726	    -35.00000000	      0.00000000	     44.43123103	     -3.45415093	     49.49281700	    -80.46789940	     17.61650380	    -21.84015313	     95.42864534	     60.70326293	     46.61119582	     11.97475707	    -39.10451443	      0.00000000	      0.00000000
      1.61666670	    -25.12981054	      2.09513947	     10.01956710	     -0.50640696	      0.73167431	     -0.19398527	     20.44013095	    -11.39208707	     39.99999995	     14.44573967	    -50.00000000	    -34.99998935	      0.00000000	     23.33213270	      1.21742474	     39.99999995	      5.70439156	    -25.55039002	    -35.00000000	      0.00000000	     44.43142278	     -3.45478374	     49.49246743	    -80.46691975	     17.61591574	    -21.84027116	     95.42875175	     60.70316200	     46.60987084	     11.97491230	    -39.10465599	      0.00000000	      0.00000000
      1.63333330	    -25.18063274	      2.10222630	     10.08406960	     -0.50639123	      0.73215538	     -0.19417587	     20.52019727	    -11.44425698	     39.99999995	     14.46510007	    -50.00000000	    -35.00000000	      0.00000000	     23.45161613	      1.28966893	     39.99999995	      5.87014518	    -24.97647739	    -35.00000000	      0.00000000	     44.47975716	     -3.67386830	     49.23768923	    -80.15091102	     17.06283273	    -21.96802579	     95.62245574	     60.61422798	     46.64694371	     12.11754692	    -39.18288776	      0.00000000	      0.00000000
      1.65000000	    -25.16767974	      2.09333665	     10.09444883	     -0.50616286	      0.73347150	     -0.19408130	     20.55213459	    -11.45839963	     39.99999995	     14.45755855	    -50.00000000	    -35.00000000	      0.00000000	     23.43428392	      1.27751407	     39.99999995	      5.87769389	    -24.97575841	    -35.00000000	      0.00000000	     44.47921801	     -3.67205103	     49.23463241	    -80.15208435	     17.06183351	    -21.96687392	     95.62161491	     60.61347603	     46.64687369	     12.11673745	    -39.18339695	      0.00000000	      0.00000000
      1.66666670	    -25.15613083	      2.08264444	     10.10462375	     -0.50596811	      0.73352409	     -0.19425336	     20.59327374	    -11.46725047	     39.99999995	     14.44465757	    -50.00000000	    -35.00000000	      0.00000000	     23.40510477	      1.26446682	     39.99999995	      5.88735110	    -24.97404708	    -35.00000000	      0.00000000	     44.47628142	     -3.67075205	     49.22925813	    -80.15281457	     17.06065758	    -21.96528115	     95.62035864	     60.61258575	     46.64642671	     12.11665068	    -39.18405678	      0.00000000	      0.00000000
      1.68333330	    -25.16342938	      2.07597529	     10.12165175	     -0.50545499	      0.73171512	     -0.19390517	     20.60803670	    -11.46984339	     39.99999995	     14.44100485	    -50.00000000	    -35.00000000	      0.00000000	     23.37952974	      1.23799453	     39.99999995	      5.89961752	    -24.97132213	    -35.00000000	      0.00000000	     44.47213856	     -3.66863695	     49.22429390	    -80.15357015	     17.05745668	    -21.96422993	     95.61907466	     60.61139689	     46.64433208	     12.11531805	    -39.18494200	      0.00000000	      0.00000000
      1.70000000	    -25.16982540	      2.07961048	     10.12477923	     -0.50573486	      0.73157400	     -0.19413464	     20.60752799	    -11.46685970	     39.99999995	     14.44066076	    -50.00000000	    -35.00000000	      0.00000000	     23.37350787	      1.23146441	     39.99999995	      5.90293740	    -24.97096868	    -35.00000000	      0.00000000	     44.47229822	     -3.66878494	     49.22398845	    -80.15382300	     17.05720437	    -21.96408267	     95.61895618	     60.61124877	     46.64411704	     12.11457844	    -39.18504331	      0.00000000	      0.00000000
      1.71666670	    -25.19237916	      2.06681759	     10.14899702	     -0.50531561	      0.73153512	     -0.19413502	     20.60951494	    -11.46806766	     39.99999995	     14.44197499	    -50.00000000	    -35.00000000	      0.00000000	     23.34590323	      1.20161553	     39.99999995	      5.91908247	    -24.96966156	    -35.00000000	      0.00000000	     44.47341872	     -3.66937742	     49.22363350	    -80.15580486	     17.05514385	    -21.96398112	     95.61881989	     60.61046517	     46.64290774	     12.11009860	    -39.18555582	      0.00000000	      0.00000000
      1.73333330	    -25.20585246	      2.06499182	     10.15081592	     -0.50575181	      0.73212170	     -0.19422458	     20.60216291	    -11.46617586	     39.99999995	     14.44433765	    -50.00000000	    -35.00000000	      0.00000000	     23.34122063	      1.19635934	     39.99999995	      5.92144218	    -24.96945524	    -35.00000000	      0.00000000	     44.47476263	     -3.66980656	     49.22380971	    -80.15660443	     17.05500854	    -21.96392247	     95.61883456	     60.61032418	     46.64302667	     12.10878584	    -39.18563391	      0.00000000	      0.00000000
      1.75000000	    -25.14926392	      1.84457636	     10.24788252	     -0.50532462	      0.73330211	     -0.19451026	     20.43349601	    -11.23220178	     39.99999995	     14.41745810	    -50.00000000	    -35.00000000	      0.00000000	     23.32443780	      0.98681110	     39.99999995	      5.89517742	    -24.97261905	    -35.00000000	      0.00000000	     44.55313332	     -3.55183655	     48.98628692	    -80.32040398	     17.04633708	    -21.91864053	     95.59220452	     60.57353953	     46.63685405	     11.99324219	    -39.21207213	      0.00000000	      0.00000000
      1.76666670	    -25.17057325	      1.84299511	     10.25215792	     -0.50453059	      0.73164519	     -0.19435567	     20.42095289	    -11.22479785	     39.99999995	     14.42269560	    -50.00000000	    -35.00000000	      0.00000000	     23.30842872	      0.98627320	     39.99999995	      5.90487048	    -24.97499018	    -35.00000000	      0.00000000	     44.55247392	     -3.55246342	     48.98677125	    -80.32090430	     17.04379913	    -21.91834253	     95.59363686	     60.57267466	     46.63244000	     11.99005748	    -39.21287968	      0.00000000	      0.00000000
      1.78333330	    -25.17819130	      1.84171433	     10.25241970	     -0.50463213	      0.73254858	     -0.19441584	     20.42078585	    -11.22371338	     39.99999995	     14.42240974	    -50.00000000	    -34.99999470	      0.00000000	     23.30329353	      0.98525918	     39.99999995	      5.90742645	    -24.97544490	    -35.00000000	      0.00000000	     44.55371778	     -3.55288357	     48.98698020	    -80.32160547	     17.04366256	    -21.91824138	     95.59388037	     60.57252920	     46.63211743	     11.98914064	    -39.21299833	      0.00000000	      0.00000000
      1.80000000	    -25.19626327	      1.84280612	     10.24986220	     -0.50440089	      0.73584691	     -0.19491121	     20.42012870	    -11.22174601	     39.99999995	     14.42175965	    -50.00000000	    -34.99991083	      0.00000000	     23.30208116	      0.98188148	     39.99999995	      5.90906865	    -24.97553342	    -35.00000000	      0.00000000	     44.55422749	     -3.55392659	     48.98725266	    -80.32278714	     17.04358028	    -21.91813191	     95.59437334	     60.57239899	     46.63322015	     11.98841897	    -39.21307532	      0.00000000	      0.00000000
      1.81666670	    -25.18746810	      1.82432998	     10.24027327	     -0.50507470	      0.73540134	     -0.19485419	     20.42838130	    -11.22088019	     39.99999995	     14.41213237	    -50.00000000	    -34.99663861	      0.00000000	     23.28677803	      0.99111549	     39.99999995	      5.91185534	    -24.98343795	    -35.00000000	      0.00000000	     44.56498834	     -3.55460907	     48.98683761	    -80.32928694	     17.04428632	    -21.91558259	     95.59457940	     60.57117848	     46.63037424	     11.97943198	    -39.21406051	      0.00000000	      0.00000000
      1.83333330	    -25.20993313	      1.81999562	     10.24440267	     -0.50282346	      0.73480603	     -0.19470559	     20.42157431	    -11.21555492	     39.99999995	     14.41004102	    -50.00000000	    -34.99394583	      0.00000000	     23.27520250	      0.99190408	     39.99999995	      5.91738862	    -24.99048590	    -35.00000000	      0.00000000	     44.56730590	     -3.55225755	     48.98550605	    -80.33421477	     17.04404700	    -21.91359170	     95.59449123	     60.57016253	     46.62877040	     11.97455809	    -39.21486779	      0.00000000	      0.00000000
      1.85000000	    -25.22117835	      1.81804587	     10.24322287	     -0.50348073	      0.73521277	     -0.19475857	     20.41825794	    -11.21519913	     39.99999995	     14.41009119	    -50.00000000	    -34.99371769	      0.00000000	     23.26810293	      0.99124011	     39.99999995	      5.91921431	    -24.99132565	    -35.00000000	      0.00000000	     44.56932281	     -3.55220861	     48.98544597	    -80.33553342	     17.04459536	    -21.91311028	     95.59427798	     60.57002815	     46.62881375	     11.97321817	    -39.21495770	      0.00000000	      0.00000000
      1.86666670	    -25.19854902	      1.80522771	     10.24335065	     -0.50504471	      0.73362295	     -0.19474991	     20.42431712	    -11.21699862	     39.99999995	     14.39903954	    -50.00000000	    -34.99192084	      0.00000000	     23.26630317	      0.99467522	     39.99999995	      5.90768248	    -24.99973149	    -35.00000000	      0.00000000	     44.58302561	     -3.54696553	     48.98168997	    -80.34903757	     17.04896713	    -21.90800460	     95.59096512	     60.56842684	     46.62737465	     11.96147319	    -39.21610598	      0.00000000	      0.00000000
      1.88333330	    -25.16792213	      1.79783335	     10.23466303	     -0.50540052	      0.73255620	     -0.19472475	     20.43295150	    -11.22166672	     39.99999995	     14.39330616	    -50.00000000	    -34.99136698	      0.00000000	     23.28041395	      1.00053680	     39.99999995	      5.89487346	    -25.00187587	    -35.00000000	      0.00000000	     44.58538358	     -3.54387992	     48.97836005	    -80.35568620	     17.05097153	    -21.90551471	     95.58892722	     60.56764211	     46.62638783	     11.95682893	    -39.21669694	      0.00000000	      0.00000000
      1.90000000	    -25.16147121	      1.80204894	     10.23724407	     -0.50235982	      0.72786113	     -0.19414408	     20.41096044	    -11.20737995	     39.99999995	     14.40126856	    -50.00000000	    -34.99150243	      0.00000000	     23.29881864	      1.01667489	     39.99999995	      5.88032708	    -25.00255075	    -35.00000000	      0.00000000	     44.57948641	     -3.54036778	     48.97148303	    -80.36215767	     17.05236125	    -21.90293220	     95.58615548	     60.56662023	     46.62115916	     11.95430804	    -39.21762635	      0.00000000	      0.00000000
      1.91666670	    -25.14845991	      1.82327901	     10.21505211	     -0.50452921	      0.73311707	     -0.19429785	     20.36941868	    -11.20788024	     39.99999995	     14.41858113	    -50.00000000	    -34.99284827	      0.00000000	     23.35556142	      1.01166011	     39.99999995	      5.85258203	    -24.99959211	    -35.00000000	      0.00000000	     44.59259914	     -3.54037206	     48.96618811	    -80.37873432	     17.05861565	    -21.89915513	     95.58092220	     60.56543175	     46.61810235	     11.94366539	    -39.21847877	      0.00000000	      0.00000000
      1.93333330	    -25.09237949	      1.85848922	     10.25392524	     -0.50099054	      0.73188213	     -0.19369564	     20.21403581	    -11.18324364	     39.99999995	     14.53541605	    -50.00000000	    -35.00000000	      0.00000000	     23.31620024	      1.04787800	     39.99999995	      5.85989615	    -25.01969148	    -35.00000000	      0.00000000	     44.69233254	     -3.60088938	     48.89388909	    -80.59240722	     17.16027437	    -21.84127087	     95.50274318	     60.55000580	     46.54095509	     11.78214112	    -39.23036533	      0.00000000	      0.00000000
      1.95000000	    -25.09627898	      1.88730847	     10.23701519	     -0.50550221	      0.72703911	     -0.19396893	     20.16319872	    -11.16244434	     39.99999995	     14.55266373	    -50.00000000	    -35.00000000	      0.00000000	     23.33155835	      1.06165927	     39.99999995	      5.85287655	    -25.01974354	    -35.00000000	      0.00000000	     44.69259100	     -3.60080651	     48.88996344	    -80.60017293	     17.16519353	    -21.83737152	     95.49858447	     60.54914529	     46.53516380	     11.77378677	    -39.23122081	      0.00000000	      0.00000000
      1.96666670	    -24.98353060	      2.01653270	     10.28013595	     -0.50512547	      0.73075061	     -0.19457332	     20.03857237	    -11.21743526	     39.99999995	     14.77978190	    -50.00000000	    -35.00000000	      0.00000000	     23.36261642	      1.27567716	     39.99999995	      6.07582851	    -25.07796623	    -35.00000000	      0.00000000	     44.38839066	     -3.64945276	     48.77595467	    -80.82664634	     17.27980788	    -21.71338972	     95.36976060	     60.51399714	     46.33236078	     11.50512388	    -39.26878239	      0.00000000	      0.00000000
      1.98333330	    -24.97286610	      2.02682346	     10.29432407	     -0.50712269	      0.72893712	     -0.19399179	     20.03122331	    -11.21256446	     39.99999995	     14.79223579	    -50.00000000	    -35.00000000	      0.00000000	     23.34560571	      1.27745093	     39.99999995	      6.09289557	    -25.07988412	    -35.00000000	      0.00000000	     44.39076060	     -3.64544922	     48.77082517	    -80.82835200	     17.28201205	    -21.71063559	     95.36719418	     60.51287942	     46.32851817	     11.49748415	    -39.27014218	      0.00000000	      0.00000000
      2.00000000	    -24.78739862	      2.00691042	     10.33773893	     -0.50524817	      0.73428219	     -0.19448995	     20.07270428	    -11.15253907	     39.99999995	     15.07622195	    -50.00000000	    -35.00000000	      0.00000000	     23.25415862	      1.32237851	     39.99999995	      6.37558651	    -25.08234770	    -35.00000000	      0.00000000	     44.06143787	     -3.60607917	     48.62971843	    -80.83407494	     17.27724713	    -21.68464167	     95.31554892	     60.48229821	     46.25100909	     11.29547665	    -39.30661412	      0.00000000	      0.00000000
      2.01666670	    -24.76962236	      1.99305479	     10.35996565	     -0.50272794	      0.73690821	     -0.19452114	     20.10390218	    -11.16388193	     39.99999995	     15.07179731	    -50.00000000	    -35.00000000	      0.00000000	     23.24390178	      1.31392136	     39.99999995	      6.39143524	    -25.08176168	    -35.00000000	      0.00000000	     44.05140538	     -3.60068144	     48.63110544	    -80.83336532	     17.27525554	    -21.68532373	     95.31513657	     60.48116181	     46.25242845	     11.28262257	    -39.30778251	      0.00000000	      0.00000000
      2.03333330	    -24.53333547	      1.89271796	     10.43380522	     -0.50398350	      0.73523904	     -0.19392139	     19.94577588	    -11.00910027	     39.99999995	     15.27559664	    -50.00000000	    -35.00000000	      0.00000000	     23.05916532	      1.24268266	     39.99999995	      6.68168146	    -24.88480123	    -35.00000000	      0.00000000	     43.62051873	     -3.42802173	     48.25751413	    -80.89877119	     17.39998501	    -21.69061336	     95.16063997	     60.39504821	     46.08568894	     10.56259977	    -39.43240316	      0.00000000	      0.00000000
      2.05000000	    -24.45579477	      1.92865022	     10.45676010	     -0.50816402	      0.73753138	     -0.19509043	     19.92504008	    -10.98975806	     39.99999995	     15.47886764	    -50.00000000	    -35.00000000	      0.00000000	     23.15450726	      1.39749853	     39.99999995	      7.10398516	    -24.95984168	    -35.00000000	      0.00000000	     43.37769102	     -3.40062625	     48.28107208	    -80.87507967	     17.35470556	    -21.73005364	     95.14033867	     60.37372724	     46.08589912	     10.40501377	    -39.46646600	      0.00000000	      0.00000000
      2.06666670	    -24.31343824	      1.88656155	     10.53366799	     -0.50771180	      0.73622129	     -0.19450042	     19.93062851	    -10.94630413	     39.99999995	     15.66308618	    -50.00000000	    -35.00000000	      0.00000000	     23.21933825	      1.45016969	     39.99999995	      7.45317495	    -25.01194554	    -35.00000000	      0.00000000	     43.08189330	     -3.33374424	     48.27051258	    -80.87722773	     17.36136569	    -21.74221660	     95.06918727	     60.35625109	     46.04577255	     10.18034104	    -39.49208584	      0.00000000	      0.00000000
      2.08333330	    -23.92318366	      1.88243044	     10.63555424	     -0.50873319	      0.73048027	     -0.19567080	     19.66572785	    -10.92105761	     39.99999995	     15.87817952	    -50.00000000	    -35.00000000	      0.00000000	     23.07387400	      1.56300120	     39.99999995	      7.86815589	    -24.97963967	    -35.00000000	      0.00000000	     42.38630507	     -3.24472991	     47.60645744	    -80.59301598	     17.32759300	    -21.95391195	     94.63402157	     60.25514365	     45.67158025	      9.56444782	    -39.66946763	      0.00000000	      0.00000000
      2.10000000	    -23.48848967	      1.94141637	     10.73348044	     -0.50779830	      0.72410824	     -0.19669149	     19.27311815	    -10.90756481	     39.99999995	     16.21051756	    -50.00000000	    -35.00000000	      0.00000000	     22.96934848	      1.76505277	     39.99999995	      8.44973365	    -24.68589327	    -35.00000000	      0.00000000	     41.77788118	     -3.27289932	     47.09069907	    -80.21283280	     17.13216071	    -22.27593377	     94.05096658	     60.13898701	     45.31495292	      8.99260568	    -39.89034643	      0.00000000	      0.00000000
      2.11666670	    -23.01335233	      1.95869665	     10.82657094	     -0.50700953	      0.72157692	     -0.19712677	     18.91546752	    -10.89116920	     39.99999995	     16.54822801	    -50.00000000	    -35.00000000	      0.00000000	     22.78674233	      1.90362331	     39.99999995	      9.01502105	    -24.34787735	    -35.00000000	      0.00000000	     41.11342784	     -3.20049086	     46.50102237	    -79.76261016	     16.86581089	    -22.59757748	     93.33711221	     60.02653403	     44.87525352	      8.41011110	    -40.11273054	      0.00000000	      0.00000000
      2.13333330	    -22.58634550	      1.92894680	     10.87446240	     -0.50620926	      0.72421090	     -0.19886983	     18.59603378	    -10.85343760	     39.99999995	     16.88107163	    -50.00000000	    -35.00000000	      0.00000000	     22.58793637	      2.00222076	     39.99999995	      9.62589988	    -23.94855361	    -35.00000000	      0.00000000	     40.48257525	     -3.09826587	     45.89121064	    -78.99160071	     16.30446895	    -23.08781856	     92.34243244	     59.87654330	     44.49014355	      7.72175178	    -40.44741183	      0.00000000	      0.00000000
      2.15000000	    -22.12125760	      1.97404811	     11.07829744	     -0.50427393	      0.71888193	     -0.19942726	     18.05192835	    -10.92007220	     39.99999995	     17.22305457	    -50.00000000	    -35.00000000	      0.00000000	     22.39270387	      2.24347038	     39.99999995	     10.22418300	    -23.75051956	    -35.00000000	      0.00000000	     39.81214823	     -3.05477919	     45.28942691	    -78.65444602	     16.19900621	    -23.23094886	     91.61750097	     59.79980219	     43.99482415	      7.07264540	    -40.63686250	      0.00000000	      0.00000000
      2.16666670	    -21.59890094	      1.99612368	     11.28549412	     -0.50476877	      0.71770391	     -0.20016225	     17.54987377	    -10.97884596	     39.99999995	     17.57368295	    -50.00000000	    -35.00000000	      0.00000000	     22.13434074	      2.46180864	     39.99999995	     10.97954493	    -23.15092325	    -35.00000000	      0.00000000	     39.02338564	     -3.05915647	     44.38390586	    -77.83690673	     15.67181119	    -23.72373401	     90.69438158	     59.70538097	     43.37161988	      6.23142991	    -40.87730763	      0.00000000	      0.00000000
      2.18333330	    -21.14336881	      1.97178978	     11.41732119	     -0.50526460	      0.71836380	     -0.20174523	     17.12131689	    -10.96690773	     39.99999995	     17.91561677	    -50.00000000	    -35.00000000	      0.00000000	     21.99943759	      2.65480589	     39.99999995	     11.63826370	    -22.68010680	    -35.00000000	      0.00000000	     38.27974216	     -3.02911307	     43.39503671	    -76.74542568	     14.80711870	    -24.33706369	     89.41495066	     59.60721804	     42.81177473	      5.38953999	    -41.26092189	      0.00000000	      0.00000000
      2.20000000	    -20.74683421	      2.02168164	     11.63155375	     -0.50632795	      0.71931743	     -0.20269882	     16.63298756	    -11.14339951	     39.99999995	     17.96413294	    -50.00000000	    -35.00000000	      0.00000000	     21.99807474	      2.96833300	     39.99999995	     12.23206155	    -22.45153741	    -35.00000000	      0.00000000	     37.47423341	     -3.02605946	     42.59066179	    -75.94662226	     14.30407105	    -24.64469813	     88.37325183	     59.56087266	     42.21729953	      4.54560277	    -41.56367026	      0.00000000	      0.00000000
      2.21666670	    -20.33909305	      2.02523136	     11.90606107	     -0.50609308	      0.71642312	     -0.20278179	     16.13994428	    -11.24877416	     39.99999995	     18.08297116	    -50.00000000	    -35.00000000	      0.00000000	     21.96196085	      3.22459187	     39.99999995	     12.91969927	    -22.25989014	    -35.00000000	      0.00000000	     36.59827657	     -3.02019853	     41.58586484	    -75.03514637	     13.67570001	    -25.02835983	     87.20588490	     59.53372724	     41.45877022	      3.61124388	    -41.86045351	      0.00000000	      0.00000000
      2.23333330	    -19.95090887	      2.06656732	     12.16306665	     -0.50886624	      0.71695611	     -0.20440481	     15.68006514	    -11.40640640	     39.99999995	     18.18189169	    -50.00000000	    -35.00000000	      0.00000000	     21.99923614	      3.54704225	     39.99999995	     13.68837339	    -22.17142572	    -35.00000000	      0.00000000	     35.65819670	     -3.04561751	     40.54986689	    -74.01727370	     12.96487817	    -25.44081842	     85.95723712	     59.53766935	     40.69410711	      2.69945813	    -42.15257178	      0.00000000	      0.00000000
      2.25000000	    -19.42811667	      1.89128375	     12.46444020	     -0.50888240	      0.71497907	     -0.20517427	     15.24200974	    -11.32415877	     39.99999995	     18.31950386	    -50.00000000	    -35.00000000	      0.00000000	     21.86982240	      3.57452456	     39.99999995	     14.37548398	    -21.75429663	    -35.00000000	      0.00000000	     34.56691072	     -2.90925972	     39.20139631	    -72.89099425	     12.10645271	    -25.87253503	     84.51732848	     59.57985845	     39.71605837	      1.73793428	    -42.45042805	      0.00000000	      0.00000000
      2.26666670	    -18.89870700	      1.82067693	     12.73012238	     -0.50901361	      0.71234573	     -0.20694917	     14.64878415	    -11.34437412	     39.99999995	     18.36206598	    -50.00000000	    -35.00000000	      0.00000000	     21.69786203	      3.73548609	     39.99999995	     15.16098731	    -21.64117548	    -35.00000000	      0.00000000	     33.38845890	     -2.77793876	     37.81470963	    -71.64506162	     11.18425709	    -26.27763335	     83.01715571	     59.65135814	     38.59524358	      0.69348381	    -42.70226967	      0.00000000	      0.00000000
      2.28333330	    -18.30597091	      1.86739666	     12.99533405	     -0.51234982	      0.70832979	     -0.20840490	     14.04736097	    -11.49399586	     39.99999995	     18.39120865	    -50.00000000	    -35.00000000	      0.00000000	     21.72712100	      4.10188349	     39.99999995	     16.10635160	    -21.28325360	    -35.00000000	      0.00000000	     32.03934555	     -2.82141028	     36.19159788	    -70.06856747	     10.01098495	    -26.62966912	     81.19864078	     59.78520621	     37.31628669	     -0.42193848	    -42.94773073	      0.00000000	      0.00000000
      2.30000000	    -17.91397084	      1.90812057	     13.11857515	     -0.51368229	      0.71432931	     -0.20899756	     13.72138922	    -11.65250226	     39.99999995	     18.37532126	    -50.00000000	    -35.00000000	      0.00000000	     21.87373461	      4.39362260	     39.99999995	     16.81574546	    -20.91311141	    -35.00000000	      0.00000000	     30.97593897	     -2.80369514	     34.87035227	    -68.45976761	      8.83781638	    -26.68664870	     79.10987893	     60.09757706	     36.22615421	     -1.37440911	    -43.17017407	      0.00000000	      0.00000000
      2.31666670	    -17.45060102	      2.08422459	     13.30433820	     -0.51201664	      0.71332092	     -0.20824955	     12.95136188	    -11.82007380	     39.99999995	     18.24913328	    -50.00000000	    -35.00000000	      0.00000000	     21.87396767	      4.79131913	     39.99999995	     17.66233548	    -20.22352876	    -35.00000000	      0.00000000	     29.69493076	     -2.86232585	     33.57543624	    -67.08264700	      7.93717430	    -27.06348506	     77.89321404	     60.21827712	     35.11109896	     -2.40319156	    -43.24830121	      0.00000000	      0.00000000
      2.33333330	    -17.19744170	      2.01959569	     13.47712583	     -0.51059296	      0.71500649	     -0.20910191	     12.77075629	    -11.74741352	     39.99999995	     18.44445993	    -50.00000000	    -35.00000000	      0.00000000	     21.90261469	      4.90039913	     39.99999995	     18.31978576	    -20.18728470	    -35.00000000	      0.00000000	     28.76212401	     -2.89180131	     32.19499513	    -65.22361198	      6.58109376	    -26.92480552	     75.39028153	     60.63911515	     33.93865419	     -3.31032824	    -43.20694144	      0.00000000	      0.00000000
      2.35000000	    -16.67624817	      2.11022923	     13.78935213	     -0.50830556	      0.70929224	     -0.21151142	     11.94631494	    -11.90216276	     39.99999995	     18.48860049	    -50.00000000	    -35.00000000	      0.00000000	     21.79802660	      5.27607022	     39.99999995	     19.25809101	    -19.65034900	    -35.00000000	      0.00000000	     27.53974994	     -3.00284019	     30.39306318	    -63.28930708	      5.23173450	    -26.95974820	     73.22192504	     60.99868068	     32.40772295	     -4.41077062	    -42.99888998	      0.00000000	      0.00000000
      2.36666670	    -15.98079836	      2.36888258	     14.16433215	     -0.51369001	      0.70892845	     -0.21316560	     10.96517668	    -12.16299425	     39.99999995	     18.64123417	    -50.00000000	    -35.00000000	      0.00000000	     21.72809997	      5.99414695	     39.99999995	     20.41730782	    -19.12648184	    -35.00000000	      0.00000000	     25.97038794	     -3.31706905	     28.37178966	    -61.08451555	      3.65452355	    -27.17795848	     71.00172002	     61.22395953	     30.76574787	     -5.45519130	    -42.69762372	      0.00000000	      0.00000000
      2.38333330	    -15.64290266	      2.25005640	     14.40266777	     -0.51735759	      0.71376978	     -0.21502738	     10.75731065	    -12.16841952	     39.99999995	     18.80831852	    -50.00000000	    -35.00000000	      0.00000000	     21.97793533	      6.25789262	     39.99999995	     21.15161201	    -19.02025321	    -35.00000000	      0.00000000	     24.79189041	     -3.32180869	     26.44272546	    -58.43631434	      1.71020469	    -26.25792646	     67.60961510	     61.78146576	     29.21944589	     -6.25897500	    -41.67265621	      0.00000000	      0.00000000
      2.40000000	    -15.59712903	      2.24284577	     14.68724668	     -0.51764637	      0.71289814	     -0.21517129	     10.66206659	    -12.27420665	     39.99999995	     18.92466784	    -50.00000000	    -35.00000000	      0.00000000	     22.23937600	      6.54992399	     39.99999995	     21.59862424	    -18.70351870	    -35.00000000	      0.00000000	     23.21342990	     -3.44837284	     23.17716760	    -55.84232930	     -0.02802629	    -28.34309534	     65.30144927	     92.95817718	     39.70855237	    -25.69886030	    128.89941292	     57.26224138	     19.03322836
      2.41666670	    -14.91413878	      2.11196689	     14.90312371	     -0.51593541	      0.71404754	     -0.21570075	     10.05069587	    -12.03354739	     39.99999995	     19.19042674	    -50.00000000	    -35.00000000	      0.00000000	     21.74241304	      6.40612573	     39.99999995	     21.74712260	    -18.36337653	    -35.00000000	      0.00000000	     21.47930362	     -3.07961044	     22.05346599	    -53.44792960	     -1.31921105	    -26.98718698	     61.36919997	     86.00458903	     37.09999490	    -25.35227695	    127.14354982	     53.85673771	     17.03571260
      2.43333330	    -14.33076504	      1.88331562	     15.47640079	     -0.51663494	      0.70798516	     -0.21723144	      9.23211657	    -11.77574394	     39.99999995	     19.39966361	    -50.00000000	    -35.00000000	      0.00000000	     21.79823267	      6.56566337	     39.99999995	     23.04218465	    -17.33134455	    -35.00000000	      0.00000000	     19.66901091	     -2.80370388	     18.51910485	    -50.57512952	     -4.40594673	    -24.38214876	     59.07147034	     76.83470113	     31.82395797	    -26.89059486	    119.68711515	     50.87072548	     15.94884755
      2.45000000	    -13.51276163	      1.81690669	     16.23818490	     -0.51894431	      0.70628303	     -0.21885701	      8.09323209	    -11.66634125	     39.99999995	     19.43925029	    -50.00000000	    -35.00000000	      0.00000000	     21.56337997	      6.89615757	     39.99999995	     24.29691744	    -16.80986033	    -35.00000000	      0.00000000	     17.65726769	     -2.69522022	     16.10309331	    -47.43007995	     -6.30480101	    -23.08168537	     54.99466878	     73.57526548	     28.47437777	    -26.74394793	    115.85388637	     47.02726822	     17.61617452
      2.46666670	    -12.87865957	      1.68497994	     17.09626686	     -0.52095150	      0.70752152	     -0.22061123	      6.95237792	    -11.65093244	     39.99999995	     18.89896831	    -50.00000000	    -35.00000000	      0.00000000	     21.66436918	      7.23966130	     39.99999995	     25.37509350	    -16.59132320	    -35.00000000	      0.00000000	     16.08577816	     -2.55105705	     13.62765082	    -43.90939592	     -7.66117148	    -22.29900493	     50.21639756	     72.58679685	     25.36578033	    -25.98322639	    113.22796629	     43.54799309	     18.43386039
      2.48333330	    -11.81626832	     -2.48195864	     18.25975982	     -0.52276668	      0.69806086	     -0.21951788	      7.06341325	     -6.57717254	     39.99999995	     19.30570284	    -50.00000000	    -35.00000000	      0.00000000	     26.78064631	     -2.54784642	     15.58401258	     30.74811309	     45.29045618	     22.24230897	      0.00000000	     14.57958383	      1.70527221	      8.84635748	    -41.70411758	    -10.18461834	    -20.17361966	     49.49798370	     65.58270305	     18.83903743	    -26.63071479	     95.99569198	     39.50892656	     40.97696816
      2.50000000	    -10.68769564	     -2.51481279	     18.86348620	     -0.52457636	      0.69371133	     -0.22052700	      5.80610780	     -6.47903990	     39.99999995	     18.96400065	    -50.00000000	    -35.00000000	      0.00000000	     26.82456184	     -2.84082403	     14.78228932	     32.22388521	     46.41788734	     23.49082364	      0.00000000	     12.46510931	      1.89211174	      6.57464415	    -37.61636261	    -12.02223636	    -17.14583412	     43.94316209	     66.21142653	     16.77035510	    -25.35826796	     94.03006589	     35.69221770	     40.13986038
      2.51666670	     -9.86590891	     -2.67449380	     19.26881089	     -0.52880445	      0.69461864	     -0.22291275	      5.05459440	     -6.34210274	     39.99999995	     18.73227788	    -50.00000000	    -35.00000000	      0.00000000	     27.05198230	     -3.16544590	     14.07262144	     33.43075242	     47.21454670	     24.77443193	      0.00000000	     10.61001947	      2.36065484	      4.23604430	    -33.52093454	    -13.32986154	    -15.62095436	     39.46037572	     66.45211699	     14.46685330	    -24.02945792	     90.99008836	     32.30768403	     39.76062932
      2.53333330	     -8.76769144	     -2.70087054	     19.62621723	     -0.53108426	      0.69123356	     -0.22502859	      3.88613728	     -6.35254411	     39.99999995	     18.39786353	    -50.00000000	    -35.00000000	      0.00000000	     27.06613492	     -3.46670987	     13.49779801	     34.96200833	     48.29273437	     25.96659593	      0.00000000	      8.28456848	      2.86445615	      1.77912882	    -29.29200534	    -14.70021853	    -13.41334073	     35.14753566	     66.76109843	     12.24538495	    -22.81485446	     86.68130006	     28.99447969	     39.79473541
      2.55000000	     -7.49325512	     -2.83592974	     20.08675823	     -0.53786404	      0.69367228	     -0.22692811	      2.76456333	     -6.17852207	     39.99999995	     18.09936843	    -50.00000000	    -35.00000000	      0.00000000	     26.68849123	     -3.63346832	     13.58025014	     35.89098153	     48.45321680	     26.35711631	      0.00000000	      5.36120835	      3.67278496	     -0.96870812	    -25.44453378	    -16.76497246	     -8.51597573	     32.53116113	     67.36694701	      9.23142140	    -21.79940709	     75.00395873	     26.73838673	     42.54805653
      2.56666670	     -6.48573823	     -2.99415548	     20.38212290	     -0.54092047	      0.69414658	     -0.22767531	      2.10641864	     -5.94812656	     39.99999995	     18.17274571	    -50.00000000	    -35.00000000	      0.00000000	     26.55660338	     -3.90107006	     13.73580299	     36.98210814	     49.10608313	     26.50015747	      0.00000000	      2.88957756	      4.57885989	     -2.21359491	    -22.42680179	    -17.05086648	     -8.26254329	     29.75417413	     66.97560444	      8.82198942	    -20.72284866	     71.74714585	     24.59293461	     46.90336103
      2.58333330	     -5.56169602	     -3.04342010	     20.79767206	     -0.54017720	      0.69219281	     -0.22965232	      1.08390455	     -5.88438078	     39.99999995	     17.83103718	    -50.00000000	    -35.00000000	      0.00000000	     26.35260490	     -4.14851245	     13.54365571	     37.86829269	     49.96184426	     27.69975917	      0.00000000	      0.56787020	      5.53300543	     -3.43629330	    -20.23624182	    -17.45912747	     -8.35259522	     28.91782740	     66.90712290	      8.84070712	    -20.06238185	     71.30049466	     23.85410363	     47.52218267
      2.60000000	     -4.68505732	     -3.08555077	     21.16828296	     -0.54480204	      0.69094573	     -0.23034394	      0.30934814	     -5.70506384	     39.99999995	     17.81038079	    -50.00000000	    -35.00000000	      0.00000000	     26.42742498	     -4.11811794	     14.09300051	     39.11052732	     50.00000000	     27.61135104	      0.00000000	     -1.79469689	      6.48962253	     -4.45072689	    -17.41312207	    -17.85062595	     -7.60516797	     26.17023202	     66.99964599	      8.89111597	    -19.12293332	     69.13002352	     22.26773839	     48.94657236
      2.61666670	     -3.77482008	     -2.96302500	     21.27438411	     -0.54375571	      0.69525020	     -0.23021911	     -0.52331901	     -5.54996526	     39.99999995	     17.90629560	    -50.00000000	    -35.00000000	      0.00000000	     25.81515666	     -4.22901015	     14.27520992	     39.68654284	     50.00000000	     27.61623734	      0.00000000	     -4.35944331	      7.29641866	     -4.95915926	    -15.75884254	    -18.02995664	     -7.31536152	     25.72699216	     67.07430113	      9.18806542	    -18.74832470	     68.31900902	     21.72666283	     49.48974396
      2.63333330	     -2.95114558	     -2.99388850	     21.22661294	     -0.54734195	      0.69123115	     -0.23098046	     -0.83989311	     -5.15857607	     39.99999995	     18.44184029	    -50.00000000	    -35.00000000	      0.00000000	     25.46505847	     -4.35378594	     14.82536504	     40.36296530	     50.00000000	     27.14798406	      0.00000000	     -6.83688721	      8.20137232	     -5.77538931	    -13.04499382	    -18.58218688	     -5.14169451	     23.56129055	     67.70489781	      8.74933259	    -18.17497247	     63.65572060	     20.52695418	     52.50850516
      2.65000000	     -1.92583787	     -2.96121272	     21.33678016	     -0.54919663	      0.69194392	     -0.23136406	     -1.53084289	     -4.88761684	     39.99999995	     18.66570901	    -50.00000000	    -35.00000000	      0.00000000	     24.60659470	     -4.51713344	     15.22268369	     40.37840167	     50.00000000	     27.23429339	      0.00000000	     -9.71042026	      9.31276603	     -5.70712610	    -11.71131714	    -18.84502963	     -5.13270848	     23.63219485	     67.71827215	      9.69888025	    -17.72288255	     63.21915509	     20.48337087	     52.95025952
      2.66666670	     -0.94756050	     -2.82438719	     21.34845574	     -0.54820204	      0.69136017	     -0.23096464	     -2.35450366	     -4.63953042	     39.99999995	     18.90423310	    -50.00000000	    -35.00000000	      0.00000000	     23.79610095	     -4.64966785	     15.51090983	     40.59869291	     50.00000000	     27.05013462	      0.00000000	    -12.40080253	     10.09792402	     -5.71347511	    -10.20875785	    -19.02682189	     -5.09504745	     23.19797831	     67.75431231	     10.41032462	    -17.43290920	     62.57334468	     20.06327510	     53.45607926
      2.68333330	      0.33674774	     -2.68091262	     21.35045888	     -0.55095923	      0.68859886	     -0.23091761	     -3.40168215	     -4.24917693	     39.99999995	     19.32164423	    -50.00000000	    -35.00000000	      0.00000000	     22.77410680	     -4.90661084	     15.74987264	     41.10668648	     50.00000000	     26.88015980	      0.00000000	    -15.28043152	     10.94271203	     -5.63185829	     -8.68800206	    -19.22941498	     -5.01965850	     22.89176476	     67.81411856	     11.10972013	    -17.13999769	     61.94133589	     19.68991341	     53.83796213
      2.70000000	      1.30424203	     -2.50931050	     21.24593564	     -0.55090087	      0.69137598	     -0.23216766	     -4.26120814	     -4.03685200	     39.99999995	     19.62344554	    -50.00000000	    -35.00000000	      0.00000000	     21.77813838	     -5.05761408	     15.79186323	     41.24264924	     50.00000000	     26.70335540	      0.00000000	    -17.84563368	     11.54906116	     -5.42702706	     -7.42199170	    -19.38156054	     -4.79493046	     22.41379937	     67.94211943	     11.66304810	    -16.88585586	     61.01903647	     19.23808940	     54.33019100
      2.71666670	      2.29065805	     -2.36461974	     21.14218561	     -0.54812850	      0.69075127	     -0.23098710	     -5.25204271	     -3.71358278	     39.99999995	     19.94982794	    -50.00000000	    -35.00000000	      0.00000000	     20.70190681	     -5.30778182	     16.09233948	     41.51542073	     50.00000000	     26.43117318	      0.00000000	    -19.86641665	     11.98309609	     -5.32113772	     -6.55470458	    -19.47807523	     -4.61919053	     22.21223834	     68.05595682	     11.96449201	    -16.75082693	     60.32997307	     18.92113858	     54.70252343
      2.73333330	      3.09796407	     -2.09140624	     21.00734243	     -0.54801034	      0.69024365	     -0.23178464	     -6.22029349	     -3.63460173	     39.99999995	     20.16852050	    -50.00000000	    -35.00000000	      0.00000000	     19.67384221	     -5.33063089	     16.20813495	     41.60786191	     50.00000000	     26.27776655	      0.00000000	    -21.55027508	     12.14469946	     -5.20525101	     -5.92123398	    -19.51874455	     -4.40031654	     22.03783756	     68.19505377	     12.20352235	    -16.69205523	     59.57334349	     18.60154109	     55.10505146
      2.75000000	      3.44750996	     -2.19884697	     20.85924274	     -0.54994221	      0.69209024	     -0.23112424	     -6.32790203	     -3.30459826	     39.99999995	     20.55557508	    -50.00000000	    -35.00000000	      0.00000000	     19.33393198	     -5.46146476	     16.43700094	     41.67972880	     50.00000000	     26.08935547	      0.00000000	    -22.50641390	     12.47469816	     -5.09028554	     -5.45388960	    -19.65805065	     -4.32654011	     22.07907014	     68.25298073	     12.44687684	    -16.64307765	     59.28025890	     18.45806530	     55.25734071
      2.76666670	      3.38483496	     -2.18744962	     20.86051658	     -0.54817924	      0.69158112	     -0.23054137	     -6.33006255	     -3.28502589	     39.99999995	     20.55460862	    -50.00000000	    -35.00000000	      0.00000000	     19.28350896	     -5.46756752	     16.44531711	     41.70132103	     50.00000000	     26.09243635	      0.00000000	    -22.52079402	     12.47721356	     -5.09131791	     -5.45779093	    -19.65826176	     -4.32511452	     22.07656807	     68.25382944	     12.44632174	    -16.64549347	     59.27651512	     18.45419911	     55.25917530
      2.78333330	      3.20981789	     -1.95656364	     20.53840918	     -0.54585426	      0.69287608	     -0.23040543	     -6.28584715	     -3.45270415	     39.99999995	     20.72387585	    -50.00000000	    -35.00000000	      0.00000000	     18.87240350	     -5.34655368	     16.22777743	     41.25904794	     50.00000000	     25.97961421	      0.00000000	    -22.16396291	     11.84719124	     -5.01361199	     -5.91416670	    -19.47361068	     -4.17296775	     22.00555205	     68.33589041	     12.09635202	    -16.74845032	     58.98546085	     18.17387986	     55.40653027
      2.80000000	      2.62139664	     -1.75653091	     20.30744516	     -0.54664905	      0.69357112	     -0.23041894	     -5.72355662	     -3.84099717	     39.99999995	     20.69982266	    -50.00000000	    -35.00000000	      0.00000000	     19.10923328	     -5.04537095	     15.81629363	     40.87161313	     50.00000000	     26.01912497	      0.00000000	    -21.11932072	     11.09103593	     -4.99253636	     -6.56621871	    -19.29396234	     -4.04685889	     22.04870445	     68.41308635	     11.70854745	    -16.94627385	     58.71249029	     18.02281348	     55.54932365
      2.81666670	      1.64038038	     -1.93135668	     20.24813412	     -0.54478901	      0.69395448	     -0.23066025	     -4.78656244	     -3.98896791	     39.99999995	     20.60807869	    -50.00000000	    -35.00000000	      0.00000000	     19.91776169	     -4.93707687	     15.73417219	     40.70415535	     50.00000000	     26.12315377	      0.00000000	    -19.09870815	     10.66049614	     -5.52953745	     -7.34621254	    -19.49701494	     -2.59582024	     22.22516247	     70.83512017	      9.98596535	    -16.64428567	     49.83696823	     17.97194401	     63.00629407
      2.83333330	      0.54980260	     -1.93611446	     20.06966876	     -0.54405912	      0.69242560	     -0.23038457	     -3.73019400	     -4.34293859	     39.99999995	     20.60842275	    -50.00000000	    -35.00000000	      0.00000000	     20.74212652	     -4.72146769	     15.48643700	     40.51084040	     50.00000000	     26.14533394	      0.00000000	    -16.78049217	      9.81729515	     -5.64394455	     -8.52419984	    -19.23646670	     -2.71319241	     22.36210973	     70.85142351	      9.37738948	    -17.01247279	     50.19767533	     18.06858128	     63.49845083
      2.85000000	     -0.65202963	     -1.96869939	     19.90586710	     -0.54223572	      0.69274974	     -0.23051010	     -2.76120445	     -4.72412364	     39.99999995	     20.38605703	    -50.00000000	    -35.00000000	      0.00000000	     21.63792676	     -4.39942519	     15.37757188	     40.14960141	     50.00000000	     26.17857019	      0.00000000	    -14.04307194	      8.94140784	     -5.73611444	     -9.93728391	    -19.06273773	     -2.82699371	     22.69612348	     70.89340095	      8.65419084	    -17.31312686	     50.55619646	     18.25312745	     64.03401567
      2.86666670	     -2.24309009	     -1.90927874	     19.67330368	     -0.53999780	      0.69611090	     -0.22980749	     -1.43335589	     -5.35375866	     39.99999995	     20.04452930	    -50.00000000	    -35.00000000	      0.00000000	     22.45128563	     -3.94961021	     15.11517332	     39.09470443	     50.00000000	     26.22128243	      0.00000000	    -10.90485987	      7.71410235	     -5.72368804	    -11.40280160	    -18.81303595	     -2.81741863	     22.87609872	     70.93779979	      7.92585982	    -17.74250657	     50.72582751	     18.39617026	     64.30466444
      2.88333330	     -3.97559428	     -2.43789961	     19.36707292	     -0.53965147	      0.69730667	     -0.22982553	      0.46828014	     -5.31059165	     39.99999995	     20.00639841	    -50.00000000	    -35.00000000	      0.00000000	     23.62786707	     -4.03996098	     15.15398180	     37.92317960	     50.00000000	     26.40115704	      0.00000000	     -7.36408932	      7.18202328	     -5.55855862	    -13.04058176	    -18.97320963	     -2.85226955	     23.60640811	     71.03328005	      7.18577775	    -18.02537216	     51.10263084	     18.80995861	     64.81867982
      2.90000000	     -5.70989210	     -2.59990205	     19.11725375	     -0.53904410	      0.69698456	     -0.22863068	      2.22098916	     -5.64003669	     39.99999995	     19.83458389	    -50.00000000	    -35.00000000	      0.00000000	     24.96913126	     -3.76154600	     14.91274348	     37.07349877	     50.00000000	     26.44794217	      0.00000000	     -4.08842590	      6.21803969	     -5.35802485	    -14.64665383	    -18.96503747	     -2.87795008	     24.40293047	     71.13478112	      6.72669179	    -18.53239806	     51.48602805	     19.30425053	     65.30326809
      2.91666670	     -7.34570323	     -2.64134190	     18.85263371	     -0.53540073	      0.69692791	     -0.22788988	      3.70214305	     -6.07043656	     39.99999995	     19.62695895	    -50.00000000	    -35.00000000	      0.00000000	     26.00361669	     -3.43962491	     14.57745125	     35.88582744	     49.36474351	     26.26353704	      0.00000000	     -0.84111200	      5.16812540	     -5.02968456	    -16.37592034	    -18.91844818	     -2.90674828	     25.27831489	     71.25755873	      6.21205888	    -19.11687620	     52.04806317	     19.87419986	     65.84581903
      2.93333330	     -9.00158320	     -2.61822257	     18.71686399	     -0.53019948	      0.69639528	     -0.22685296	      4.95386108	     -6.60986434	     39.99999995	     19.14431242	    -50.00000000	    -35.00000000	      0.00000000	     26.77800007	     -3.02726123	     14.57173005	     34.37595467	     48.09504835	     25.65070815	      0.00000000	      2.43795133	      3.99234679	     -4.71937212	    -18.19093819	    -18.84316476	     -2.98150148	     26.25476170	     71.37474203	      5.80101065	    -19.86320355	     52.71176113	     20.51259329	     66.35895511
      2.95000000	    -10.42324730	     -2.53407809	     18.73186521	     -0.52801414	      0.69874878	     -0.22687233	      5.82573491	     -7.18294429	     39.99999995	     18.51012087	    -50.00000000	    -35.00000000	      0.00000000	     27.17527278	     -2.50094689	     14.97421897	     32.76753001	     46.32363814	     24.49543628	      0.00000000	      5.30158978	      2.95373107	     -4.19110867	    -20.66356937	    -18.78820915	     -3.50807918	     28.40730548	     71.56913842	      5.68005023	    -20.85772542	     54.52487554	     21.86764487	     67.41387741
      2.96666670	    -11.85017848	     -2.45943353	     18.58808419	     -0.52340373	      0.69880671	     -0.22586386	      6.86866374	     -7.56621999	     39.99999995	     18.28358126	    -50.00000000	    -35.00000000	      0.00000000	     27.67513901	     -2.18362807	     14.96438111	     31.60000243	     45.48732622	     24.07942620	      0.00000000	      8.28508465	      1.89762194	     -3.35142224	    -23.24987544	    -18.27617076	     -5.50481055	     30.27327473	     71.87057754	      5.96951326	    -22.23730892	     58.79901093	     23.36213440	     69.06579988
      2.98333330	    -12.89520274	     -2.37121202	     18.51702943	     -0.51868568	      0.69750741	     -0.22443891	      7.42298235	     -7.93932292	     39.99999995	     17.87380786	    -50.00000000	    -35.00000000	      0.00000000	     27.69533383	     -1.95122373	     15.37817841	     30.33257572	     44.37757389	     23.30949938	      0.00000000	     10.71964225	      1.02800608	     -2.24084542	    -25.89729371	    -17.98338860	     -5.77337306	     31.95572224	     72.10098922	      6.12627346	    -23.21680654	     59.71814715	     24.79237427	     69.17548426
      3.00000000	    -14.20594937	     -2.34057209	     18.37517566	     -0.51432908	      0.69975837	     -0.22314829	      8.22184782	     -8.31082486	     39.99999995	     17.35721884	    -50.00000000	    -35.00000000	      0.00000000	     27.66042842	     -1.70902904	     15.97798879	     28.50978514	     42.95535242	     22.14775430	      0.00000000	     13.33126767	      0.28467381	     -1.02551243	    -29.07656259	    -17.62836386	     -6.79396808	     34.76686486	     72.21785452	      6.29076507	    -24.65640097	     61.47288347	     27.36919726	     69.30789420
      3.01666670	    -15.57689083	     -2.25287360	     18.01969450	     -0.51426385	      0.70094572	     -0.22188861	      9.38614270	     -8.64679130	     39.99999995	     17.05791342	    -50.00000000	    -35.00000000	      0.00000000	     27.89959439	     -1.46614812	     16.67624413	     26.83677995	     41.30338826	     20.89482795	      0.00000000	     15.82452175	     -0.39689234	      0.44591846	    -32.47003049	    -16.53306127	    -10.64049594	     38.88225835	     72.29576503	      7.32395611	    -26.88049257	     67.15773263	     31.08872442	     69.09684545
      3.03333330	    -16.74714072	     -1.92557431	     17.59115452	     -0.51639302	      0.70447962	     -0.22057865	     10.54139783	     -9.32002484	     39.99999995	     16.59473902	    -50.00000000	    -35.00000000	      0.00000000	     28.06292523	     -0.70630836	     18.25709601	     25.21859312	     38.00135971	     17.80103320	      0.00000000	     17.63081631	     -1.07458356	      2.68457528	    -36.05882385	    -15.80944497	    -11.99233310	     42.66793239	     72.59818821	      9.17593028	    -28.74230825	     70.49645703	     34.38779646	     68.43941701
      3.05000000	    -17.92023323	     -1.85475269	     17.14334101	     -0.51342304	      0.70650512	     -0.21910514	     11.78003518	     -9.61184108	     39.99999995	     16.30980786	    -50.00000000	    -35.00000000	      0.00000000	     28.21006497	     -0.48913496	     19.45120423	     23.44552935	     35.87283761	     15.79073050	      0.00000000	     20.26328929	     -1.22852984	      7.46607633	    -41.67006959	    -12.29060734	    -17.95950038	     47.24160153	     74.31139985	     17.51508693	    -29.74284201	     91.16314599	     38.63513578	     60.70055373
      3.06666670	    -19.03866279	     -1.62735149	     17.00436851	     -0.51218262	      0.70749070	     -0.21819512	     12.76222782	    -10.22498451	     39.99999995	     15.81040036	    -50.00000000	    -35.00000000	      0.00000000	     28.36348118	      0.33037573	     22.58151673	     21.90997676	     31.53999076	     11.04773959	      0.00000000	     22.29391396	     -1.79990585	      9.66215155	    -44.88812386	    -10.48653262	    -20.72533658	     50.35239338	     74.66853726	     20.97974136	    -31.70003837	     96.31894381	     44.64346513	     55.79961217
      3.08333330	    -19.50665728	     -1.38858687	     16.70987378	     -0.51118743	      0.70334161	     -0.21668528	     13.20211997	    -10.48780788	     39.99999995	     15.58004473	    -50.00000000	    -35.00000000	      0.00000000	     27.99742025	      0.53894742	     23.73320869	     20.48717265	     29.09426089	      8.99552894	      0.00000000	     24.10846539	     -2.18912855	     13.71384179	    -49.13837709	     -7.66413740	    -22.87313834	     54.61910254	     76.05461825	     30.15104267	    -30.49639195	    114.86582035	     50.26056785	     35.81063287
      3.10000000	    -20.46311167	      2.10171021	     14.88646254	     -0.50833787	      0.71082555	     -0.21397760	     14.15949816	    -13.82624106	     39.99999995	     16.04365983	    -50.00000000	    -35.00000000	      0.00000000	     24.98021244	      5.82991607	     39.99999995	     16.22494345	    -23.74381508	    -35.00000000	      0.00000000	     25.32261444	     -5.39955045	     18.57715832	    -50.46220489	     -5.64831536	    -22.87267881	     56.26802145	     75.86005766	     34.43524231	    -30.91011813	    121.30893789	     54.21093598	     24.02250527
      3.11666670	    -21.47625357	      2.16797741	     14.61186612	     -0.50777590	      0.71809617	     -0.21265515	     15.04665648	    -13.98527231	     39.99999995	     15.61358931	    -50.00000000	    -35.00000000	      0.00000000	     25.65136316	      5.77991481	     39.99999995	     15.27116819	    -24.32629956	    -35.00000000	      0.00000000	     27.02345943	     -5.43275726	     20.70310469	    -53.79624618	     -3.72598348	    -24.77861263	     60.71022331	     75.73694374	     37.43380725	    -31.51451268	    123.00190604	     58.20381638	     24.98066858
      3.13333330	    -22.29776615	      2.11611364	     14.47841358	     -0.50722738	      0.72054127	     -0.21126984	     15.79925515	    -14.01591379	     39.99999995	     15.28114537	    -50.00000000	    -35.00000000	      0.00000000	     26.00459136	      5.58254844	     39.99999995	     14.21447921	    -25.49791781	    -35.00000000	      0.00000000	     28.60747434	     -5.38941809	     23.72820803	    -56.89131261	     -0.85907006	    -26.39911139	     63.66026338	     75.62735147	     42.79949866	    -29.86335394	    130.26996329	     61.99572197	     26.03735637
      3.15000000	    -23.28949319	      1.99480270	     14.25711933	     -0.50728874	      0.72218621	     -0.20993023	     16.93100358	    -13.93229855	     39.99999995	     15.11947271	    -50.00000000	    -35.00000000	      0.00000000	     26.56245829	      5.23764893	     39.99999995	     13.23853457	    -25.90939181	    -35.00000000	      0.00000000	     30.15400808	     -5.31124405	     26.12177898	    -60.10174155	      0.99875207	    -26.70935759	     67.45829827	     75.58982244	     47.18143941	    -28.76955762	    134.37481747	     65.48857816	     25.77445496
      3.16666670	    -23.98558175	      1.99052677	     13.72552235	     -0.50881390	      0.72643919	     -0.20762159	     17.91565074	    -13.78124221	     39.99999995	     14.96827027	    -50.00000000	    -35.00000000	      0.00000000	     26.75419186	      4.74867614	     39.99999995	     11.97796999	    -26.58273630	    -35.00000000	      0.00000000	     31.51640842	     -5.27469920	     29.29344840	    -62.68603701	      3.24719420	    -27.03752744	     69.74626589	     75.36971574	     52.52321400	    -25.70383312	    141.12500924	     68.61488822	     24.28105833
      3.18333330	    -24.74308566	      1.90716483	     13.31667365	     -0.50435609	      0.72674949	     -0.20608520	     18.71685476	    -13.58370769	     39.99999995	     14.70749418	    -50.00000000	    -35.00000000	      0.00000000	     26.87107894	      4.16092716	     39.99999995	     10.53845845	    -26.99024891	    -35.00000000	      0.00000000	     32.71433291	     -5.04683014	     31.18885745	    -65.45480725	      4.81873266	    -26.83926627	     73.41688462	     75.34291965	     55.49593022	    -24.95756770	    142.86749731	     71.65730790	     23.55455248
      3.20000000	    -25.53259601	      1.94642779	     12.84598701	     -0.50816615	      0.72820210	     -0.20533073	     19.65285746	    -13.50968809	     39.99999995	     14.52139037	    -50.00000000	    -35.00000000	      0.00000000	     27.29589755	      3.81669693	     39.99999995	      9.50776132	    -27.52016150	    -35.00000000	      0.00000000	     34.05962962	     -5.00469385	     33.38711505	    -67.72194252	      6.15005483	    -26.63363568	     76.15049387	     75.23324054	     59.04511761	    -22.92597037	    146.40454509	     74.36583525	     22.42923497
      3.21666670	    -26.20686522	      2.00994376	     12.44523512	     -0.50784848	      0.73269281	     -0.20446163	     20.48705971	    -13.57214167	     39.99999995	     14.17693736	    -50.00000000	    -35.00000000	      0.00000000	     27.55859216	      3.54894074	     39.99999995	      8.44862621	    -28.00177837	    -35.00000000	      0.00000000	     35.27838648	     -5.06902276	     35.63700996	    -69.61117541	      7.30501122	    -26.15125976	     77.23627910	     74.92037898	     62.42353612	    -19.96042283	    150.68485523	     76.54547029	     19.72376271
      3.23333330	    -26.82169681	      2.10689199	     12.00782386	     -0.51579465	      0.74009592	     -0.20269945	     21.39803464	    -13.55363561	     39.99999995	     13.90330704	    -50.00000000	    -33.95354762	      0.00000000	     27.84818116	      3.30176053	     39.99999995	      7.31798106	    -28.44420126	    -35.00000000	      0.00000000	     35.94883778	     -4.98835667	     37.11006608	    -71.47979652	      8.15983592	    -25.81703515	     79.88980365	     74.87100762	     64.51555516	    -18.74181799	    151.35459866	     78.30523063	     18.86585980
      3.25000000	    -27.39364405	      2.06532932	     11.71622559	     -0.51257732	      0.73405376	     -0.20187899	     22.19217709	    -13.50072725	     39.99999995	     13.56438703	    -50.00000000	    -33.57201536	      0.00000000	     28.17792732	      2.99621670	     39.99999995	      6.44099805	    -28.72419145	    -35.00000000	      0.00000000	     36.84198193	     -4.91811704	     38.25942149	    -72.96112139	      8.79472115	    -25.49527451	     82.04761173	     74.72935460	     66.66799635	    -16.94762547	    153.27899406	     80.02054506	     17.51095499
      3.26666670	    -27.94244596	      2.15353166	     11.40320423	     -0.51265702	      0.73666717	     -0.20142087	     22.85921117	    -13.52075459	     39.99999995	     13.35018891	    -50.00000000	    -33.35624469	      0.00000000	     28.40026744	      2.83564936	     39.99999995	      5.60392389	    -28.91429404	    -35.00000000	      0.00000000	     37.57872859	     -4.88650048	     39.50337924	    -74.27695170	      9.46396313	    -25.00784930	     82.91686977	     74.71405158	     68.06607741	    -15.83970864	    153.14316960	     80.94942826	     17.08722712
      3.28333330	    -28.46648412	      2.18808281	     11.24031355	     -0.51034926	      0.73872866	     -0.20232741	     23.21724947	    -13.52333511	     39.99999995	     13.11976669	    -50.00000000	    -33.05253909	      0.00000000	     28.54685465	      2.70938548	     39.99999995	      4.90643069	    -29.50213618	    -35.00000000	      0.00000000	     38.35320888	     -4.92580716	     40.45177406	    -75.74518906	     10.13156277	    -24.64730460	     84.49030804	     74.68969717	     69.55850932	    -14.54618529	    153.83797949	     82.17507021	     16.63277500
      3.30000000	    -28.93764412	      2.23774411	     11.05139945	     -0.50876976	      0.73851017	     -0.20199250	     23.51259581	    -13.55207591	     39.99999995	     12.87149623	    -50.00000000	    -33.24787770	      0.00000000	     28.56617236	      2.61205504	     39.99999995	      4.41266476	    -29.59816432	    -35.00000000	      0.00000000	     39.28620953	     -5.07559132	     41.34395911	    -76.85277937	     10.34361521	    -24.15033080	     85.17988572	     74.15475522	     71.47583954	    -12.05604022	    157.31711717	     83.68095593	     13.06232715
      3.31666670	    -29.21196276	      2.24002069	     10.82764635	     -0.51373002	      0.73747476	     -0.20149991	     23.88662594	    -13.56757856	     39.99999995	     12.65319191	    -50.00000000	    -33.24252981	      0.00000000	     28.55969319	      2.44927234	     39.99999995	      3.83047286	    -29.62578965	    -35.00000000	      0.00000000	     39.69085368	     -4.95484116	     41.91328672	    -77.76445269	     10.68163146	    -23.95411879	     86.23062289	     74.11410421	     72.20756654	    -11.44444248	    156.90921283	     84.25587490	     12.65139180
      3.33333330	    -29.47137888	      2.24559262	     10.58235772	     -0.51361753	      0.73869139	     -0.20024445	     24.29653304	    -13.54754972	     39.99999995	     12.43864660	    -50.00000000	    -33.26846527	      0.00000000	     28.59231142	      2.28145560	     39.99999995	      3.35489973	    -29.50855214	    -35.00000000	      0.00000000	     40.08160718	     -4.88245626	     42.35708919	    -78.32636815	     10.60161044	    -23.98483358	     86.86664808	     74.08030855	     72.83095276	    -10.94820076	    156.91010740	     84.54762674	     12.40097023
      3.35000000	    -29.72444372	      2.25191405	     10.45734231	     -0.51380461	      0.73878516	     -0.20010044	     24.53898426	    -13.59665302	     39.99999995	     12.13926166	    -50.00000000	    -33.25495462	      0.00000000	     28.67385035	      2.20732846	     39.99999995	      2.98208452	    -29.40493226	    -35.00000000	      0.00000000	     40.51113728	     -4.83997826	     42.79219065	    -79.07373440	     10.98863936	    -23.63828061	     87.91848293	     74.00438857	     73.43948870	    -10.02394492	    157.50895700	     85.12486952	     11.82762796
      3.36666670	    -29.77310216	      2.26745243	     10.30826632	     -0.51543776	      0.73154706	     -0.20001000	     24.58299802	    -13.55269851	     39.99999995	     11.99348199	    -50.00000000	    -33.28147300	      0.00000000	     28.59275592	      2.09743961	     39.99999995	      2.71448450	    -29.34217414	    -35.00000000	      0.00000000	     40.64528986	     -4.82655234	     42.93635980	    -79.10606651	     10.71130216	    -23.79445405	     88.05051753	     73.98418689	     73.61354295	     -9.82776456	    157.47723280	     85.09720432	     11.74362229
      3.38333330	    -29.72532572	      2.29265823	     10.19299971	     -0.51681929	      0.72889358	     -0.20012171	     24.59202534	    -13.46373919	     39.99999995	     12.10488590	    -50.00000000	    -33.38178718	      0.00000000	     28.52911319	      2.08087643	     39.99999995	      2.70028398	    -29.22869121	    -35.00000000	      0.00000000	     40.67952310	     -4.84057220	     43.08052293	    -79.10077010	     10.40913630	    -23.95268901	     88.26622568	     73.96073274	     73.77239825	     -9.46199204	    157.42270890	     85.08315122	     11.63661382
      3.40000000	    -29.58454009	      2.17473916	     10.25968720	     -0.51880511	      0.72698200	     -0.20040833	     24.50564953	    -13.28853407	     39.99999995	     12.20027128	    -50.00000000	    -33.55780248	      0.00000000	     28.44348500	      2.04484833	     39.99999995	      2.88894230	    -29.17763586	    -35.00000000	      0.00000000	     40.57125788	     -4.79218375	     42.92101260	    -79.06034105	     10.22598733	    -24.04829810	     88.40170846	     73.93743283	     73.82217391	     -9.13321024	    157.45569183	     85.02227343	     11.52866497
      3.41666670	    -29.28883813	      2.11175129	     10.32691903	     -0.52046549	      0.72386009	     -0.20084430	     24.16852588	    -13.11400108	     39.99999995	     12.38923658	    -50.00000000	    -34.68651148	      0.00000000	     28.24515847	      2.03596371	     39.99999995	      3.11046216	    -28.78019000	    -35.00000000	      0.00000000	     40.29329528	     -4.81515870	     42.62990027	    -78.71944761	      9.58344986	    -24.29351111	     88.53249920	     73.81215194	     73.59655512	     -8.74396467	    158.11692054	     84.44974563	     10.93494458
      3.43333330	    -28.97794925	      1.94931359	     10.43812087	     -0.52036110	      0.72288910	     -0.20224722	     23.90871766	    -12.85089217	     39.99999995	     12.75923906	    -50.00000000	    -35.00000000	      0.00000000	     28.12641996	      1.99107539	     39.99999995	      3.41769579	    -28.72946190	    -35.00000000	      0.00000000	     40.01309712	     -4.72902896	     42.42200996	    -78.32719350	      9.17811903	    -24.48779732	     88.49336358	     73.75768243	     73.40425722	     -8.35441442	    158.10014541	     84.20618961	     10.69407988
      3.45000000	    -28.46188747	      1.81963452	     10.64930858	     -0.52312503	      0.72111705	     -0.20258572	     23.54982940	    -12.66959126	     39.99999995	     13.12311743	    -50.00000000	    -35.00000000	      0.00000000	     27.95124576	      2.09555706	     39.99999995	      3.96659270	    -28.52499525	    -35.00000000	      0.00000000	     39.34960926	     -4.70321288	     41.89682401	    -77.50312323	      8.38062252	    -24.87034808	     88.01864161	     73.64723532	     72.82726626	     -8.27882451	    158.29815198	     83.25455092	     10.18041483
      3.46666670	    -27.85351229	      1.59493692	     10.91114643	     -0.52062062	      0.71501843	     -0.20314860	     23.04820345	    -12.40562533	     39.99999995	     13.60019980	    -50.00000000	    -35.00000000	      0.00000000	     27.71259982	      2.09033611	     39.99999995	      4.66317268	    -28.26795798	    -35.00000000	      0.00000000	     38.68867210	     -4.60269436	     41.32269856	    -76.82135989	      7.95794851	    -25.05169855	     87.58189116	     73.58489491	     72.23549432	     -8.18012969	    158.24222623	     82.64654848	      9.85552191
      3.48333330	    -27.14726229	      1.40308625	     11.16517134	     -0.51775935	      0.71681491	     -0.20383459	     22.48424391	    -12.16518559	     39.99999995	     14.19702234	    -50.00000000	    -35.00000000	      0.00000000	     27.36957240	      2.12876272	     39.99999995	      5.55348712	    -27.84209540	    -35.00000000	      0.00000000	     37.88250643	     -4.48445291	     40.56512941	    -75.88941950	      7.41112536	    -25.37685242	     86.79956898	     73.51541696	     71.29297145	     -8.43190841	    158.25224119	     81.69644746	      9.47763043
      3.50000000	    -26.47395225	      1.41288274	     11.34657922	     -0.51562036	      0.71623061	     -0.20525014	     21.85564556	    -12.08599361	     39.99999995	     14.83623260	    -50.00000000	    -35.00000000	      0.00000000	     27.13795871	      2.40922123	     39.99999995	      6.55622447	    -27.76671760	    -35.00000000	      0.00000000	     37.05430250	     -4.48623630	     40.00731509	    -74.65092383	      6.74755019	    -25.83153178	     85.20930353	     73.43435126	     70.01728495	     -9.23395722	    157.72568728	     79.99777428	      8.75579417
      3.51666670	    -25.84433178	      1.45717645	     11.62501143	     -0.51426290	      0.71857505	     -0.20626407	     21.17139083	    -12.13095469	     39.99999995	     15.32060500	    -50.00000000	    -35.00000000	      0.00000000	     27.01459997	      2.79873700	     39.99999995	      7.75303328	    -27.68516990	    -35.00000000	      0.00000000	     36.22787778	     -4.44417102	     39.46920269	    -73.45787735	      6.66013105	    -26.04399216	     83.66334440	     73.43714801	     68.53812546	    -10.12442393	    156.70310454	     78.50101760	      7.87582448
      3.53333330	    -25.07611509	      1.59212363	     11.91152055	     -0.51171903	      0.71797280	     -0.20766857	     20.37346706	    -12.27446687	     39.99999995	     15.87942312	    -50.00000000	    -35.00000000	      0.00000000	     26.69750056	      3.27212193	     39.99999995	      8.96427103	    -27.34042120	    -35.00000000	      0.00000000	     35.17214183	     -4.53706346	     38.72316092	    -72.30489179	      6.28878494	    -26.45707897	     82.53529755	     73.46723999	     67.25670408	    -11.13362529	    156.32613841	     77.37435271	      7.41150754
      3.55000000	    -24.45914329	      1.63598852	     12.21580175	     -0.51105597	      0.71948964	     -0.20860655	     19.68504997	    -12.42546040	     39.99999995	     16.27562384	    -50.00000000	    -35.00000000	      0.00000000	     26.59259348	      3.72865553	     39.99999995	     10.31365498	    -27.16614475	    -35.00000000	      0.00000000	     34.18831095	     -4.46653937	     37.98031363	    -70.83380106	      6.09103626	    -26.71072468	     80.50935690	     73.62548061	     65.45799196	    -12.38958172	    154.95498264	     75.59091480	      6.80209095
      3.56666670	    -23.76586638	      1.66216607	     12.53611199	     -0.51025022	      0.72009605	     -0.21041875	     18.94618710	    -12.58037367	     39.99999995	     16.62142050	    -50.00000000	    -35.00000000	      0.00000000	     26.41422058	      4.15227775	     39.99999995	     11.59751488	    -26.72966986	    -35.00000000	      0.00000000	     33.04615012	     -4.38861787	     36.99759695	    -69.26191195	      5.63480799	    -27.04584454	     78.59418890	     73.81972526	     63.67572672	    -13.62011212	    153.95508036	     73.98801102	      6.43294028
      3.58333330	    -22.90970075	      1.78835526	     12.99210065	     -0.50782057	      0.71406476	     -0.21121061	     17.82692675	    -12.91221158	     39.99999995	     16.77755746	    -50.00000000	    -35.00000000	      0.00000000	     26.03028088	      4.69781591	     39.99999995	     12.94060277	    -26.37279363	    -35.00000000	      0.00000000	     31.65446586	     -4.44295066	     35.78118381	    -67.43485814	      4.97480242	    -27.26460240	     75.91839044	     74.14460144	     61.41934902	    -15.05865294	    152.32657943	     71.85648461	      6.16059775
      3.60000000	    -21.98219017	      1.90514020	     13.48050244	     -0.50595372	      0.71051209	     -0.21307342	     16.52971634	    -13.18465401	     39.99999995	     16.93271686	    -50.00000000	    -35.00000000	      0.00000000	     25.60164750	      5.20778733	     39.99999995	     14.29876626	    -25.56085342	    -35.00000000	      0.00000000	     30.23134774	     -4.51982021	     34.22117320	    -65.32502973	      4.12500543	    -27.56945078	     73.09411227	     74.54810323	     58.85142951	    -16.48050040	    150.56984382	     69.52133520	      6.06924861
      3.61666670	    -21.03989055	      1.96049707	     13.89305150	     -0.50517977	      0.70944723	     -0.21346400	     15.22964856	    -13.34531291	     39.99999995	     16.99327267	    -50.00000000	    -35.00000000	      0.00000000	     25.11083951	      5.53776290	     39.99999995	     15.53126539	    -24.48265506	    -35.00000000	      0.00000000	     28.76101013	     -4.52909510	     32.42429964	    -62.89194675	      2.89079893	    -27.73278304	     69.97254942	     74.98725759	     56.09440036	    -17.83386746	    148.81516635	     66.95177096	      6.11621319
      3.63333330	    -19.93262680	      2.01228188	     14.35169418	     -0.50380955	      0.70209183	     -0.21428053	     13.66277603	    -13.46070961	     39.99999995	     16.96849737	    -50.00000000	    -35.00000000	      0.00000000	     24.42298158	      5.82038622	     39.99999995	     17.08496106	    -22.84720946	    -35.00000000	      0.00000000	     27.14055984	     -4.54671271	     30.23695508	    -59.98220829	      1.23670696	    -27.63883458	     66.21635572	     75.43944245	     52.84939096	    -19.29721981	    146.66873998	     63.85057162	      6.23657445
      3.65000000	    -18.82065320	      2.11602978	     14.88967979	     -0.50061588	      0.69839006	     -0.21624490	     11.89462564	    -13.63434050	     39.99999995	     16.77883587	    -50.00000000	    -35.00000000	      0.00000000	     23.64317802	      6.20203326	     39.99999995	     18.75710575	    -20.87717269	    -35.00000000	      0.00000000	     25.56860487	     -4.65955021	     27.87600197	    -56.88990066	     -0.49084825	    -27.40335200	     62.24393588	     75.90399358	     49.30861443	    -20.81588929	    144.15617707	     60.44926127	      6.43975749
      3.66666670	    -17.57267179	      2.00497915	     15.24688143	     -0.50163094	      0.70477744	     -0.21663839	     10.40766522	    -13.40801162	     39.99999995	     16.70371222	    -50.00000000	    -35.00000000	      0.00000000	     22.78922103	      6.15675440	     39.99999995	     19.96871960	    -19.29812945	    -35.00000000	      0.00000000	     23.57258852	     -4.42381480	     25.07290681	    -53.97530768	     -2.65819848	    -26.20958051	     59.31895749	     77.19016219	     44.83382877	    -23.44489613	    137.81352267	     57.00179529	      7.89623973
      3.68333330	    -16.56741653	      1.79201847	     15.72277515	     -0.50240519	      0.70820421	     -0.21746447	      9.02415364	    -13.13060589	     39.99999995	     16.45362513	    -50.00000000	    -35.00000000	      0.00000000	     22.14617285	      6.04606044	     39.99999995	     21.01761722	    -18.07426503	    -35.00000000	      0.00000000	     21.99754849	     -4.22366509	     22.36437930	    -50.77715082	     -4.79420420	    -24.93122048	     55.58361251	     78.34455569	     40.68850803	    -24.62274544	    133.45219013	     53.38432758	     10.38876425
      3.70000000	    -15.55102159	      1.62972661	     16.40491341	     -0.50411404	      0.70352655	     -0.22042703	      7.41606511	    -13.00481413	     39.99999995	     16.13114193	    -50.00000000	    -35.00000000	      0.00000000	     21.62649974	      6.09724519	     39.99999995	     22.29202539	    -17.05230694	    -35.00000000	      0.00000000	     20.36776936	     -4.14031488	     19.94239386	    -47.32806323	     -6.23217401	    -24.68828445	     50.88952120	     78.54799840	     37.68520374	    -24.61308920	    132.06625566	     49.57829529	     11.02691460
      3.71666670	    -14.18341699	     -2.49700383	     17.34796267	     -0.50898055	      0.69590321	     -0.22014663	      7.00858749	     -7.97178924	     39.99999995	     16.49595767	    -50.00000000	    -35.00000000	      0.00000000	     26.52586021	     -3.69468254	     12.54522877	     28.59153597	     46.52932603	     25.27131708	      0.00000000	     18.83964257	      0.13888232	     15.65080846	    -45.67447861	     -8.01354538	    -24.96431108	     50.63253341	     79.14079426	     32.61411595	    -25.88343537	    120.38669646	     44.77513320	     27.25112918
      3.73333330	    -13.23198147	     -2.61580893	     17.85491722	     -0.50932220	      0.69406220	     -0.22132861	      5.89567013	     -7.67119188	     39.99999995	     16.58030406	    -50.00000000	    -35.00000000	      0.00000000	     26.54823829	     -3.98146571	     12.03864927	     30.05311711	     47.83904001	     26.65879251	      0.00000000	     17.20931712	      0.17272274	     13.15033724	    -41.36847964	    -10.08241885	    -22.70662012	     44.71243481	     79.47953602	     30.35678594	    -25.53558799	    120.09166099	     42.01418570	     26.58770874
      3.75000000	    -12.29215224	     -2.55123210	     18.51321768	     -0.51048999	      0.69414614	     -0.22389977	      4.78941007	     -7.82335364	     39.99999995	     16.22675981	    -50.00000000	    -35.00000000	      0.00000000	     26.39664197	     -3.86613660	     12.11168011	     31.15983031	     48.48896198	     27.35945065	      0.00000000	     15.13095846	      0.13449885	      9.93197346	    -36.84769511	    -12.47020853	    -18.50565815	     39.60830057	     80.07798193	     26.01599149	    -25.52976065	    113.52992993	     37.53938816	     25.14057199
      3.76666670	    -10.93516854	     -2.87803091	     19.03235131	     -0.51544853	      0.69188205	     -0.22427429	      3.56808612	     -7.33356294	     39.99999995	     16.04971989	    -50.00000000	    -35.00000000	      0.00000000	     26.25493789	     -4.34281457	     12.08353188	     32.61516574	     50.00000000	     28.34431060	      0.00000000	     12.66009836	      1.01998727	      7.06314348	    -33.57761275	    -13.60526924	    -18.75382236	     37.32401358	     79.95130531	     23.73074382	    -25.11034911	    112.87813356	     35.27418099	     25.07104291
      3.78333330	     -9.84767898	     -2.93477133	     19.34294665	     -0.52036360	      0.69106478	     -0.22575205	      2.80185565	     -7.26885653	     39.99999995	     15.79764188	    -50.00000000	    -35.00000000	      0.00000000	     26.46946613	     -4.38483854	     12.20065217	     34.27041454	     50.00000000	     28.52394421	      0.00000000	      9.87969373	      1.50880414	      2.80024042	    -27.05827323	    -16.65712245	    -11.15534001	     30.61220319	     81.15222193	     16.26991036	    -24.41904583	     93.78852708	     28.30097436	     25.50233571
      3.80000000	     -8.39968668	     -2.84819784	     19.61732515	     -0.52287563	      0.68944351	     -0.22607058	      1.89510907	     -7.00204590	     39.99999995	     16.30470165	    -50.00000000	    -35.00000000	      0.00000000	     26.31634270	     -4.34923481	     12.75614278	     35.97947615	     50.00000000	     28.06543070	      0.00000000	      6.75438905	      2.16736849	      0.66053587	    -22.31359402	    -16.77049335	    -11.05968690	     26.04764045	     80.51108033	     14.21152765	    -23.13132463	     87.81399622	     24.60652968	     29.88454402
      3.81666670	     -6.86078229	     -2.96697641	     20.57931607	     -0.52597920	      0.68546669	     -0.22823419	      0.05390188	     -6.86479046	     39.99999995	     15.54385365	    -50.00000000	    -35.00000000	      0.00000000	     26.45493932	     -4.10875669	     14.14376989	     38.33421543	     50.00000000	     27.45905999	      0.00000000	      3.68715487	      3.37388881	     -2.10181204	    -18.55967533	    -17.58686210	    -10.26155588	     23.27556143	     80.45372554	     12.81459517	    -22.05598466	     84.29736588	     21.93034592	     31.95218202
      3.83333330	     -4.81480372	     -2.81256344	     21.02696067	     -0.52951504	      0.68487463	     -0.22926391	     -1.91978359	     -6.43142160	     39.99999995	     15.57426400	    -50.00000000	    -35.00000000	      0.00000000	     25.47835907	     -4.32740765	     14.67395600	     39.91103387	     50.00000000	     27.66293393	      0.00000000	     -0.63872878	      4.53134415	     -4.28398654	    -14.68754021	    -18.60124519	     -5.12060419	     21.11248698	     80.81958615	     10.65856123	    -20.97274784	     68.38411671	     19.77542104	     40.69615029
      3.85000000	     -3.15280933	     -2.87249639	     21.67564900	     -0.53296512	      0.68748395	     -0.23001229	     -3.57761621	     -5.99854299	     39.99999995	     15.15560908	    -50.00000000	    -35.00000000	      0.00000000	     25.10360005	     -4.20674881	     16.21349697	     41.60183729	     50.00000000	     26.66142425	      0.00000000	     -4.24690514	      6.02061885	     -5.62472453	    -11.83896658	    -18.61655562	     -6.57218920	     19.50485760	     79.75777536	     11.07462757	    -20.22776555	     67.21527987	     18.06574961	     45.66918834
      3.86666670	     -1.58473188	     -2.52916286	     22.21119849	     -0.53552157	      0.68589424	     -0.23145478	     -5.45649741	     -5.97655348	     39.99999995	     14.53756312	    -50.00000000	    -35.00000000	      0.00000000	     24.42298567	     -4.01696462	     16.84241260	     42.87939074	     50.00000000	     26.61318036	      0.00000000	     -8.02289044	      7.10119697	     -6.14456670	    -10.19380029	    -18.65464661	     -6.44374599	     19.72964353	     79.72715256	     11.96979290	    -19.91190838	     66.60978836	     17.77101663	     46.26464310
      3.88333330	     -0.40553877	     -2.09512654	     22.63402011	     -0.53482824	      0.68430519	     -0.23219062	     -7.13852970	     -6.07500708	     39.99999995	     14.04705381	    -50.00000000	    -35.00000000	      0.00000000	     23.89379321	     -3.59526389	     17.50297774	     44.28157119	     50.00000000	     26.14627220	      0.00000000	    -11.16718282	      7.81064441	     -6.70921664	     -8.53388324	    -18.62464629	     -6.29544811	     19.17290107	     79.68012728	     12.59394458	    -19.72818999	     65.79572236	     17.22687184	     46.81175281
      3.90000000	      0.97724826	     -1.74649194	     23.14624584	     -0.53945607	      0.68444071	     -0.23335603	     -8.82376753	     -6.07402520	     39.99999995	     13.58146680	    -50.00000000	    -35.00000000	      0.00000000	     23.17467880	     -3.24246531	     18.27122059	     45.46776147	     50.00000000	     25.82535414	      0.00000000	    -14.66391532	      8.75709374	     -7.24354899	     -6.90948198	    -18.64040470	     -6.09087659	     18.67634303	     79.63141840	     13.30381836	    -19.51223653	     64.73929671	     16.73255863	     47.34359661
      3.91666670	      2.33418630	     -1.41216730	     23.64087040	     -0.54208671	      0.68340858	     -0.23375398	    -10.56659004	     -5.98014812	     39.99999995	     13.13550095	    -50.00000000	    -35.00000000	      0.00000000	     22.26671651	     -3.00826255	     18.90995341	     46.17393926	     50.00000000	     25.59795059	      0.00000000	    -17.95894102	      9.70502978	     -7.59661707	     -5.35324136	    -18.76490078	     -5.86400656	     18.36498919	     79.58675393	     14.09255450	    -19.28616959	     63.63602498	     16.41359800	     47.80599387
      3.93333330	      3.60709797	     -1.00922522	     23.97070052	     -0.54555675	      0.68230158	     -0.23398408	    -12.12804977	     -5.94575140	     39.99999995	     12.76508231	    -50.00000000	    -35.00000000	      0.00000000	     21.40279100	     -2.77638033	     19.35139720	     46.88181560	     50.00000000	     25.40388060	      0.00000000	    -21.29219499	     10.50701469	     -7.70186558	     -3.84350552	    -18.92192195	     -5.62594745	     18.22501862	     79.53872025	     14.93434256	    -19.11300144	     62.47636094	     16.17234012	     48.23758406
      3.95000000	      4.98048156	     -0.54924174	     24.31329641	     -0.54730758	      0.68025699	     -0.23385781	    -13.75562909	     -5.91066727	     39.99999995	     12.47739517	    -50.00000000	    -35.00000000	      0.00000000	     20.38037989	     -2.54148198	     19.94417487	     47.41727372	     50.00000000	     25.20130552	      0.00000000	    -24.57460018	     11.19171254	     -7.77130410	     -2.55214967	    -19.06500209	     -5.38308600	     18.22602589	     79.48632039	     15.81708731	    -18.99050957	     61.27428735	     15.98589027	     48.65671017
      3.96666670	      5.93485932	     -0.05439210	     24.76044368	     -0.55008698	      0.67989756	     -0.23408291	    -15.20827054	     -6.06601435	     39.99999995	     11.95066307	    -50.00000000	    -35.00000000	      0.00000000	     19.98424967	     -2.03205418	     20.45531311	     48.26123595	     50.00000000	     25.02675347	      0.00000000	    -27.51208320	     11.76661843	     -8.50670286	     -0.88896738	    -19.33806005	     -3.26594230	     18.16189056	     78.66898173	     15.50500786	    -18.67594389	     50.36515748	     16.37228274	     53.99713603
      3.98333330	      7.01526944	      0.28224725	     24.82821266	     -0.55321736	      0.68135737	     -0.23338886	    -16.13238576	     -5.93601952	     39.99999995	     12.04718389	    -50.00000000	    -35.00000000	      0.00000000	     19.21447632	     -2.06162978	     20.51767357	     48.70104982	     50.00000000	     25.09644539	      0.00000000	    -30.19553754	     12.24964974	     -8.08936949	     -0.01247200	    -19.48467389	     -3.33612489	     18.38532605	     78.55503082	     16.57539914	    -18.50325384	     50.42389285	     16.16888419	     54.69433690
      4.00000000	      7.66461119	      0.38542887	     25.01049478	     -0.55440643	      0.68246244	     -0.23334805	    -16.66957269	     -5.73427079	     39.99999995	     12.00984279	    -50.00000000	    -35.00000000	      0.00000000	     18.96538554	     -2.11072654	     20.76443140	     49.13024612	     50.00000000	     25.20826283	      0.00000000	    -31.92842217	     12.78336266	     -7.97421482	      0.60801278	    -19.63407931	     -3.39387433	     18.61033953	     78.48844211	     17.19926295	    -18.32179676	     50.35957549	     16.10161116	     55.07508118
      4.01666670	      8.07909944	      0.54022064	     25.09749825	     -0.55471771	      0.68251230	     -0.23339427	    -17.00453879	     -5.67699002	     39.99999995	     12.06035796	    -50.00000000	    -35.00000000	      0.00000000	     18.61822954	     -2.14099895	     20.83744925	     49.22761677	     50.00000000	     25.20619620	      0.00000000	    -33.06600327	     13.01906092	     -7.91810873	      0.91318404	    -19.68275115	     -3.45723888	     18.89384969	     78.43238659	     17.62625283	    -18.23049912	     50.21621290	     16.06187078	     55.38170433
      4.03333330	      8.07011387	      0.50893141	     25.18220815	     -0.55516020	      0.68387936	     -0.23360703	    -16.94198323	     -5.62778334	     39.99999995	     12.05329257	    -50.00000000	    -35.00000000	      0.00000000	     18.55885094	     -2.20358700	     20.86130093	     49.06694601	     50.00000000	     25.19695963	      0.00000000	    -33.13384765	     12.98568462	     -7.98180595	      0.92645095	    -19.70127051	     -3.46496596	     18.92201966	     78.42851671	     17.65944955	    -18.10575600	     50.21081358	     16.10132475	     55.40328497
      4.05000000	      7.98025686	      0.48745447	     25.13808619	     -0.55640267	      0.68557420	     -0.23406937	    -16.84643437	     -5.61204580	     39.99999995	     12.07305686	    -50.00000000	    -35.00000000	      0.00000000	     18.43713867	     -2.22742493	     20.87489905	     48.72509377	     50.00000000	     25.19435184	      0.00000000	    -33.09203220	     13.06062931	     -7.98629276	      1.00725979	    -19.72176979	     -3.47807874	     19.03256724	     78.42134475	     17.79449221	    -17.94926308	     50.16432380	     16.16890093	     55.45200411
      4.06666670	      7.99827275	      0.36921390	     25.08142158	     -0.55858918	      0.68464335	     -0.23382427	    -16.64138116	     -5.53535609	     39.99999995	     12.15991917	    -50.00000000	    -35.00000000	      0.00000000	     18.22067758	     -2.34919661	     21.00787716	     48.20289342	     50.00000000	     25.18902003	      0.00000000	    -32.80588040	     13.03003677	     -7.99715848	      1.00827488	    -19.82947195	     -3.50676824	     19.15002271	     78.41303824	     17.83264594	    -17.80519250	     50.11540580	     16.22180499	     55.49891107
      4.08333330	      7.61217778	      0.07101043	     24.59513673	     -0.55858351	      0.68501086	     -0.23280351	    -15.58328626	     -5.22049166	     39.99999995	     13.14456075	    -50.00000000	    -35.00000000	      0.00000000	     18.47421912	     -2.73580183	     20.51618638	     47.76891437	     50.00000000	     25.29859326	      0.00000000	    -31.90468365	     12.75592432	     -7.54139603	      0.22267748	    -19.87012799	     -3.73363516	     20.02133348	     78.34670913	     17.61116846	    -17.64019229	     49.48181727	     16.24959010	     55.95868790
      4.10000000	      7.01739810	     -0.01655975	     24.19927820	     -0.55386983	      0.68895863	     -0.23284017	    -14.89548965	     -5.31000144	     39.99999995	     13.44403968	    -50.00000000	    -35.00000000	      0.00000000	     18.52078013	     -2.87510457	     19.95402583	     47.01842247	     50.00000000	     25.42665021	      0.00000000	    -30.04329600	     12.06629181	     -7.55487003	     -0.65426607	    -19.78341226	     -3.90798390	     20.15979804	     78.30678596	     16.98954240	    -17.55036615	     49.15949773	     16.28506486	     56.25400901
      4.11666670	      6.35877314	     -0.70698838	     23.81985364	     -0.55703670	      0.69073738	     -0.23187590	    -13.38086343	     -4.79394955	     39.99999995	     14.12945339	    -50.00000000	    -35.00000000	      0.00000000	     18.94257988	     -3.52859902	     19.71251075	     45.99072923	     50.00000000	     25.79905159	      0.00000000	    -28.01979678	     12.01325712	     -7.33715209	     -1.43368171	    -19.90898404	     -4.18801508	     20.57161294	     78.26162813	     16.33920769	    -17.36371155	     48.63379851	     16.38039080	     56.77875456
      4.13333330	      5.36447162	     -1.15530153	     23.32302919	     -0.55313995	      0.69242643	     -0.23028975	    -11.80160542	     -4.58570841	     39.99999995	     14.80135694	    -50.00000000	    -35.00000000	      0.00000000	     19.39059497	     -4.01195897	     19.17330437	     44.78251907	     50.00000000	     26.18031132	      0.00000000	    -25.24575612	     11.40044830	     -7.25402906	     -2.60077881	    -19.82665577	     -4.38689581	     20.73747107	     78.24890982	     15.48572585	    -17.31333133	     48.19204788	     16.43711737	     57.36220753
      4.15000000	      4.18000296	     -1.44049447	     22.87094416	     -0.55361868	      0.69094775	     -0.23051815	    -10.18013170	     -4.65469922	     39.99999995	     15.30500271	    -50.00000000	    -35.00000000	      0.00000000	     20.20837505	     -4.12286250	     18.66911224	     44.08513106	     50.00000000	     26.20207643	      0.00000000	    -22.43370631	     10.57017756	     -7.16043539	     -3.82576919	    -19.78275891	     -4.55150485	     21.03538979	     78.24971876	     14.68649837	    -17.39502601	     47.86944461	     16.60885913	     57.94168027
      4.16666670	      2.45580732	     -1.70093237	     22.39791993	     -0.55224255	      0.69240028	     -0.22893034	     -8.02230901	     -4.92859796	     39.99999995	     15.76215739	    -50.00000000	    -35.00000000	      0.00000000	     21.36517008	     -4.20672759	     17.78342968	     43.12427413	     50.00000000	     26.56972701	      0.00000000	    -18.86233549	      9.42730695	     -7.09494618	     -5.28414071	    -19.69725905	     -4.69145099	     21.35683140	     78.25766309	     13.86885536	    -17.55766193	     47.68939560	     16.83959566	     58.50211718
      4.18333330	      0.53684105	     -2.02325301	     21.88481028	     -0.55071694	      0.69310988	     -0.22785090	     -5.85974316	     -5.14549885	     39.99999995	     16.07601572	    -50.00000000	    -35.00000000	      0.00000000	     22.65682554	     -4.22141076	     17.10096934	     42.01957217	     50.00000000	     26.79402412	      0.00000000	    -14.81680977	      8.19218294	     -6.88308335	     -6.94273846	    -19.64821337	     -4.81887543	     21.72384396	     78.27491742	     12.87318324	    -17.80261610	     47.64272112	     17.11312221	     59.08651969
      4.20000000	     -1.50850613	     -2.22160914	     21.32542741	     -0.54647053	      0.69411605	     -0.22695998	     -3.80076906	     -5.59881644	     39.99999995	     16.07084669	    -50.00000000	    -35.00000000	      0.00000000	     23.86535429	     -4.05026724	     16.29299590	     40.69339866	     50.00000000	     27.04373999	      0.00000000	    -10.64950787	      6.82804277	     -6.26359494	     -9.57073392	    -19.47261159	     -6.15273390	     23.21317172	     78.36358309	     12.10426548	    -18.18084242	     47.94574397	     17.51574321	     63.62696011
      4.21666670	     -3.81360975	     -2.40119122	     20.71163669	     -0.54621330	      0.69707041	     -0.22661817	     -1.26079620	     -6.13788846	     39.99999995	     16.20526533	    -50.00000000	    -35.00000000	      0.00000000	     25.33696770	     -3.71567650	     15.61821231	     39.29012868	     50.00000000	     27.03370996	      0.00000000	     -6.24176904	      5.30166127	     -5.92684196	    -10.95261024	    -19.31503865	     -6.07007417	     23.14523407	     78.41866725	     11.28547334	    -18.54357297	     47.96945529	     17.68987610	     63.94008698
      4.23333330	     -6.09170371	     -2.65890994	     20.15627436	     -0.54163687	      0.70118496	     -0.22480429	      1.25991577	     -6.54163065	     39.99999995	     16.46550515	    -50.00000000	    -35.00000000	      0.00000000	     26.82664824	     -3.48556923	     15.06561531	     37.72077448	     49.57776738	     27.03357718	      0.00000000	     -1.89423024	      4.12952092	     -5.32820136	    -13.07279030	    -19.30114784	     -5.97112571	     23.51428772	     78.49643641	     10.36072634	    -18.89093304	     48.19001889	     18.11360293	     64.38401897
      4.25000000	     -8.44413078	     -2.55930110	     19.62355464	     -0.53814496	      0.70157059	     -0.22299637	      3.59253845	     -7.27180808	     39.99999995	     16.45106658	    -50.00000000	    -35.00000000	      0.00000000	     27.93631105	     -2.88995983	     14.81710112	     35.76330035	     47.39903764	     25.90589344	      0.00000000	      2.36163285	      2.55791458	     -4.43976790	    -15.40842623	    -19.16623998	     -5.91903489	     24.35993973	     78.57504147	      9.58966261	    -19.45927603	     48.64704379	     18.70761890	     64.93745130
      4.26666670	    -10.17105679	     -2.29641290	     19.29167857	     -0.53310612	      0.69705379	     -0.22107844	      5.03375553	     -7.97565336	     39.99999995	     16.27340251	    -50.00000000	    -35.00000000	      0.00000000	     28.37610048	     -2.42015284	     14.56255606	     33.93679667	     45.67609994	     24.85359937	      0.00000000	      5.79587791	      1.14436631	     -3.30347312	    -18.37067489	    -18.83772796	     -7.45684345	     26.85817709	     78.57726781	      9.53388133	    -20.59596105	     52.25160629	     19.77378470	     67.89884293
      4.28333330	    -11.95616858	     -2.03581273	     18.93750103	     -0.53061462	      0.69919678	     -0.22004936	      6.45343117	     -8.62759703	     39.99999995	     16.06508092	    -50.00000000	    -35.00000000	      0.00000000	     28.99576263	     -1.74204254	     14.82495999	     32.56124410	     43.80044177	     23.24190000	      0.00000000	      9.15777555	     -0.18750228	     -1.89810899	    -21.08433127	    -18.52528927	     -7.71435226	     28.13016080	     78.64220521	      9.44410624	    -21.27934877	     52.97588153	     20.82089301	     68.46419629
      4.30000000	    -13.19438012	     -1.91930191	     18.61543149	     -0.52498600	      0.69737162	     -0.21851117	      7.38914638	     -8.91815353	     39.99999995	     15.93959995	    -50.00000000	    -35.00000000	      0.00000000	     28.92950015	     -1.55678298	     14.97359698	     30.90959365	     42.57697492	     22.43721336	      0.00000000	     11.88421974	     -1.08602936	     -0.56604610	    -24.18195818	    -18.14990188	     -8.83429158	     30.78229210	     78.58848602	      9.40585581	    -22.55911708	     54.86570360	     22.45673430	     69.28683464
      4.31666670	    -14.50208367	     -1.79254802	     18.24014112	     -0.52293281	      0.69984551	     -0.21697032	      8.38526419	     -9.22670162	     39.99999995	     15.68717959	    -50.00000000	    -35.00000000	      0.00000000	     28.93656457	     -1.26041589	     15.54133625	     29.11271757	     40.68859667	     20.78722937	      0.00000000	     14.50117218	     -1.87911059	      1.09504686	    -27.41472797	    -17.61431429	    -10.33752834	     33.55800001	     78.46496789	      9.90898325	    -23.83938191	     57.38835132	     24.47116739	     69.93780703
      4.33333330	    -15.48369466	     -1.75545318	     17.75436490	     -0.51573226	      0.69569667	     -0.21587420	      8.97518687	     -9.40056322	     39.99999995	     15.35140192	    -50.00000000	    -35.00000000	      0.00000000	     28.58136316	     -1.40090097	     15.77617053	     27.44010964	     39.94589147	     20.14211191	      0.00000000	     16.84354656	     -2.28002505	      3.04204806	    -30.88622124	    -16.91172366	    -12.02989913	     36.78265271	     78.32006601	     10.56297270	    -25.15765545	     60.57566657	     27.12871593	     70.35731789
      4.35000000	    -16.40239653	     -1.69352173	     17.24315646	     -0.51550456	      0.69719186	     -0.21553246	      9.74822178	     -9.50020302	     39.99999995	     15.25692616	    -50.00000000	    -35.00000000	      0.00000000	     28.29821250	     -1.40354670	     16.30748816	     25.79121126	     39.01428831	     19.54577406	      0.00000000	     18.86511396	     -2.57570972	      4.90768229	    -34.72874677	    -15.41761085	    -16.10957820	     41.60305319	     77.93572291	     12.33074719	    -27.60131371	     68.36581131	     30.99022067	     70.33546359
      4.36666670	    -17.43440157	     -1.70144272	     16.83331965	     -0.51600506	      0.70075889	     -0.21449261	     10.68378626	     -9.62601456	     39.99999995	     15.02317566	    -50.00000000	    -35.00000000	      0.00000000	     28.05421546	     -1.33445857	     17.14020526	     23.97829288	     38.19806565	     18.18871048	      0.00000000	     21.44908553	     -2.62301416	      9.82475045	    -40.45313591	    -12.54542807	    -19.82982474	     45.27526460	     78.47009405	     20.66102113	    -28.42336831	     91.24900042	     34.63443698	     60.58079733
      4.38333330	    -18.44619975	     -1.49545307	     16.60774247	     -0.51929775	      0.70476517	     -0.21536305	     11.73646157	    -10.17476668	     39.99999995	     14.65676773	    -50.00000000	    -35.00000000	      0.00000000	     28.15102552	     -0.58454075	     19.38900767	     22.31909024	     35.11624515	     14.89000460	      0.00000000	     23.35379408	     -2.98982972	     12.26555162	    -43.63804177	    -10.19816468	    -24.13367220	     48.22022688	     77.98043113	     25.09095092	    -30.31506615	     99.26322681	     42.04524778	     53.24666854
      4.40000000	    -19.36025142	     -1.28712186	     16.09068063	     -0.51872437	      0.70927379	     -0.21444408	     12.98761810	    -10.48087850	     39.99999995	     14.76692059	    -50.00000000	    -35.00000000	      0.00000000	     27.86394940	     -0.05979970	     22.43496267	     20.02830023	     30.29543948	     10.13108813	      0.00000000	     24.93399754	     -3.03308656	     14.85473673	    -48.01620736	     -8.57282000	    -24.63467080	     54.71060914	     77.96173425	     29.25279440	    -31.08886099	    106.10329983	     46.68797113	     50.25528427
      4.41666670	    -20.50183435	      2.24571146	     14.40726380	     -0.51874835	      0.71887902	     -0.21211658	     14.25805734	    -14.13462870	     39.99999995	     14.88783382	    -50.00000000	    -35.00000000	      0.00000000	     25.00236011	      5.49556836	     39.99999995	     15.25420244	    -24.22223970	    -35.00000000	      0.00000000	     26.56715315	     -6.12393636	     21.53239147	    -50.43323588	     -5.36813769	    -25.71125994	     55.64268392	     77.42163659	     38.23446571	    -29.16137234	    124.36055436	     52.10581022	     27.17844332
      4.43333330	    -21.49553357	      2.28549513	     14.17283918	     -0.51732933	      0.72296402	     -0.21149256	     15.36693923	    -14.32146457	     39.99999995	     14.63919279	    -50.00000000	    -35.00000000	      0.00000000	     25.56338340	      5.32592325	     39.99999995	     13.80766186	    -25.87425358	    -35.00000000	      0.00000000	     28.19253543	     -6.08021902	     24.68717278	    -54.02668747	     -2.32817255	    -28.02830526	     59.70654829	     77.15088678	     43.62624308	    -27.84919015	    131.23812242	     56.75127353	     25.61338854
      4.45000000	    -22.38560813	      2.19178924	     13.91884130	     -0.51490955	      0.72283251	     -0.21057702	     16.43504781	    -14.34190686	     39.99999995	     14.50413645	    -50.00000000	    -35.00000000	      0.00000000	     25.95612300	      4.97981831	     39.99999995	     12.56215053	    -26.75740754	    -35.00000000	      0.00000000	     29.70413565	     -5.91545585	     27.61368890	    -57.40965815	     -0.12906388	    -28.34093348	     63.19978510	     76.95716572	     48.77839917	    -25.96978917	    137.52445584	     60.92097776	     23.02847768
      4.46666670	    -23.40835645	      2.16299829	     13.65596322	     -0.51508631	      0.72383401	     -0.20951943	     17.55056668	    -14.41765587	     39.99999995	     14.29712188	    -50.00000000	    -35.00000000	      0.00000000	     26.50737477	      4.77103094	     39.99999995	     11.45406273	    -27.32967906	    -35.00000000	      0.00000000	     31.19689820	     -5.76590018	     29.72343232	    -60.70175335	      1.58961177	    -28.43935461	     67.40396813	     76.85068845	     52.09377946	    -24.95053793	    140.21448008	     64.50395365	     21.72036897
      4.48333330	    -24.09333955	      2.27658423	     13.16789018	     -0.51604348	      0.72271888	     -0.20766530	     18.44048405	    -14.49325442	     39.99999995	     14.01589745	    -50.00000000	    -35.00000000	      0.00000000	     26.67586997	      4.46639040	     39.99999995	     10.25848387	    -28.05228474	    -35.00000000	      0.00000000	     32.42833954	     -5.75499971	     32.55962324	    -63.05596202	      3.45744181	    -28.32498367	     69.39452856	     76.46480877	     56.68875843	    -22.09772027	    146.17112569	     67.78324346	     18.67442916
      4.50000000	    -24.78911623	      2.31513271	     12.65576907	     -0.51762726	      0.72874334	     -0.20673458	     19.41403710	    -14.47902072	     39.99999995	     13.79243626	    -50.00000000	    -35.00000000	      0.00000000	     26.98873726	      4.11868466	     39.99999995	      9.19672186	    -28.23292530	    -35.00000000	      0.00000000	     33.36392415	     -5.47762141	     34.42428253	    -65.51471821	      4.81842207	    -27.94940826	     72.82333584	     76.41227618	     59.05413388	    -21.33970472	    146.98656622	     70.35658675	     17.74500147
      4.51666670	    -25.53913287	      2.35267852	     12.15592521	     -0.51784856	      0.73139474	     -0.20559170	     20.41583743	    -14.46078385	     39.99999995	     13.49271788	    -50.00000000	    -35.00000000	      0.00000000	     27.37751603	      3.79797511	     39.99999995	      8.15295047	    -28.53885229	    -35.00000000	      0.00000000	     34.43185088	     -5.25517723	     36.31049351	    -67.78163562	      6.14796409	    -27.71407066	     75.78435715	     76.31670922	     61.87668646	    -19.98169067	    149.08275407	     73.10990096	     16.76038132
      4.53333330	    -26.52531165	      2.48547608	     11.74328521	     -0.51845535	      0.73642097	     -0.20461865	     21.46814849	    -14.53703677	     39.99999995	     13.18525093	    -50.00000000	    -35.00000000	      0.00000000	     27.95202510	      3.66661019	     39.99999995	      7.22446203	    -28.89292998	    -35.00000000	      0.00000000	     35.78681787	     -5.26297938	     38.22264812	    -69.87731776	      7.31502036	    -27.32483243	     78.04290635	     76.13804367	     64.77077322	    -17.80305697	    152.39182597	     75.74302538	     15.08617526
      4.55000000	    -27.16031607	      2.53232457	     11.35330349	     -0.51799259	      0.73727506	     -0.20396508	     22.09850376	    -14.47079040	     39.99999995	     12.86850454	    -50.00000000	    -34.12583174	      0.00000000	     28.09500658	      3.37963900	     39.99999995	      6.25848720	    -29.22021226	    -35.00000000	      0.00000000	     36.58527869	     -5.10437037	     39.76279168	    -71.81494530	      8.40500860	    -26.77096908	     80.21840886	     76.06184490	     67.13041217	    -16.34988700	    153.65487021	     77.80561187	     14.08468433
      4.56666670	    -27.93548659	      2.46911922	     10.94792986	     -0.51681847	      0.74220145	     -0.20315208	     22.96418999	    -14.28690680	     39.99999995	     12.56969794	    -50.00000000	    -33.03792501	      0.00000000	     28.41238258	      3.04473743	     39.99999995	      5.43546743	    -29.59596717	    -35.00000000	      0.00000000	     37.67538297	     -4.90288687	     41.03913465	    -73.48616475	      9.41030765	    -26.25263535	     82.04919094	     75.91190570	     69.28761694	    -14.61448838	    155.82594675	     80.02989956	     12.70057346
      4.58333330	    -28.57851151	      2.50877047	     10.71694863	     -0.51606312	      0.74061780	     -0.20161645	     23.52561911	    -14.18029070	     39.99999995	     12.37927585	    -50.00000000	    -32.51830148	      0.00000000	     28.57589911	      2.86028481	     39.99999995	      4.63083605	    -29.92512376	    -35.00000000	      0.00000000	     38.48220324	     -4.84442542	     42.25919565	    -74.92751417	     10.40004112	    -25.58991174	     82.81494655	     75.90643928	     70.68767072	    -13.72033869	    155.80492107	     81.19080602	     12.32777869
      4.60000000	    -29.11311326	      2.51469256	     10.46000938	     -0.51810768	      0.74337096	     -0.20114071	     24.04242422	    -14.09428577	     39.99999995	     12.05276691	    -50.00000000	    -31.83332187	      0.00000000	     28.76865133	      2.65885464	     39.99999995	      3.97146144	    -30.05522929	    -35.00000000	      0.00000000	     39.21743916	     -4.70870874	     43.22414670	    -76.25200723	     11.15151074	    -25.13993494	     84.36919045	     75.86802905	     72.14953181	    -12.53805856	    156.80532352	     82.77068533	     11.84224520
      4.61666670	    -29.53582621	      2.54274235	     10.24138327	     -0.51586431	      0.74156873	     -0.20005374	     24.39459458	    -13.98210007	     39.99999995	     11.80265065	    -50.00000000	    -31.64867521	      0.00000000	     28.93041159	      2.49480175	     39.99999995	      3.40321237	    -29.94199345	    -35.00000000	      0.00000000	     39.85300908	     -4.68245592	     43.98613808	    -77.26104403	     11.71744975	    -24.76251602	     85.47226799	     75.79845057	     73.39108043	    -11.59619936	    158.02656249	     84.08133380	     11.26899367
      4.63333330	    -29.75252598	      2.58727874	     10.04764711	     -0.52205128	      0.73969760	     -0.19901200	     24.65096435	    -13.90288732	     39.99999995	     11.57641142	    -50.00000000	    -31.61405671	      0.00000000	     29.02806497	      2.39139313	     39.99999995	      2.99657276	    -29.97044372	    -35.00000000	      0.00000000	     40.26004951	     -4.78451295	     44.33730939	    -77.57108454	     11.36794447	    -24.36813876	     86.14551886	     75.42412854	     74.55731147	    -10.06979883	    160.19949457	     85.13462081	      9.21625921
      4.65000000	    -29.82975099	      2.61463982	      9.99010596	     -0.52205671	      0.73729096	     -0.19869410	     24.78625898	    -13.87219939	     39.99999995	     11.41960005	    -50.00000000	    -31.61737482	      0.00000000	     29.02470951	      2.36698483	     39.99999995	      2.75971246	    -29.97857026	    -35.00000000	      0.00000000	     40.25328279	     -4.81846632	     44.33947895	    -77.61113802	     11.38197684	    -24.35636943	     86.16086808	     75.41930811	     74.64446924	     -9.99729538	    160.12756433	     85.13815365	      9.18857429
      4.66666670	    -29.96356460	      2.59447615	      9.87996872	     -0.52160973	      0.73501839	     -0.19825741	     24.99168954	    -13.72987753	     39.99999995	     11.40427717	    -50.00000000	    -31.65546693	      0.00000000	     29.03967305	      2.24532408	     39.99999995	      2.48403180	    -30.18628938	    -35.00000000	      0.00000000	     40.60195385	     -4.79535639	     44.88204599	    -77.80002343	     11.43983148	    -24.25003825	     86.44946577	     75.38209465	     75.13624307	     -9.54326928	    159.68203521	     85.37228682	      8.98442467
      4.68333330	    -30.01624149	      2.60643480	      9.89461833	     -0.51786535	      0.73262254	     -0.19801088	     24.97284123	    -13.69077832	     39.99999995	     11.39956623	    -50.00000000	    -31.65727947	      0.00000000	     29.01567670	      2.26076033	     39.99999995	      2.48934800	    -30.18775548	    -35.00000000	      0.00000000	     40.59870587	     -4.79667503	     44.87838478	    -77.79813293	     11.44067799	    -24.24903653	     86.45222807	     75.38159472	     75.13792450	     -9.53527452	    159.67742086	     85.37341076	      8.98228232
      4.70000000	    -29.95517274	      2.46629628	      9.97018274	     -0.51838414	      0.72967274	     -0.19842659	     24.72757563	    -13.46820232	     39.99999995	     11.45376093	    -50.00000000	    -32.23484152	      0.00000000	     28.83946395	      2.13082793	     39.99999995	      2.50923094	    -30.01518692	    -35.00000000	      0.00000000	     40.74185217	     -4.77986399	     44.85717270	    -77.77645085	     11.36573224	    -24.28161351	     86.69237937	     75.31300304	     75.28036161	     -9.06501106	    159.39983070	     85.52344516	      8.73597149
      4.71666670	    -29.93275842	      2.37940833	     10.07816180	     -0.51865873	      0.72864282	     -0.19851728	     24.56724650	    -13.32905858	     39.99999995	     11.61491075	    -50.00000000	    -32.29730580	      0.00000000	     28.71735652	      2.09177520	     39.99999995	      2.68218884	    -30.01009642	    -35.00000000	      0.00000000	     40.85476662	     -4.77990100	     44.83126743	    -77.74753083	     11.35767306	    -24.29102584	     86.69879606	     75.30669588	     75.26339280	     -9.04673014	    159.39172558	     85.51803044	      8.71551809
      4.73333330	    -29.50855971	      2.12159970	     10.16113527	     -0.52237415	      0.72532586	     -0.19842696	     24.23268400	    -12.87851646	     39.99999995	     12.08006305	    -50.00000000	    -34.27244375	      0.00000000	     28.40733619	      1.90781461	     39.99999995	      3.14044855	    -29.60300340	    -35.00000000	      0.00000000	     40.39521564	     -4.62472592	     44.20979150	    -77.11770337	     10.56517879	    -24.53357379	     86.24367734	     74.96325706	     74.72207042	     -8.58976238	    159.32719861	     84.71925035	      7.52664107
      4.75000000	    -29.20051128	      1.91965373	     10.22670740	     -0.51896778	      0.72449853	     -0.19823394	     24.08070092	    -12.58002639	     39.99999995	     12.47354728	    -50.00000000	    -34.37394893	      0.00000000	     28.26949195	      1.81276934	     39.99999995	      3.74709481	    -29.49903635	    -35.00000000	      0.00000000	     40.10840001	     -4.42357879	     43.93540236	    -76.88345966	     10.41836594	    -24.61934936	     86.24860930	     74.93926680	     74.54619637	     -8.38307591	    159.31018231	     84.67553774	      7.45510821
      4.76666670	    -28.51445944	      1.76431264	     10.31226114	     -0.51878802	      0.72266522	     -0.19853937	     23.46167967	    -12.26731451	     39.99999995	     12.82512520	    -50.00000000	    -35.00000000	      0.00000000	     27.80579350	      1.74647459	     39.99999995	      4.38555413	    -28.85373806	    -35.00000000	      0.00000000	     39.45588987	     -4.32314155	     43.08716664	    -75.99310317	      9.61769713	    -25.14160144	     85.73861673	     74.81760638	     73.71247245	     -8.50718278	    159.55195092	     83.79553699	      7.04849411
      4.78333330	    -27.88995877	      1.68823342	     10.42057461	     -0.52041406	      0.72356571	     -0.19862805	     23.02892695	    -12.09025124	     39.99999995	     13.27343837	    -50.00000000	    -35.00000000	      0.00000000	     27.63801666	      1.82530745	     39.99999995	      5.15276406	    -28.84931889	    -35.00000000	      0.00000000	     38.77176864	     -4.21236882	     42.52141035	    -75.08096369	      9.08526163	    -25.42188345	     84.94263949	     74.71409731	     72.84438888	     -8.68774220	    159.45517193	     82.80337694	      6.59987316
      4.80000000	    -27.26203034	      1.73061130	     10.66555636	     -0.51696323	      0.72056872	     -0.19951905	     22.46536842	    -12.08578810	     39.99999995	     13.74980311	    -50.00000000	    -35.00000000	      0.00000000	     27.50286681	      2.13684012	     39.99999995	      6.16697793	    -28.54356358	    -35.00000000	      0.00000000	     38.02593745	     -4.26959580	     41.92370149	    -74.24355617	      8.74309676	    -25.68899558	     84.04802182	     74.62937755	     71.93484306	     -9.11154650	    159.21426427	     81.76954468	      6.15736300
      4.81666670	    -26.69415843	      1.78200056	     10.95758722	     -0.51076426	      0.71662014	     -0.19982469	     21.78000453	    -12.12858711	     39.99999995	     14.27895595	    -50.00000000	    -35.00000000	      0.00000000	     27.43302710	      2.46407340	     39.99999995	      7.35520607	    -28.42410715	    -35.00000000	      0.00000000	     37.38151964	     -4.26047878	     41.38055711	    -73.34135805	      8.66354949	    -26.02930314	     82.60888355	     74.54446355	     70.66600669	     -9.95114159	    158.25677033	     80.38100892	      5.42246457
      4.83333330	    -25.86698478	      1.94868207	     11.32679917	     -0.51153037	      0.71344923	     -0.20139314	     20.80078473	    -12.34803893	     39.99999995	     14.70659509	    -50.00000000	    -35.00000000	      0.00000000	     27.14484893	      2.96881998	     39.99999995	      8.55367889	    -27.98478334	    -35.00000000	      0.00000000	     36.36852093	     -4.37497174	     40.56002935	    -72.45290539	      8.23367380	    -26.38315522	     81.68027285	     74.51537631	     69.55164881	    -10.78157062	    158.09261967	     79.37107879	      5.10665210
      4.85000000	    -25.14247863	      2.03430319	     11.86243133	     -0.50777733	      0.71032560	     -0.20314558	     19.96120740	    -12.61797883	     39.99999995	     15.17632658	    -50.00000000	    -35.00000000	      0.00000000	     26.92731851	      3.54077153	     39.99999995	     10.02701490	    -27.53597109	    -35.00000000	      0.00000000	     35.47956154	     -4.44844775	     39.57928186	    -71.16628519	      7.90125240	    -26.66471917	     79.40902668	     74.54704267	     67.70162625	    -12.12085767	    156.44925586	     77.45491478	      4.55769721
      4.86666670	    -24.38309115	      2.12823320	     12.44518294	     -0.50430852	      0.71065080	     -0.20462637	     18.89767730	    -12.89733011	     39.99999995	     15.58694145	    -50.00000000	    -35.00000000	      0.00000000	     26.50271987	      4.09426715	     39.99999995	     11.48880629	    -26.65529988	    -35.00000000	      0.00000000	     34.50100395	     -4.53854911	     38.32098939	    -69.92523755	      7.41545303	    -27.12539821	     77.57773839	     74.61833104	     65.96075287	    -13.49179800	    155.22205379	     75.89717798	      4.25887033
      4.88333330	    -23.34304742	      2.12938368	     13.09559429	     -0.50469781	      0.70589967	     -0.20616700	     17.53897042	    -13.06831480	     39.99999995	     15.92046761	    -50.00000000	    -35.00000000	      0.00000000	     26.01351851	      4.59140981	     39.99999995	     13.05189767	    -25.69139246	    -35.00000000	      0.00000000	     33.14844016	     -4.53382604	     36.69294414	    -68.17564528	      6.52668490	    -27.56363580	     75.14792672	     74.73625477	     63.70429645	    -15.01542468	    153.60888044	     73.80331494	      4.09210369
      4.90000000	    -22.23676011	      2.15388438	     13.74127281	     -0.50220229	      0.70628269	     -0.20711856	     16.09941300	    -13.26104745	     39.99999995	     16.18164033	    -50.00000000	    -35.00000000	      0.00000000	     25.22447826	      4.99589904	     39.99999995	     14.54249097	    -24.48618206	    -35.00000000	      0.00000000	     31.65594807	     -4.50141854	     35.01472997	    -66.32402849	      5.38747760	    -27.98553104	     72.34809812	     75.01616251	     61.05221765	    -16.61623792	    150.84110985	     71.31177608	      4.16532387
      4.91666670	    -21.23869034	      2.01549121	     14.27467990	     -0.49808289	      0.71014141	     -0.20855040	     14.75929844	    -13.17247394	     39.99999995	     16.43642611	    -50.00000000	    -35.00000000	      0.00000000	     24.63260533	      5.08045661	     39.99999995	     15.83507866	    -23.15398040	    -35.00000000	      0.00000000	     30.39376748	     -4.28644307	     33.14232818	    -64.37332508	      4.31814085	    -28.34438791	     69.80935937	     75.28278637	     58.56148158	    -18.04362782	    149.13755767	     69.22521998	      4.45026365
      4.93333330	    -20.19706014	      2.03001469	     14.77079243	     -0.49675766	      0.70947620	     -0.20982037	     13.25078502	    -13.21702106	     39.99999995	     16.41717719	    -50.00000000	    -35.00000000	      0.00000000	     23.83184770	      5.27078092	     39.99999995	     17.23245233	    -22.06356604	    -35.00000000	      0.00000000	     29.01219984	     -4.23005003	     31.39312663	    -62.30207685	      2.97398339	    -28.40830650	     66.69447234	     75.63035477	     55.91781532	    -19.41387931	    146.73711697	     66.77799993	      4.95465594
      4.95000000	    -19.21811146	      2.17173324	     15.24942021	     -0.49504222	      0.70283552	     -0.20876071	     11.61325495	    -13.24412243	     39.99999995	     16.37046476	    -50.00000000	    -35.00000000	      0.00000000	     22.98021931	      5.37946545	     39.99999995	     18.24574012	    -20.86993499	    -35.00000000	      0.00000000	     27.54019207	     -4.30388114	     29.44934329	    -59.97181647	      1.68808629	    -28.27153931	     63.68565363	     76.11843926	     53.15774712	    -21.04347579	    143.66703790	     64.18765590	      5.96304089
      4.96666670	    -18.13353223	      2.29263375	     15.85587136	     -0.49489858	      0.69879303	     -0.20879637	      9.91240590	    -13.34464435	     39.99999995	     16.11483141	    -50.00000000	    -35.00000000	      0.00000000	     22.25430489	      5.61630099	     39.99999995	     19.43169936	    -19.64353718	    -35.00000000	      0.00000000	     25.94271760	     -4.41650884	     27.12110168	    -57.18688415	     -0.01468586	    -28.05461097	     59.92237105	     76.54470654	     49.90036640	    -22.41127201	    140.78751146	     61.02107607	      7.03176032
      4.98333330	    -17.07056333	      2.42621366	     16.46894931	     -0.49437688	      0.69960544	     -0.20966161	      8.24529181	    -13.25634986	     39.99999995	     15.94383382	    -50.00000000	    -35.00000000	      0.00000000	     21.69529471	      5.96882732	     39.99999995	     20.94616113	    -18.33029688	    -35.00000000	      0.00000000	     24.19537925	     -4.56572340	     24.50009213	    -54.34652876	     -2.10808265	    -27.39293866	     56.53102406	     77.24289882	     46.19146923	    -24.29786496	    135.86676747	     57.74964404	      9.23345112
      5.00000000	    -15.90832024	     -1.41926841	     17.43057269	     -0.49241738	      0.69215856	     -0.20848569	      7.44956744	     -8.46195984	     39.99999995	     15.99620158	    -50.00000000	    -35.00000000	      0.00000000	     26.55477549	     -3.32438857	     12.14900000	     27.52746815	     45.47118390	     24.80527592	      0.00000000	     23.44547421	     -0.93568451	     20.90475758	    -53.33131004	     -3.70513772	    -27.03182093	     54.97872514	     79.53120802	     43.64592700	    -25.79578915	    130.90172212	     55.58138968	     32.40890551
      5.01666670	    -15.02334876	     -1.55633838	     17.75164912	     -0.49428162	      0.69100827	     -0.20882195	      6.31996367	     -7.95875787	     39.99999995	     16.10197208	    -50.00000000	    -35.00000000	      0.00000000	     26.51482008	     -4.00771491	     11.04698240	     29.12293345	     47.65064776	     27.01065167	      0.00000000	     22.05562575	     -0.69652450	     19.19851590	    -50.32824101	     -4.97704032	    -27.35417370	     51.14090691	     79.29261846	     40.86828524	    -25.82374023	    129.16133453	     51.91073217	     30.54270869
      5.03333330	    -13.91203947	     -1.89570695	     18.30233811	     -0.49625990	      0.69076456	     -0.21102727	      4.96226212	     -7.44027587	     39.99999995	     15.83482482	    -50.00000000	    -35.00000000	      0.00000000	     26.14017170	     -4.48243203	     11.39547659	     30.34616427	     49.49925215	     28.07980605	      0.00000000	     20.36827266	     -0.18596655	     16.73681835	    -46.97524363	     -7.12056328	    -26.06231561	     46.53578133	     79.25192073	     36.97513553	    -25.96884336	    125.01712008	     47.95169775	     28.21039185
      5.05000000	    -13.03742681	     -2.03937898	     18.80541643	     -0.49800418	      0.69395813	     -0.21099189	      3.95784082	     -7.02452776	     39.99999995	     15.82749693	    -50.00000000	    -35.00000000	      0.00000000	     26.16649696	     -4.67986834	     11.65814679	     31.55495561	     50.00000000	     28.48398359	      0.00000000	     18.42385745	     -0.00351488	     13.28310536	    -43.26573793	     -9.81818792	    -23.61209065	     43.52634277	     79.28306396	     31.98126248	    -27.31698183	    117.00466367	     44.72712311	     25.98163732
      5.06666670	    -12.02639980	     -2.39900956	     19.45634305	     -0.50137531	      0.68962140	     -0.21235676	      3.04451509	     -6.58149411	     39.99999995	     15.74989372	    -50.00000000	    -35.00000000	      0.00000000	     26.27424695	     -4.82807626	     12.70579070	     32.87479967	     50.00000000	     28.19506659	      0.00000000	     16.64092555	      0.57785730	     10.55654148	    -39.28968592	    -11.52308428	    -23.39493751	     38.66011051	     79.15707334	     28.86958280	    -26.61221927	    115.14717748	     40.47330841	     25.83405775
      5.08333330	    -10.61834774	     -2.55792752	     19.86891927	     -0.50715986	      0.69033735	     -0.21282918	      2.01913973	     -6.21673589	     39.99999995	     15.69835596	    -50.00000000	    -35.00000000	      0.00000000	     25.81712500	     -5.14726105	     12.97944800	     33.77461228	     50.00000000	     28.28693255	      0.00000000	     13.73967259	      1.24270430	      7.40507169	    -34.37683287	    -14.08223010	    -19.81625139	     33.60573457	     79.58053906	     24.10717514	    -25.94682157	    106.26393858	     34.87175096	     25.95451632
      5.10000000	     -9.55848779	     -2.94994472	     20.55889520	     -0.50650703	      0.68871481	     -0.21494316	      1.13212796	     -5.80784450	     39.99999995	     15.36432586	    -50.00000000	    -35.00000000	      0.00000000	     26.02283774	     -5.26015563	     14.25385309	     35.19781601	     50.00000000	     27.81240722	      0.00000000	     11.23763908	      2.10913887	      2.47014919	    -29.18139708	    -17.02396551	    -15.14841891	     30.48780314	     79.86060159	     17.08197362	    -25.91035663	     89.23842384	     31.08677224	     30.98552643
      5.11666670	     -8.16278623	     -3.01381170	     21.08173695	     -0.50907921	      0.68527461	     -0.21654588	     -0.25048498	     -5.60901666	     39.99999995	     14.91899969	    -50.00000000	    -35.00000000	      0.00000000	     25.78045634	     -5.32719368	     15.04235986	     36.76033045	     50.00000000	     27.51953510	      0.00000000	      8.64852256	      2.93503198	      0.17318584	    -24.97217688	    -17.69275744	    -15.51262506	     26.61211996	     79.55835492	     15.92533168	    -24.49189435	     88.40983751	     27.73407978	     32.58370046
      5.13333330	     -6.43697478	     -2.93722629	     21.42801946	     -0.51087879	      0.68412464	     -0.21672038	     -2.02788158	     -5.33131337	     39.99999995	     14.53958609	    -50.00000000	    -35.00000000	      0.00000000	     25.07977227	     -5.64431027	     15.29905647	     38.28153737	     50.00000000	     27.76090775	      0.00000000	      5.27093583	      3.88659172	     -2.43430685	    -20.64609203	    -19.02641306	    -11.19563731	     23.36631377	     80.19603013	     12.73206120	    -23.00672508	     75.70469405	     23.76892506	     39.37791588
      5.15000000	     -5.12769116	     -2.90236661	     21.64107574	     -0.51638682	      0.68677114	     -0.21711382	     -2.95558603	     -4.99691189	     39.99999995	     14.71516260	    -50.00000000	    -35.00000000	      0.00000000	     25.06305385	     -5.42155561	     16.37015057	     40.03510591	     50.00000000	     26.75621683	      0.00000000	      2.16638584	      4.96576000	     -4.05748595	    -16.72071860	    -19.33329610	    -11.55161184	     21.11897577	     79.65162792	     12.13680933	    -22.01449265	     72.90339403	     21.63004886	     43.51283601
      5.16666670	     -3.56308075	     -2.75539976	     22.02276164	     -0.51846062	      0.68556035	     -0.21734424	     -4.57797995	     -4.79147732	     39.99999995	     14.21843990	    -50.00000000	    -35.00000000	      0.00000000	     24.55247175	     -5.28258537	     17.26399543	     41.36391124	     50.00000000	     26.39591831	      0.00000000	     -1.40081622	      6.23067844	     -5.07512722	    -14.57430964	    -19.74034553	    -11.45257872	     21.08591794	     79.61175384	     12.40407507	    -21.48540656	     72.13045276	     20.79173695	     44.13023904
      5.18333330	     -2.37018372	     -2.63194284	     22.19640967	     -0.52081217	      0.68701760	     -0.21765658	     -5.69345357	     -4.57334134	     39.99999995	     14.16102013	    -50.00000000	    -35.00000000	      0.00000000	     24.19602439	     -5.20401282	     17.93602732	     42.43476672	     50.00000000	     26.17647763	      0.00000000	     -4.73871610	      7.42413400	     -5.71737792	    -12.19579939	    -20.00401468	    -11.25807516	     20.28098288	     79.57331186	     12.74446834	    -20.80027379	     70.86424094	     19.69398492	     44.69838035
      5.20000000	     -1.14790948	     -2.69226508	     22.58394872	     -0.52148322	      0.68277206	     -0.21804981	     -6.81552615	     -4.14725887	     39.99999995	     14.08618035	    -50.00000000	    -35.00000000	      0.00000000	     24.10122457	     -5.30625404	     18.75081923	     43.95171181	     50.00000000	     26.12894336	      0.00000000	     -7.85857571	      8.87392617	     -6.13101401	    -10.63010083	    -20.20852286	    -11.17214899	     20.06891392	     79.55637281	     13.35985447	    -20.30589293	     70.26733123	     19.28562741	     44.90591175
      5.21666670	      0.22003389	     -2.34879078	     22.88035912	     -0.52548357	      0.68172556	     -0.21782344	     -8.26305793	     -4.03051111	     39.99999995	     13.93093834	    -50.00000000	    -35.00000000	      0.00000000	     23.26811202	     -5.16615905	     19.26576260	     45.04460609	     50.00000000	     25.89786320	      0.00000000	    -11.65762044	      9.86959757	     -7.46213529	     -7.49980741	    -20.69893595	     -7.92745830	     18.72019413	     79.40525636	     12.33940268	    -19.51392615	     57.15633298	     18.44138437	     50.81903002
      5.23333330	      1.49168382	     -2.04615077	     23.32103118	     -0.52633493	      0.68008483	     -0.21924722	     -9.81959841	     -3.95385970	     39.99999995	     13.55355566	    -50.00000000	    -35.00000000	      0.00000000	     22.53439693	     -5.00204762	     19.93767462	     46.01078748	     50.00000000	     25.35476385	      0.00000000	    -15.04414195	     10.99859237	     -7.66727023	     -6.06353091	    -20.84782692	     -8.11139055	     18.69226235	     79.24200255	     13.30441219	    -19.14517511	     57.21014793	     18.06919400	     51.57079926
      5.25000000	      2.85735236	     -1.80677031	     23.84742035	     -0.52981411	      0.67958215	     -0.21938491	    -11.34945922	     -3.76873167	     39.99999995	     13.14778367	    -50.00000000	    -35.00000000	      0.00000000	     21.79419530	     -4.97088788	     20.56219784	     47.13945716	     50.00000000	     25.08103862	      0.00000000	    -18.54387889	     12.18239368	     -7.77731969	     -4.60682215	    -20.97661131	     -8.20156370	     18.62226585	     79.10151791	     14.41807597	    -18.80931726	     57.00082599	     17.72617429	     52.21728099
      5.26666670	      3.94930141	     -1.26733143	     24.26898113	     -0.52915251	      0.67840820	     -0.21910941	    -12.98029026	     -3.85637421	     39.99999995	     12.72538050	    -50.00000000	    -35.00000000	      0.00000000	     21.33956558	     -4.69384569	     20.58346167	     48.38757926	     50.00000000	     24.91756519	      0.00000000	    -21.30025052	     12.73347671	     -7.82950618	     -3.78344864	    -20.84464870	     -8.25610659	     18.47560630	     78.96140004	     15.06791814	    -18.64800717	     56.62192858	     17.45786065	     52.83316793
      5.28333330	      4.76514280	     -0.84088015	     24.67387580	     -0.53008576	      0.67869813	     -0.21980813	    -14.23953914	     -4.03708197	     39.99999995	     12.14474848	    -50.00000000	    -35.00000000	      0.00000000	     20.77207610	     -4.41692881	     20.73788606	     49.01657746	     50.00000000	     24.81219649	      0.00000000	    -23.51353429	     13.21980113	     -7.95450503	     -3.07074999	    -20.74854647	     -8.27776672	     18.41034612	     78.83264753	     15.55688198	    -18.42047912	     56.13917689	     17.24186238	     53.41109831
      5.30000000	      5.16450190	     -0.72649163	     25.00827484	     -0.52940000	      0.67873140	     -0.22023558	    -15.00740167	     -4.00946476	     39.99999995	     11.73197548	    -50.00000000	    -35.00000000	      0.00000000	     20.50940464	     -4.44404949	     20.81350107	     49.22476384	     50.00000000	     25.05259776	      0.00000000	    -24.64631458	     13.70566643	     -7.99197240	     -2.77421292	    -20.67552761	     -8.26866558	     18.35601958	     78.78719585	     15.72780987	    -18.21568669	     55.90893008	     17.17090034	     53.63218296
      5.31666670	      5.63237088	     -0.54910246	     25.26426565	     -0.53214471	      0.67938448	     -0.22065209	    -15.74532576	     -4.02895703	     39.99999995	     11.40134273	    -50.00000000	    -35.00000000	      0.00000000	     19.96934376	     -4.42901709	     20.89978447	     48.99358193	     50.00000000	     25.26020378	      0.00000000	    -25.84072114	     13.98122810	     -8.03869457	     -2.39941098	    -20.57739358	     -8.24035776	     18.40048967	     78.74096101	     15.97374344	    -18.02528218	     55.59925629	     17.07705067	     53.87256706
      5.33333330	      5.76279048	     -0.36964993	     25.38219778	     -0.53197318	      0.67996944	     -0.22095299	    -16.14335320	     -4.15086655	     39.99999995	     11.14222280	    -50.00000000	    -35.00000000	      0.00000000	     19.65228048	     -4.37655644	     20.76565693	     48.71682155	     50.00000000	     25.39973676	      0.00000000	    -26.43472166	     13.96198071	     -8.02357444	     -2.28857058	    -20.38891697	     -8.17706619	     18.45663898	     78.68838401	     16.14090727	    -17.83414051	     55.14039907	     17.04102811	     54.19664763
      5.35000000	      5.79536543	     -0.38111408	     25.49034917	     -0.52985613	      0.67802078	     -0.22087879	    -16.31244417	     -4.06196238	     39.99999995	     11.05719827	    -50.00000000	    -35.00000000	      0.00000000	     19.53917793	     -4.48872490	     20.79399721	     48.67113068	     50.00000000	     25.36864769	      0.00000000	    -26.40411670	     13.98654026	     -8.08567511	     -2.45164056	    -20.15388343	     -8.14604791	     18.43884974	     78.68468721	     16.00437164	    -17.68419230	     55.09190010	     17.08010427	     54.24559914
      5.36666670	      5.70566061	     -0.38840422	     25.40434225	     -0.53161793	      0.68025072	     -0.22037388	    -16.25474888	     -4.03526032	     39.99999995	     10.98759540	    -50.00000000	    -35.00000000	      0.00000000	     19.48854642	     -4.45545861	     20.85322881	     48.52337955	     50.00000000	     25.32482383	      0.00000000	    -26.23134504	     13.78056558	     -8.03010159	     -2.44101324	    -20.05918357	     -8.12974241	     18.51821650	     78.68227863	     15.98669312	    -17.61474426	     55.03457056	     17.11813158	     54.28172432
      5.38333330	      5.37284520	     -0.34233396	     25.12943839	     -0.52917488	      0.68251217	     -0.22132076	    -15.91514619	     -4.21597845	     39.99999995	     11.23618003	    -50.00000000	    -35.00000000	      0.00000000	     19.28686536	     -4.31731069	     20.70487222	     47.91708351	     50.00000000	     25.09758689	      0.00000000	    -25.13761304	     13.21632985	     -7.99134203	     -3.19105081	    -19.78764627	     -8.08894540	     18.64252670	     78.67325373	     15.41077268	    -17.53263919	     54.81866007	     17.16910973	     54.42275108
      5.40000000	      4.64243131	     -0.53542419	     24.83836633	     -0.52959713	      0.68299197	     -0.21995174	    -14.96204534	     -4.27813500	     39.99999995	     11.48167928	    -50.00000000	    -35.00000000	      0.00000000	     19.77380079	     -4.38667632	     20.30277452	     47.43338653	     50.00000000	     25.33229333	      0.00000000	    -23.55146850	     12.62144350	     -7.77905239	     -4.52154410	    -19.56847171	     -8.57983650	     20.22996577	     78.15564348	     14.49826436	    -17.27822237	     48.08543607	     17.50433086	     59.20052045
      5.41666670	      3.94300005	     -0.89261117	     24.48753860	     -0.52968502	      0.68387965	     -0.21880924	    -13.75689707	     -4.17311155	     39.99999995	     11.91336226	    -50.00000000	    -35.00000000	      0.00000000	     20.48160779	     -4.50507667	     20.03504358	     47.02512730	     50.00000000	     25.13700831	      0.00000000	    -21.67582786	     12.12111813	     -7.84221878	     -4.91685463	    -19.30829698	     -8.49296673	     19.97925544	     78.16970245	     13.86008637	    -17.27040992	     48.19993951	     17.63152348	     59.70008453
      5.43333330	      2.66647335	     -1.21282245	     24.03337667	     -0.53060382	      0.68556235	     -0.21889523	    -12.03939470	     -4.30465407	     39.99999995	     12.32126883	    -50.00000000	    -35.00000000	      0.00000000	     21.62685945	     -4.45812980	     19.53391284	     46.42289930	     50.00000000	     25.39397641	      0.00000000	    -18.94482666	     11.27234395	     -7.70758879	     -5.88730412	    -19.17170522	     -8.35483774	     20.10545063	     78.21309240	     13.23150011	    -17.36161782	     48.30330482	     17.81369056	     60.31557831
      5.45000000	      0.88360664	     -1.61152663	     23.52888808	     -0.52906205	      0.68715124	     -0.21805050	     -9.73306471	     -4.55016352	     39.99999995	     12.75930254	    -50.00000000	    -35.00000000	      0.00000000	     22.89689977	     -4.44586041	     18.94787902	     45.26250547	     50.00000000	     25.56682541	      0.00000000	    -15.45450099	     10.15425363	     -7.54033734	     -7.22166695	    -18.97533868	     -8.20841699	     20.36470952	     78.26807157	     12.53635463	    -17.54193527	     48.46051756	     18.00251064	     60.91290558
      5.46666670	     -0.91922114	     -2.01237283	     22.98005670	     -0.52765025	      0.69004276	     -0.21713865	     -7.38122471	     -4.84715792	     39.99999995	     13.08202824	    -50.00000000	    -35.00000000	      0.00000000	     24.14302122	     -4.37836016	     18.47121465	     43.86883056	     50.00000000	     25.87229164	      0.00000000	    -11.97810353	      9.06607008	     -7.35355751	     -8.60114864	    -18.77373391	     -8.06333713	     20.69804789	     78.33205388	     11.84187152	    -17.73117441	     48.69162226	     18.24305481	     61.52594135
      5.48333330	     -2.88612958	     -2.37102927	     22.33084314	     -0.52418411	      0.69071999	     -0.21581805	     -5.04931948	     -5.06250781	     39.99999995	     13.56887900	    -50.00000000	    -35.00000000	      0.00000000	     25.23924175	     -4.49450199	     17.68904935	     42.43426150	     50.00000000	     26.14809814	      0.00000000	     -8.14965991	      7.84038934	     -7.01858880	    -10.27175231	    -18.54437189	     -7.92552494	     21.05350036	     78.40476463	     10.93095770	    -18.07432713	     49.03619749	     18.50316934	     62.15967881
      5.50000000	     -4.83264227	     -2.58286004	     21.60626610	     -0.52212479	      0.68949989	     -0.21482375	     -2.85851801	     -5.40292694	     39.99999995	     13.95244556	    -50.00000000	    -35.00000000	      0.00000000	     26.12997304	     -4.57993905	     16.72818842	     40.82936730	     50.00000000	     26.44832367	      0.00000000	     -4.38549986	      6.49425502	     -6.55569255	    -11.85780718	    -18.36796137	     -7.80492948	     21.52556951	     78.47748684	     10.19399981	    -18.57927145	     49.46754066	     18.83821577	     62.77935958
      5.51666670	     -7.06868699	     -2.73049519	     20.77736020	     -0.51887183	      0.69279575	     -0.21243899	     -0.25239139	     -5.81124018	     39.99999995	     14.46447630	    -50.00000000	    -35.00000000	      0.00000000	     27.20606031	     -4.53633628	     15.83085620	     39.04315710	     50.00000000	     26.60501574	      0.00000000	     -0.32952743	      4.97627987	     -5.80704264	    -13.75602890	    -18.11262689	     -7.69243584	     22.17898795	     78.55501413	      9.43698307	    -19.23206072	     50.04619530	     19.36800675	     63.44411674
      5.53333330	     -9.06299640	     -2.96837621	     20.06537731	     -0.51717930	      0.69404698	     -0.21126408	      2.07039884	     -6.00023025	     39.99999995	     14.83758411	    -50.00000000	    -35.00000000	      0.00000000	     27.91478279	     -4.59073542	     15.48058848	     37.08529737	     49.44614557	     26.30833449	      0.00000000	      3.40353760	      3.81421710	     -4.90476470	    -15.75132468	    -17.94627154	     -7.59189833	     23.06519809	     78.63572578	      8.81174177	    -19.92205344	     50.79299516	     20.05090320	     64.14375113
      5.55000000	    -10.80557172	     -2.96641607	     19.48578775	     -0.51747772	      0.69507978	     -0.21155125	      4.01235971	     -6.36267612	     39.99999995	     15.17696642	    -50.00000000	    -35.00000000	      0.00000000	     28.43783054	     -4.25747572	     15.27535738	     35.13717740	     47.62028029	     25.15545704	      0.00000000	      6.49107643	      2.70761145	     -3.82990016	    -17.63716268	    -17.89705850	     -7.51597987	     24.20508064	     78.70589041	      8.70923358	    -20.64692886	     51.72140501	     20.97042741	     64.87556577
      5.56666670	    -12.33734226	     -2.46484913	     19.08116480	     -0.50963753	      0.69275564	     -0.21097768	      4.95790111	     -7.30277931	     39.99999995	     14.89058757	    -50.00000000	    -35.00000000	      0.00000000	     28.58424347	     -3.50693343	     15.16632086	     33.57976930	     45.68861469	     23.77328953	      0.00000000	      9.37639055	      1.10309225	     -2.49716706	    -20.62451394	    -17.58399553	     -8.09902783	     26.96302560	     78.69033093	      8.76476262	    -22.08596289	     54.91860862	     22.84641378	     66.73440667
      5.58333330	    -13.58426267	     -2.32125762	     18.57633293	     -0.50977810	      0.69235921	     -0.20896138	      6.10934238	     -7.66916457	     39.99999995	     14.95342028	    -50.00000000	    -35.00000000	      0.00000000	     28.66912033	     -3.34807238	     14.71847002	     31.85055221	     45.13100807	     23.75581741	      0.00000000	     11.90427417	      0.23837888	     -0.86287050	    -23.32194627	    -17.20227059	     -9.08700727	     28.97491600	     78.56481039	      9.25376834	    -23.23603843	     58.06626952	     24.53593975	     68.10546167
      5.60000000	    -14.70989656	     -2.37288870	     18.06632967	     -0.50665883	      0.69148774	     -0.20941154	      7.19911071	     -7.86800881	     39.99999995	     14.88580730	    -50.00000000	    -35.00000000	      0.00000000	     28.51285057	     -3.42188826	     14.45499838	     29.91580719	     44.71234724	     23.80077242	      0.00000000	     14.43415508	     -0.28011914	      0.60073582	    -26.16656934	    -16.71722830	    -11.23054998	     31.51456876	     78.18876737	     10.04234193	    -24.68281366	     63.18416565	     26.80981782	     69.17058847
      5.61666670	    -15.80372520	     -2.16551040	     17.64773102	     -0.50526221	      0.69419980	     -0.20970853	      8.08069759	     -8.37384835	     39.99999995	     14.57827279	    -50.00000000	    -35.00000000	      0.00000000	     28.18756589	     -3.07518369	     14.67417006	     27.78813586	     44.16062492	     23.31222354	      0.00000000	     16.58545294	     -0.97139338	      2.71738072	    -29.68400936	    -16.22086338	    -12.06620750	     34.76136851	     78.08355909	     11.22231007	    -26.06510350	     65.73900268	     29.59446169	     69.16593991
      5.63333330	    -17.15772159	     -2.13184304	     17.14768489	     -0.50648624	      0.69964549	     -0.21001624	      9.59409064	     -8.71426261	     39.99999995	     14.49766772	    -50.00000000	    -35.00000000	      0.00000000	     28.14284363	     -2.67370647	     15.95821346	     25.65059684	     41.50925359	     21.09958713	      0.00000000	     18.95227871	     -1.34514036	      4.80206032	    -33.53826665	    -15.01966560	    -14.99992598	     39.38247396	     77.60956724	     13.18943406	    -28.09828637	     72.62295356	     33.97105378	     68.83727605
      5.65000000	    -18.34596829	     -1.93801771	     16.73433104	     -0.50360042	      0.70051155	     -0.21029097	     10.57815468	     -9.26895547	     39.99999995	     14.02347174	    -50.00000000	    -35.00000000	      0.00000000	     28.02147342	     -2.23785031	     16.85849072	     23.63412086	     39.41218019	     19.39698975	      0.00000000	     21.70962195	     -1.63838413	     10.31426561	    -39.80296928	    -11.88494208	    -19.31066622	     43.55183847	     77.33201384	     22.28098637	    -28.37277116	     95.02064460	     37.83584614	     59.25492522
      5.66666670	    -19.50950396	     -1.89207561	     16.17173173	     -0.50879779	      0.70597424	     -0.21133827	     12.07378130	     -9.62588626	     39.99999995	     13.93597891	    -50.00000000	    -35.00000000	      0.00000000	     27.90356994	     -1.68694110	     19.40279322	     21.31922613	     35.62281433	     15.34125838	      0.00000000	     23.56851940	     -1.75471268	     12.37093805	    -43.45142665	    -10.45362114	    -21.41292692	     48.29110954	     77.06517807	     25.05675130	    -30.44747174	     98.46724486	     44.60581475	     56.68692189
      5.68333330	    -20.56113866	     -1.41446938	     15.96472861	     -0.51146300	      0.70771233	     -0.21150560	     13.06993470	    -10.60021279	     39.99999995	     13.43090812	    -50.00000000	    -35.00000000	      0.00000000	     27.79538887	     -0.17831506	     24.89521766	     19.17401911	     28.27467272	      7.05072519	      0.00000000	     25.65673879	     -2.35695260	     16.81340198	    -47.72253433	     -7.13964245	    -25.00803337	     51.34517429	     76.43836040	     33.53530449	    -29.10371865	    113.37717575	     49.88984088	     50.55912653
      5.70000000	    -21.71273168	      2.07789057	     13.81101429	     -0.50853662	      0.71781761	     -0.20844968	     14.75311954	    -13.86579119	     39.99999995	     14.09822772	    -50.00000000	    -35.00000000	      0.00000000	     25.12133783	      4.69399864	     39.99999995	     14.64690416	    -23.74590585	    -35.00000000	      0.00000000	     27.07991937	     -5.19575473	     22.73250841	    -50.18654150	     -4.75162439	    -24.80819227	     54.18438510	     76.10652799	     39.98375341	    -28.05309582	    126.03503232	     55.26095717	     25.67847154
      5.71666670	    -22.65162824	      2.18616719	     13.40964955	     -0.51012395	      0.72092952	     -0.20814993	     16.04289087	    -14.08122783	     39.99999995	     13.91949348	    -50.00000000	    -35.00000000	      0.00000000	     25.70284807	      4.61816736	     39.99999995	     13.27203424	    -24.82359090	    -35.00000000	      0.00000000	     28.40110400	     -5.17624738	     25.13434956	    -53.66647290	     -2.79988648	    -25.51812045	     59.17145961	     76.07313062	     43.50211943	    -28.13744453	    127.85880786	     59.53416879	     25.91027590
      5.73333330	    -23.73324282	      2.32851620	     13.05201792	     -0.51180044	      0.72651418	     -0.20724484	     17.49784332	    -14.31197033	     39.99999995	     13.81348208	    -50.00000000	    -35.00000000	      0.00000000	     26.49915713	      4.62542598	     39.99999995	     11.85406297	    -26.43457498	    -35.00000000	      0.00000000	     30.15266184	     -5.28915299	     28.69916558	    -56.99732828	      0.12313143	    -27.33313883	     62.50339175	     75.79270002	     49.81740414	    -24.95816921	    136.82734648	     63.65979408	     25.34998367
      5.75000000	    -24.70688761	      2.38957982	     12.66525085	     -0.51414374	      0.72896321	     -0.20767083	     18.82728846	    -14.41520256	     39.99999995	     13.72391550	    -50.00000000	    -34.92745328	      0.00000000	     27.13759522	      4.48180432	     39.99999995	     10.43156821	    -27.21501135	    -35.00000000	      0.00000000	     31.38664199	     -5.17094247	     30.91993073	    -60.26545000	      1.81328224	    -27.20241519	     67.08459281	     75.80824260	     53.30920317	    -24.20386685	    138.76131395	     67.38840049	     24.79930792
      5.76666670	    -25.63235506	      2.45983471	     12.26215218	     -0.51695018	      0.72543218	     -0.20709394	     20.11464601	    -14.58767741	     39.99999995	     13.53985393	    -50.00000000	    -35.00000000	      0.00000000	     27.79602800	      4.37622786	     39.99999995	      9.29551136	    -27.65340085	    -35.00000000	      0.00000000	     32.81521890	     -5.12675485	     33.19102941	    -63.04912724	      3.45151175	    -27.55583522	     70.40667012	     75.65719457	     57.18594037	    -22.04165117	    143.20283502	     70.84221359	     23.65731485
      5.78333330	    -26.35058061	      2.50402825	     11.78196439	     -0.51658435	      0.72972198	     -0.20697097	     21.14208610	    -14.60614074	     39.99999995	     13.33298189	    -50.00000000	    -34.81079579	      0.00000000	     28.16724446	      4.13335256	     39.99999995	      8.19206380	    -28.12414301	    -35.00000000	      0.00000000	     33.98324817	     -5.07428442	     35.64622490	    -65.29787803	      4.98089277	    -27.30719004	     72.46490484	     75.37598986	     61.11340721	    -19.27359109	    147.30403172	     73.61898455	     21.07888924
      5.80000000	    -26.96695060	      2.52628345	     11.32958887	     -0.52041559	      0.73459059	     -0.20695316	     22.05564864	    -14.57563282	     39.99999995	     13.09558569	    -50.00000000	    -34.03412977	      0.00000000	     28.35388302	      3.84835528	     39.99999995	      7.02055525	    -28.39831955	    -35.00000000	      0.00000000	     34.74915553	     -4.87291481	     37.13243307	    -67.45925512	      6.03880085	    -26.96281687	     75.45875130	     75.33423574	     63.28231757	    -18.31492396	    148.18224291	     76.02810520	     20.24924375
      5.81666670	    -27.55441229	      2.56042083	     11.00583382	     -0.52296421	      0.73488896	     -0.20736610	     22.86309437	    -14.57494598	     39.99999995	     12.88254994	    -50.00000000	    -33.79286354	      0.00000000	     28.60254809	      3.65565559	     39.99999995	      6.03118883	    -28.79320755	    -35.00000000	      0.00000000	     35.54020019	     -4.78107063	     38.60123373	    -69.48907911	      7.05718678	    -26.58505821	     77.83808396	     75.27174254	     65.60779996	    -16.95989209	    149.73871419	     78.33352254	     19.44518219
      5.83333330	    -28.26964602	      2.53618970	     10.63761027	     -0.52253309	      0.73585364	     -0.20773394	     23.59190606	    -14.49456975	     39.99999995	     12.65496613	    -50.00000000	    -33.26909865	      0.00000000	     29.01530866	      3.42246996	     39.99999995	      5.11066037	    -29.53015836	    -35.00000000	      0.00000000	     36.53172390	     -4.61512049	     39.97515943	    -71.08710638	      7.97572202	    -26.02596627	     79.19182493	     75.26870880	     67.29246728	    -15.78997616	    150.01573889	     79.82540323	     19.08276961
      5.85000000	    -28.67881324	      2.65594581	     10.22234645	     -0.52725569	      0.73592980	     -0.20612041	     24.08738371	    -14.52169706	     39.99999995	     12.25936540	    -50.00000000	    -32.85431507	      0.00000000	     29.11999800	      3.26418586	     39.99999995	      4.38088751	    -29.49187321	    -35.00000000	      0.00000000	     37.09904674	     -4.57516379	     40.97910582	    -72.76878054	      8.41083118	    -25.74681336	     81.67292592	     75.17069344	     69.27622853	    -14.38425370	    152.29706273	     81.79935515	     18.28917219
      5.86666670	    -29.13604540	      2.67722782	      9.78495386	     -0.52810523	      0.73608818	     -0.20516009	     24.68771885	    -14.39611347	     39.99999995	     11.98780328	    -50.00000000	    -32.67158378	      0.00000000	     29.38751848	      2.98411662	     39.99999995	      3.73185424	    -29.51740228	    -35.00000000	      0.00000000	     37.78443290	     -4.52684824	     42.09276129	    -73.80962492	      8.87563765	    -25.28070311	     82.64900402	     75.12627338	     70.67163082	    -13.26332865	    152.76143615	     82.90278491	     17.80715858
      5.88333330	    -29.45823419	      2.81652246	      9.50285650	     -0.52744121	      0.73876032	     -0.20503592	     25.10279676	    -14.42987573	     39.99999995	     11.71246108	    -50.00000000	    -32.67769882	      0.00000000	     29.53186157	      2.92676413	     39.99999995	      3.22470771	    -29.67603053	    -35.00000000	      0.00000000	     38.35166593	     -4.67094060	     42.74470499	    -74.78814374	      8.99368256	    -24.92997564	     84.23350886	     74.88681082	     72.34807587	    -11.77143424	    155.06616447	     84.30597582	     16.37765888
      5.90000000	    -29.74196298	      2.94803223	      9.31864562	     -0.52815692	      0.73293920	     -0.20443030	     25.40167941	    -14.50425324	     39.99999995	     11.45242483	    -50.00000000	    -32.72464801	      0.00000000	     29.62841369	      2.92147928	     39.99999995	      2.91907762	    -29.90927428	    -35.00000000	      0.00000000	     38.73412710	     -4.80408340	     43.42495254	    -75.44104104	      9.13647228	    -24.63748526	     84.51200674	     74.84676293	     73.07410151	    -11.24316997	    154.85338173	     84.68629253	     16.06286555
      5.91666670	    -29.86508452	      3.00007426	      9.13708700	     -0.52866006	      0.72930667	     -0.20466939	     25.48364460	    -14.47018362	     39.99999995	     11.30960985	    -50.00000000	    -33.08129016	      0.00000000	     29.59767126	      2.84479998	     39.99999995	      2.73900492	    -29.79075819	    -35.00000000	      0.00000000	     39.08549276	     -4.85754951	     43.99179731	    -76.12077714	      9.32758033	    -24.26359509	     85.06603325	     74.79105734	     73.70258188	    -10.66856196	    155.07449103	     85.22485579	     15.67984720
      5.93333330	    -29.92203942	      2.94712601	      9.16207083	     -0.52678545	      0.72721531	     -0.20499754	     25.37656510	    -14.43911224	     39.99999995	     11.09129587	    -50.00000000	    -33.19504541	      0.00000000	     29.47078200	      2.77353647	     39.99999995	      2.51623507	    -29.77572979	    -35.00000000	      0.00000000	     39.36109691	     -4.89842903	     43.91628804	    -76.28081088	      9.39084035	    -24.22858508	     85.09677907	     74.77830444	     73.77449777	    -10.60012581	    155.14507336	     85.27419606	     15.61751745
      5.95000000	    -29.87605166	      2.90643801	      9.13263532	     -0.53048410	      0.72377595	     -0.20636214	     25.28416825	    -14.35154467	     39.99999995	     11.14073863	    -50.00000000	    -33.27975807	      0.00000000	     29.36293506	      2.77873989	     39.99999995	      2.55347611	    -29.75108276	    -35.00000000	      0.00000000	     39.48864374	     -4.93191412	     43.93192069	    -76.38015847	      9.37163155	    -24.22715441	     85.10529681	     74.77210276	     73.80420913	    -10.55757469	    155.17227196	     85.29529540	     15.58916687
      5.96666670	    -29.69141962	      2.80046394	      9.05169476	     -0.53003648	      0.72776438	     -0.20642909	     25.13429818	    -14.18986099	     39.99999995	     11.18179430	    -50.00000000	    -34.93621827	      0.00000000	     29.12135781	      2.68374261	     39.99999995	      2.55929631	    -29.26623185	    -35.00000000	      0.00000000	     39.50230448	     -4.79641801	     44.04173963	    -76.65894345	      9.07652912	    -23.95970838	     85.34050487	     74.67750408	     73.85830683	     -9.71322922	    155.84353038	     85.32491466	     15.09136682
      5.98333330	    -29.52174947	      2.64062636	      9.10099973	     -0.53305002	      0.72454498	     -0.20693442	     25.19335909	    -13.96831690	     39.99999995	     11.51237113	    -50.00000000	    -35.00000000	      0.00000000	     29.06115190	      2.67986527	     39.99999995	      2.84189878	    -29.28707866	    -35.00000000	      0.00000000	     39.31648186	     -4.72559829	     43.84698032	    -76.64651648	      8.94473402	    -23.98826225	     85.28757402	     74.65699155	     73.90226884	     -9.58060584	    155.88554803	     85.20939708	     15.00852131
      6.00000000	    -29.32228057	      2.53416019	      9.19812259	     -0.53151436	      0.72498009	     -0.20752571	     25.04102372	    -13.82511103	     39.99999995	     11.78852933	    -50.00000000	    -35.00000000	      0.00000000	     28.93785374	      2.72269614	     39.99999995	      3.16250598	    -29.29642161	    -35.00000000	      0.00000000	     39.38283687	     -4.68693567	     43.86563770	    -76.58981886	      8.88468040	    -24.00640333	     85.25933840	     74.64992079	     73.79443274	     -9.58254304	    155.93653858	     85.18034316	     14.98092077
      6.01666670	    -28.57881846	      2.25542057	      9.29260997	     -0.52721382	      0.72341016	     -0.20845108	     24.44501705	    -13.41078096	     39.99999995	     12.30673954	    -50.00000000	    -35.00000000	      0.00000000	     28.28233491	      2.58313243	     39.99999995	      3.82525630	    -28.81613072	    -35.00000000	      0.00000000	     38.52595425	     -4.40653565	     42.97882979	    -75.84752688	      8.03315623	    -24.21593106	     84.26982843	     74.52292326	     72.75437580	     -9.45477796	    156.44956983	     83.80296491	     14.39358090
      6.03333330	    -27.97007054	      1.90513951	      9.47585931	     -0.53448362	      0.72010811	     -0.20798861	     24.10524374	    -12.97423883	     39.99999995	     12.85805419	    -50.00000000	    -35.00000000	      0.00000000	     28.05418784	      2.44936895	     39.99999995	      4.47420402	    -28.78054480	    -35.00000000	      0.00000000	     37.98181778	     -4.13097480	     42.38466810	    -75.40390329	      7.67125376	    -24.29320118	     83.69587700	     74.45937746	     72.03007161	     -9.19559399	    156.48344747	     83.16478333	     14.06099437
      6.05000000	    -27.28854138	      1.80950178	      9.76936313	     -0.52861135	      0.72055825	     -0.20837624	     23.49266962	    -12.85655820	     39.99999995	     13.39003499	    -50.00000000	    -35.00000000	      0.00000000	     27.72663280	      2.64880049	     39.99999995	      5.41227160	    -28.65713469	    -35.00000000	      0.00000000	     37.25206859	     -4.11257058	     41.65579933	    -74.63620946	      7.31351118	    -24.48908385	     82.87555379	     74.38933548	     71.10435100	     -9.44585497	    156.69806796	     82.10565476	     13.65080034
      6.06666670	    -26.75239453	      1.76876896	     10.02406472	     -0.52535074	      0.72438423	     -0.20978186	     23.03333713	    -12.76132014	     39.99999995	     14.02048051	    -50.00000000	    -35.00000000	      0.00000000	     27.62046534	      2.94616730	     39.99999995	      6.42180964	    -28.69043607	    -35.00000000	      0.00000000	     36.67256430	     -4.00354480	     41.37158987	    -73.80483557	      7.25584840	    -24.79360187	     81.13312915	     74.28332816	     69.73570462	     -9.87590470	    155.98731492	     80.18047773	     12.39895278
      6.08333330	    -25.98063615	      1.78119430	     10.29026955	     -0.52025864	      0.72165639	     -0.20942330	     22.11555336	    -12.75172466	     39.99999995	     14.46314199	    -50.00000000	    -35.00000000	      0.00000000	     27.21538436	      3.21490053	     39.99999995	      7.60734692	    -28.46862682	    -35.00000000	      0.00000000	     35.88280629	     -3.97940041	     40.61585729	    -73.11848160	      7.01767542	    -25.03602600	     80.44184742	     74.26060268	     68.73983875	    -10.50546548	    156.17574975	     79.48250464	     12.01516515
      6.10000000	    -25.29787946	      1.85303872	     10.59226454	     -0.52004900	      0.71732981	     -0.21061889	     21.38371169	    -12.81875601	     39.99999995	     15.02476982	    -50.00000000	    -35.00000000	      0.00000000	     27.01863873	      3.64050982	     39.99999995	      8.90492299	    -28.19806804	    -35.00000000	      0.00000000	     35.14742960	     -4.00942438	     39.91112005	    -71.87263955	      6.66565105	    -25.17855901	     78.35337545	     74.29823869	     67.09564026	    -11.40704258	    155.11553833	     77.64754283	     11.09653973
      6.11666670	    -24.37200268	      2.03520086	     10.90600530	     -0.51903249	      0.71497197	     -0.21113550	     20.33699972	    -13.03495032	     39.99999995	     15.42213053	    -50.00000000	    -35.00000000	      0.00000000	     26.54733025	      4.11960686	     39.99999995	     10.15303921	    -27.56399196	    -35.00000000	      0.00000000	     34.07518202	     -4.15529471	     38.86682047	    -70.66029677	      6.05235298	    -25.56699508	     77.20001524	     74.31160502	     65.77501684	    -12.26434575	    154.94910485	     76.45249797	     10.72774606
      6.13333330	    -23.41859369	      1.96845754	     11.30657650	     -0.51756108	      0.71231513	     -0.21235404	     19.40158483	    -13.02162427	     39.99999995	     15.96561207	    -50.00000000	    -35.00000000	      0.00000000	     26.11971082	      4.40254385	     39.99999995	     11.61393165	    -26.80445129	    -35.00000000	      0.00000000	     32.98041936	     -4.08186224	     37.53332206	    -68.78393195	      5.41057653	    -25.72133492	     74.13859236	     74.44929238	     63.37822359	    -13.64178257	    152.97972347	     73.98838680	     10.03622796
      6.15000000	    -22.39063031	      1.89054551	     11.76877037	     -0.51678885	      0.71424792	     -0.21306712	     18.33488647	    -12.93859141	     39.99999995	     16.50401889	    -50.00000000	    -35.00000000	      0.00000000	     25.65611583	      4.69449101	     39.99999995	     13.15030679	    -25.77571180	    -35.00000000	      0.00000000	     31.65231695	     -3.98335766	     35.89847241	    -66.81003136	      4.58300431	    -26.09662300	     71.68646514	     74.61117696	     61.14350034	    -15.22201605	    151.52958490	     72.06719117	      9.66334122
      6.16666670	    -21.18865427	      1.98659568	     12.26612180	     -0.51253894	      0.71352167	     -0.21358261	     16.82573650	    -13.05548744	     39.99999995	     16.77629928	    -50.00000000	    -35.00000000	      0.00000000	     24.97228515	      5.13239784	     39.99999995	     14.68670236	    -24.77555635	    -35.00000000	      0.00000000	     30.02861416	     -4.01780556	     34.24941400	    -64.75801212	      3.69098755	    -26.31079663	     68.67918483	     74.97886399	     58.46286467	    -16.98815703	    148.68438939	     69.72381048	      9.47642688
      6.18333330	    -20.03770479	      1.85827908	     12.78412265	     -0.51104098	      0.71280208	     -0.21506534	     15.40424062	    -12.97237278	     39.99999995	     17.06125862	    -50.00000000	    -35.00000000	      0.00000000	     24.39129654	      5.37030007	     39.99999995	     16.34972466	    -23.67591187	    -35.00000000	      0.00000000	     28.59016675	     -3.85647777	     32.15317232	    -62.43201387	      2.42417866	    -26.59629541	     65.53593630	     75.30938233	     55.48154457	    -18.48257537	    146.40628873	     67.25560933	      9.57629927
      6.20000000	    -18.99738451	      1.81561934	     13.32309211	     -0.50600747	      0.71139202	     -0.21635092	     13.80302460	    -12.91807123	     39.99999995	     17.17843666	    -50.00000000	    -35.00000000	      0.00000000	     23.74962358	      5.68595596	     39.99999995	     18.08899986	    -22.25877041	    -35.00000000	      0.00000000	     27.25460534	     -3.81719739	     30.01371238	    -60.06526796	      1.17531013	    -26.82981636	     62.54667869	     75.63789834	     52.60262845	    -19.92485374	    143.87025499	     64.81968555	      9.90405362
      6.21666670	    -17.79022555	      1.89652454	     13.68273713	     -0.50629554	      0.70848857	     -0.21607207	     12.08805976	    -12.84506393	     39.99999995	     17.25053750	    -50.00000000	    -35.00000000	      0.00000000	     22.92677505	      5.93800063	     39.99999995	     19.63361371	    -20.69766281	    -35.00000000	      0.00000000	     25.55336366	     -3.80249181	     27.77352026	    -57.57921808	     -0.30807466	    -26.46783203	     59.80349149	     76.36819395	     49.37178732	    -22.03420886	    139.36549206	     62.26485000	     11.24428717
      6.23333330	    -16.59885182	      1.78037651	     14.36451464	     -0.50845349	      0.70774657	     -0.21578038	     10.46842801	    -12.67432343	     39.99999995	     17.19392714	    -50.00000000	    -35.00000000	      0.00000000	     22.39346000	      6.10060560	     39.99999995	     21.14153371	    -19.52988970	    -35.00000000	      0.00000000	     23.80236482	     -3.77812259	     24.74679546	    -54.62695919	     -2.36679886	    -25.58637600	     56.68325331	     77.36662853	     45.14305078	    -24.06415636	    133.97194962	     59.07736131	     14.15681665
      6.25000000	    -15.63139232	      1.74232249	     14.96282792	     -0.50553133	      0.70569350	     -0.21688594	      8.99186874	    -12.54884449	     39.99999995	     17.14324135	    -50.00000000	    -35.00000000	      0.00000000	     22.00520834	      6.32485947	     39.99999995	     22.64584102	    -17.77683894	    -35.00000000	      0.00000000	     22.53795114	     -3.87779020	     22.64609335	    -51.63796293	     -3.63236692	    -25.68899491	     52.61650917	     77.46359640	     42.88575510	    -24.10374051	    133.31444441	     55.98412694	     14.84768794
      6.26666670	    -14.58685116	      1.71474691	     15.54539677	     -0.50468041	      0.70734662	     -0.21726191	      7.42949144	    -12.39158131	     39.99999995	     16.80610791	    -50.00000000	    -35.00000000	      0.00000000	     21.49015933	      6.41622062	     39.99999995	     23.70183743	    -16.98613711	    -35.00000000	      0.00000000	     20.87927435	     -3.93008977	     20.32987548	    -48.35763029	     -5.18123480	    -24.52313332	     48.27656887	     77.81013478	     39.64727907	    -24.58473456	    130.37922436	     52.35466269	     15.76720875
      6.28333330	    -13.42115499	      1.64846925	     16.23851143	     -0.50395951	      0.70484078	     -0.21886984	      5.61448735	    -12.16740123	     39.99999995	     16.57845873	    -50.00000000	    -35.00000000	      0.00000000	     20.90323139	      6.55284609	     39.99999995	     25.33466329	    -16.13976679	    -35.00000000	      0.00000000	     18.90040054	     -3.89729346	     17.25134716	    -44.72640847	     -7.39761016	    -22.79158607	     44.11748304	     78.28891509	     35.57713406	    -25.55574155	    124.75119108	     48.32065075	     17.32187004
      6.30000000	    -12.61299316	      1.34069957	     16.93110578	     -0.50761440	      0.70423409	     -0.22072315	      4.43240187	    -11.75261849	     39.99999995	     16.29454109	    -50.00000000	    -35.00000000	      0.00000000	     20.96547447	      6.68702060	     39.99999995	     26.93937645	    -14.49042042	    -35.00000000	      0.00000000	     17.47141717	     -3.57257813	     14.23875340	    -41.11436282	     -8.96816916	    -21.96733894	     39.81531307	     78.46939608	     31.78750341	    -25.52002275	    121.42738625	     44.56311570	     18.43488326
      6.31666670	    -11.48447693	     -2.75858656	     17.52641195	     -0.51421868	      0.69510243	     -0.21845369	      4.89382536	     -6.43802141	     39.99999995	     17.22122336	    -50.00000000	    -35.00000000	      0.00000000	     26.20627158	     -4.02123683	     13.94623287	     32.66675030	     48.82527731	     24.21371839	      0.00000000	     16.06682874	      0.64300266	     10.03988416	    -38.73421995	    -11.11340134	    -20.61399835	     39.06958725	     77.73178289	     26.32824235	    -26.97690766	    106.40993818	     41.07802472	     38.59813894
      6.33333330	    -10.20176098	     -3.15867560	     18.15796740	     -0.51298047	      0.69180672	     -0.21905023	      3.63475447	     -5.82316617	     39.99999995	     17.26140419	    -50.00000000	    -35.00000000	      0.00000000	     25.96102688	     -4.56105414	     14.15192119	     33.97150465	     50.00000000	     25.02357457	      0.00000000	     14.03112135	      1.34759381	      7.21373822	    -34.32593774	    -12.71355042	    -18.83732167	     33.61469790	     78.11390171	     23.67571823	    -25.84339577	    105.07641642	     36.99021193	     38.04469897
      6.35000000	     -8.98388619	     -3.13572731	     18.89426147	     -0.51748940	      0.69023585	     -0.22102139	      2.36041833	     -5.77363105	     39.99999995	     16.96094537	    -50.00000000	    -35.00000000	      0.00000000	     26.04672939	     -4.46818102	     14.38023266	     35.73393190	     50.00000000	     25.22847137	      0.00000000	     11.27287931	      1.69698469	      3.07212367	    -29.35396676	    -15.22564150	    -13.15054840	     29.41581225	     79.37093911	     18.35528928	    -25.53164888	     93.08915980	     32.72598105	     37.44696972
      6.36666670	     -7.87259254	     -3.07341624	     19.26586644	     -0.52156196	      0.69163048	     -0.22249603	      1.62515613	     -5.64730031	     39.99999995	     17.24580338	    -50.00000000	    -35.00000000	      0.00000000	     26.19360754	     -4.35334083	     14.58989524	     37.35500786	     50.00000000	     24.98844827	      0.00000000	      8.58748630	      2.28329204	      0.89171422	    -25.12994522	    -15.90712389	    -12.76104643	     25.35292875	     79.19034620	     16.64494339	    -24.26002783	     89.50821759	     28.94628764	     38.86579819
      6.38333330	     -6.51724917	     -3.08309155	     19.68371134	     -0.52130810	      0.68926673	     -0.22331452	      0.23582709	     -5.37036859	     39.99999995	     17.20388168	    -50.00000000	    -35.00000000	      0.00000000	     25.91746283	     -4.47507187	     15.04752188	     38.97625800	     50.00000000	     25.01447165	      0.00000000	      5.69956607	      3.09785645	     -1.67291752	    -21.03075055	    -16.73370124	    -10.61856407	     22.21152018	     79.52712412	     14.27413319	    -23.04801478	     83.17142083	     25.52566874	     40.81268186
      6.40000000	     -5.00436884	     -3.21481787	     20.40017621	     -0.52654037	      0.68687240	     -0.22529557	     -1.35909292	     -5.03388982	     39.99999995	     16.75063995	    -50.00000000	    -35.00000000	      0.00000000	     25.69902859	     -4.38376009	     16.17867741	     40.66571583	     50.00000000	     24.55991979	      0.00000000	      2.40509870	      4.38661898	     -4.51757038	    -17.56782822	    -17.86496677	     -7.31933968	     20.96431581	     79.69177052	     11.43504204	    -22.05234320	     70.47713319	     23.71173322	     47.61470754
      6.41666670	     -2.98853482	     -3.18255554	     21.08710913	     -0.52289607	      0.68383917	     -0.22644958	     -3.59535653	     -4.67079445	     39.99999995	     16.35710122	    -50.00000000	    -35.00000000	      0.00000000	     24.61692259	     -4.69109725	     17.06809573	     42.22573742	     50.00000000	     24.69427063	      0.00000000	     -1.18596920	      5.82856629	     -5.91591141	    -14.93552049	    -18.04372819	     -7.66150716	     19.34063991	     79.41474444	     11.60172177	    -21.13606232	     70.24137573	     21.88538615	     48.81006501
      6.43333330	     -1.21460260	     -2.86333264	     21.47334798	     -0.52769197	      0.68483940	     -0.22748663	     -5.50966039	     -4.43686663	     39.99999995	     16.20458729	    -50.00000000	    -35.00000000	      0.00000000	     23.75503701	     -4.71255420	     17.37747276	     43.75087959	     50.00000000	     24.66312102	      0.00000000	     -5.00822425	      6.97646629	     -6.71002475	    -12.78079793	    -18.28524786	     -7.66045811	     19.05332915	     79.33645307	     12.11841069	    -20.62054173	     69.67803304	     20.92510217	     49.25310070
      6.45000000	      0.67797304	     -2.59677973	     21.97068862	     -0.52975539	      0.68284561	     -0.22841095	     -7.55608098	     -4.12142961	     39.99999995	     16.02508520	    -50.00000000	    -35.00000000	      0.00000000	     22.74066684	     -4.67995452	     18.11534446	     44.99385940	     50.00000000	     24.47430872	      0.00000000	     -8.99646890	      8.30746212	     -7.43092663	    -10.68902825	    -18.48915827	     -7.55082264	     18.43463125	     79.27895293	     12.78387674	    -20.07563133	     68.78229098	     19.95560487	     49.61595623
      6.46666670	      2.33035790	     -2.35049217	     22.26828840	     -0.53596343	      0.68339827	     -0.22793096	     -9.20271216	     -3.79392613	     39.99999995	     15.95411378	    -50.00000000	    -35.00000000	      0.00000000	     21.98741854	     -4.73812782	     18.57934468	     46.35182277	     50.00000000	     24.34762962	      0.00000000	    -13.15190556	      9.60817148	     -7.70602284	     -8.61156008	    -18.67852207	     -7.32846170	     18.00521012	     79.24268544	     13.65236260	    -19.63514210	     67.57743557	     19.18532481	     49.95112184
      6.48333330	      4.06172261	     -2.25053084	     22.58520292	     -0.54158525	      0.68258660	     -0.22895105	    -10.56489879	     -3.33964437	     39.99999995	     16.05579748	    -50.00000000	    -35.00000000	      0.00000000	     21.41683716	     -4.75654275	     19.26802047	     47.74201800	     50.00000000	     24.10959868	      0.00000000	    -17.59607914	     11.13528433	     -8.34536929	     -5.70216900	    -19.17125191	     -4.88614233	     17.06019670	     78.94438039	     13.55769704	    -18.91425512	     57.92416033	     18.60994434	     53.59122670
      6.50000000	      5.63521043	     -1.78555834	     22.72970599	     -0.54029183	      0.68023414	     -0.22873755	    -12.27925879	     -3.25557870	     39.99999995	     15.97589697	    -50.00000000	    -35.00000000	      0.00000000	     20.35824387	     -4.70041858	     19.68217138	     48.90909493	     50.00000000	     23.99230306	      0.00000000	    -21.69327684	     12.07962894	     -7.88882600	     -4.35028902	    -19.39814647	     -4.93607550	     17.61694449	     78.81722062	     14.73277992	    -18.81100657	     57.72916662	     18.72460137	     54.21221986
      6.51666670	      7.01272494	     -1.48368853	     23.04090225	     -0.53933879	      0.68227495	     -0.22780825	    -13.96487539	     -3.05899951	     39.99999995	     15.65900466	    -50.00000000	    -35.00000000	      0.00000000	     19.10343521	     -4.89166518	     20.18116544	     49.34630904	     50.00000000	     24.03703776	      0.00000000	    -25.33032720	     13.06943163	     -7.63681942	     -3.06404967	    -19.49852298	     -4.97011969	     17.67736627	     78.69176196	     15.73487088	    -18.61873582	     57.33992390	     18.58121666	     54.74178297
      6.53333330	      8.49954425	     -1.05811955	     23.38203068	     -0.54102959	      0.68027687	     -0.22833925	    -15.91383863	     -2.98427007	     39.99999995	     15.06269414	    -50.00000000	    -35.00000000	      0.00000000	     17.87881736	     -4.90206607	     20.54052339	     49.97565178	     50.00000000	     23.89833829	      0.00000000	    -28.96047360	     13.90316661	     -7.38815337	     -1.82841855	    -19.58662630	     -5.01167141	     17.77141636	     78.56163189	     16.68308521	    -18.52011501	     56.78106707	     18.50550888	     55.21231022
      6.55000000	      9.67148419	     -0.49508298	     23.57642395	     -0.54262087	      0.67860136	     -0.22804105	    -17.66107516	     -3.09580027	     39.99999995	     14.55609872	    -50.00000000	    -35.00000000	      0.00000000	     16.94211008	     -4.71474625	     20.64005130	     50.68861203	     50.00000000	     23.78533218	      0.00000000	    -31.87156123	     14.26642118	     -7.18905616	     -0.86639582	    -19.60095025	     -5.05872443	     17.89730649	     78.43430129	     17.44464829	    -18.48510638	     56.14243270	     18.51812402	     55.62042755
      6.56666670	     10.59043273	     -0.04408613	     23.95848102	     -0.54421782	      0.67822323	     -0.22817977	    -19.19912887	     -3.18940567	     39.99999995	     13.92255433	    -50.00000000	    -35.00000000	      0.00000000	     16.30827670	     -4.54622152	     20.76548832	     51.15072802	     50.00000000	     23.90996626	      0.00000000	    -34.22072570	     14.71932042	     -7.14262791	     -0.12772938	    -19.63204179	     -5.10654026	     18.05389788	     78.34807646	     18.08694172	    -18.41027952	     55.63628360	     18.54990703	     55.87270583
      6.58333330	     11.37921577	      0.47208166	     24.14949146	     -0.55110718	      0.67951302	     -0.22806111	    -20.32866000	     -3.59111786	     39.99999995	     13.12502544	    -50.00000000	    -35.00000000	      0.00000000	     15.83764851	     -4.08151771	     20.75051784	     51.51775552	     50.00000000	     23.64587075	      0.00000000	    -36.79397021	     14.96892435	     -6.78719998	      0.76783912	    -19.71569934	     -5.17664194	     18.40014045	     78.20626786	     19.01226533	    -18.36709693	     54.61652998	     18.77351076	     56.30460057
      6.60000000	     11.41884995	      0.80516136	     24.63880698	     -0.55005691	      0.68045004	     -0.22909848	    -21.05911695	     -4.08705687	     39.99999995	     11.97148465	    -50.00000000	    -35.00000000	      0.00000000	     16.10650531	     -3.48662487	     21.03843456	     51.98369994	     50.00000000	     23.69140475	      0.00000000	    -37.92899017	     15.25243956	     -7.37937873	      1.30422931	    -19.66853395	     -5.76126435	     19.00682114	     77.24508965	     18.61703943	    -18.17855181	     48.52662458	     19.42342591	     59.90079902
      6.61666670	     11.22025674	      0.85919399	     24.66466685	     -0.54640219	      0.68127942	     -0.22789024	    -20.99193801	     -4.24021536	     39.99999995	     11.79983830	    -50.00000000	    -35.00000000	      0.00000000	     16.17210564	     -3.53690344	     20.99872428	     51.86375571	     50.00000000	     23.79143521	      0.00000000	    -38.16789857	     15.19707087	     -7.29415358	      1.43290355	    -19.62488523	     -5.73973638	     19.00629828	     77.24501533	     18.80515474	    -18.06128054	     48.50693379	     19.45633488	     59.96980223
      6.63333330	     11.14708892	      0.89327019	     24.68877829	     -0.54675066	      0.68040036	     -0.22782816	    -20.97964714	     -4.25469115	     39.99999995	     11.78791797	    -50.00000000	    -35.00000000	      0.00000000	     16.11295934	     -3.59685842	     21.01954666	     51.89947753	     50.00000000	     23.79803686	      0.00000000	    -38.16886459	     15.17566699	     -7.29943101	      1.42768891	    -19.62931678	     -5.74020716	     19.00489616	     77.24480637	     18.80810216	    -18.05462603	     48.50592137	     19.45819028	     59.97278777
      6.65000000	     10.75465978	      1.09101243	     24.47803286	     -0.54741781	      0.68068599	     -0.22779379	    -20.91897344	     -4.66867888	     39.99999995	     11.38508185	    -50.00000000	    -35.00000000	      0.00000000	     16.17622047	     -3.35754399	     20.64136353	     51.64375200	     50.00000000	     23.95948762	      0.00000000	    -37.38586262	     14.38147329	     -7.37913254	      0.90372712	    -19.33874737	     -5.71076008	     19.00395313	     77.24481141	     18.65457935	    -18.01275569	     48.43622350	     19.44121126	     60.10741079
      6.66666670	     10.18296762	      0.96381974	     24.41537689	     -0.54779568	      0.68184134	     -0.22839344	    -20.33421522	     -4.86603874	     39.99999995	     11.26638496	    -50.00000000	    -35.00000000	      0.00000000	     16.55106592	     -3.19552245	     20.56895961	     51.26204937	     50.00000000	     23.99284175	      0.00000000	    -36.06053659	     14.05666136	     -7.72761533	      0.23599092	    -19.29950211	     -5.80317575	     19.33203974	     77.21672752	     18.17263977	    -17.93405082	     48.24681231	     19.30850222	     60.51438134
      6.68333330	      9.34924350	      0.61402986	     23.97376705	     -0.54757661	      0.68389750	     -0.22734366	    -19.12560683	     -4.84889046	     39.99999995	     11.67567631	    -50.00000000	    -35.00000000	      0.00000000	     16.80440557	     -3.45621488	     20.20013288	     50.07652919	     50.00000000	     23.98284396	      0.00000000	    -34.15196697	     13.51220286	     -7.81102507	     -0.51684005	    -19.23620396	     -5.86437123	     19.51230420	     77.20488873	     17.56551456	    -17.90749760	     48.12443567	     19.29506949	     60.79208732
      6.70000000	      8.53742040	      0.30633643	     23.52980725	     -0.54741814	      0.68451505	     -0.22666847	    -17.76621233	     -4.84210783	     39.99999995	     12.28205536	    -50.00000000	    -35.00000000	      0.00000000	     16.95384137	     -3.67805514	     20.07526887	     48.89986716	     50.00000000	     23.96675951	      0.00000000	    -32.17979496	     12.89375262	     -7.89716317	     -1.26451139	    -19.22136002	     -5.89438255	     19.64847332	     77.20447362	     16.91989016	    -17.84343842	     48.08291978	     19.32812515	     60.98067614
      6.71666670	      7.07400377	     -0.65174165	     22.86625754	     -0.54851923	      0.68612736	     -0.22643829	    -15.15824020	     -4.31964524	     39.99999995	     13.36598404	    -50.00000000	    -35.00000000	      0.00000000	     18.33913405	     -4.42646535	     19.46936070	     48.10177732	     50.00000000	     24.39912062	      0.00000000	    -29.26514623	     12.57959116	     -7.49712084	     -2.16342793	    -19.34370824	     -5.93406718	     20.18815361	     77.22629157	     16.25446552	    -17.79841020	     47.88458148	     19.37234216	     61.48370374
      6.73333330	      5.70330343	     -1.27982408	     22.25052469	     -0.54667289	      0.68940858	     -0.22576423	    -12.92678342	     -4.13595011	     39.99999995	     14.11476320	    -50.00000000	    -35.00000000	      0.00000000	     19.39318087	     -4.85977654	     18.73914119	     47.04195038	     50.00000000	     24.54769243	      0.00000000	    -26.41215217	     12.01248943	     -7.25987966	     -3.32346563	    -19.41284214	     -5.93871545	     20.46970249	     77.26139398	     15.54282543	    -17.74197392	     47.75567033	     19.46658971	     62.05304424
      6.75000000	      3.96087591	     -1.58396951	     21.88204788	     -0.53931205	      0.68862485	     -0.22557956	    -11.09907869	     -4.43628954	     39.99999995	     14.28759243	    -50.00000000	    -35.00000000	      0.00000000	     20.43439955	     -4.88621643	     18.13723208	     45.86821013	     50.00000000	     24.73287873	      0.00000000	    -22.59346198	     10.93516553	     -7.49799180	     -4.95902222	    -19.27697398	     -5.92622134	     20.56060831	     77.29570831	     14.41683361	    -17.84388999	     47.80420943	     19.48668436	     62.56402425
      6.76666670	      1.93819838	     -2.00559721	     21.35242975	     -0.54069837	      0.69085919	     -0.22527391	     -8.74065265	     -4.71930136	     39.99999995	     14.49097989	    -50.00000000	    -35.00000000	      0.00000000	     21.75261219	     -4.92142803	     17.44198941	     44.77410623	     50.00000000	     25.00830115	      0.00000000	    -18.59639960	      9.89680526	     -7.51802085	     -6.46281458	    -19.34103545	     -5.90047607	     20.84431034	     77.33480993	     13.45905904	    -17.94763414	     47.95661608	     19.58014828	     63.07900771
      6.78333330	     -0.21672513	     -2.29742018	     20.87791663	     -0.53664733	      0.69195919	     -0.22406648	     -6.41012522	     -5.10554682	     39.99999995	     14.64555257	    -50.00000000	    -35.00000000	      0.00000000	     23.12990285	     -4.83377999	     16.75479130	     43.45026637	     50.00000000	     25.22166803	      0.00000000	    -14.20443256	      8.61954687	     -7.46859111	     -8.36324993	    -19.27150335	     -5.85525325	     21.12016793	     77.37975970	     12.33115770	    -18.17743126	     48.24666059	     19.68112190	     63.64020075
      6.80000000	     -2.48034916	     -2.51473978	     20.29532310	     -0.53636829	      0.69306036	     -0.22220948	     -3.79251361	     -5.51231987	     39.99999995	     14.93332615	    -50.00000000	    -35.00000000	      0.00000000	     24.76723026	     -4.65836935	     15.90636728	     42.33688985	     50.00000000	     25.54252372	      0.00000000	     -9.98810812	      7.25171423	     -7.16173421	    -10.26892445	    -19.17981331	     -5.79735058	     21.46523927	     77.42355867	     11.31403437	    -18.52954158	     48.63081295	     19.88679207	     64.19326770
      6.81666670	     -4.71184009	     -2.64409699	     19.58612370	     -0.53406956	      0.69266838	     -0.22132906	     -1.22025765	     -5.96656941	     39.99999995	     15.28304635	    -50.00000000	    -35.00000000	      0.00000000	     26.24750493	     -4.45738914	     15.04692987	     40.93485342	     50.00000000	     25.88695955	      0.00000000	     -5.74038241	      5.84482384	     -6.61776941	    -12.31581986	    -19.10197753	     -5.74178266	     22.03319397	     77.46504654	     10.32716329	    -18.98029556	     49.19896841	     20.24954854	     64.81209472
      6.83333330	     -6.90840292	     -2.72274839	     19.01280983	     -0.53147630	      0.69415366	     -0.21948928	      1.16521737	     -6.42282560	     39.99999995	     15.49308048	    -50.00000000	    -35.00000000	      0.00000000	     27.58024539	     -4.24907771	     14.26876445	     39.44422571	     50.00000000	     26.19221439	      0.00000000	     -1.70588702	      4.48945066	     -5.87218251	    -14.39708708	    -19.01892219	     -5.68702743	     22.81025619	     77.50125161	      9.55810656	    -19.56926036	     50.02962136	     20.74491469	     65.52302053
      6.85000000	     -8.52386831	     -2.77859233	     18.66667377	     -0.53028463	      0.69429794	     -0.21896395	      2.92115086	     -6.80318914	     39.99999995	     15.51216599	    -50.00000000	    -35.00000000	      0.00000000	     28.04059298	     -3.99462089	     14.10193193	     37.46216560	     48.47861741	     25.57784825	      0.00000000	      1.51555903	      3.45659636	     -5.03375737	    -16.84536403	    -19.09878164	     -5.84268915	     24.65753974	     77.47146361	      9.49744596	    -20.39825215	     52.41079318	     21.73827127	     67.18545103
      6.86666670	    -10.71997290	     -2.67798538	     18.17211274	     -0.52160703	      0.69486654	     -0.21820609	      4.91607330	     -7.40947663	     39.99999995	     15.48649188	    -50.00000000	    -35.00000000	      0.00000000	     28.70588558	     -3.65043030	     13.71411474	     35.30770274	     47.32364135	     25.12312650	      0.00000000	      5.69199870	      2.01182121	     -4.09431168	    -18.88614323	    -18.90421001	     -5.87767166	     24.78537547	     77.45176307	      8.80119831	    -21.06824940	     53.05847166	     22.26385611	     67.55712900
      6.88333330	    -12.34107275	     -2.40424313	     17.77572536	     -0.51944322	      0.69366320	     -0.21865535	      6.22868901	     -8.16117428	     39.99999995	     15.16567962	    -50.00000000	    -35.00000000	      0.00000000	     28.83254992	     -3.15930937	     13.40997674	     33.21767592	     46.47540001	     24.75593991	      0.00000000	      8.93443879	      0.79377358	     -2.60053974	    -22.11636004	    -18.81341863	     -6.47420987	     27.44420067	     77.25218336	      8.88931150	    -22.40936877	     55.89367395	     24.50834439	     68.70232752
      6.90000000	    -13.90924890	     -2.26990291	     17.30684049	     -0.51523542	      0.69698242	     -0.21637852	      7.48386458	     -8.58183577	     39.99999995	     14.97721330	    -50.00000000	    -35.00000000	      0.00000000	     28.94059306	     -2.83483270	     13.52668153	     31.25472781	     45.08967936	     23.71243757	      0.00000000	     12.13875526	     -0.09538066	     -0.78516138	    -25.02422396	    -18.43833114	     -7.22838750	     28.99989034	     77.00221891	      9.12386324	    -23.39555501	     58.43129713	     26.39248172	     69.32943086
      6.91666670	    -15.25120824	     -2.18175108	     16.94465061	     -0.51337445	      0.69798460	     -0.21616843	      8.73125820	     -8.86380710	     39.99999995	     14.96649368	    -50.00000000	    -35.00000000	      0.00000000	     28.89784445	     -2.62886777	     13.67994049	     29.30488501	     44.05568652	     23.45933331	      0.00000000	     14.84012704	     -0.82239112	      0.91426262	    -28.49794994	    -17.72683239	     -9.68019690	     32.78293346	     76.31590251	     10.35230280	    -25.29341160	     64.48667045	     29.45016612	     69.93726429
      6.93333330	    -16.48894412	     -2.10660446	     16.57455761	     -0.51421987	      0.69838814	     -0.21641146	      9.88363900	     -9.15408559	     39.99999995	     14.85199957	    -50.00000000	    -35.00000000	      0.00000000	     28.84119516	     -2.25705550	     14.56326185	     27.45056261	     42.50919162	     21.76392845	      0.00000000	     17.35136654	     -1.27041263	      3.22242787	    -32.39479687	    -16.83122196	    -12.11761395	     36.23669817	     75.70965324	     12.47341155	    -26.86185856	     70.88580769	     32.74784480	     69.30788499
      6.95000000	    -17.81121425	     -1.81017167	     16.06221754	     -0.51059637	      0.70269034	     -0.21496198	     10.93766689	     -9.61399792	     39.99999995	     14.64532010	    -50.00000000	    -35.00000000	      0.00000000	     28.70241393	     -1.88765747	     15.09657154	     25.32856480	     40.89445187	     20.42357610	      0.00000000	     19.97305453	     -1.77286913	      7.77431181	    -37.59571172	    -13.89684725	    -17.59551933	     39.63903899	     74.73499471	     18.72254323	    -28.49461078	     86.00176486	     37.62750495	     64.94973987
      6.96666670	    -18.97526442	     -1.74152983	     15.79154718	     -0.51168755	      0.70242087	     -0.21538081	     12.06728483	     -9.97359979	     39.99999995	     14.42399099	    -50.00000000	    -35.00000000	      0.00000000	     28.62206150	     -1.27224223	     17.46474810	     23.16974687	     37.54238451	     16.85075534	      0.00000000	     22.33508800	     -2.03027201	     10.79146055	    -41.80112859	    -11.93072710	    -20.50651220	     43.64389318	     74.55261660	     24.43616992	    -29.50277531	     98.46173183	     43.47490068	     56.57180036
      6.98333330	    -19.69803663	     -1.44390350	     15.06637738	     -0.51512710	      0.70811949	     -0.21514098	     13.20107683	    -10.15824901	     39.99999995	     14.64468370	    -50.00000000	    -35.00000000	      0.00000000	     28.25632998	     -0.65086116	     20.05648068	     20.99985539	     32.67950758	     11.94506982	      0.00000000	     23.62092725	     -2.09056872	     13.28670735	    -45.55614072	    -10.64423850	    -21.14939505	     49.14259279	     74.61162357	     27.40982125	    -30.39461373	    102.60360929	     47.52761438	     53.58744093
      7.00000000	    -20.71688049	      2.28251328	     13.50768130	     -0.51170198	      0.71686771	     -0.21406573	     14.18307774	    -14.09568907	     39.99999995	     14.69082629	    -50.00000000	    -35.00000000	      0.00000000	     25.00192058	      5.51782445	     39.99999995	     15.70680997	    -23.82331324	    -35.00000000	      0.00000000	     25.18743553	     -5.42701534	     19.43482336	    -47.87787229	     -7.66739761	    -22.46036333	     50.36024454	     74.69266602	     35.00667866	    -29.47353202	    118.36277816	     52.59593266	     30.00631589
      7.01666670	    -21.76955036	      2.30224226	     13.18574835	     -0.51403264	      0.72432048	     -0.21259157	     15.74409567	    -14.21574853	     39.99999995	     14.66124106	    -50.00000000	    -35.00000000	      0.00000000	     25.64694817	      5.33287199	     39.99999995	     14.17117700	    -25.21392171	    -35.00000000	      0.00000000	     26.68417727	     -5.34442651	     21.81457973	    -51.63807004	     -5.58510738	    -23.94332145	     55.74301327	     74.58509631	     38.60128122	    -30.03720366	    120.76965542	     57.35093118	     30.37483964
      7.03333330	    -22.81346529	      2.42226253	     12.75660783	     -0.51448678	      0.72754891	     -0.21184119	     17.14080396	    -14.40625845	     39.99999995	     14.45937723	    -50.00000000	    -35.00000000	      0.00000000	     26.27399790	      5.20249550	     39.99999995	     12.67370105	    -26.80321359	    -35.00000000	      0.00000000	     28.48799882	     -5.28932956	     25.82004448	    -55.31182626	     -2.12165082	    -26.38072594	     59.07062994	     74.28904453	     45.70631087	    -27.28031410	    131.02576588	     61.64071374	     29.88272500
      7.05000000	    -24.01988309	      2.44447882	     12.48508661	     -0.51662676	      0.73085220	     -0.21136039	     18.66499705	    -14.58390115	     39.99999995	     14.22005400	    -50.00000000	    -35.00000000	      0.00000000	     27.08995173	      5.06495326	     39.99999995	     11.29880845	    -27.95162560	    -35.00000000	      0.00000000	     30.09954622	     -5.19336414	     28.02683146	    -58.79493596	     -0.37256838	    -26.61630635	     63.93930830	     74.28636715	     49.56590725	    -26.63925573	    134.13551397	     65.91498574	     29.01941246
      7.06666670	    -24.88394941	      2.54851597	     12.02624474	     -0.51837107	      0.73026151	     -0.21047076	     19.84043302	    -14.67123948	     39.99999995	     13.98618171	    -50.00000000	    -34.40039051	      0.00000000	     27.44084165	      4.73356244	     39.99999995	      9.82946560	    -28.70650186	    -35.00000000	      0.00000000	     31.26243974	     -5.15483543	     30.53398966	    -61.57154527	      1.57354812	    -26.76521935	     67.90692262	     74.23036574	     53.97004254	    -25.01417842	    138.20320751	     69.43008459	     28.16616369
      7.08333330	    -25.99644464	      2.58092469	     11.59839842	     -0.52292690	      0.73486697	     -0.21104703	     21.25930708	    -14.79663842	     39.99999995	     13.66491895	    -50.00000000	    -33.18693004	      0.00000000	     28.17060195	      4.50463615	     39.99999995	      8.56801054	    -29.54215355	    -35.00000000	      0.00000000	     32.85534128	     -5.04801722	     33.00997445	    -64.20234073	      3.18488659	    -27.04233716	     70.82432451	     74.06221010	     58.15021173	    -22.18721261	    143.55584991	     72.48956152	     26.53823895
      7.10000000	    -26.56977236	      2.59025219	     11.23228143	     -0.52305531	      0.73204973	     -0.20933048	     22.12681812	    -14.82988225	     39.99999995	     13.29549650	    -50.00000000	    -32.91526681	      0.00000000	     28.29534540	      4.13777805	     39.99999995	      7.35959464	    -29.91389390	    -35.00000000	      0.00000000	     33.61105914	     -4.90852349	     34.94232239	    -66.36169026	      4.35083316	    -26.65879550	     73.42085799	     73.99712652	     61.22538549	    -20.46963096	    145.56254543	     74.77025984	     25.31128315
      7.11666670	    -27.32298145	      2.48617080	     10.80551241	     -0.52424805	      0.73613869	     -0.20855544	     23.14009270	    -14.64724529	     39.99999995	     13.05584083	    -50.00000000	    -32.51535770	      0.00000000	     28.72023426	      3.74604717	     39.99999995	      6.51055038	    -30.32114031	    -35.00000000	      0.00000000	     34.82287377	     -4.74964280	     36.83996659	    -67.96309784	      5.40022896	    -26.36456930	     74.84530508	     73.63488107	     64.39767216	    -17.80271928	    149.62053878	     76.88170263	     21.80219379
      7.13333330	    -27.72325681	      2.54452447	     10.52328161	     -0.52510938	      0.73260791	     -0.20863351	     23.64044234	    -14.62296015	     39.99999995	     12.85873822	    -50.00000000	    -32.05834314	      0.00000000	     28.68722729	      3.50557118	     39.99999995	      5.56838062	    -30.40435837	    -35.00000000	      0.00000000	     35.37752110	     -4.62159214	     37.92471930	    -69.69063682	      6.13462068	    -26.07625306	     77.33828392	     73.57656689	     65.95505609	    -17.13600155	    150.22388708	     78.72007944	     20.72851758
      7.15000000	    -28.27292246	      2.58820419	     10.22538344	     -0.52572915	      0.73547576	     -0.20819406	     24.25450334	    -14.57433745	     39.99999995	     12.63195829	    -50.00000000	    -31.77753539	      0.00000000	     28.94974906	      3.32638570	     39.99999995	      4.77626964	    -30.37844909	    -35.00000000	      0.00000000	     36.13187770	     -4.51178485	     39.24318488	    -71.03996313	      7.03007970	    -25.57232989	     78.45149439	     73.58034126	     67.37515685	    -16.38645316	    150.33532247	     79.93099400	     20.29520123
      7.16666670	    -28.71267964	      2.70203696	      9.89888843	     -0.52846010	      0.73639097	     -0.20763709	     24.68944846	    -14.59903517	     39.99999995	     12.29104340	    -50.00000000	    -31.44201031	      0.00000000	     29.13819739	      3.23658123	     39.99999995	      4.08188472	    -30.31738118	    -35.00000000	      0.00000000	     36.76551877	     -4.47039723	     40.36676041	    -72.41003059	      7.62092744	    -25.19853752	     80.28284823	     73.57395517	     68.93159816	    -15.37438898	    151.40853103	     81.38004318	     19.75961403
      7.18333330	    -29.06196636	      2.74299630	      9.70076826	     -0.52680433	      0.73868515	     -0.20621976	     24.94016610	    -14.51414538	     39.99999995	     12.08075967	    -50.00000000	    -31.38833394	      0.00000000	     29.09738135	      3.07563752	     39.99999995	      3.54510815	    -30.22692257	    -35.00000000	      0.00000000	     37.34247683	     -4.51492022	     41.06410461	    -73.59541586	      7.88390206	    -25.01666958	     81.90673080	     73.45001280	     70.56604670	    -13.91453789	    154.10140240	     82.80952396	     18.40529056
      7.20000000	    -29.42869325	      2.80053506	      9.46774945	     -0.53062645	      0.73532213	     -0.20499498	     25.38773263	    -14.41878018	     39.99999995	     11.92033238	    -50.00000000	    -31.39291724	      0.00000000	     29.27385732	      2.96694494	     39.99999995	      3.12302389	    -30.24733248	    -35.00000000	      0.00000000	     37.82015404	     -4.48512594	     41.87033336	    -74.23653108	      8.16578444	    -24.70146451	     82.14796286	     73.43909664	     71.29256232	    -13.59386164	    154.05221377	     83.14168034	     18.07610343
      7.21666670	    -29.55413172	      2.78327444	      9.39304054	     -0.52962774	      0.73186276	     -0.20527523	     25.39345734	    -14.37563564	     39.99999995	     11.54741396	    -50.00000000	    -31.40873270	      0.00000000	     29.14179685	      2.80630715	     39.99999995	      2.65468492	    -30.17019876	    -35.00000000	      0.00000000	     38.10019816	     -4.46904571	     42.01518268	    -74.42822933	      8.19906466	    -24.67050286	     82.27645706	     73.43617681	     71.49170087	    -13.49098431	    154.08925079	     83.23254147	     18.00468466
      7.23333330	    -29.78988275	      2.83599564	      9.16781675	     -0.53238452	      0.73173764	     -0.20518809	     25.71682630	    -14.31481507	     39.99999995	     11.38444581	    -50.00000000	    -31.88139445	      0.00000000	     29.28924651	      2.75388447	     39.99999995	      2.48451207	    -29.78344103	    -35.00000000	      0.00000000	     38.53329525	     -4.40054005	     42.93181446	    -75.56706559	      8.78214048	    -24.11419283	     83.59686029	     73.42013883	     72.46401528	    -12.35092820	    155.17777435	     84.22000269	     17.31868696
      7.25000000	    -29.70770701	      2.74382075	      9.09042442	     -0.53334976	      0.72638797	     -0.20532166	     25.76561226	    -14.10745969	     39.99999995	     11.42773947	    -50.00000000	    -32.01831720	      0.00000000	     29.14929775	      2.57313385	     39.99999995	      2.32215921	    -29.67653934	    -35.00000000	      0.00000000	     38.52320326	     -4.29840649	     42.89852542	    -75.75533815	      8.56678473	    -24.21784301	     83.58685834	     73.40228815	     72.65214255	    -12.28897396	    155.33980612	     84.14167281	     17.19343637
      7.26666670	    -29.52916926	      2.58599388	      9.06127088	     -0.53283965	      0.72402077	     -0.20546009	     25.60092310	    -13.85151421	     39.99999995	     11.52203940	    -50.00000000	    -32.50723966	      0.00000000	     28.87588247	      2.40292795	     39.99999995	      2.40818380	    -29.07437950	    -35.00000000	      0.00000000	     38.45497422	     -4.14809896	     42.80191332	    -75.87199285	      8.32322701	    -24.17108021	     83.63435443	     73.36648023	     72.50373574	    -11.86132542	    155.91932926	     84.03632631	     16.78080776
      7.28333330	    -29.43002933	      2.57596047	      8.97972276	     -0.53158762	      0.72431663	     -0.20548081	     25.52092882	    -13.71957648	     39.99999995	     11.65149374	    -50.00000000	    -32.54894543	      0.00000000	     28.76612904	      2.41791347	     39.99999995	      2.68257397	    -29.06438827	    -35.00000000	      0.00000000	     38.51886122	     -4.12729444	     42.85301712	    -75.89532935	      8.29130627	    -24.17679433	     83.61670085	     73.36324207	     72.48603138	    -11.87995272	    155.97384632	     84.01696193	     16.74785096
      7.30000000	    -29.14260239	      2.46054794	      8.92215705	     -0.53307517	      0.72321633	     -0.20558643	     25.40237590	    -13.39913240	     39.99999995	     12.11690760	    -50.00000000	    -32.76662430	      0.00000000	     28.68401854	      2.41841665	     39.99999995	      3.25637201	    -28.87807880	    -35.00000000	      0.00000000	     38.11576072	     -3.88591075	     42.78812085	    -75.91417586	      8.06002371	    -24.24045338	     83.51165542	     73.35183678	     72.32564870	    -11.75227856	    156.12528510	     83.90638255	     16.64731350
      7.31666670	    -28.58369368	      2.27000346	      9.04014007	     -0.53444200	      0.72182738	     -0.20505529	     24.91585636	    -13.06177707	     39.99999995	     12.57175004	    -50.00000000	    -34.72571610	      0.00000000	     28.33418763	      2.33041731	     39.99999995	      3.83947520	    -28.20551900	    -35.00000000	      0.00000000	     37.66018264	     -3.77936600	     42.43971357	    -75.25612722	      7.31279160	    -24.13345904	     82.40182133	     73.26105478	     71.36668406	    -10.97506196	    157.07024713	     82.03252338	     15.05514339
      7.33333330	    -27.96267688	      2.10852072	      9.21762003	     -0.53428743	      0.72375594	     -0.20518620	     24.50466911	    -12.80765237	     39.99999995	     13.10511571	    -50.00000000	    -34.99134352	      0.00000000	     28.04973197	      2.33950161	     39.99999995	      4.50235597	    -28.09396107	    -35.00000000	      0.00000000	     36.96515269	     -3.63283167	     41.76851728	    -74.78418170	      6.93565050	    -24.39193468	     82.10202989	     73.22626606	     70.76499543	    -10.89624636	    157.27599585	     81.61166801	     14.68990749
      7.35000000	    -27.34418050	      2.02772867	      9.41113231	     -0.53301064	      0.72045891	     -0.20499361	     24.03717243	    -12.57942725	     39.99999995	     13.72283677	    -50.00000000	    -35.00000000	      0.00000000	     27.95582952	      2.49746310	     39.99999995	      5.34290316	    -28.03735571	    -35.00000000	      0.00000000	     36.23473371	     -3.56032248	     41.21197282	    -73.80536076	      6.41365929	    -24.53103045	     80.43047120	     73.19771717	     69.47599773	    -11.20946779	    156.86496173	     79.76775151	     13.16463559
      7.36666670	    -26.63033872	      1.97929376	      9.79645427	     -0.52783834	      0.72319617	     -0.20539353	     23.39144260	    -12.49956986	     39.99999995	     14.37884807	    -50.00000000	    -35.00000000	      0.00000000	     27.66884169	      2.74437471	     39.99999995	      6.34332707	    -27.91658820	    -35.00000000	      0.00000000	     35.39943004	     -3.55223179	     40.27902721	    -73.06368623	      6.04246164	    -24.94610393	     79.63970279	     73.18580989	     68.49923443	    -11.69161946	    157.07544162	     78.95186226	     12.61632960
      7.38333330	    -25.80992391	      1.95939080	     10.26838641	     -0.52515593	      0.71806776	     -0.20551923	     22.46166743	    -12.50377678	     39.99999995	     14.90177450	    -50.00000000	    -35.00000000	      0.00000000	     27.39500879	      3.08418092	     39.99999995	      7.59528073	    -27.86741794	    -35.00000000	      0.00000000	     34.45975799	     -3.59538062	     39.26536131	    -71.97985080	      5.55176610	    -25.27689811	     78.15665293	     73.19893125	     67.08302233	    -12.38150042	    156.93937007	     77.55710237	     12.03463705
      7.40000000	    -25.01467898	      1.98405844	     10.64410467	     -0.52354531	      0.71438171	     -0.20610368	     21.56146165	    -12.49893281	     39.99999995	     15.52505520	    -50.00000000	    -35.00000000	      0.00000000	     27.24904510	      3.49668867	     39.99999995	      9.04198484	    -27.67044111	    -35.00000000	      0.00000000	     33.58220640	     -3.59064735	     38.35160169	    -70.50974411	      5.13636916	    -25.45467496	     75.66112696	     73.34021090	     65.21824365	    -13.31995390	    155.71051649	     75.45482356	     11.01201738
      7.41666670	    -24.03350444	      2.05404679	     11.17684609	     -0.52144529	      0.71360417	     -0.20673830	     20.39252338	    -12.64102509	     39.99999995	     16.04758434	    -50.00000000	    -35.00000000	      0.00000000	     26.75615290	      3.98705168	     39.99999995	     10.60801388	    -27.20716841	    -35.00000000	      0.00000000	     32.36406259	     -3.69932694	     37.05621242	    -69.00864126	      4.44579629	    -25.84470042	     73.51669414	     73.63085977	     63.30305782	    -14.52740313	    154.24484000	     73.50538297	      9.95016416
      7.43333330	    -22.96281559	      2.05631376	     11.79466811	     -0.51597368	      0.70983119	     -0.20809218	     18.94049311	    -12.76229102	     39.99999995	     16.47960418	    -50.00000000	    -35.00000000	      0.00000000	     26.13147864	      4.46095003	     39.99999995	     12.44815579	    -26.40030313	    -35.00000000	      0.00000000	     31.15582516	     -3.74984711	     35.36696974	    -67.22239585	      3.58185416	    -26.16717512	     71.00688179	     73.94985450	     61.07089528	    -15.90518480	    152.67729241	     71.45462007	      9.20971141
      7.45000000	    -21.83720522	      2.14171980	     12.43396208	     -0.51343678	      0.70927890	     -0.20866024	     17.34158784	    -12.93998686	     39.99999995	     16.72245479	    -50.00000000	    -35.00000000	      0.00000000	     25.49835596	      4.99564390	     39.99999995	     14.34653459	    -25.31364345	    -35.00000000	      0.00000000	     29.83524845	     -3.87783795	     33.52421721	    -65.04636370	      2.51845530	    -26.51071846	     68.08535970	     74.31259066	     58.49602249	    -17.45809669	    150.90496341	     69.11815906	      8.70529887
      7.46666670	    -20.60523611	      2.01190441	     12.96814831	     -0.50645584	      0.70664656	     -0.20947279	     15.43343824	    -12.83827848	     39.99999995	     16.88009488	    -50.00000000	    -35.00000000	      0.00000000	     24.55932451	      5.09263433	     39.99999995	     16.05161119	    -23.74932368	    -35.00000000	      0.00000000	     28.57136460	     -3.72943945	     31.35778713	    -62.82633735	      1.17662733	    -26.82502494	     65.03077840	     74.64027052	     55.72608213	    -18.92937955	    149.08724092	     66.80472229	      8.43178978
      7.48333330	    -19.32425121	      2.13672013	     13.43925218	     -0.50425417	      0.70574363	     -0.20895089	     13.42996716	    -12.87689962	     39.99999995	     16.87757208	    -50.00000000	    -35.00000000	      0.00000000	     23.61808986	      5.32814402	     39.99999995	     17.62005225	    -22.15825781	    -35.00000000	      0.00000000	     26.95475843	     -3.85476743	     29.17864103	    -60.33247632	     -0.01211304	    -26.70947564	     61.95857299	     75.23868352	     52.68086223	    -20.86688083	    145.83643167	     64.11120305	      8.44065403
      7.50000000	    -18.20755820	      1.97162934	     14.04550699	     -0.50664108	      0.70480708	     -0.20911020	     11.80487233	    -12.78901486	     39.99999995	     16.64226994	    -50.00000000	    -35.00000000	      0.00000000	     22.93097676	      5.26673825	     39.99999995	     19.02794206	    -20.65381483	    -35.00000000	      0.00000000	     25.68814204	     -3.83876218	     26.62867851	    -57.65267699	     -1.73658817	    -26.73011783	     58.53001668	     75.55673278	     49.74820925	    -21.93909714	    144.03233843	     61.31374026	      8.57984629
      7.51666670	    -16.91744353	      2.07492679	     14.63226563	     -0.50717964	      0.70345595	     -0.21016980	      9.96520527	    -12.87084729	     39.99999995	     16.28049791	    -50.00000000	    -35.00000000	      0.00000000	     22.07758105	      5.38641143	     39.99999995	     20.31742011	    -19.46605827	    -35.00000000	      0.00000000	     23.76053112	     -4.00133708	     23.97274882	    -54.57641407	     -3.66558788	    -25.75149941	     55.17118083	     76.29674456	     46.09656563	    -23.95551839	    138.90175552	     57.95780778	      9.44922823
      7.53333330	    -15.99172582	      2.05677151	     15.27007866	     -0.50790100	      0.70546037	     -0.21118413	      8.42200683	    -12.94405327	     39.99999995	     15.63127597	    -50.00000000	    -35.00000000	      0.00000000	     21.66886254	      5.57228701	     39.99999995	     21.68078210	    -18.12562567	    -35.00000000	      0.00000000	     22.37331006	     -4.10551669	     21.48005811	    -51.43902700	     -5.21937437	    -25.44787318	     51.41936631	     76.59268299	     42.94162145	    -24.50427101	    136.77262925	     54.63973666	     10.17275709
      7.55000000	    -14.98504639	      1.87153520	     15.95370777	     -0.50841103	      0.70741772	     -0.21328199	      6.94837434	    -12.80266093	     39.99999995	     15.15558337	    -50.00000000	    -35.00000000	      0.00000000	     21.52993952	      5.81381046	     39.99999995	     23.35474548	    -17.17647707	    -35.00000000	      0.00000000	     20.67321561	     -3.86922347	     18.81259298	    -48.19295232	     -7.01137626	    -24.62124650	     47.40983515	     76.90219072	     39.46075741	    -24.92330164	    133.75532212	     50.89010514	     10.83404677
      7.56666670	    -13.79954758	      1.78836238	     16.57894678	     -0.51035247	      0.70652618	     -0.21491552	      5.44793870	    -12.61722690	     39.99999995	     14.90687738	    -50.00000000	    -35.00000000	      0.00000000	     21.22450013	      6.07666409	     39.99999995	     25.05876048	    -15.95201042	    -35.00000000	      0.00000000	     18.40263048	     -3.65354853	     15.23818004	    -44.51979412	     -9.90110184	    -21.77298295	     44.19317938	     77.74528193	     34.21937712	    -26.56436800	    124.80542412	     47.05493175	     13.49389922
      7.58333330	    -12.57645687	     -2.49557804	     17.14205950	     -0.51090131	      0.69776925	     -0.21214953	      5.68411342	     -7.27021249	     39.99999995	     15.53826355	    -50.00000000	    -35.00000000	      0.00000000	     26.72895131	     -4.78280456	     12.34346360	     31.67935928	     48.46815517	     25.65345866	      0.00000000	     17.07832810	      0.66869819	     10.60909427	    -41.29068674	    -12.26150802	    -21.52474521	     41.87175376	     77.49819366	     28.54419381	    -29.06631122	    109.81420285	     45.78377032	     27.57051327
      7.60000000	    -11.25796940	     -2.96952007	     17.90374443	     -0.51168364	      0.69436265	     -0.21256114	      4.27165296	     -6.55895598	     39.99999995	     15.36267373	    -50.00000000	    -35.00000000	      0.00000000	     26.80767937	     -5.34530439	     12.73491487	     33.44616808	     50.00000000	     26.49605505	      0.00000000	     15.15963346	      1.56559823	      8.98952219	    -39.20504235	    -13.17100133	    -21.49723976	     40.92531512	     77.50124051	     27.72764825	    -27.90717677	    110.70329406	     43.60639367	     27.64831995
      7.61666670	    -10.00553543	     -2.81762697	     18.32854203	     -0.51329803	      0.69032746	     -0.21398374	      2.76098451	     -6.48754734	     39.99999995	     15.23035008	    -50.00000000	    -35.00000000	      0.00000000	     26.58738713	     -5.39543369	     12.55612231	     34.94057505	     50.00000000	     27.01695960	      0.00000000	     13.01226943	      1.63723063	      6.51152419	    -33.74470616	    -15.09952633	    -18.35299704	     33.28848028	     78.07256281	     24.01138363	    -25.57832028	    108.68835812	     35.03011681	     27.50142265
      7.63333330	     -8.91274912	     -2.71665229	     19.11186161	     -0.51205148	      0.68883722	     -0.21625441	      1.09876942	     -6.48099053	     39.99999995	     14.80308377	    -50.00000000	    -35.00000000	      0.00000000	     26.69916806	     -5.10641986	     13.15319371	     36.81617156	     50.00000000	     26.92061459	      0.00000000	     10.60942537	      1.85021284	      2.20457835	    -28.56462056	    -17.44873452	    -13.27448841	     29.25369494	     79.05219423	     18.20972785	    -25.42597254	     95.71505690	     30.78051575	     28.73849864
      7.65000000	     -7.70826739	     -2.62534653	     19.55379787	     -0.51341453	      0.68531297	     -0.21670097	     -0.41737504	     -6.29398329	     39.99999995	     14.73411185	    -50.00000000	    -35.00000000	      0.00000000	     26.42762158	     -5.04177279	     13.80040828	     38.44618285	     50.00000000	     26.47598207	      0.00000000	      8.01811332	      2.33013551	     -1.08708829	    -23.78715312	    -18.67466661	    -10.76686125	     25.75423845	     79.01358274	     13.77965998	    -24.35851607	     82.33338939	     26.40384336	     37.25866523
      7.66666670	     -6.31832892	     -2.35090883	     20.15006602	     -0.51185888	      0.68248591	     -0.21788993	     -2.48718779	     -6.25463518	     39.99999995	     14.27497622	    -50.00000000	    -35.00000000	      0.00000000	     25.99580027	     -4.88062710	     14.38600363	     40.44623075	     50.00000000	     26.19695257	      0.00000000	      5.45479090	      2.82950165	     -3.01087771	    -20.49673353	    -18.62852654	    -11.23168270	     22.90377391	     78.75902593	     12.97538216	    -23.60467128	     81.96844069	     24.17190495	     38.42383320
      7.68333330	     -4.66803122	     -2.24202655	     20.49623177	     -0.51683463	      0.68346017	     -0.21838237	     -4.14985197	     -5.90052872	     39.99999995	     14.18763287	    -50.00000000	    -35.00000000	      0.00000000	     25.37068185	     -5.10140599	     14.45685380	     42.14854981	     50.00000000	     26.45963079	      0.00000000	      2.16527326	      3.75270516	     -4.97514586	    -16.84673644	    -19.19727836	     -8.74524892	     20.56645652	     79.34627316	     11.00997377	    -22.24069843	     72.09803263	     21.03788928	     43.58107357
      7.70000000	     -2.74230777	     -2.26348302	     21.12823302	     -0.52007350	      0.68394274	     -0.22012392	     -6.10920222	     -5.54229190	     39.99999995	     13.69663042	    -50.00000000	    -35.00000000	      0.00000000	     24.59502660	     -5.09663174	     15.62701534	     43.78086837	     50.00000000	     25.62072506	      0.00000000	     -1.52228816	      5.25349300	     -6.32627875	    -14.42110334	    -19.45136989	     -9.00998920	     20.16580028	     79.20230232	     11.16267072	    -21.61381272	     71.86721528	     20.16382377	     44.14846058
      7.71666670	     -0.94235609	     -2.24471445	     21.76799380	     -0.52343223	      0.68266985	     -0.22121238	     -7.91688715	     -5.23281808	     39.99999995	     13.13811357	    -50.00000000	    -35.00000000	      0.00000000	     23.99529686	     -5.11060317	     16.57589575	     45.06926295	     50.00000000	     25.58369023	      0.00000000	     -5.19741911	      6.73645550	     -7.54589148	    -11.60156267	    -19.57843058	     -8.94035697	     18.24280418	     79.04831383	     11.50482448	    -20.54534211	     69.82366580	     18.40395425	     45.31161398
      7.73333330	      0.99745182	     -2.06239517	     22.14426888	     -0.52865799	      0.68141733	     -0.22115462	     -9.51260554	     -4.77502991	     39.99999995	     13.30233781	    -50.00000000	    -35.00000000	      0.00000000	     23.23305929	     -5.26136853	     17.04436718	     46.47810895	     50.00000000	     25.40136639	      0.00000000	     -9.60915279	      8.21089033	     -8.09867893	     -9.46512681	    -19.74429542	     -8.84495891	     18.51252823	     79.01574686	     12.41254413	    -20.19557824	     68.96781469	     17.89824366	     45.69541398
      7.75000000	      2.55378683	     -1.97472446	     22.76051655	     -0.53280329	      0.68114043	     -0.22303380	    -10.88874079	     -4.47875033	     39.99999995	     13.03093856	    -50.00000000	    -35.00000000	      0.00000000	     22.90250185	     -5.11750623	     18.02725055	     47.98675380	     50.00000000	     24.97670463	      0.00000000	    -13.53216186	      9.70148700	     -9.19408598	     -6.60316330	    -20.04296556	     -7.32648373	     17.13011519	     78.74001023	     12.34955969	    -19.34125113	     60.40645977	     16.68144490	     49.55559732
      7.76666670	      4.11270178	     -1.59107285	     23.17282490	     -0.53332580	      0.68067803	     -0.22229640	    -12.52981486	     -4.35375612	     39.99999995	     12.71274166	    -50.00000000	    -35.00000000	      0.00000000	     22.10236135	     -5.12013529	     18.39892962	     49.28766885	     50.00000000	     25.01183633	      0.00000000	    -17.55395056	     10.85037868	     -9.22353863	     -5.27189585	    -20.07194605	     -7.28463253	     17.65605822	     78.67839121	     13.60320259	    -19.21818775	     60.11163816	     16.76079420	     50.13023128
      7.78333330	      5.64813705	     -1.44264320	     23.63805344	     -0.53903805	      0.68078206	     -0.22347254	    -13.95486280	     -3.94560019	     39.99999995	     12.49916905	    -50.00000000	    -35.00000000	      0.00000000	     21.20631296	     -5.20910885	     19.13901542	     50.13304578	     50.00000000	     24.88211430	      0.00000000	    -21.41300497	     12.21412957	     -9.24220590	     -3.59049219	    -20.21810358	     -7.27784215	     17.78335354	     78.58636088	     14.94153600	    -18.95621944	     59.61615529	     16.61822088	     50.65867726
      7.80000000	      7.15136162	     -1.34288224	     24.06953817	     -0.54425361	      0.68088420	     -0.22436057	    -15.16330056	     -3.47821415	     39.99999995	     12.52169621	    -50.00000000	    -35.00000000	      0.00000000	     20.24369604	     -5.34860323	     19.80063360	     50.49674810	     50.00000000	     24.81181591	      0.00000000	    -25.18574267	     13.60686119	     -8.98617438	     -2.00653124	    -20.39630561	     -7.20810026	     17.83135180	     78.50681065	     16.17702526	    -18.59735528	     58.96203062	     16.54480876	     51.11852636
      7.81666670	      8.39145857	     -0.98235028	     24.52915330	     -0.54292432	      0.67940480	     -0.22616380	    -16.67337364	     -3.48335853	     39.99999995	     12.08163448	    -50.00000000	    -35.00000000	      0.00000000	     19.28280355	     -5.27432123	     20.19333153	     50.98216970	     50.00000000	     24.70357510	      0.00000000	    -28.37762877	     14.56328512	     -8.78320911	     -0.88269405	    -20.50026149	     -7.13053175	     17.81296345	     78.41855547	     17.07140654	    -18.34091829	     58.20010517	     16.55714939	     51.56194752
      7.83333330	      9.24175248	     -0.67461667	     24.87667893	     -0.54427070	      0.67814924	     -0.22582135	    -17.79976692	     -3.45938789	     39.99999995	     11.74674523	    -50.00000000	    -35.00000000	      0.00000000	     18.51111618	     -5.09795136	     20.65966926	     51.21336876	     50.00000000	     24.43790826	      0.00000000	    -30.68363918	     15.14230912	     -8.60806512	     -0.08119885	    -20.50841840	     -7.03179393	     17.84779904	     78.31736397	     17.82739168	    -18.13962004	     57.27495740	     16.70173528	     52.03719153
      7.85000000	      9.73291789	     -0.61399031	     25.27401371	     -0.54392080	      0.67728705	     -0.22607798	    -18.65571818	     -3.18100025	     39.99999995	     11.54025689	    -50.00000000	    -35.00000000	      0.00000000	     18.15412192	     -5.12004269	     21.22881609	     51.45623094	     50.00000000	     24.42643483	      0.00000000	    -32.02639922	     15.72302627	     -8.61004504	      0.32039481	    -20.51292954	     -7.00082881	     17.87228713	     78.28249156	     18.23435429	    -17.95681330	     56.91888435	     16.78865672	     52.19345409
      7.86666670	     10.21099471	      0.05225825	     25.42785295	     -0.54366083	      0.67787737	     -0.22589691	    -19.93167280	     -3.60089138	     39.99999995	     10.97673232	    -50.00000000	    -35.00000000	      0.00000000	     17.11141239	     -4.59438065	     21.52866921	     51.29938967	     50.00000000	     24.03355592	      0.00000000	    -33.24408090	     15.46597303	     -8.69987734	      0.37940385	    -20.15737601	     -6.89287314	     17.95443614	     78.13711733	     18.38921969	    -17.93792812	     55.38707065	     17.08979898	     52.83624672
      7.88333330	     10.22551297	      0.08567866	     25.31339834	     -0.54251809	      0.67920036	     -0.22507656	    -20.13159301	     -3.45399970	     39.99999995	     11.08093602	    -50.00000000	    -35.00000000	      0.00000000	     17.20143705	     -4.50105898	     21.55797448	     51.56246031	     50.00000000	     24.00489371	      0.00000000	    -33.34197288	     15.31682328	     -8.60923945	      0.42639272	    -20.08483152	     -6.87977786	     17.98189456	     78.13152584	     18.26421560	    -17.83870743	     55.31780383	     17.11353718	     52.87808582
      7.90000000	     10.12821897	      0.23443010	     25.02367186	     -0.54404636	      0.67902083	     -0.22499247	    -20.10426633	     -3.44468573	     39.99999995	     11.46868966	    -50.00000000	    -35.00000000	      0.00000000	     17.27030924	     -4.31132949	     21.32505367	     51.60620775	     50.00000000	     23.71314573	      0.00000000	    -33.19915835	     14.80663915	     -8.48726394	      0.14291411	    -19.75190812	     -6.82804103	     18.01177627	     78.11692458	     18.12728484	    -17.88231809	     54.98934614	     17.15582660	     53.00904350
      7.91666670	      9.67140358	      0.28915439	     24.60226244	     -0.54251254	      0.68073393	     -0.22384310	    -19.57371774	     -3.64288867	     39.99999995	     11.84211387	    -50.00000000	    -35.00000000	      0.00000000	     17.37224330	     -4.26124779	     20.96185587	     51.24936647	     50.00000000	     23.86593023	      0.00000000	    -32.03183245	     14.01600331	     -8.36315821	     -0.38897217	    -19.53569787	     -6.79505224	     18.10644578	     78.09684279	     17.68173240	    -17.83728783	     54.57396040	     17.23707165	     53.19890979
      7.93333330	      9.25707067	      0.18733764	     24.28345838	     -0.54501155	      0.68074197	     -0.22498364	    -18.86800915	     -3.73633651	     39.99999995	     12.16420284	    -50.00000000	    -35.00000000	      0.00000000	     17.52123356	     -4.19683266	     20.72387835	     50.72815524	     50.00000000	     23.81368149	      0.00000000	    -30.78227354	     13.55749373	     -8.34756362	     -0.99164405	    -19.34581334	     -6.76468726	     18.20101347	     78.08713279	     17.27772555	    -17.75691699	     54.29631714	     17.33479154	     53.34271090
      7.95000000	      8.43559116	     -0.41796164	     23.67761552	     -0.54967710	      0.68251668	     -0.22357413	    -16.97408963	     -3.49265933	     39.99999995	     13.03555187	    -50.00000000	    -35.00000000	      0.00000000	     18.59460412	     -4.71191042	     19.93584910	     50.57943284	     50.00000000	     24.40496229	      0.00000000	    -29.27791066	     13.24852338	     -7.88389180	     -1.75598239	    -19.31943024	     -7.12699095	     19.28515550	     77.55869668	     16.41089804	    -17.24260541	     46.33305470	     17.85550389	     58.93635041
      7.96666670	      7.08808637	     -0.80948735	     23.37360678	     -0.54352974	      0.68582140	     -0.22223783	    -15.06156613	     -3.55522619	     39.99999995	     13.60908953	    -50.00000000	    -35.00000000	      0.00000000	     19.72860638	     -4.69185014	     19.65321597	     50.03087991	     50.00000000	     24.21781038	      0.00000000	    -26.45994272	     12.57041674	     -8.17866911	     -2.53766424	    -19.18212795	     -7.01569755	     19.24653934	     77.58454386	     15.63355827	    -17.36279730	     46.63998652	     17.95215435	     59.59226984
      7.98333330	      5.35677101	     -1.03764890	     23.04783683	     -0.53951169	      0.68622402	     -0.22212606	    -13.36362628	     -3.96769654	     39.99999995	     13.57225735	    -50.00000000	    -35.00000000	      0.00000000	     20.96372867	     -4.56676303	     18.97717777	     49.16994846	     50.00000000	     24.46395302	      0.00000000	    -22.76153147	     11.37787378	     -8.38269650	     -4.07726768	    -18.92160855	     -6.88779574	     19.27515923	     77.62498361	     14.67182199	    -17.51231852	     46.92117696	     18.07399108	     60.21111599
      8.00000000	      3.65346460	     -1.43760956	     22.59746779	     -0.54231951	      0.68815115	     -0.22248415	    -11.29657418	     -4.24568045	     39.99999995	     13.81002065	    -50.00000000	    -35.00000000	      0.00000000	     22.22731363	     -4.49296878	     18.41944513	     48.05239952	     50.00000000	     24.64622749	      0.00000000	    -19.20094081	     10.39644749	     -8.38968650	     -5.42462092	    -18.82352139	     -6.76599306	     19.43670189	     77.67214867	     13.89706731	    -17.59393540	     47.21404833	     18.27474831	     60.83277382
      8.01666670	      2.23989898	     -1.78059819	     22.11319544	     -0.54220058	      0.68851666	     -0.22132806	     -9.47205160	     -4.53341717	     39.99999995	     13.92819204	    -50.00000000	    -35.00000000	      0.00000000	     22.87380762	     -4.64581617	     17.83431025	     46.50451074	     50.00000000	     24.81265120	      0.00000000	    -16.10622172	      9.46180911	     -8.25324478	     -6.64299502	    -18.67626123	     -6.66949041	     19.53846545	     77.70835602	     13.18300815	    -17.77201512	     47.39981005	     18.43631817	     61.19149805
      8.03333330	      0.08750872	     -2.40285985	     21.51254337	     -0.53995904	      0.69220626	     -0.22051918	     -6.66727873	     -4.53985895	     39.99999995	     14.55073991	    -50.00000000	    -35.00000000	      0.00000000	     24.48169506	     -4.83571234	     17.20173218	     45.17019644	     50.00000000	     25.33619604	      0.00000000	    -11.81332144	      8.46480273	     -7.97578271	     -8.25490352	    -18.72979034	     -6.55279101	     19.95039527	     77.77185136	     12.29264067	    -17.95040125	     47.83237258	     18.70623727	     61.82200632
      8.05000000	     -2.16736773	     -2.70802302	     20.81705137	     -0.53640222	      0.69313921	     -0.21934949	     -3.93806482	     -4.93846153	     39.99999995	     14.90257354	    -50.00000000	    -35.00000000	      0.00000000	     25.57399379	     -4.93188600	     16.28183519	     43.30110403	     50.00000000	     25.63224655	      0.00000000	     -7.50989507	      7.09085630	     -7.55564271	    -10.06895885	    -18.60095603	     -6.44875571	     20.40841601	     77.83706117	     11.38246403	    -18.36304562	     48.36718004	     18.96166723	     62.48258964
      8.06666670	     -4.28497469	     -2.94037747	     20.16818084	     -0.53345727	      0.69026193	     -0.21841341	     -1.69028613	     -5.29355451	     39.99999995	     15.15895210	    -50.00000000	    -35.00000000	      0.00000000	     26.37315836	     -4.99867459	     15.63886633	     41.18898196	     50.00000000	     25.99511261	      0.00000000	     -3.39250992	      5.77351378	     -7.03183176	    -11.93730872	    -18.54320835	     -6.35045073	     20.88413915	     77.90013795	     10.59983016	    -18.87011811	     49.01500779	     19.31447076	     63.14438688
      8.08333330	     -6.26226947	     -2.78998253	     19.53742297	     -0.52566165	      0.69077279	     -0.21788016	      0.01537239	     -5.90512068	     39.99999995	     15.30416163	    -50.00000000	    -35.00000000	      0.00000000	     27.05902552	     -4.70454514	     14.73253400	     39.56387972	     50.00000000	     26.22499660	      0.00000000	      0.62756783	      4.17013445	     -5.93060102	    -14.59371625	    -18.23627365	     -6.91827023	     21.92083182	     77.98993717	     10.36738007	    -19.82072722	     53.46048079	     19.80070724	     67.29801719
      8.10000000	     -7.93836015	     -2.87771929	     18.95676795	     -0.52631798	      0.69349145	     -0.21686022	      1.82740230	     -6.17638758	     39.99999995	     15.54623140	    -50.00000000	    -35.00000000	      0.00000000	     27.46048202	     -4.62733055	     14.24741046	     37.58165908	     49.33118441	     26.23927932	      0.00000000	      3.99743085	      3.10555333	     -5.04649026	    -16.45783758	    -18.14781653	     -6.86381995	     22.23969704	     78.02772058	      9.68807862	    -20.41973410	     53.52057718	     20.25266323	     67.51896755
      8.11666670	     -9.68496302	     -2.81287932	     18.48838717	     -0.52843566	      0.69504305	     -0.21558580	      3.81754893	     -6.64679894	     39.99999995	     15.75814137	    -50.00000000	    -35.00000000	      0.00000000	     28.07007965	     -4.18405491	     14.08544259	     35.65585844	     47.43888991	     25.15703300	      0.00000000	      7.11963249	      2.00569907	     -4.06895497	    -18.44127557	    -18.16701658	     -6.85438139	     23.35876641	     78.04767102	      9.45633858	    -21.19559762	     53.91641219	     21.16338180	     67.84158497
      8.13333330	    -11.22410996	     -2.29929433	     18.10555653	     -0.52409095	      0.69373124	     -0.21428076	      5.15556652	     -7.62401056	     39.99999995	     15.44938447	    -50.00000000	    -35.00000000	      0.00000000	     28.46322681	     -3.37513673	     13.83764173	     34.05983509	     46.04639011	     24.18311385	      0.00000000	      9.79369537	      0.54416715	     -2.60812419	    -21.28571390	    -17.95600490	     -7.28803835	     26.00367797	     77.93129837	      9.59194991	    -22.63745385	     55.79199326	     23.31419659	     68.68040078
      8.15000000	    -12.78505202	     -2.17292955	     17.73701048	     -0.52270737	      0.69673136	     -0.21296470	      6.71731617	     -8.05763975	     39.99999995	     15.47098920	    -50.00000000	    -35.00000000	      0.00000000	     28.69375989	     -3.02661087	     13.93606439	     32.00103996	     44.59883572	     23.41818936	      0.00000000	     12.39955396	     -0.36896254	     -1.05928974	    -24.08570256	    -17.65111175	     -8.66323555	     28.84942566	     77.55247820	     10.30775825	    -24.02677241	     59.30745989	     25.57131982	     69.55595202
      8.16666670	    -14.20986257	     -2.26900231	     17.19848950	     -0.51988017	      0.69603549	     -0.21228641	      8.18550761	     -8.25091089	     39.99999995	     15.37675716	    -50.00000000	    -35.00000000	      0.00000000	     28.89451315	     -3.00352990	     14.13389853	     30.06423981	     43.56333027	     22.69253765	      0.00000000	     15.00363515	     -0.86002844	      0.75125492	    -26.54252303	    -17.60388695	     -9.00376506	     30.00143950	     77.45560823	     10.86492917	    -25.05483304	     60.36945580	     27.10545928	     69.67246852
      8.18333330	    -15.54799107	     -2.07695167	     16.84230931	     -0.51914407	      0.70161859	     -0.21207237	      9.44643066	     -8.79633358	     39.99999995	     14.95547586	    -50.00000000	    -35.00000000	      0.00000000	     28.63876250	     -2.52132157	     15.14804959	     27.74412313	     41.63668600	     21.27345140	      0.00000000	     17.09802666	     -1.48822204	      2.58821169	    -30.66149588	    -16.69994793	    -12.11133194	     35.76739125	     76.72947419	     12.55893189	    -27.41816112	     67.28726933	     31.69158004	     70.00933437
      8.20000000	    -17.08586418	     -2.14365918	     16.29761573	     -0.51820871	      0.70570952	     -0.21187515	     10.97221681	     -9.02971594	     39.99999995	     14.61833073	    -50.00000000	    -35.00000000	      0.00000000	     28.82565549	     -2.31105634	     16.16587798	     25.64919466	     40.25615173	     19.45726602	      0.00000000	     19.81919037	     -1.60362635	      6.06297028	    -35.93659218	    -15.02523813	    -16.62136702	     39.93023181	     75.86048356	     16.89120940	    -29.43940562	     78.95004549	     36.14762137	     68.24813782
      8.21666670	    -18.12147494	     -1.80465803	     15.80240804	     -0.52052112	      0.70530564	     -0.21119849	     11.98789911	     -9.51407482	     39.99999995	     14.37707944	    -50.00000000	    -35.00000000	      0.00000000	     28.71479248	     -1.75808463	     17.19732051	     23.67627774	     37.65493491	     17.55510288	      0.00000000	     21.96285108	     -2.02475383	     11.15905928	    -41.25353429	    -12.12647281	    -19.48063568	     44.10017834	     75.66935590	     26.03518898	    -29.05981718	    100.35353791	     39.90052163	     54.32705454
      8.23333330	    -19.21456399	     -1.27454080	     15.37155634	     -0.52030748	      0.70971906	     -0.21238181	     12.95597669	    -10.28729700	     39.99999995	     14.14022385	    -50.00000000	    -35.00000000	      0.00000000	     28.44192950	     -0.53881360	     20.72192048	     21.36267670	     31.83360722	     11.46031866	      0.00000000	     23.68152074	     -2.70092818	     14.17390579	    -44.41377984	     -9.65686214	    -22.94345578	     46.46173572	     75.15608580	     31.02394502	    -29.96802491	    108.49443959	     45.77254433	     46.72128936
      8.25000000	    -20.26169150	     -0.93050717	     15.22139673	     -0.52441875	      0.71185380	     -0.21262709	     14.21208732	    -11.00589522	     39.99999995	     14.00390825	    -50.00000000	    -35.00000000	      0.00000000	     28.60493592	      0.55855007	     24.02483355	     19.69443331	     25.97699411	      5.77562533	      0.00000000	     24.97326532	     -3.08202717	     15.84109155	    -48.80334363	     -8.68239165	    -23.38172114	     53.46764265	     75.16568360	     34.57181544	    -30.96934160	    112.51597105	     50.77961786	     44.89904416
      8.26666670	    -21.49195329	      2.24972798	     13.77503165	     -0.52215401	      0.72322382	     -0.21130517	     15.64651543	    -14.34500815	     39.99999995	     14.15456689	    -50.00000000	    -35.00000000	      0.00000000	     26.11833849	      5.52671676	     39.99999995	     14.96442411	    -25.86078509	    -35.00000000	      0.00000000	     26.64814233	     -5.91076830	     21.80344909	    -50.65829395	     -5.79999950	    -24.20909519	     53.23442547	     74.75290309	     41.28217620	    -28.67796285	    125.54294299	     53.60008132	     34.08541561
      8.28333330	    -22.61374612	      2.21115310	     13.46065666	     -0.52224721	      0.72250020	     -0.21086464	     17.06569680	    -14.50116272	     39.99999995	     13.98278643	    -50.00000000	    -35.00000000	      0.00000000	     26.89393343	      5.31680045	     39.99999995	     13.50590935	    -26.87563440	    -35.00000000	      0.00000000	     28.12689322	     -5.74493724	     23.95954722	    -54.51697180	     -3.94542107	    -25.68458725	     58.86784062	     74.59652867	     44.97393314	    -29.09091172	    127.78104373	     58.63177519	     32.86845554
      8.30000000	    -23.60428441	      2.28049512	     13.06087514	     -0.52859807	      0.72701696	     -0.21042430	     18.48453318	    -14.76107342	     39.99999995	     13.63930838	    -50.00000000	    -35.00000000	      0.00000000	     27.59204309	      5.13854417	     39.99999995	     11.85463321	    -28.09273359	    -35.00000000	      0.00000000	     29.61035010	     -5.70235702	     27.44461166	    -57.76516921	     -1.20152230	    -27.08441812	     61.68470661	     74.22569176	     50.93831972	    -26.40917601	    136.36506308	     62.33872123	     29.52778289
      8.31666670	    -24.61568197	      2.39263977	     12.43478689	     -0.52939471	      0.73027540	     -0.20821552	     19.93153043	    -14.87816177	     39.99999995	     13.38755414	    -50.00000000	    -35.00000000	      0.00000000	     28.23231663	      4.80290385	     39.99999995	     10.34096500	    -28.97925660	    -35.00000000	      0.00000000	     31.06726787	     -5.64351852	     30.38956526	    -60.57627312	      0.39950510	    -27.14764306	     64.91432957	     73.86862141	     55.69123674	    -24.10294746	    141.93570323	     66.26551726	     24.77425713
      8.33333330	    -25.48946585	      2.46337451	     11.88863637	     -0.53493768	      0.73202168	     -0.20837726	     21.29907886	    -14.91731406	     39.99999995	     13.17190975	    -50.00000000	    -34.43853231	      0.00000000	     28.78373611	      4.50264146	     39.99999995	      8.96894480	    -29.64178688	    -35.00000000	      0.00000000	     31.96299037	     -5.37513350	     32.28341612	    -63.36969240	      1.47214303	    -26.93878875	     68.96752009	     73.83419783	     58.37158118	    -23.42919884	    142.80354161	     69.00291777	     23.71898895
      8.35000000	    -26.36621552	      2.50975709	     11.51477733	     -0.53627270	      0.72913870	     -0.20734078	     22.53411886	    -14.98029784	     39.99999995	     12.89348012	    -50.00000000	    -34.37469707	      0.00000000	     29.32877303	      4.25407982	     39.99999995	      7.82735140	    -30.11230163	    -35.00000000	      0.00000000	     33.07849271	     -5.30490616	     33.99576661	    -65.70383787	      2.51048212	    -27.08055334	     72.04799958	     73.63406777	     61.41787269	    -21.77759159	    145.80223084	     71.68996719	     22.08257186
      8.36666670	    -26.94554089	      2.55964882	     11.04572551	     -0.53857821	      0.73208886	     -0.20613922	     23.41419400	    -14.88516576	     39.99999995	     12.64054595	    -50.00000000	    -34.01268750	      0.00000000	     29.56030994	      3.90417486	     39.99999995	      6.67926945	    -30.28275600	    -35.00000000	      0.00000000	     33.71417361	     -5.16627354	     35.65403840	    -67.63113539	      3.33673482	    -26.92457245	     74.83258871	     73.51239580	     64.10254963	    -20.26113008	    147.53917607	     73.82467551	     20.85183622
      8.38333330	    -27.50314868	      2.68167909	     10.66792829	     -0.53850457	      0.73130743	     -0.20596677	     24.03513337	    -14.85834202	     39.99999995	     12.42725007	    -50.00000000	    -33.68194173	      0.00000000	     29.76572558	      3.69495740	     39.99999995	      5.66119213	    -30.32016543	    -35.00000000	      0.00000000	     34.61304990	     -5.28276421	     37.43109961	    -69.22337100	      4.04098757	    -26.43602449	     75.98724772	     72.90271127	     66.92829642	    -17.84608320	    150.86934419	     75.93687989	     16.44906966
      8.40000000	    -28.01077024	      2.75127991	     10.21558222	     -0.53984990	      0.73616883	     -0.20520709	     24.61681865	    -14.77383249	     39.99999995	     12.12517818	    -50.00000000	    -32.91627667	      0.00000000	     29.86546550	      3.44293454	     39.99999995	      4.82959051	    -30.39858500	    -35.00000000	      0.00000000	     35.20661437	     -5.04241413	     38.55496189	    -71.01303987	      4.58974377	    -26.28838894	     78.35466810	     72.85901870	     68.39056917	    -17.38874026	    150.89934741	     77.52875207	     15.83822205
      8.41666670	    -28.54359930	      2.73448565	      9.93999387	     -0.53940848	      0.73455721	     -0.20407112	     25.12668155	    -14.61121930	     39.99999995	     11.92462886	    -50.00000000	    -32.73285094	      0.00000000	     30.06762981	      3.17140012	     39.99999995	      4.12523578	    -30.46192479	    -35.00000000	      0.00000000	     35.98572812	     -4.94705447	     39.63804236	    -72.44331287	      5.28155730	    -25.85848100	     79.67942842	     72.85258529	     69.75077674	    -16.61156568	    151.00979568	     78.79952773	     15.51294406
      8.43333330	    -28.99672194	      2.77053759	      9.54114534	     -0.54461332	      0.73773666	     -0.20387438	     25.67395925	    -14.50137268	     39.99999995	     11.65275689	    -50.00000000	    -32.30244707	      0.00000000	     30.28288850	      2.92501003	     39.99999995	      3.48989332	    -30.55831332	    -35.00000000	      0.00000000	     36.54474470	     -4.74920870	     40.60792127	    -73.71236278	      5.65419532	    -25.63944004	     81.26651405	     72.82449647	     71.08717714	    -15.76662941	    151.74031067	     80.11820491	     15.16055193
      8.45000000	    -29.28409826	      2.79442453	      9.28754652	     -0.54616452	      0.73528522	     -0.20366375	     26.01702194	    -14.43788340	     39.99999995	     11.35975248	    -50.00000000	    -32.15015257	      0.00000000	     30.35794654	      2.72308477	     39.99999995	      3.00470900	    -30.44343420	    -35.00000000	      0.00000000	     36.99091316	     -4.68444767	     41.31501919	    -74.74103442	      5.82571946	    -25.43863506	     82.56035078	     72.76208621	     72.28669258	    -14.85243774	    152.70280037	     81.22559420	     14.71654184
      8.46666670	    -29.53083429	      2.83492355	      9.03760534	     -0.54555839	      0.73264098	     -0.20336396	     26.24090490	    -14.37432911	     39.99999995	     11.12439502	    -50.00000000	    -31.96904531	      0.00000000	     30.42287554	      2.56804731	     39.99999995	      2.63308245	    -30.23031340	    -35.00000000	      0.00000000	     37.43066310	     -4.58570377	     42.00054333	    -75.51904586	      5.93752296	    -25.21139883	     83.26038478	     72.67249686	     73.19329252	    -14.05619311	    153.48170403	     82.02169296	     14.23415407
      8.48333330	    -29.57252906	      2.87697130	      8.90181083	     -0.54425377	      0.72714433	     -0.20331771	     26.15415760	    -14.33402447	     39.99999995	     10.93555638	    -50.00000000	    -32.00938471	      0.00000000	     30.25234611	      2.46737136	     39.99999995	      2.41419843	    -30.11499320	    -35.00000000	      0.00000000	     37.67347295	     -4.55691272	     42.21655496	    -75.80743886	      5.77665480	    -25.31093934	     83.29121460	     72.65148082	     73.42463811	    -14.03526438	    153.54514632	     82.06219950	     14.16434679
      8.50000000	    -29.55653534	      2.88685851	      8.84496519	     -0.54518656	      0.72523390	     -0.20352450	     26.09025057	    -14.26340777	     39.99999995	     10.96861103	    -50.00000000	    -32.05513388	      0.00000000	     30.09533693	      2.46532357	     39.99999995	      2.47112305	    -30.05466673	    -35.00000000	      0.00000000	     37.84604232	     -4.56630806	     42.23773621	    -75.93142414	      5.77581626	    -25.32194599	     83.30226615	     72.64560370	     73.47931505	    -13.97677607	    153.54472646	     82.10335400	     14.14483485
      8.51666670	    -29.48992918	      2.72375120	      8.81017730	     -0.54527007	      0.72754457	     -0.20308642	     26.02914107	    -14.01484142	     39.99999995	     11.02189488	    -50.00000000	    -32.40160915	      0.00000000	     29.84963692	      2.25833449	     39.99999995	      2.38898381	    -29.60355805	    -35.00000000	      0.00000000	     38.00284563	     -4.30113955	     42.41919885	    -76.52248208	      5.67497416	    -25.38352141	     83.38740318	     72.61271347	     73.66880010	    -13.47907512	    153.54481200	     82.36735018	     14.04187806
      8.53333330	    -29.42837370	      2.64079729	      8.89269991	     -0.54422008	      0.72662843	     -0.20232270	     25.99452094	    -13.83393596	     39.99999995	     11.25724797	    -50.00000000	    -33.96874612	      0.00000000	     29.73666144	      2.26584150	     39.99999995	      2.64424624	    -29.14933427	    -35.00000000	      0.00000000	     38.15464436	     -4.28659456	     42.63992023	    -76.86218813	      6.10179846	    -25.19181657	     83.83213054	     72.31027525	     73.88603923	    -12.32391014	    155.02859497	     82.41633176	     12.96461879
      8.55000000	    -29.28307587	      2.56638681	      8.98327037	     -0.54423180	      0.72640640	     -0.20224316	     25.89427963	    -13.67634052	     39.99999995	     11.47789942	    -50.00000000	    -33.97542305	      0.00000000	     29.57429361	      2.27284283	     39.99999995	      2.88114785	    -29.13319571	    -35.00000000	      0.00000000	     38.23434467	     -4.27042705	     42.63526730	    -76.88059377	      6.08957313	    -25.21184040	     83.79956123	     72.30264071	     73.78076991	    -12.30286559	    155.05107748	     82.43482258	     12.94407360
      8.56666670	    -28.93770027	      2.35545509	      9.10871511	     -0.54241167	      0.72707048	     -0.20193114	     25.74413792	    -13.28063184	     39.99999995	     12.11099167	    -50.00000000	    -34.07928222	      0.00000000	     29.38516418	      2.24232518	     39.99999995	      3.38206518	    -29.00939799	    -35.00000000	      0.00000000	     37.74397615	     -4.02507217	     42.23208158	    -76.86820483	      6.07065108	    -25.26631912	     83.57712891	     72.27332845	     73.23015364	    -12.04684872	    155.18692111	     82.42759662	     12.86354784
      8.58333330	    -28.24186474	      2.16668065	      9.31548261	     -0.54278063	      0.72345295	     -0.20286324	     25.14488839	    -13.00524561	     39.99999995	     12.50820992	    -50.00000000	    -34.46460573	      0.00000000	     28.85856900	      2.17162071	     39.99999995	      3.85922754	    -28.49995150	    -35.00000000	      0.00000000	     37.06843174	     -3.90340095	     41.50913226	    -76.14275571	      5.53522573	    -25.78756437	     82.59277367	     72.11875936	     72.15799372	    -11.98114876	    155.75504139	     81.02099153	     12.31071812
      8.60000000	    -27.66061929	      1.97380405	      9.57057803	     -0.53820039	      0.72190566	     -0.20257287	     24.69873691	    -12.70447211	     39.99999995	     13.14468147	    -50.00000000	    -34.90190977	      0.00000000	     28.47982460	      2.18210658	     39.99999995	      4.55435729	    -28.29118426	    -35.00000000	      0.00000000	     36.49102339	     -3.72284776	     40.97985590	    -75.65697700	      5.52433396	    -26.00152303	     81.51613922	     71.99010509	     71.15297196	    -11.85230642	    155.91883164	     80.01399760	     11.71644411
      8.61666670	    -27.05655331	      1.83586180	      9.80204201	     -0.53660448	      0.72076621	     -0.20223957	     24.20723064	    -12.40647141	     39.99999995	     13.83127264	    -50.00000000	    -35.00000000	      0.00000000	     28.20493394	      2.26438259	     39.99999995	      5.34484338	    -27.81489930	    -35.00000000	      0.00000000	     35.85935300	     -3.56245652	     40.42673915	    -75.08562807	      5.38681873	    -26.22913927	     80.57643785	     71.90145130	     70.17766799	    -11.99024126	    156.02183665	     79.20292565	     11.22849962
      8.63333330	    -26.29574405	      1.72754089	     10.12926561	     -0.53141244	      0.71657815	     -0.20411019	     23.46445482	    -12.26828713	     39.99999995	     14.47116007	    -50.00000000	    -35.00000000	      0.00000000	     27.73031159	      2.41855730	     39.99999995	      6.33038981	    -27.61749380	    -35.00000000	      0.00000000	     35.11242605	     -3.41601838	     39.61797079	    -74.30914060	      5.15239712	    -26.45383614	     79.27529375	     71.82758991	     68.96974272	    -12.39094485	    155.88356629	     78.17829129	     10.74351233
      8.65000000	    -25.56862337	      1.66549213	     10.51860187	     -0.53028268	      0.71980197	     -0.20526788	     22.75824768	    -12.18722059	     39.99999995	     15.14829933	    -50.00000000	    -35.00000000	      0.00000000	     27.35189412	      2.70955557	     39.99999995	      7.37519165	    -27.25094839	    -35.00000000	      0.00000000	     34.35484397	     -3.36338923	     38.67073924	    -73.20390079	      4.81819735	    -26.73726267	     77.61921929	     71.76953467	     67.52149626	    -12.87794478	    155.51887203	     76.93475761	     10.24889604
      8.66666670	    -24.78320434	      1.60467150	     10.92981447	     -0.53059560	      0.72256497	     -0.20610812	     21.98535789	    -12.13860487	     39.99999995	     15.75171773	    -50.00000000	    -35.00000000	      0.00000000	     26.94171624	      3.04402573	     39.99999995	      8.63166320	    -27.09104042	    -35.00000000	      0.00000000	     33.47070772	     -3.27607744	     37.66074624	    -71.86945025	      4.29744864	    -27.05615187	     75.84601099	     71.73738007	     65.93591540	    -13.47646076	    155.06681346	     75.58080774	      9.80091622
      8.68333330	    -24.06682646	      1.64246934	     11.41347533	     -0.52652328	      0.72195033	     -0.20738210	     21.09909923	    -12.18760816	     39.99999995	     16.37525261	    -50.00000000	    -35.00000000	      0.00000000	     26.60082038	      3.56644399	     39.99999995	     10.12527790	    -26.49976416	    -35.00000000	      0.00000000	     32.60590725	     -3.32615903	     36.55787870	    -70.49609388	      3.84015049	    -27.33203716	     73.79772999	     71.72971309	     64.28362113	    -14.17827794	    154.35563824	     74.06657613	      9.38960810
      8.70000000	    -23.32487842	      1.62208139	     11.82656162	     -0.52149468	      0.71655783	     -0.20670864	     20.23711264	    -12.14477414	     39.99999995	     16.93603861	    -50.00000000	    -35.00000000	      0.00000000	     26.25954828	      3.93268186	     39.99999995	     11.57197436	    -25.87202138	    -35.00000000	      0.00000000	     31.73288736	     -3.26325099	     35.47515443	    -68.70850737	      3.46492125	    -27.43398640	     70.79095019	     71.82988925	     62.08676644	    -15.35217421	    152.51958276	     72.01970762	      8.82546406
      8.71666670	    -22.31319875	      1.60351689	     12.28693896	     -0.52213057	      0.71750379	     -0.20786087	     19.09926261	    -12.07459337	     39.99999995	     17.48503850	    -50.00000000	    -35.00000000	      0.00000000	     25.63938246	      4.28918325	     39.99999995	     13.02617126	    -24.99348288	    -35.00000000	      0.00000000	     30.49477199	     -3.20728071	     33.89396055	    -66.83679069	      2.62354074	    -27.75347920	     68.30951373	     72.03975865	     59.75780931	    -16.41519015	    150.70837764	     69.97081173	      8.42927650
      8.73333330	    -21.19688964	      1.51060849	     12.81702569	     -0.51800604	      0.71136195	     -0.20797563	     17.75491359	    -11.91826390	     39.99999995	     17.96117251	    -50.00000000	    -35.00000000	      0.00000000	     25.04753126	      4.56386493	     39.99999995	     14.86404352	    -23.65665484	    -35.00000000	      0.00000000	     29.27847813	     -3.14613221	     31.84026156	    -64.42067376	      1.53983031	    -28.06553182	     65.57130787	     72.21275632	     57.16884343	    -17.59983197	    149.34700789	     67.67036596	      8.23352986
      8.75000000	    -19.69960611	      1.51320402	     13.42730067	     -0.51197700	      0.70658563	     -0.20843597	     15.74791665	    -11.78172682	     39.99999995	     18.37943398	    -50.00000000	    -35.00000000	      0.00000000	     23.87357241	      4.76046023	     39.99999995	     16.64543872	    -22.20787372	    -35.00000000	      0.00000000	     27.54610635	     -3.18178223	     29.54738098	    -61.68551514	      0.20407416	    -27.90333970	     61.76928810	     72.59955775	     53.90661984	    -19.08181582	    146.43190759	     64.68747773	      8.18437224
      8.76666670	    -18.30761022	      1.55497091	     13.87867023	     -0.51123081	      0.70617566	     -0.20930774	     13.87767607	    -11.60430564	     39.99999995	     18.64858090	    -50.00000000	    -35.00000000	      0.00000000	     23.03739300	      5.00801796	     39.99999995	     18.60574740	    -20.36954332	    -35.00000000	      0.00000000	     25.83592729	     -3.21265849	     26.92129590	    -58.61404989	     -1.54021666	    -27.47541889	     58.30357009	     73.24417832	     50.34603189	    -20.96797964	    142.74513727	     61.68043043	      8.67775703
      8.78333330	    -17.04603949	      1.61538376	     14.33759113	     -0.51155993	      0.70689943	     -0.21032309	     12.09281794	    -11.55913712	     39.99999995	     18.65522470	    -50.00000000	    -35.00000000	      0.00000000	     22.42198244	      5.32524200	     39.99999995	     20.38497424	    -18.54067843	    -35.00000000	      0.00000000	     24.13865445	     -3.32256592	     24.17444745	    -55.35725817	     -3.69423332	    -26.76438213	     54.74648773	     74.04460014	     46.60450862	    -22.63424433	    138.58316709	     58.48274597	      9.91453025
      8.80000000	    -16.04189740	      1.82632744	     14.74005370	     -0.50809836	      0.71089676	     -0.21094509	     10.29191799	    -11.73735796	     39.99999995	     18.25306953	    -50.00000000	    -35.00000000	      0.00000000	     21.93107847	      5.77858142	     39.99999995	     21.98507169	    -17.48111990	    -35.00000000	      0.00000000	     22.70113203	     -3.62402288	     22.02320866	    -52.09091809	     -5.11638172	    -26.26815379	     51.01705817	     74.55512721	     43.46306678	    -23.48533387	    135.90257139	     55.29654039	     11.03258828
      8.81666670	    -15.30459286	      1.67829671	     15.18130271	     -0.51163191	      0.71131987	     -0.21143754	      9.24741069	    -11.66170631	     39.99999995	     17.86506653	    -50.00000000	    -35.00000000	      0.00000000	     21.92732212	      5.98585771	     39.99999995	     23.40647648	    -16.56655733	    -35.00000000	      0.00000000	     21.44743954	     -3.52776891	     19.58693436	    -48.79105610	     -6.69261849	    -25.85733672	     47.15169677	     74.79700811	     40.38755037	    -23.90979017	    134.22962890	     52.09856598	     11.54021535
      8.83333330	    -14.05673099	      1.83728530	     15.70200037	     -0.51694666	      0.70762745	     -0.21331324	      7.61135327	    -11.84357583	     39.99999995	     17.33181280	    -50.00000000	    -35.00000000	      0.00000000	     21.68101770	      6.52150893	     39.99999995	     25.12369284	    -15.48299616	    -35.00000000	      0.00000000	     19.11722946	     -3.66849014	     16.76432109	    -44.74847725	     -8.95071572	    -23.48808133	     42.72869928	     75.53508583	     36.15856171	    -24.85438531	    127.89339085	     47.80369355	     12.79123328
      8.85000000	    -13.16992968	      1.68941124	     16.39458301	     -0.51965911	      0.70759010	     -0.21513358	      6.40593634	    -11.88367095	     39.99999995	     16.80722339	    -50.00000000	    -35.00000000	      0.00000000	     22.03757212	      7.06297519	     39.99999995	     27.34270313	    -14.61308693	    -35.00000000	      0.00000000	     16.87901668	     -3.42744643	     12.06432961	    -40.04816706	    -12.29618752	    -20.18819994	     39.73884453	     76.77436779	     29.19821343	    -26.64152329	    115.20041396	     43.57401701	     17.66163024
      8.86666670	    -11.75288484	      1.43443421	     17.05114341	     -0.52025255	      0.70315379	     -0.21570453	      4.80603347	    -11.59203092	     39.99999995	     16.46301821	    -50.00000000	    -35.00000000	      0.00000000	     21.93085183	      7.16490971	     39.99999995	     29.34305685	    -13.15164162	    -34.75829872	      0.00000000	     14.51160902	     -2.88688915	      9.13712088	    -35.49750473	    -13.67605436	    -20.28863636	     35.08789850	     76.73873443	     26.50552188	    -25.45426469	    114.08215735	     38.99382651	     18.82563866
      8.88333330	    -10.35230295	     -2.77033919	     17.45797924	     -0.52151888	      0.69661274	     -0.21095063	      5.18814040	     -5.94980843	     39.99999995	     17.55936349	    -50.00000000	    -35.00000000	      0.00000000	     27.22147543	     -4.03256799	     15.15241525	     34.70074416	     49.47055846	     23.49837087	      0.00000000	     12.60982126	      1.54047454	      4.48218479	    -30.93151849	    -16.19937011	    -16.78979688	     31.91002652	     77.17423016	     20.23301913	    -26.83232445	     94.72774489	     36.80587509	     33.47620837
      8.90000000	     -9.16710486	     -2.83840631	     18.14095818	     -0.52170376	      0.69120848	     -0.21365754	      3.80945481	     -5.80803577	     39.99999995	     17.24761521	    -50.00000000	    -35.00000000	      0.00000000	     27.21972729	     -4.18368097	     15.26873042	     36.31859510	     50.00000000	     23.98338200	      0.00000000	     10.35426120	      2.13196239	      2.39956297	    -27.46147146	    -16.99188182	    -15.69301558	     29.01295377	     77.40196633	     19.04058256	    -24.53568006	     94.56603143	     30.96524318	     34.35907751
      8.91666670	     -7.54385228	     -2.82680553	     18.52064571	     -0.52502764	      0.68788042	     -0.21453322	      2.12228570	     -5.42085733	     39.99999995	     17.27877376	    -50.00000000	    -35.00000000	      0.00000000	     26.69507726	     -4.52528432	     15.17356609	     37.86605849	     50.00000000	     24.40677940	      0.00000000	      7.16735332	      2.84039617	     -0.03995303	    -22.83228486	    -18.03285189	    -12.22568208	     24.87196558	     78.27742628	     16.70727309	    -23.11052135	     87.95674275	     26.59607326	     36.12228793
      8.93333330	     -5.82906191	     -2.89812757	     19.26460318	     -0.52207558	      0.68707208	     -0.21651760	     -0.00021971	     -5.07902261	     39.99999995	     16.90023622	    -50.00000000	    -35.00000000	      0.00000000	     25.93344837	     -4.68524205	     16.00963031	     39.66523195	     50.00000000	     24.24163574	      0.00000000	      3.96934295	      3.85815223	     -2.87779906	    -18.79310223	    -18.60959892	    -10.40870017	     22.15822147	     78.64246786	     14.28553927	    -22.07831988	     80.43678714	     23.55361497	     38.95928289
      8.95000000	     -4.49256677	     -2.79733878	     19.85344335	     -0.52354942	      0.68772070	     -0.21872149	     -1.92525041	     -5.01469432	     39.99999995	     16.28365149	    -50.00000000	    -35.00000000	      0.00000000	     25.46850463	     -4.47405959	     16.91973025	     41.33129486	     50.00000000	     24.00998367	      0.00000000	      0.93406124	      4.83763553	     -5.24629303	    -15.67604286	    -19.64068836	     -7.26628187	     20.95682689	     79.20727271	     11.82951862	    -21.33037474	     68.32000229	     21.69787071	     47.64413528
      8.96666670	     -2.84134216	     -2.54508597	     20.25568274	     -0.52266257	      0.68587490	     -0.21922648	     -4.00623445	     -4.81926572	     39.99999995	     15.99568859	    -50.00000000	    -35.00000000	      0.00000000	     24.54044579	     -4.45297538	     17.42494212	     42.90986411	     50.00000000	     23.63581702	      0.00000000	     -2.14552599	      5.68380845	     -6.35491715	    -13.57047278	    -19.51102371	     -7.58562135	     20.36140553	     79.03976342	     11.89819167	    -20.96577760	     68.33734316	     20.59263801	     48.23677323
      8.98333330	     -1.02984749	     -2.49573838	     20.58711508	     -0.52904933	      0.68473763	     -0.22025758	     -5.78381505	     -4.41888543	     39.99999995	     15.89681583	    -50.00000000	    -35.00000000	      0.00000000	     23.63810746	     -4.67323276	     17.86544863	     44.37226137	     50.00000000	     23.49344134	      0.00000000	     -5.89061768	      7.06212486	     -7.16537106	    -11.27517447	    -19.62728388	     -7.69713191	     19.46031396	     78.93821344	     12.42400587	    -20.35107203	     67.81707368	     19.38078127	     48.68125714
      9.00000000	      1.11180567	     -2.50354121	     20.95466887	     -0.53164877	      0.68149860	     -0.22114823	     -7.73975801	     -3.79304910	     39.99999995	     16.03190671	    -50.00000000	    -35.00000000	      0.00000000	     22.74418984	     -4.95194931	     18.58202246	     46.04465981	     50.00000000	     23.08578864	      0.00000000	    -10.08552203	      8.67763133	     -8.20363287	     -8.25982703	    -19.87352059	     -6.99012388	     17.68132646	     78.78202989	     12.42552791	    -19.41902613	     62.82694830	     17.60877602	     51.13756093
      9.01666670	      3.40801609	     -2.25248808	     21.30184898	     -0.53706483	      0.68145874	     -0.21987768	     -9.68955294	     -3.25354261	     39.99999995	     16.16262609	    -50.00000000	    -35.00000000	      0.00000000	     21.52939400	     -5.25564246	     18.94989008	     47.58658430	     50.00000000	     23.10547584	      0.00000000	    -15.13266444	     10.17471959	     -8.19074757	     -6.53186005	    -19.98770391	     -6.89186107	     18.20049149	     78.74384391	     13.82922159	    -19.33439391	     62.11651926	     17.59790037	     51.57498493
      9.03333330	      5.73463954	     -2.04836230	     21.84403904	     -0.54137519	      0.68063888	     -0.22063858	    -11.69825208	     -2.68770458	     39.99999995	     16.16926633	    -50.00000000	    -35.00000000	      0.00000000	     20.43332365	     -5.54258909	     19.51255738	     49.16635349	     50.00000000	     22.93206065	      0.00000000	    -20.24604587	     11.85686848	     -8.19696572	     -4.50483329	    -20.24522771	     -6.81880242	     18.21833875	     78.68522465	     15.41478561	    -19.11212399	     61.20056884	     17.43336866	     51.92617738
      9.05000000	      7.70530807	     -1.67148770	     22.43146693	     -0.54343524	      0.68003635	     -0.22255437	    -13.70552311	     -2.40709069	     39.99999995	     16.00984014	    -50.00000000	    -35.00000000	      0.00000000	     19.43017079	     -5.63315960	     19.98102109	     50.68530886	     50.00000000	     22.98140579	      0.00000000	    -24.73020244	     13.10868054	     -8.07757545	     -2.87158193	    -20.41001768	     -6.71840069	     18.17687755	     78.62097471	     16.70846979	    -18.92528715	     60.12069623	     17.39756070	     52.24940422
      9.06666670	      9.07307335	     -1.29267744	     22.80975788	     -0.54801969	      0.68194720	     -0.22320706	    -15.14440361	     -2.33421105	     39.99999995	     15.80474320	    -50.00000000	    -35.00000000	      0.00000000	     18.74928192	     -5.58265014	     20.04522247	     51.57606936	     50.00000000	     23.19995867	      0.00000000	    -28.46529127	     14.00500964	     -7.82767704	     -1.41931594	    -20.56693703	     -6.58305881	     18.25271058	     78.54660131	     17.92769710	    -18.72294228	     58.85479073	     17.47510695	     52.61205966
      9.08333330	     10.34028841	     -0.93809741	     23.36038298	     -0.54824341	      0.67883876	     -0.22406539	    -16.94779131	     -2.36345643	     39.99999995	     15.04776252	    -50.00000000	    -35.00000000	      0.00000000	     17.78081259	     -5.58602414	     20.55027338	     52.11786172	     50.00000000	     23.18033404	      0.00000000	    -31.50296159	     14.87549167	     -7.64685399	     -0.34329568	    -20.74321405	     -6.43277251	     18.25942792	     78.47867300	     18.84984265	    -18.46509316	     57.61270079	     17.59181056	     52.96043005
      9.10000000	     11.09112242	     -0.40081128	     23.80165017	     -0.55177451	      0.67909208	     -0.22346402	    -18.41439318	     -2.69238734	     39.99999995	     14.11158182	    -50.00000000	    -35.00000000	      0.00000000	     17.49930413	     -5.13094794	     20.66392099	     52.79045169	     50.00000000	     23.24147323	      0.00000000	    -34.17579158	     15.32932964	     -7.55611999	      0.63850364	    -20.79220806	     -6.28334974	     18.34407020	     78.39055669	     19.70573919	    -18.31916408	     56.14048438	     17.75989734	     53.40244956
      9.11666670	     11.79941812	      0.07133505	     24.16238489	     -0.54922321	      0.67676589	     -0.22462447	    -19.91537239	     -3.01462961	     39.99999995	     13.20715437	    -50.00000000	    -35.00000000	      0.00000000	     17.22455340	     -4.71512465	     20.95448911	     53.67335210	     50.00000000	     23.07137232	      0.00000000	    -36.15816231	     15.65394446	     -8.04831234	      1.61813534	    -20.75327132	     -5.71082997	     18.25022562	     77.59627534	     18.98365361	    -18.08410153	     46.85235661	     18.48673061	     58.19710320
      9.13333330	     12.40199883	      0.42860126	     24.41176102	     -0.55087882	      0.67587239	     -0.22459705	    -21.10057527	     -3.17189137	     39.99999995	     12.60055267	    -50.00000000	    -35.00000000	      0.00000000	     16.73467358	     -4.63248765	     21.04291765	     53.99747796	     50.00000000	     23.53255527	      0.00000000	    -37.72365694	     15.99249352	     -7.98771945	      2.06336941	    -20.75378442	     -5.68775346	     18.48598217	     77.57737692	     19.48265005	    -17.94959213	     46.84897159	     18.47717802	     58.50445333
      9.15000000	     12.57909839	      0.54882883	     24.42160449	     -0.55147637	      0.67556601	     -0.22483191	    -21.40422323	     -3.18406569	     39.99999995	     12.57277778	    -50.00000000	    -35.00000000	      0.00000000	     16.71149675	     -4.56116911	     21.01237717	     54.46169357	     50.00000000	     23.54569706	      0.00000000	    -38.03927006	     15.91914363	     -7.94022866	      2.17231039	    -20.65160137	     -5.67812417	     18.55810379	     77.57606745	     19.44703295	    -17.75062375	     46.85754442	     18.52105373	     58.54724480
      9.16666670	     12.47259238	      0.55363358	     24.40535463	     -0.54757869	      0.67832801	     -0.22438283	    -21.48435406	     -3.11314729	     39.99999995	     12.57005401	    -50.00000000	    -35.00000000	      0.00000000	     16.67991121	     -4.54731275	     21.01024733	     54.46879273	     50.00000000	     23.54843166	      0.00000000	    -38.05460913	     15.91781344	     -7.94516631	      2.18181220	    -20.64803570	     -5.67840304	     18.56616820	     77.57587231	     19.46415566	    -17.74268593	     46.85482909	     18.52532256	     58.55004114
      9.18333330	     12.82305033	      1.19688804	     24.35922286	     -0.55143338	      0.68008353	     -0.22504313	    -22.54087074	     -3.69827278	     39.99999995	     11.77111037	    -50.00000000	    -35.00000000	      0.00000000	     15.46126470	     -4.11146356	     20.87191329	     53.54373476	     50.00000000	     23.50337663	      0.00000000	    -38.51287200	     15.24909460	     -8.20501450	      1.81673156	    -20.28637878	     -5.99588633	     19.55951600	     77.48997133	     19.66944162	    -17.71622754	     46.23703283	     18.53420370	     59.24885008
      9.20000000	     12.24005521	      1.09650342	     24.05778931	     -0.55297986	      0.68191361	     -0.22474751	    -21.68780574	     -3.86022491	     39.99999995	     12.08102134	    -50.00000000	    -35.00000000	      0.00000000	     15.78092832	     -3.96629270	     20.60483915	     52.89454858	     50.00000000	     23.41910385	      0.00000000	    -37.33625862	     14.64897005	     -8.27685269	      1.39751817	    -20.10836653	     -6.07314349	     19.69917490	     77.47471003	     19.32947667	    -17.67062031	     46.11988572	     18.57577238	     59.42411112
      9.21666670	     11.22405854	      0.21845411	     23.54075968	     -0.55238551	      0.68570407	     -0.22236754	    -19.49093158	     -3.19229712	     39.99999995	     13.34143980	    -50.00000000	    -35.00000000	      0.00000000	     16.73044150	     -4.71283678	     20.28205962	     52.18670469	     50.00000000	     23.84528580	      0.00000000	    -35.29280877	     14.45172900	     -7.93637098	      0.75247966	    -20.04825442	     -6.37053540	     20.15282673	     77.45168392	     18.76260152	    -17.51342730	     45.59570338	     18.53116307	     60.08693538
      9.23333330	     10.49894737	      0.11309579	     23.15965878	     -0.55406261	      0.68284263	     -0.22437655	    -18.44187747	     -3.53868556	     39.99999995	     13.59016624	    -50.00000000	    -35.00000000	      0.00000000	     17.08331927	     -4.68201068	     19.78526450	     51.37407106	     50.00000000	     23.65626541	      0.00000000	    -33.65268198	     13.71523769	     -7.96732543	      0.16773922	    -19.93934610	     -6.41483138	     20.26204577	     77.45785646	     18.39530683	    -17.46182976	     45.49345962	     18.56995013	     60.27619921
      9.25000000	      9.21151681	     -0.63874873	     22.89512275	     -0.55375319	      0.68456870	     -0.22371321	    -16.29126922	     -3.28364680	     39.99999995	     14.21694954	    -50.00000000	    -35.00000000	      0.00000000	     18.54992219	     -4.91426136	     19.62534475	     50.90270994	     50.00000000	     23.90250745	      0.00000000	    -30.96548304	     13.47310807	     -8.01159524	     -0.69969164	    -19.94021097	     -6.52809887	     20.64110194	     77.48661476	     17.87367323	    -17.31421873	     45.26935437	     18.50067462	     60.79634174
      9.26666670	      7.63586700	     -1.11626411	     22.50354491	     -0.55412348	      0.68717851	     -0.22329054	    -14.09207349	     -3.44084106	     39.99999995	     14.60294634	    -50.00000000	    -35.00000000	      0.00000000	     19.93493701	     -4.88431982	     19.28976218	     50.17775096	     50.00000000	     23.95738144	      0.00000000	    -27.81543202	     12.69839794	     -8.07080958	     -1.84039614	    -19.92124685	     -6.60831364	     21.03981735	     77.53018629	     17.22332344	    -17.28330599	     45.12709509	     18.54905965	     61.33834684
      9.28333330	      5.73333959	     -1.52053807	     22.06839978	     -0.55065581	      0.68948628	     -0.22265266	    -11.96204247	     -3.74406529	     39.99999995	     14.78296025	    -50.00000000	    -35.00000000	      0.00000000	     21.44093843	     -4.77024855	     18.76968670	     49.36344973	     50.00000000	     24.06637359	      0.00000000	    -23.92004172	     11.60666308	     -8.22167141	     -3.35880572	    -19.75758973	     -6.62605545	     21.29738745	     77.59579970	     16.29353390	    -17.33175786	     45.12903739	     18.56178218	     61.91362361
      9.30000000	      3.69744957	     -1.92580959	     21.55157217	     -0.54724549	      0.69084171	     -0.22275917	     -9.73304729	     -4.02573450	     39.99999995	     14.92446606	    -50.00000000	    -35.00000000	      0.00000000	     22.73836570	     -4.73895758	     18.20439715	     48.15724296	     50.00000000	     24.22652587	      0.00000000	    -19.71894616	     10.44454742	     -8.34456430	     -4.91484606	    -19.65151541	     -6.61115681	     21.47091090	     77.67582813	     15.25832680	    -17.39200659	     45.25815874	     18.53565826	     62.49748606
      9.31666670	      1.63515986	     -2.35188269	     21.04688184	     -0.54434687	      0.69166246	     -0.22234264	     -7.49740430	     -4.34425132	     39.99999995	     14.96365641	    -50.00000000	    -35.00000000	      0.00000000	     23.86594254	     -4.83619041	     17.52835148	     46.49325602	     50.00000000	     24.48671527	      0.00000000	    -15.29201820	      9.29960889	     -8.35060489	     -6.62451301	    -19.60842284	     -6.54843612	     21.65550810	     77.77431514	     14.15808633	    -17.46444253	     45.51939807	     18.49917809	     63.11278338
      9.33333330	     -0.58356031	     -2.71303931	     20.41711162	     -0.54371345	      0.69252519	     -0.22112520	     -4.96750579	     -4.71225738	     39.99999995	     15.18677204	    -50.00000000	    -35.00000000	      0.00000000	     25.02435401	     -4.88355883	     16.75047882	     44.62518917	     50.00000000	     24.80261048	      0.00000000	    -10.89946499	      8.02948646	     -8.08789931	     -8.45842138	    -19.51503688	     -6.43491927	     21.83911537	     77.87943966	     13.12327375	    -17.67003673	     45.88263626	     18.53810016	     63.72675108
      9.35000000	     -2.78952087	     -2.86724566	     19.70899458	     -0.54078107	      0.69244934	     -0.22016772	     -2.50796934	     -5.14761631	     39.99999995	     15.51451933	    -50.00000000	    -35.00000000	      0.00000000	     26.14474008	     -4.78416521	     15.78266702	     42.81883544	     50.00000000	     25.13824207	      0.00000000	     -6.64848380	      6.58377298	     -7.62002545	    -10.33447257	    -19.43903543	     -6.26916802	     22.11065845	     77.99229387	     12.26834737	    -17.96748193	     46.40172012	     18.69535438	     64.39896575
      9.36666670	     -5.34777341	     -2.88753395	     19.02597147	     -0.53712351	      0.69354653	     -0.21883583	      0.19997508	     -5.78595776	     39.99999995	     15.67776961	    -50.00000000	    -35.00000000	      0.00000000	     27.46125178	     -4.43227556	     15.00615239	     40.80283474	     49.97750818	     25.34187061	      0.00000000	     -2.06143189	      4.91162501	     -6.92581219	    -12.57166732	    -19.31208193	     -6.11514164	     22.59565259	     78.09588735	     11.35509944	    -18.43091518	     47.11398237	     19.01012065	     65.12051474
      9.38333330	     -7.55327332	     -2.75466820	     18.52247204	     -0.53397195	      0.69535022	     -0.21816425	      2.37750012	     -6.46500146	     39.99999995	     15.84711861	    -50.00000000	    -35.00000000	      0.00000000	     28.20055841	     -3.93708574	     14.56126205	     38.59313371	     48.21736284	     24.54607409	      0.00000000	      2.01270196	      3.35866578	     -6.07565046	    -14.80221403	    -19.19663454	     -6.01990186	     23.19016029	     78.17148370	     10.62170816	    -18.98538802	     47.91161754	     19.41842981	     65.79233482
      9.40000000	     -9.64730217	     -2.67598317	     18.01921827	     -0.53196292	      0.69686463	     -0.21707850	      4.43825037	     -7.01545950	     39.99999995	     15.90082483	    -50.00000000	    -35.00000000	      0.00000000	     28.67653683	     -3.51964527	     14.47813167	     36.25648922	     46.35896544	     23.54166113	      0.00000000	      5.91138001	      2.00519819	     -4.95486011	    -17.17169537	    -19.15594899	     -5.99058366	     24.12678953	     78.21945605	     10.17178154	    -19.60789085	     48.92695290	     20.13174174	     66.51799439
      9.41666670	    -11.22204083	     -2.19114632	     17.61942708	     -0.52770882	      0.69636430	     -0.21632974	      5.71111019	     -7.96199036	     39.99999995	     15.49813080	    -50.00000000	    -35.00000000	      0.00000000	     28.82512626	     -2.70071798	     14.53617870	     34.25162391	     44.43493978	     22.19723253	      0.00000000	      8.94772373	      0.56706463	     -3.42603859	    -20.49243809	    -18.96996491	     -6.65130794	     26.84976813	     78.11626931	     10.26210177	    -20.74708681	     52.20022598	     21.70685977	     68.34301207
      9.43333330	    -12.75299540	     -2.20146601	     16.96135774	     -0.52384091	      0.69658093	     -0.21413729	      7.38664033	     -8.11412886	     39.99999995	     15.62860123	    -50.00000000	    -35.00000000	      0.00000000	     28.87192729	     -2.73966419	     14.42099096	     32.03971517	     43.79901318	     22.00962336	      0.00000000	     12.09637623	     -0.15528121	     -1.57766779	    -23.50251353	    -18.46969101	     -8.81936593	     28.85163060	     77.61247161	     10.85291192	    -21.93455241	     57.71677636	     23.18039268	     70.51685128
      9.45000000	    -14.34831077	     -1.99233298	     16.39175319	     -0.51929995	      0.69889083	     -0.21459811	      8.67491127	     -8.57910895	     39.99999995	     15.50243878	    -50.00000000	    -35.00000000	      0.00000000	     28.77916639	     -2.40451739	     14.86499219	     29.79965837	     42.69865924	     21.02116659	      0.00000000	     15.04594349	     -1.00327093	      0.45726470	    -26.99916235	    -17.95886053	    -10.08597804	     31.64323851	     77.32788019	     11.44781607	    -23.15592577	     60.77581219	     25.58220944	     70.94166182
      9.46666670	    -15.69273912	     -1.91237052	     15.89302772	     -0.52043834	      0.69946411	     -0.21317575	      9.98574419	     -8.90737629	     39.99999995	     15.34412337	    -50.00000000	    -35.00000000	      0.00000000	     28.59423995	     -2.23212078	     15.50849087	     27.59751091	     41.79050724	     20.16734618	      0.00000000	     17.54897893	     -1.48549615	      2.65877970	    -30.99631685	    -17.14813098	    -12.27710476	     35.47747145	     76.83724882	     12.75403288	    -24.78635300	     65.66813445	     28.96947539	     71.01180546
      9.48333330	    -16.88981069	     -1.77916635	     15.65202278	     -0.51650289	      0.69972157	     -0.21298949	     10.99823033	     -9.28264256	     39.99999995	     15.04851356	    -50.00000000	    -35.00000000	      0.00000000	     28.36560114	     -1.89280581	     16.34584344	     25.59436460	     40.94396410	     19.05491900	      0.00000000	     20.05839015	     -1.90770001	      6.33156491	    -35.97288605	    -14.77628621	    -17.54805163	     38.72036361	     75.71818519	     17.54998781	    -26.53544681	     78.96483139	     33.49282961	     68.75020285
      9.50000000	    -18.03105891	     -1.65705280	     15.24397040	     -0.51830707	      0.70344902	     -0.21317288	     12.13632280	     -9.50546717	     39.99999995	     15.02585882	    -50.00000000	    -35.00000000	      0.00000000	     28.30286315	     -1.39865014	     18.08229542	     23.70995844	     38.35529091	     16.39579205	      0.00000000	     22.05580218	     -2.14068747	      8.44331695	    -40.35340949	    -13.77052791	    -18.43218289	     44.29910856	     75.63749570	     19.84186423	    -28.23754776	     84.38262081	     37.90413550	     66.41105600
      9.51666670	    -19.09947548	     -1.26595132	     15.04458751	     -0.51872601	      0.70906618	     -0.21395723	     12.98402498	    -10.21118666	     39.99999995	     14.60343130	    -50.00000000	    -35.00000000	      0.00000000	     28.08491957	     -0.29353112	     21.55496847	     21.64731987	     33.83417907	     11.21731183	      0.00000000	     24.27666138	     -2.59813667	     13.56382492	    -45.27184156	     -9.69328432	    -24.13847211	     47.23163244	     74.66201842	     29.07787670	    -28.09776740	    103.52052924	     44.10589090	     58.85603937
      9.53333330	    -19.95276936	     -0.79424109	     14.76640809	     -0.52349782	      0.71237395	     -0.21342110	     14.01183146	    -10.90873550	     39.99999995	     14.44130563	    -50.00000000	    -35.00000000	      0.00000000	     27.89629848	      0.82951477	     25.32726570	     19.62047093	     26.51545953	      4.38926774	      0.00000000	     25.35945330	     -2.92399547	     15.51354639	    -49.99897623	     -8.66767980	    -24.02199677	     55.15585975	     74.77879832	     32.60814672	    -29.46148638	    108.05151753	     49.37091343	     55.42456694
      9.55000000	    -21.32546681	      2.33530076	     12.99539186	     -0.52183912	      0.72435779	     -0.21047205	     15.92098607	    -13.99920713	     39.99999995	     14.84854274	    -50.00000000	    -35.00000000	      0.00000000	     25.67916272	      5.43995599	     39.99999995	     15.00320201	    -24.55111789	    -35.00000000	      0.00000000	     27.26010889	     -5.61982470	     21.80754931	    -51.84809280	     -5.56582366	    -24.84386022	     54.55703452	     74.31122215	     39.95500624	    -27.71001780	    122.36295870	     54.35957037	     28.49214169
      9.56666670	    -22.68554142	      2.25348708	     12.62505787	     -0.52706560	      0.73176796	     -0.21032829	     17.89293464	    -14.07922061	     39.99999995	     14.65428576	    -50.00000000	    -35.00000000	      0.00000000	     26.68318701	      5.18310865	     39.99999995	     13.31603846	    -26.46135424	    -35.00000000	      0.00000000	     29.01322142	     -5.29466571	     24.66519281	    -56.31732805	     -3.09943998	    -26.65379234	     61.06652764	     74.09655702	     45.05895575	    -26.84429177	    128.02393833	     59.69069177	     28.53555392
      9.58333330	    -23.62490652	      2.36673171	     11.93423800	     -0.52888489	      0.73538730	     -0.20902550	     19.51472673	    -14.09555469	     39.99999995	     14.51451134	    -50.00000000	    -35.00000000	      0.00000000	     27.05464901	      4.72416642	     39.99999995	     11.38479855	    -28.15035865	    -35.00000000	      0.00000000	     30.47129169	     -5.18541948	     28.80853452	    -59.38221709	     -0.25389522	    -27.53012407	     63.65180423	     73.71459140	     51.86183106	    -22.97268926	    138.05040479	     63.70214080	     26.57689347
      9.60000000	    -24.71545670	      2.40440339	     11.47440711	     -0.53011542	      0.73546318	     -0.20827233	     20.96743961	    -14.15234325	     39.99999995	     14.24485364	    -50.00000000	    -34.91477579	      0.00000000	     27.66873869	      4.36868696	     39.99999995	      9.76187648	    -29.36895927	    -35.00000000	      0.00000000	     31.91711815	     -5.05520181	     31.58412925	    -62.39423819	      1.50406656	    -27.64468638	     67.34683306	     73.27606054	     56.45247331	    -20.43107462	    143.12101937	     67.60917523	     22.77405261
      9.61666670	    -25.58839023	      2.57148764	     11.00632632	     -0.52901537	      0.73367920	     -0.20679871	     22.00606365	    -14.30886870	     39.99999995	     13.82776484	    -50.00000000	    -33.54111617	      0.00000000	     28.21062898	      4.10560906	     39.99999995	      8.37118089	    -30.01278294	    -35.00000000	      0.00000000	     32.93032120	     -4.97174770	     33.54320453	    -65.04644014	      2.67456754	    -27.29764938	     71.28825045	     73.23253959	     59.32578839	    -19.55155424	    144.19715576	     70.53307421	     21.83467737
      9.63333330	    -26.45593764	      2.78800335	     10.49377170	     -0.53089246	      0.73325900	     -0.20466713	     22.91683373	    -14.36157753	     39.99999995	     13.50015912	    -50.00000000	    -33.09890698	      0.00000000	     28.65860348	      3.87418858	     39.99999995	      7.12500721	    -30.52770359	    -35.00000000	      0.00000000	     34.06525213	     -4.99282147	     35.39627064	    -67.33037297	      3.86330741	    -27.25901486	     74.20245265	     73.05265787	     62.19978273	    -18.05564997	    146.71601243	     73.34835955	     20.54445808
      9.65000000	    -27.13735623	      2.89783833	     10.08982960	     -0.53269453	      0.73268920	     -0.20484311	     23.61657442	    -14.36954045	     39.99999995	     13.20714760	    -50.00000000	    -32.70337207	      0.00000000	     28.86633964	      3.55707921	     39.99999995	      5.94764293	    -30.82216134	    -35.00000000	      0.00000000	     34.84966161	     -4.84021376	     37.21529761	    -69.05213976	      4.81549416	    -26.65825301	     75.64870564	     73.04963552	     64.22810861	    -16.97648870	    146.70616216	     74.85629343	     20.14670480
      9.66666670	    -27.70508391	      3.07795477	      9.73750158	     -0.53350136	      0.73584578	     -0.20443692	     24.14592919	    -14.43842049	     39.99999995	     12.90146311	    -50.00000000	    -32.51990655	      0.00000000	     28.98846165	      3.36247667	     39.99999995	      4.95552802	    -30.86227852	    -35.00000000	      0.00000000	     35.59519092	     -4.87998914	     38.34207085	    -71.09358765	      5.49765916	    -26.74653763	     79.01177938	     72.89334778	     66.80155589	    -15.64644811	    149.47858849	     77.48630853	     19.13627987
      9.68333330	    -28.39483748	      3.15703262	      9.37403515	     -0.53531337	      0.73927032	     -0.20347690	     24.82303557	    -14.44758892	     39.99999995	     12.45346770	    -50.00000000	    -32.21472932	      0.00000000	     29.34436374	      3.14667774	     39.99999995	      4.14987039	    -31.09078203	    -35.00000000	      0.00000000	     36.48765742	     -4.81756951	     39.65865055	    -72.61836431	      6.15661815	    -26.36787460	     80.77442731	     72.64701389	     68.86254716	    -14.19779641	    151.28754214	     79.38231435	     17.58557037
      9.70000000	    -28.92316309	      3.21546313	      9.17382805	     -0.53553819	      0.73808630	     -0.20277821	     25.27083106	    -14.50626819	     39.99999995	     12.10113582	    -50.00000000	    -32.00736157	      0.00000000	     29.50732500	      2.98712387	     39.99999995	      3.45280923	    -31.23442557	    -35.00000000	      0.00000000	     37.13097792	     -4.77420226	     40.81082251	    -73.91984613	      6.81456505	    -25.85853284	     81.57097789	     72.61300258	     70.17032637	    -13.42726956	    151.17546723	     80.42069246	     17.18179361
      9.71666670	    -29.34054835	      3.24775961	      8.90971208	     -0.53705383	      0.73453718	     -0.20323457	     25.65662025	    -14.51845622	     39.99999995	     11.76120561	    -50.00000000	    -32.14108431	      0.00000000	     29.62772787	      2.84067506	     39.99999995	      2.93995509	    -30.77110622	    -35.00000000	      0.00000000	     37.70644911	     -4.64241225	     41.68035246	    -75.23129791	      7.18084969	    -25.60657343	     83.20672150	     72.53828792	     71.61676397	    -12.59652583	    151.93845292	     81.91448637	     16.67740214
      9.73333330	    -29.62092157	      3.24145348	      8.77095765	     -0.53559040	      0.73409484	     -0.20201773	     25.86292912	    -14.44664516	     39.99999995	     11.55974398	    -50.00000000	    -32.39995745	      0.00000000	     29.60430828	      2.66563494	     39.99999995	      2.48668455	    -30.61047732	    -35.00000000	      0.00000000	     38.17570336	     -4.61360287	     42.20717973	    -76.22937377	      7.45002872	    -25.31392075	     84.18216451	     72.43147387	     72.69165403	    -11.96719033	    152.75833577	     83.00776498	     16.10938131
      9.75000000	    -29.74673646	      3.20472883	      8.69423728	     -0.53770038	      0.72974923	     -0.20147400	     25.97403980	    -14.36449976	     39.99999995	     11.40682667	    -50.00000000	    -32.79161085	      0.00000000	     29.55177908	      2.54167397	     39.99999995	      2.18756674	    -30.33881152	    -35.00000000	      0.00000000	     38.49618438	     -4.59602593	     42.50419150	    -76.90945529	      7.42293714	    -25.08956061	     84.82353549	     72.28811998	     73.44772852	    -11.48475604	    153.27695610	     83.70410247	     15.47470562
      9.76666670	    -29.74457629	      3.20183642	      8.71202422	     -0.53858682	      0.72919767	     -0.20099172	     25.99194998	    -14.30759828	     39.99999995	     11.37686457	    -50.00000000	    -32.79578502	      0.00000000	     29.51787356	      2.57254572	     39.99999995	      2.17304357	    -30.33577706	    -35.00000000	      0.00000000	     38.51046632	     -4.60434317	     42.51007662	    -76.92234174	      7.41740340	    -25.09333225	     84.82281905	     72.28702330	     73.45857703	    -11.48740395	    153.27781954	     83.70291841	     15.47112520
      9.78333330	    -29.67079090	      3.09032320	      8.58589391	     -0.53911089	      0.72441992	     -0.20118061	     25.90400625	    -14.07792003	     39.99999995	     11.32169748	    -50.00000000	    -32.97839280	      0.00000000	     29.25142538	      2.29898600	     39.99999995	      1.92248000	    -30.12320808	    -35.00000000	      0.00000000	     38.73054509	     -4.53152331	     42.61699817	    -77.31130098	      7.11710612	    -25.23894071	     84.86608446	     72.25492810	     73.92939592	    -11.36886155	    153.16384974	     83.67631360	     15.37285600
      9.80000000	    -29.58728362	      3.05213285	      8.59286086	     -0.53524309	      0.72260191	     -0.20129547	     25.76649319	    -13.95957970	     39.99999995	     11.42646347	    -50.00000000	    -33.03147871	      0.00000000	     29.10777640	      2.28826686	     39.99999995	      2.07402004	    -30.08374882	    -35.00000000	      0.00000000	     38.89984206	     -4.54463010	     42.68210415	    -77.35400896	      7.07117570	    -25.26100942	     84.88897836	     72.24819337	     73.94964999	    -11.35989905	    153.15311251	     83.69043462	     15.35277298
      9.81666670	    -29.33478655	      2.97223344	      8.58572458	     -0.53333283	      0.72391966	     -0.20130238	     25.46996981	    -13.77803767	     39.99999995	     11.62877795	    -50.00000000	    -34.33519663	      0.00000000	     28.73121899	      2.20305841	     39.99999995	      2.28355904	    -29.08099786	    -35.00000000	      0.00000000	     38.81321761	     -4.42916113	     42.77237902	    -77.62458170	      6.79889591	    -25.26156242	     85.24139040	     72.10110709	     74.07196185	    -11.02828328	    153.29553814	     83.73818713	     14.87408120
      9.83333330	    -29.25236429	      2.90840482	      8.67003396	     -0.53276191	      0.72345345	     -0.20172838	     25.31704556	    -13.69843858	     39.99999995	     11.78566661	    -50.00000000	    -34.35676712	      0.00000000	     28.61743709	      2.17397990	     39.99999995	      2.41481132	    -29.09331750	    -35.00000000	      0.00000000	     38.97628781	     -4.46837280	     42.81742721	    -77.65289338	      6.77832081	    -25.28591425	     85.23768479	     72.09482170	     74.04597183	    -11.05530101	    153.31418944	     83.73093123	     14.85768235
      9.85000000	    -28.90942059	      2.75466343	      8.75038640	     -0.53023868	      0.72267454	     -0.20202667	     24.87092444	    -13.46520660	     39.99999995	     12.04590468	    -50.00000000	    -34.99037486	      0.00000000	     28.19303287	      2.03391156	     39.99999995	      2.59633198	    -28.66684592	    -35.00000000	      0.00000000	     38.77121504	     -4.31892204	     42.54850681	    -77.66326638	      6.43721027	    -25.55527795	     85.15540289	     71.99640144	     73.71382392	    -10.85289680	    153.65131985	     83.34452711	     14.56536601
      9.86666670	    -28.91401888	      2.71142910	      8.85517910	     -0.52812965	      0.72779929	     -0.20255134	     24.80273413	    -13.46674279	     39.99999995	     12.20443503	    -50.00000000	    -35.00000000	      0.00000000	     28.03833959	      2.03750835	     39.99999995	      2.71341157	    -28.66332540	    -35.00000000	      0.00000000	     38.90494493	     -4.34023565	     42.56348765	    -77.67202749	      6.44766950	    -25.56202090	     85.14972862	     71.99143269	     73.69378191	    -10.86849008	    153.68284580	     83.32430234	     14.54865911
      9.88333330	    -28.89919007	      2.68566580	      8.92052317	     -0.52733247	      0.73038944	     -0.20324199	     24.72992793	    -13.45164009	     39.99999995	     12.35677607	    -50.00000000	    -35.00000000	      0.00000000	     27.92369620	      2.03917563	     39.99999995	      2.79157070	    -28.63931187	    -35.00000000	      0.00000000	     38.98850837	     -4.36290917	     42.56397184	    -77.70139666	      6.45497197	    -25.57864562	     85.12890196	     71.98380699	     73.64081825	    -10.87282005	    153.75741030	     83.29212562	     14.52457525
      9.90000000	    -28.94198595	      2.65724308	      8.94745920	     -0.52718702	      0.73003923	     -0.20340796	     24.76592167	    -13.48689908	     39.99999995	     12.35813289	    -50.00000000	    -35.00000000	      0.00000000	     27.84349954	      2.01006962	     39.99999995	      2.82823403	    -28.63989441	    -35.00000000	      0.00000000	     38.98457385	     -4.36408930	     42.56280906	    -77.70316436	      6.45379500	    -25.58111138	     85.12736091	     71.98308031	     73.63649778	    -10.87065891	    153.76563202	     83.28822277	     14.52235245
      9.91666670	    -28.89416885	      2.62759583	      9.03656453	     -0.52742510	      0.72906829	     -0.20274618	     24.70113420	    -13.52376958	     39.99999995	     12.38939685	    -50.00000000	    -35.00000000	      0.00000000	     27.73383214	      1.98981942	     39.99999995	      2.74983386	    -28.53616144	    -35.00000000	      0.00000000	     39.10904961	     -4.34568594	     42.99834643	    -77.92605547	      6.99470452	    -26.08540390	     84.88191730	     71.55594219	     73.73835483	     -8.76446206	    156.91747442	     81.86122082	     12.86470023
      9.93333330	    -28.92922308	      2.61899630	      9.04117642	     -0.52620287	      0.72856325	     -0.20313035	     24.69097323	    -13.54799855	     39.99999995	     12.39671396	    -50.00000000	    -35.00000000	      0.00000000	     27.71283335	      1.97176636	     39.99999995	      2.75695671	    -28.53601872	    -35.00000000	      0.00000000	     39.11137501	     -4.34440542	     43.00166108	    -77.92441142	      6.99164471	    -26.08778341	     84.88347029	     71.55521821	     73.74293403	     -8.76762211	    156.91917601	     81.86009390	     12.86176869
      9.95000000	    -29.01660570	      2.70355765	      9.03083520	     -0.52625152	      0.72794249	     -0.20295476	     24.69646255	    -13.72031386	     39.99999995	     12.18137664	    -50.00000000	    -35.00000000	      0.00000000	     27.67654094	      1.96557208	     39.99999995	      2.46836313	    -28.50704427	    -35.00000000	      0.00000000	     39.28887546	     -4.43197831	     43.09697046	    -77.99283417	      6.91168667	    -26.21618226	     84.95725265	     71.52872662	     73.96348721	     -8.89588926	    157.01969026	     81.81325615	     12.76640574
      9.96666670	    -29.06154993	      2.73528303	      9.01563024	     -0.52530387	      0.72820211	     -0.20252646	     24.70071714	    -13.80624421	     39.99999995	     12.09049551	    -50.00000000	    -35.00000000	      0.00000000	     27.73678394	      1.95674586	     39.99999995	      2.38336166	    -28.50178422	    -35.00000000	      0.00000000	     39.29608510	     -4.42167720	     43.20460627	    -77.99362883	      6.85699213	    -26.27816446	     85.01860284	     71.51830230	     74.08265341	     -8.95738727	    157.07058609	     81.80083018	     12.72989000
      9.98333330	    -29.14669342	      2.84863272	      8.94503042	     -0.52599767	      0.72758753	     -0.20083920	     24.70089624	    -13.92574850	     39.99999995	     11.88579512	    -50.00000000	    -35.00000000	      0.00000000	     27.73458141	      1.97501002	     39.99999995	      2.30469333	    -28.57269231	    -35.00000000	      0.00000000	     39.47722812	     -4.53247883	     43.41622427	    -78.00457813	      6.78841467	    -26.43759391	     85.22879319	     71.48913487	     74.52563614	     -9.12702426	    157.18222140	     81.73200558	     12.62662576
     10.00000000	    -29.16612945	      2.86928086	      8.93304655	     -0.52352258	      0.73138941	     -0.20125708	     24.68455819	    -13.92512883	     39.99999995	     11.88496262	    -50.00000000	    -35.00000000	      0.00000000	     27.77176762	      1.96223641	     39.99999995	      2.29369415	    -28.57350476	    -35.00000000	      0.00000000	     39.47414528	     -4.53790657	     43.42491906	    -78.00491426	      6.78915664	    -26.44139061	     85.23702453	     71.48818540	     74.53534519	     -9.13075518	    157.18725228	     81.73402505	     12.62328786
     10.01666670	    -29.44994425	      3.00223871	      8.88329552	     -0.52221998	      0.72967942	     -0.20040314	     24.93248336	    -14.08129987	     39.99999995	     11.71192737	    -50.00000000	    -35.00000000	      0.00000000	     28.01846265	      2.03958331	     39.99999995	      2.24000403	    -28.89126644	    -35.00000000	      0.00000000	     39.74329753	     -4.61875011	     43.89462345	    -78.36796669	      7.64572786	    -26.84488979	     86.33421046	     71.30669426	     75.39884693	     -9.19226472	    158.01872646	     82.67109145	     12.01004955
     10.03333330	    -29.44696177	      3.02167688	      8.89073447	     -0.52477097	      0.72795518	     -0.19945897	     24.91663794	    -14.07113914	     39.99999995	     11.70485044	    -50.00000000	    -35.00000000	      0.00000000	     28.02844194	      2.03078208	     39.99999995	      2.22684112	    -28.88803766	    -35.00000000	      0.00000000	     39.74509292	     -4.62300347	     43.89907505	    -78.36629613	      7.64170349	    -26.84861077	     86.33646025	     71.30577025	     75.40366391	     -9.19366331	    158.02079223	     82.66883872	     12.00665846
     10.05000000	    -29.51733857	      3.05818421	      8.87651431	     -0.52455576	      0.73019739	     -0.19948858	     24.92289145	    -14.10883368	     39.99999995	     11.50258980	    -50.00000000	    -35.00000000	      0.00000000	     28.07954134	      1.99419131	     39.99999995	      2.11819348	    -28.87749752	    -35.00000000	      0.00000000	     39.73140297	     -4.71255746	     43.99558043	    -78.16781583	      7.56778563	    -26.93807045	     86.46269432	     71.27702656	     75.65309585	     -9.19004563	    158.08591209	     82.55153843	     11.89386539
     10.06666670	    -29.54045344	      3.06053933	      8.89723679	     -0.52405337	      0.72952645	     -0.19948583	     24.92406964	    -14.10204621	     39.99999995	     11.50134642	    -50.00000000	    -35.00000000	      0.00000000	     28.07021811	      1.98803875	     39.99999995	      2.12887841	    -28.88012659	    -35.00000000	      0.00000000	     39.71946512	     -4.71451930	     44.00032770	    -78.16099845	      7.56535141	    -26.94009034	     86.46621299	     71.27609230	     75.65732874	     -9.18763310	    158.08897046	     82.54900524	     11.89016043
     10.08333330	    -29.56051318	      3.00974740	      9.00073199	     -0.52332673	      0.73069096	     -0.19906482	     24.93822021	    -14.07496060	     39.99999995	     11.49500061	    -50.00000000	    -35.00000000	      0.00000000	     28.14022583	      1.97945118	     39.99999995	      2.16475979	    -28.90513335	    -35.00000000	      0.00000000	     39.63222938	     -4.74426862	     44.02117473	    -78.08223693	      7.57511708	    -26.94552572	     86.50303375	     71.26877007	     75.70353941	     -9.15859567	    158.11748131	     82.52145683	     11.85885269
     10.10000000	    -29.57688269	      2.98195979	      9.09684156	     -0.52405739	      0.72857733	     -0.19903667	     25.00019635	    -14.06766532	     39.99999995	     11.52216119	    -50.00000000	    -35.00000000	      0.00000000	     28.20541793	      2.01110406	     39.99999995	      2.21444198	    -28.94281690	    -35.00000000	      0.00000000	     39.49099942	     -4.76005280	     43.93617696	    -77.95194382	      7.62422464	    -26.95040291	     86.56126096	     71.25582450	     75.79990556	     -9.04858822	    158.15108970	     82.46012262	     11.80383861
     10.11666670	    -29.58601493	      2.98840337	      9.11692012	     -0.52333143	      0.73143701	     -0.19878577	     25.00923958	    -14.06094536	     39.99999995	     11.52045680	    -50.00000000	    -35.00000000	      0.00000000	     28.20162465	      2.00562689	     39.99999995	      2.22465120	    -28.94551994	    -35.00000000	      0.00000000	     39.48938382	     -4.76183316	     43.93543648	    -77.94532760	      7.62662203	    -26.95171109	     86.56472887	     71.25504534	     75.80175426	     -9.04317816	    158.15426146	     82.45801581	     11.80073939
     10.13333330	    -29.47968568	      2.98644698	      9.21709360	     -0.52312670	      0.73014439	     -0.19868390	     24.92211846	    -14.01851118	     39.99999995	     11.68777638	    -50.00000000	    -35.00000000	      0.00000000	     28.15112796	      2.03979931	     39.99999995	      2.24013507	    -29.37312417	    -35.00000000	      0.00000000	     39.45485969	     -5.00023396	     44.30519851	    -77.34348578	      8.02226270	    -27.02819717	     85.82599326	     69.13185638	     76.20655317	     -6.76286513	    160.86348102	     82.41754933	      1.00469468
     10.15000000	    -29.50431174	      2.99432675	      9.21444575	     -0.52227964	      0.73177306	     -0.19910275	     24.91255309	    -14.01994750	     39.99999995	     11.68970446	    -50.00000000	    -35.00000000	      0.00000000	     28.16013107	      2.03378758	     39.99999995	      2.24880814	    -29.37207618	    -35.00000000	      0.00000000	     39.44936316	     -4.99425998	     44.30148271	    -77.33896357	      8.02070290	    -27.03063962	     85.83132554	     69.13155171	     76.20633252	     -6.75752482	    160.86166394	     82.41816123	      1.00378472
     10.16666670	    -29.53914433	      3.01291447	      9.20169399	     -0.52145416	      0.73239407	     -0.19885843	     24.88436860	    -14.01478015	     39.99999995	     11.69635191	    -50.00000000	    -35.00000000	      0.00000000	     28.18190639	      2.03912246	     39.99999995	      2.25318852	    -29.37141295	    -35.00000000	      0.00000000	     39.44253942	     -4.98637471	     44.28897117	    -77.33095591	      8.02089699	    -27.03292072	     85.83921091	     69.13118511	     76.20432154	     -6.74260692	    160.85678128	     82.41919792	      1.00258657
     10.18333330	    -29.59012947	      3.01224252	      9.24127818	     -0.52331784	      0.73186960	     -0.19892809	     24.91837120	    -14.06225759	     39.99999995	     11.66792020	    -50.00000000	    -35.00000000	      0.00000000	     28.36177419	      2.13480477	     39.99999995	      2.44895019	    -29.41534397	    -35.00000000	      0.00000000	     39.42870881	     -5.02147881	     44.08315354	    -77.09085573	      8.03134803	    -27.12191337	     86.12124955	     69.11949796	     76.09019270	     -6.33342908	    160.75014450	     82.45358346	      0.96188741
     10.20000000	    -29.61822986	      3.03908448	      9.21098120	     -0.52300006	      0.73205704	     -0.19859549	     24.93497493	    -14.05538476	     39.99999995	     11.66103021	    -50.00000000	    -35.00000000	      0.00000000	     28.33013096	      2.15155362	     39.99999995	      2.45756141	    -29.41953720	    -35.00000000	      0.00000000	     39.43850980	     -5.03246887	     44.04603485	    -77.09490218	      8.04114236	    -27.13133220	     86.13822449	     69.11788417	     76.09439373	     -6.30215687	    160.74476748	     82.44831089	      0.95675070
     10.21666670	    -29.73780046	      3.05614833	      9.26040429	     -0.52270842	      0.73461023	     -0.19859238	     25.04605201	    -14.10492690	     39.99999995	     11.67402735	    -50.00000000	    -35.00000000	      0.00000000	     28.38154958	      2.20377843	     39.99999995	      2.48349629	    -29.55964464	    -35.00000000	      0.00000000	     39.57877977	     -5.08511707	     44.01543649	    -77.06548248	      8.17410464	    -27.39504381	     86.75204251	     69.07001516	     76.12769213	     -5.78385928	    160.87293459	     82.39579356	      0.78523557
     10.23333330	    -29.77772178	      3.05443229	      9.26845453	     -0.52286918	      0.73180741	     -0.19840226	     25.05302612	    -14.09643248	     39.99999995	     11.67194209	    -50.00000000	    -35.00000000	      0.00000000	     28.33464775	      2.20679267	     39.99999995	      2.49856528	    -29.56168991	    -35.00000000	      0.00000000	     39.57268509	     -5.09025111	     44.00772336	    -77.06896887	      8.17835218	    -27.39502560	     86.75286903	     69.06964621	     76.12711500	     -5.77898170	    160.87335347	     82.39499879	      0.78392678
     10.25000000	    -29.81913922	      3.06236723	      9.27221480	     -0.52214938	      0.73096056	     -0.19792722	     25.05591018	    -14.08961598	     39.99999995	     11.67290086	    -50.00000000	    -35.00000000	      0.00000000	     28.30328947	      2.20577687	     39.99999995	      2.50605824	    -29.56234585	    -35.00000000	      0.00000000	     39.56699120	     -5.09634138	     43.99486117	    -77.07416379	      8.18515896	    -27.39453765	     86.75449673	     69.06920349	     76.12729893	     -5.76897952	    160.87202454	     82.39493665	      0.78243312
     10.26666670	    -29.84555991	      3.11180414	      9.22146304	     -0.51982747	      0.73231598	     -0.19810327	     25.07039717	    -14.07804319	     39.99999995	     11.69446017	    -50.00000000	    -35.00000000	      0.00000000	     28.25062654	      2.19461870	     39.99999995	      2.45231669	    -29.54594733	    -35.00000000	      0.00000000	     39.62172023	     -5.17500224	     43.88281943	    -77.13404891	      8.28468588	    -27.37725698	     86.76584039	     69.06563364	     76.11984148	     -5.69037492	    160.86129725	     82.40862989	      0.77058381
     10.28333330	    -29.88912408	      3.12499373	      9.22803684	     -0.51854594	      0.73111166	     -0.19785113	     25.04144694	    -14.07313143	     39.99999995	     11.70868913	    -50.00000000	    -35.00000000	      0.00000000	     28.23904967	      2.18478077	     39.99999995	      2.45517824	    -29.54367241	    -35.00000000	      0.00000000	     39.62594542	     -5.17614110	     43.87700408	    -77.13972199	      8.29562653	    -27.37523836	     86.76852382	     69.06512653	     76.11804791	     -5.68156122	    160.86132069	     82.41249794	      0.76901121
     10.30000000	    -29.97113301	      3.04988330	      9.23784751	     -0.51665471	      0.73029343	     -0.19810360	     24.98266257	    -13.99751631	     39.99999995	     11.69094278	    -50.00000000	    -35.00000000	      0.00000000	     28.17895997	      2.08713869	     39.99999995	      2.44158590	    -29.14094012	    -35.00000000	      0.00000000	     39.87048829	     -4.98297875	     44.18518537	    -77.79609220	      9.29900334	    -27.28028384	     87.15486347	     68.99342418	     76.13619152	     -5.15765541	    161.14538757	     82.94269347	      0.56660318
     10.31666670	    -30.00330309	      3.05152699	      9.23493476	     -0.51776591	      0.73086534	     -0.19799022	     24.96992729	    -13.99486762	     39.99999995	     11.69539884	    -50.00000000	    -35.00000000	      0.00000000	     28.16248062	      2.08571200	     39.99999995	      2.44783209	    -29.14112388	    -35.00000000	      0.00000000	     39.87274299	     -4.98398763	     44.18395404	    -77.79704057	      9.29995447	    -27.28046431	     87.15497084	     68.99331581	     76.13665788	     -5.15694728	    161.14535234	     82.94270838	      0.56634751
     10.33333330	    -29.98257435	      3.09976057	      9.16845418	     -0.51805659	      0.73012052	     -0.19732044	     24.93053310	    -13.95124882	     39.99999995	     11.73410003	    -50.00000000	    -35.00000000	      0.00000000	     28.06389046	      2.06921447	     39.99999995	      2.46979096	    -29.12706764	    -35.00000000	      0.00000000	     40.00896619	     -5.06237011	     44.11438888	    -77.82894318	      9.36584557	    -27.27842312	     87.16089208	     68.98811208	     76.13868188	     -5.11201945	    161.13816864	     82.94999270	      0.55451899
     10.35000000	    -29.97964968	      3.11078023	      9.17543600	     -0.51963934	      0.72642511	     -0.19670514	     24.91344752	    -13.93999481	     39.99999995	     11.74114719	    -50.00000000	    -35.00000000	      0.00000000	     28.05690751	      2.06303044	     39.99999995	      2.46604206	    -29.12251162	    -35.00000000	      0.00000000	     40.01776952	     -5.06589923	     44.11049200	    -77.82874839	      9.37090114	    -27.27865922	     87.16366842	     68.98731186	     76.13796000	     -5.10387352	    161.13673431	     82.95198390	      0.55278262
     10.36666670	    -29.97563084	      3.11252665	      9.17761661	     -0.51910164	      0.72710735	     -0.19673969	     24.91770086	    -13.93899622	     39.99999995	     11.74019847	    -50.00000000	    -35.00000000	      0.00000000	     28.05882783	      2.05937961	     39.99999995	      2.46529832	    -29.12111549	    -35.00000000	      0.00000000	     40.01862584	     -5.06730263	     44.10917804	    -77.82876747	      9.37189010	    -27.27868894	     87.16438766	     68.98716954	     76.13827905	     -5.10165582	    161.13602119	     82.95232410	      0.55248942
     10.38333330	    -29.87407083	      2.94901009	      9.15252674	     -0.51726251	      0.72759964	     -0.19643227	     24.82989832	    -13.66840184	     39.99999995	     11.84861383	    -50.00000000	    -35.00000000	      0.00000000	     27.89296282	      1.79506872	     39.99999995	      2.42426028	    -28.47255436	    -35.00000000	      0.00000000	     40.07617942	     -4.99763290	     44.12755887	    -77.79252480	      9.64102941	    -27.35597587	     87.46826514	     68.89912929	     76.25470419	     -4.52089901	    161.10531792	     83.18740178	      0.38215518
     10.40000000	    -29.88339135	      2.96508743	      9.14307392	     -0.51598331	      0.72674061	     -0.19649610	     24.80539025	    -13.67443389	     39.99999995	     11.86290164	    -50.00000000	    -35.00000000	      0.00000000	     27.89745335	      1.77825627	     39.99999995	      2.42854088	    -28.46938528	    -35.00000000	      0.00000000	     40.08506598	     -5.00366346	     44.11772672	    -77.79891662	      9.65093201	    -27.35486419	     87.46722497	     68.89785231	     76.25611295	     -4.51825711	    161.10681689	     83.18888158	      0.37970684
     10.41666670	    -29.84905646	      2.99188439	      9.09321510	     -0.51618740	      0.72692028	     -0.19632723	     24.73355809	    -13.64655437	     39.99999995	     11.89756585	    -50.00000000	    -35.00000000	      0.00000000	     27.84403417	      1.74816938	     39.99999995	      2.46496874	    -28.44816206	    -35.00000000	      0.00000000	     40.19957580	     -5.06043894	     44.05687216	    -77.84527443	      9.73457637	    -27.33804999	     87.46079055	     68.89081894	     76.26000178	     -4.50925368	    161.11534765	     83.20705010	      0.36650815
     10.43333330	    -29.83627734	      2.98005601	      9.11151792	     -0.51508011	      0.72747871	     -0.19663294	     24.63799725	    -13.62894757	     39.99999995	     11.94100137	    -50.00000000	    -35.00000000	      0.00000000	     27.78542468	      1.71453341	     39.99999995	      2.48357364	    -28.41660162	    -35.00000000	      0.00000000	     40.31651646	     -5.07224876	     44.01722078	    -77.88430571	      9.83114722	    -27.31539795	     87.46645277	     68.88167397	     76.27349835	     -4.49924218	    161.12816112	     83.24091606	      0.34961492
     10.45000000	    -29.87752477	      2.98716580	      9.10353873	     -0.51338915	      0.72852346	     -0.19650323	     24.60873108	    -13.62886998	     39.99999995	     11.95133048	    -50.00000000	    -35.00000000	      0.00000000	     27.77933771	      1.69946597	     39.99999995	      2.49082628	    -28.41300981	    -35.00000000	      0.00000000	     40.32204721	     -5.07327149	     44.01045232	    -77.88891639	      9.84265726	    -27.31245360	     87.46791922	     68.88055402	     76.27554131	     -4.49504752	    161.12895864	     83.24558217	      0.34761037
     10.46666670	    -29.85055437	      2.99000902	      9.04923328	     -0.51294888	      0.72824008	     -0.19641311	     24.50003318	    -13.58704590	     39.99999995	     11.96449438	    -50.00000000	    -35.00000000	      0.00000000	     27.68315690	      1.65261394	     39.99999995	      2.51733536	    -28.37773330	    -35.00000000	      0.00000000	     40.50645418	     -5.09910987	     43.95883912	    -77.94461989	      9.97786907	    -27.27250504	     87.47409414	     68.87220148	     76.28590787	     -4.49303415	    161.14825455	     83.29453072	      0.33281016
     10.48333330	    -29.86299667	      2.99162829	      9.04724320	     -0.51385401	      0.72761444	     -0.19646522	     24.49010231	    -13.58560070	     39.99999995	     11.96723293	    -50.00000000	    -35.00000000	      0.00000000	     27.67676129	      1.65088761	     39.99999995	      2.51846980	    -28.37720130	    -35.00000000	      0.00000000	     40.50825777	     -5.09892425	     43.95865125	    -77.94515308	      9.97989477	    -27.27179506	     87.47436107	     68.87205647	     76.28587086	     -4.49307314	    161.14876418	     83.29553246	      0.33255547
     10.50000000	    -29.89410784	      2.94068512	      9.01347206	     -0.51212844	      0.72752853	     -0.19646048	     24.45092462	    -13.54324671	     39.99999995	     11.88183824	    -50.00000000	    -35.00000000	      0.00000000	     27.60091009	      1.53012193	     39.99999995	      2.40332976	    -27.91476113	    -35.00000000	      0.00000000	     40.63919288	     -4.93169628	     44.26547370	    -78.45770207	     10.87042047	    -27.12534250	     88.01530455	     68.71415525	     76.61445840	     -4.19958325	    161.49499560	     84.09165168	      0.08024833
     10.51666670	    -29.89779889	      2.94336497	      9.01912758	     -0.51108817	      0.72840398	     -0.19655992	     24.42228474	    -13.54110512	     39.99999995	     11.89567313	    -50.00000000	    -35.00000000	      0.00000000	     27.53978538	      1.52094363	     39.99999995	      2.39879066	    -27.92876054	    -35.00000000	      0.00000000	     40.75057196	     -4.99524944	     44.22967421	    -78.47672956	     10.87397776	    -27.15443887	     88.04562737	     68.70128432	     76.64076169	     -4.16654911	    161.49467732	     84.09654215	      0.06041512
     10.53333330	    -29.93367274	      2.92943166	      9.03104005	     -0.51104656	      0.72807241	     -0.19666513	     24.43268978	    -13.54350645	     39.99999995	     11.89279597	    -50.00000000	    -35.00000000	      0.00000000	     27.48995709	      1.51795773	     39.99999995	      2.41635153	    -27.93057088	    -35.00000000	      0.00000000	     40.75694987	     -4.99665855	     44.22796552	    -78.47671513	     10.87318685	    -27.15696418	     88.04979157	     68.70012605	     76.64425623	     -4.16273799	    161.49464331	     84.09723076	      0.05861163
     10.55000000	    -29.93285973	      2.90311434	      9.07230947	     -0.50965975	      0.72696988	     -0.19666056	     24.38525462	    -13.51990798	     39.99999995	     11.91393257	    -50.00000000	    -35.00000000	      0.00000000	     27.36718786	      1.51387184	     39.99999995	      2.42877792	    -27.92591606	    -35.00000000	      0.00000000	     40.90916425	     -5.01745090	     44.19446730	    -78.49610098	     10.89225609	    -27.17044625	     88.07808995	     68.69126823	     76.67795661	     -4.13844192	    161.49459905	     84.10558640	      0.04520841
     10.56666670	    -29.94838123	      2.87464458	      9.09209555	     -0.50615588	      0.72865811	     -0.19575082	     24.29951880	    -13.48768619	     39.99999995	     11.92788255	    -50.00000000	    -35.00000000	      0.00000000	     27.22784650	      1.45689165	     39.99999995	      2.42331411	    -27.90154678	    -35.00000000	      0.00000000	     41.12216737	     -5.06401314	     44.12882602	    -78.55835876	     10.96591673	    -27.17260497	     88.11037863	     68.67842969	     76.72547552	     -4.12223839	    161.51314957	     84.13147837	      0.02575598
     10.58333330	    -30.04811574	      2.75340408	      9.10545387	     -0.50562877	      0.72818194	     -0.19588805	     24.31050467	    -13.37841149	     39.99999995	     11.87324110	    -50.00000000	    -35.00000000	      0.00000000	     27.15514605	      1.30610855	     39.99999995	      2.35699480	    -27.42663077	    -35.00000000	      0.00000000	     41.33652430	     -4.89676311	     44.16508736	    -79.10775650	     11.53306854	    -27.23798171	     88.78440545	     68.47042829	     77.06218938	     -3.96838762	    162.11245328	     84.80690503	      0.00000000
     10.60000000	    -30.05266931	      2.74599992	      9.12592581	     -0.50749659	      0.72855082	     -0.19518202	     24.32042742	    -13.36857167	     39.99999995	     11.86704808	    -50.00000000	    -35.00000000	      0.00000000	     27.11749890	      1.31217868	     39.99999995	      2.36526114	    -27.42762653	    -35.00000000	      0.00000000	     41.35500790	     -4.90157619	     44.16564900	    -79.10628789	     11.53548994	    -27.23813577	     88.78774861	     68.46916319	     77.06179119	     -3.96777921	    162.11435547	     84.80883338	      0.00000000
     10.61666670	    -30.00128254	      2.70846309	      9.17819753	     -0.50844153	      0.72872871	     -0.19565341	     24.26139833	    -13.32263129	     39.99999995	     11.89471581	    -50.00000000	    -35.00000000	      0.00000000	     27.03497618	      1.29103481	     39.99999995	      2.35664332	    -27.42803163	    -35.00000000	      0.00000000	     41.51458222	     -4.96407846	     44.13680191	    -79.06943431	     11.56673838	    -27.23129936	     88.82862408	     68.45673710	     77.06374409	     -3.93742892	    162.13145897	     84.82069412	      0.00000000
     10.63333330	    -29.99436345	      2.70865442	      9.18776260	     -0.50685262	      0.73026692	     -0.19526397	     24.27531301	    -13.31675217	     39.99999995	     11.88606926	    -50.00000000	    -35.00000000	      0.00000000	     27.03037996	      1.28682784	     39.99999995	      2.35509221	    -27.42744959	    -35.00000000	      0.00000000	     41.52073798	     -4.96492120	     44.12913112	    -79.06413028	     11.56868777	    -27.23042625	     88.83342425	     68.45524212	     77.06548564	     -3.92939866	    162.13290503	     84.82150858	      0.00000000
     10.65000000	    -29.98649497	      2.70510716	      9.18930415	     -0.50636124	      0.73059741	     -0.19510080	     24.27989561	    -13.31683265	     39.99999995	     11.88418631	    -50.00000000	    -35.00000000	      0.00000000	     27.03157756	      1.28744186	     39.99999995	      2.35405445	    -27.42723079	    -35.00000000	      0.00000000	     41.52309632	     -4.96550490	     44.12808905	    -79.06319105	     11.56921343	    -27.23016790	     88.83418457	     68.45503891	     77.06556608	     -3.92831789	    162.13321567	     84.82167245	      0.00000000
     10.66666670	    -29.93137289	      2.67025426	      9.17882448	     -0.50408186	      0.73144620	     -0.19493683	     24.17098051	    -13.21844307	     39.99999995	     11.89462441	    -50.00000000	    -35.00000000	      0.00000000	     26.92783814	      1.21793105	     39.99999995	      2.39405913	    -27.42733770	    -35.00000000	      0.00000000	     41.74185284	     -5.02157844	     44.07240080	    -79.01103078	     11.62546759	    -27.20318996	     88.86892634	     68.44481729	     77.05385231	     -3.88851063	    162.16433435	     84.83706210	      0.00000000
     10.68333330	    -29.96209730	      2.67221252	      9.19714900	     -0.50154719	      0.73263631	     -0.19393575	     24.16474029	    -13.21046929	     39.99999995	     11.89332753	    -50.00000000	    -35.00000000	      0.00000000	     26.90406499	      1.20848252	     39.99999995	      2.40270568	    -27.42796646	    -35.00000000	      0.00000000	     41.75329491	     -5.01667789	     44.06660983	    -79.00344732	     11.63020408	    -27.19983126	     88.87351733	     68.44333300	     77.05219375	     -3.88142851	    162.17100915	     84.84054229	      0.00000000
     10.70000000	    -29.91922206	      2.62054173	      9.22934895	     -0.50388620	      0.73046044	     -0.19485413	     24.02237652	    -13.13297967	     39.99999995	     11.86015049	    -50.00000000	    -35.00000000	      0.00000000	     26.74314690	      1.11004539	     39.99999995	      2.28935231	    -27.52912610	    -35.00000000	      0.00000000	     42.04032033	     -5.11562185	     43.85804695	    -78.89079093	     11.53317672	    -27.09440539	     89.40244274	     67.95131659	     77.37114223	     -2.76954509	    164.26477757	     85.35467960	      0.00000000
     10.71666670	    -29.95060229	      2.63011629	      9.23930004	     -0.50313938	      0.73011390	     -0.19467970	     24.00587920	    -13.12529361	     39.99999995	     11.86702443	    -50.00000000	    -35.00000000	      0.00000000	     26.72526245	      1.10560200	     39.99999995	      2.30368470	    -27.53071911	    -35.00000000	      0.00000000	     42.04826228	     -5.11506176	     43.85876169	    -78.88842749	     11.53367171	    -27.09297788	     89.40178060	     67.95006478	     77.36981834	     -2.76671778	    164.26385281	     85.35523974	      0.00000000
     10.73333330	    -29.93151330	      2.63009361	      9.26688105	     -0.50223419	      0.73177609	     -0.19494375	     23.92057529	    -13.11217980	     39.99999995	     11.90884917	    -50.00000000	    -35.00000000	      0.00000000	     26.65366219	      1.11743732	     39.99999995	      2.36537642	    -27.55198100	    -35.00000000	      0.00000000	     42.21394087	     -5.12602651	     43.85354543	    -78.87119819	     11.55807091	    -27.07474850	     89.39449854	     67.93909328	     77.35140488	     -2.74605920	    164.26080245	     85.36412525	      0.00000000
     10.75000000	    -29.97313212	      2.63767402	      9.27494782	     -0.50036015	      0.73021426	     -0.19437622	     23.89471232	    -13.10791095	     39.99999995	     11.91744733	    -50.00000000	    -35.00000000	      0.00000000	     26.63951459	      1.11494018	     39.99999995	      2.37584399	    -27.55634919	    -35.00000000	      0.00000000	     42.21857935	     -5.12714103	     43.84888285	    -78.86919347	     11.55952517	    -27.07289020	     89.39347483	     67.93758243	     77.34950375	     -2.73899018	    164.25927160	     85.36434033	      0.00000000
     10.76666670	    -29.96832899	      2.63719269	      9.30103454	     -0.50065739	      0.72934899	     -0.19427436	     23.82396432	    -13.11383081	     39.99999995	     11.93002549	    -50.00000000	    -35.00000000	      0.00000000	     26.54894359	      1.10433304	     39.99999995	      2.40883077	    -27.58848895	    -35.00000000	      0.00000000	     42.39146055	     -5.16701067	     43.79469615	    -78.88229834	     11.60942260	    -27.04791829	     89.37633869	     67.92475325	     77.34229993	     -2.69877365	    164.25284897	     85.36992085	      0.00000000
     10.78333330	    -30.01266440	      2.63156064	      9.31611170	     -0.49968708	      0.73051890	     -0.19433571	     23.82019543	    -13.11614132	     39.99999995	     11.92786528	    -50.00000000	    -35.00000000	      0.00000000	     26.51523738	      1.09650673	     39.99999995	      2.42025597	    -27.59400622	    -35.00000000	      0.00000000	     42.40300147	     -5.16800542	     43.78826166	    -78.88310070	     11.61383247	    -27.04512621	     89.37470557	     67.92264744	     77.34203512	     -2.69019925	    164.25213150	     85.37102393	      0.00000000
     10.80000000	    -30.02114920	      2.60763923	      9.34959760	     -0.49993178	      0.72854702	     -0.19466950	     23.76114296	    -13.11616114	     39.99999995	     11.90923202	    -50.00000000	    -35.00000000	      0.00000000	     26.41471591	      1.07076302	     39.99999995	      2.40102652	    -27.62446074	    -35.00000000	      0.00000000	     42.59793475	     -5.17402761	     43.68955477	    -78.92835573	     11.67794450	    -27.01567798	     89.34502612	     67.90349261	     77.34663205	     -2.61011276	    164.24125080	     85.38142941	      0.00000000
     10.81666670	    -30.05651458	      2.60647332	      9.35753607	     -0.49940388	      0.72902909	     -0.19408277	     23.75448317	    -13.10699581	     39.99999995	     11.90638571	    -50.00000000	    -35.00000000	      0.00000000	     26.39861873	      1.07123068	     39.99999995	      2.40418278	    -27.62575517	    -35.00000000	      0.00000000	     42.60042840	     -5.17417470	     43.68466351	    -78.93188888	     11.67997024	    -27.01420383	     89.34332018	     67.90173629	     77.34652507	     -2.60180982	    164.24041061	     85.38247450	      0.00000000
     10.83333330	    -30.08672298	      2.60817409	      9.35430776	     -0.49905573	      0.72856621	     -0.19427788	     23.74024805	    -13.09953898	     39.99999995	     11.90876985	    -50.00000000	    -35.00000000	      0.00000000	     26.38318008	      1.06825588	     39.99999995	      2.40763606	    -27.62626149	    -35.00000000	      0.00000000	     42.60849112	     -5.17643329	     43.67703556	    -78.93648674	     11.68415700	    -27.01217417	     89.34116396	     67.90022058	     77.34716410	     -2.59429077	    164.23911187	     85.38291097	      0.00000000
