Coordinates
version=1
nRows=651
nColumns=34
inDegrees=yes

Units are S.I. units (second, meters, Newtons, ...)
If the header above contains a line with 'inDegrees', this indicates whether rotational values are in degrees (yes) or radians (no).

endheader
time	pelvis_tilt	pelvis_list	pelvis_rotation	pelvis_tx	pelvis_ty	pelvis_tz	hip_flexion_r	hip_adduction_r	hip_rotation_r	knee_angle_r	ankle_angle_r	subtalar_angle_r	mtp_angle_r	hip_flexion_l	hip_adduction_l	hip_rotation_l	knee_angle_l	ankle_angle_l	subtalar_angle_l	mtp_angle_l	lumbar_extension	lumbar_bending	lumbar_rotation	arm_flex_r	arm_add_r	arm_rot_r	elbow_flex_r	pro_sup_r	arm_flex_l	arm_add_l	arm_rot_l	elbow_flex_l	pro_sup_l
      0.00000000	     -5.32711559	     -2.95715618	     -0.84175526	     -0.54198516	      0.93762104	     -0.16469093	     10.70854560	      2.40550173	     -5.93854171	     15.52452315	     -2.24119805	    -21.59716527	      0.00000000	      2.76285384	     -5.45654556	     -6.49917334	      0.00000000	     15.92139811	      5.57282540	      0.00000000	      0.55672853	      3.24490052	     -7.15341672	      5.28789989	     -6.62551484	     28.15552813	     20.95424692	     46.57347172	     -4.49478365	     -7.02386557	     18.86158129	     22.08079032	     40.50575756
      0.01666670	     -7.11368736	     -1.10995101	     -0.77922265	     -0.53935885	      0.93450939	     -0.16447097	     12.52542911	      0.77479303	     -5.87764469	     15.11793238	      1.35210992	    -18.74687494	      0.00000000	      5.23284946	     -2.92874632	     -5.38918099	      0.00000000	     15.78784647	      4.54585324	      0.00000000	      2.78493129	      1.41691522	     -7.06933159	      1.53719821	     -4.47903985	      2.52327214	     25.44928877	     92.02640846	     -6.28730846	     -4.85764183	     -5.22757739	     23.90225677	     76.93788914
      0.03333330	     -7.50099265	      0.00562715	     -1.19078628	     -0.53939391	      0.93467986	     -0.16283398	     12.89692248	     -0.47202949	     -6.35374078	     15.13418418	      1.50423678	    -16.54540784	      0.00000000	      5.35844858	     -1.92392537	     -7.88686064	      0.00000000	     14.27519285	      4.87870588	      0.00000000	      3.38375247	      0.13865245	     -6.22515567	      0.60233738	     -4.68581599	      3.74086205	     26.75191664	     91.51904887	     -6.15969464	     -6.21282273	     -0.85320219	     23.85681473	     78.42316810
      0.05000000	     -7.15137099	      0.47835135	     -1.48867976	     -0.54034046	      0.93665966	     -0.16226410	     12.72982857	     -1.05026773	     -6.17256795	     15.46679909	      1.60684012	    -15.97847336	      0.00000000	      4.81747620	     -1.35090018	     -8.38698058	      0.00000000	     13.99256869	      4.11475120	      0.00000000	      2.99283573	     -0.36868096	     -5.29950390	      0.33136288	     -4.95461080	      5.05872198	     27.00312311	     91.18219630	     -5.64047871	     -6.97666384	      3.23044997	     23.48305038	     79.06897720
      0.06666670	     -7.05895941	      0.47989088	     -1.32791528	     -0.54091744	      0.93749786	     -0.16228131	     12.69675041	     -1.04451358	     -6.12408988	     15.50765571	      1.59389767	    -15.95600328	      0.00000000	      4.79329780	     -1.30086763	     -8.49271144	      0.00000000	     13.97439509	      4.05539143	      0.00000000	      3.05131835	     -0.33936941	     -5.26741031	      0.34694568	     -4.90854537	      5.07457583	     27.01357638	     91.18184919	     -5.59866302	     -7.02087533	      3.23630358	     23.48747548	     79.06526843
      0.08333330	     -6.14038584	      0.61993218	     -1.70394293	     -0.54199434	      0.93918941	     -0.16164167	     11.99093796	     -1.12656270	     -5.59438793	     15.73243177	      2.05077575	    -16.04522324	      0.00000000	      3.85219062	     -1.09763769	     -8.79414197	      0.00000000	     13.62310819	      3.29744112	      0.00000000	      1.73497899	     -0.47712025	     -4.39931861	      0.88569618	     -4.94376745	      5.61775853	     27.53490465	     91.21672460	     -4.59258763	     -7.17467666	      3.97034945	     23.37254457	     78.91256444
      0.10000000	     -6.01806201	      0.66699009	     -2.00909562	     -0.54223623	      0.93947376	     -0.16144637	     12.00802835	     -1.16807206	     -5.51252471	     15.72998792	      2.08682085	    -16.01669995	      0.00000000	      3.86566924	     -0.97302445	     -8.72162938	      0.00000000	     13.70956647	      3.25929551	      0.00000000	      1.68641194	     -0.41389275	     -4.19584654	      1.37230613	     -4.87088084	      5.65341496	     27.74318818	     91.21884397	     -4.45808657	     -7.17042348	      4.02470243	     23.37963836	     78.89313986
      0.11666670	     -5.09337734	      0.76598243	     -2.37967402	     -0.54363766	      0.94092067	     -0.16097161	     11.33256102	     -1.22487786	     -4.87709175	     16.00578692	      2.61015638	    -16.08533285	      0.00000000	      2.98549987	     -0.79307290	     -8.65994486	      0.00000000	     13.77367887	      2.71683572	      0.00000000	      0.04707789	     -0.54733392	     -3.64624468	      1.86251340	     -4.97970732	      6.09773030	     28.19496472	     91.27023073	     -3.51187836	     -7.25196860	      4.56389267	     23.20894744	     78.57363651
      0.13333330	     -4.97575148	      0.67564626	     -2.43260086	     -0.54412856	      0.94127113	     -0.16079621	     11.40682117	     -1.05629821	     -4.53811352	     16.08924614	      2.68121755	    -16.01071927	      0.00000000	      2.97076962	     -0.88289282	     -8.38004250	      0.00000000	     13.94265160	      2.75048875	      0.00000000	     -0.15265951	     -0.45144192	     -3.64360649	      2.09568284	     -4.93572101	      6.12821808	     28.30247853	     91.27097564	     -3.24980484	     -7.29669996	      4.61212701	     23.22811380	     78.52705483
      0.15000000	     -4.04125065	      0.52749603	     -2.48384229	     -0.54498306	      0.94281077	     -0.16085205	     10.38947607	     -0.90473604	     -4.43443828	     16.07424542	      2.59902339	    -16.17060899	      0.00000000	      1.92275567	     -1.02630249	     -8.22413357	      0.00000000	     13.75678533	      2.19112632	      0.00000000	     -1.58710995	     -0.30297688	     -3.44567961	      2.38385814	     -5.08847260	      6.36813472	     28.62923606	     91.28066597	     -2.49616629	     -7.32224207	      5.19426486	     22.89737671	     77.94323860
      0.16666670	     -4.01925803	      0.52319885	     -2.66595816	     -0.54483521	      0.94279555	     -0.16072864	     10.46171287	     -0.92027548	     -4.47414055	     16.03941496	      2.63532349	    -16.19985364	      0.00000000	      1.80407883	     -1.05628270	     -8.24471497	      0.00000000	     13.72514110	      2.17665169	      0.00000000	     -1.58342422	     -0.29713974	     -3.46600883	      2.38877461	     -5.08944852	      6.36900349	     28.63317679	     91.28044995	     -2.45836975	     -7.33141466	      5.19960271	     22.90374186	     77.93442813
      0.18333330	     -3.33587510	      0.49864464	     -3.24937158	     -0.54565491	      0.94382477	     -0.15998583	      9.98362394	     -0.86089970	     -4.07381387	     16.20406289	      3.18057737	    -16.20125815	      0.00000000	      0.93077098	     -1.08425107	     -8.82992789	      0.00000000	     13.28190869	      1.57016173	      0.00000000	     -2.56143779	     -0.30443534	     -2.77942411	      2.74326164	     -5.19704226	      6.49040037	     28.66541631	     91.30862334	     -1.99360299	     -7.34043920	      5.40754288	     22.83500930	     77.55617385
      0.20000000	     -3.28630442	      0.49761955	     -3.54872526	     -0.54571658	      0.94377336	     -0.15989455	     10.02317392	     -0.88699352	     -4.11889825	     16.13986539	      3.21249523	    -16.22159873	      0.00000000	      0.85296335	     -1.06175055	     -8.78228498	      0.00000000	     13.25681782	      1.59166253	      0.00000000	     -2.53899395	     -0.26273017	     -2.81605124	      2.74719648	     -5.20363467	      6.48987235	     28.66880449	     91.30866957	     -1.95534237	     -7.32889073	      5.41351478	     22.84393493	     77.54905978
      0.21666670	     -2.57243428	      0.37581136	     -3.60949893	     -0.54646643	      0.94502451	     -0.15987018	      9.19112038	     -0.74735578	     -3.88212467	     15.89322260	      3.57210648	    -16.08948032	      0.00000000	      0.00891556	     -1.16003924	     -8.84287992	      0.00000000	     13.01193475	      1.17779881	      0.00000000	     -3.53399347	     -0.09160117	     -2.69671128	      3.16767730	     -5.24807418	      6.53514465	     28.72154457	     91.34014551	     -1.52203871	     -7.28673557	      5.62951967	     22.57824568	     77.18974021
      0.23333330	     -2.55837401	      0.38366652	     -3.70684734	     -0.54654786	      0.94509873	     -0.15980671	      9.19768008	     -0.75133331	     -3.86045924	     15.73888616	      3.68338008	    -16.11571017	      0.00000000	      0.02568659	     -1.13452415	     -8.79024464	      0.00000000	     13.01821286	      1.21032220	      0.00000000	     -3.57070329	     -0.06167307	     -2.72657795	      3.14766747	     -5.24892380	      6.53701004	     28.71384495	     91.34135896	     -1.47599781	     -7.29771297	      5.63433012	     22.58297099	     77.17765753
      0.25000000	     -2.12261985	      0.21481673	     -3.60226119	     -0.54684535	      0.94599934	     -0.16000979	      8.51679373	     -0.50600547	     -3.66037074	     15.20701134	      4.50980647	    -15.83381042	      0.00000000	     -0.39136159	     -1.27727919	     -8.68228307	      0.00000000	     13.29009950	      1.46131306	      0.00000000	     -4.19379882	      0.10190705	     -2.69647655	      3.31471108	     -5.29438587	      6.52673301	     28.71353760	     91.37193830	     -1.13447393	     -7.26210369	      5.82396300	     22.38776662	     76.87108533
      0.26666670	     -2.11568703	      0.21385466	     -3.57282080	     -0.54689744	      0.94607068	     -0.15988506	      8.47872500	     -0.46822086	     -3.57815339	     15.07243534	      4.63025123	    -15.82617260	      0.00000000	     -0.36679908	     -1.29446080	     -8.55434747	      0.00000000	     13.27256383	      1.54831355	      0.00000000	     -4.14186609	      0.02335323	     -2.63261143	      3.58973884	     -5.33879393	      6.50349709	     28.82543010	     91.37195590	     -1.03815134	     -7.26775138	      5.83363205	     22.40034911	     76.84896983
      0.28333330	     -1.65405984	      0.01312523	     -3.08407118	     -0.54730944	      0.94662128	     -0.16035122	      7.55917848	     -0.23351184	     -3.64987124	     14.41113495	      4.74859396	    -15.41453347	      0.00000000	     -0.89085124	     -1.55992984	     -8.25108144	      0.00000000	     13.02598063	      1.68935095	      0.00000000	     -4.55320079	      0.14531436	     -2.74187600	      3.46973380	     -5.29054279	      6.37231321	     28.82896951	     91.37041671	     -0.67342660	     -7.25919436	      6.00465005	     22.13831793	     76.57643103
      0.30000000	     -1.61073542	      0.01937600	     -2.96361567	     -0.54726850	      0.94637332	     -0.16042830	      7.40675539	     -0.23536235	     -3.66193331	     14.27339388	      4.84932739	    -15.44433282	      0.00000000	     -0.87784077	     -1.56061729	     -8.18361425	      0.00000000	     12.84096629	      1.81832901	      0.00000000	     -4.43203252	      0.07412932	     -2.66302680	      3.70033418	     -5.37216019	      6.33024180	     28.91991625	     91.36709443	     -0.55127721	     -7.26808738	      6.01437879	     22.15154510	     76.54562719
      0.31666670	     -1.52425053	      0.00082141	     -2.97851775	     -0.54731815	      0.94627148	     -0.16039740	      7.29068618	     -0.20663651	     -3.68156208	     14.22712108	      4.89971716	    -15.44728525	      0.00000000	     -0.95280967	     -1.57747521	     -8.14630487	      0.00000000	     12.67250927	      1.91542951	      0.00000000	     -4.36441047	      0.02615665	     -2.53213986	      3.87732713	     -5.40514760	      6.30100988	     28.99533354	     91.36442106	     -0.50235574	     -7.24148091	      6.02299460	     22.13970748	     76.51831613
      0.33333330	     -1.52042001	      0.00047662	     -2.97789051	     -0.54726766	      0.94613169	     -0.16039501	      7.29103667	     -0.20705144	     -3.68140454	     14.22654915	      4.89969591	    -15.44711408	      0.00000000	     -0.95210495	     -1.57770785	     -8.14639096	      0.00000000	     12.67143459	      1.91584244	      0.00000000	     -4.36389892	      0.02586487	     -2.53065734	      3.87907114	     -5.40531149	      6.30082718	     28.99599390	     91.36439944	     -0.50230917	     -7.24133395	      6.02301473	     22.13958308	     76.51817277
      0.35000000	     -1.22462911	      0.03598514	     -3.34069961	     -0.54780551	      0.94637838	     -0.16018540	      7.08423591	     -0.27919668	     -3.43701898	     14.30963481	      4.85331928	    -15.26135336	      0.00000000	     -1.28912277	     -1.49666419	     -8.46527252	      0.00000000	     12.14086560	      1.98048537	      0.00000000	     -4.59577704	      0.02945115	     -2.09364123	      4.25389793	     -5.58622468	      6.19585869	     29.13457828	     91.34855228	     -0.32619028	     -7.05188486	      6.03370695	     22.06510522	     76.42407712
      0.36666670	     -1.12981440	      0.02992518	     -3.52735649	     -0.54795391	      0.94652590	     -0.15995923	      7.05360150	     -0.27745441	     -3.44721766	     14.34005038	      4.84660122	    -15.25746598	      0.00000000	     -1.43740521	     -1.48816799	     -8.43208161	      0.00000000	     12.14656777	      1.98543284	      0.00000000	     -4.48315159	      0.02008318	     -2.04411883	      4.32162085	     -5.55347980	      6.18990539	     29.17147495	     91.34664737	     -0.28245033	     -7.05431534	      6.03011961	     22.06288394	     76.41222719
      0.38333330	     -0.53195876	      0.08009369	     -3.97894941	     -0.54869790	      0.94741209	     -0.15950079	      6.59938401	     -0.35466142	     -3.05138151	     14.57139569	      4.96324544	    -15.17719811	      0.00000000	     -2.13773850	     -1.35351303	     -8.80371742	      0.00000000	     12.12940486	      1.85365908	      0.00000000	     -5.15677562	     -0.05390352	     -1.29799683	      4.24569145	     -5.55768346	      5.94252836	     28.91237211	     91.26827272	      0.21192886	     -6.89223295	      5.99572774	     21.61028117	     76.05932778
      0.40000000	     -0.48808743	      0.09955091	     -4.07490958	     -0.54894109	      0.94762373	     -0.15938626	      6.59075684	     -0.38591020	     -3.00961503	     14.59242132	      4.94528078	    -15.15933604	      0.00000000	     -2.20104398	     -1.31547111	     -8.78304043	      0.00000000	     12.12599129	      1.84865486	      0.00000000	     -5.13889157	     -0.01070250	     -1.38347964	      4.11179397	     -5.54326549	      5.94102434	     28.86554983	     91.26579847	      0.25203587	     -6.90700948	      5.99483960	     21.60915672	     76.05017337
      0.41666670	     -0.37114763	      0.13225963	     -3.93471547	     -0.54917038	      0.94784174	     -0.15952052	      6.47509342	     -0.42342183	     -2.85606657	     14.69244636	      4.91654408	    -15.11559822	      0.00000000	     -2.30469703	     -1.28762314	     -8.74595551	      0.00000000	     12.10630118	      1.84206998	      0.00000000	     -5.07860883	      0.01385264	     -1.48819916	      3.88812784	     -5.49507169	      5.94218395	     28.77307959	     91.26131486	      0.28055131	     -6.91604054	      5.99480478	     21.59279146	     76.03465585
      0.43333330	     -0.30844995	      0.14033586	     -4.07931093	     -0.54923112	      0.94795958	     -0.15932123	      6.42636397	     -0.42748634	     -2.88512778	     14.67231736	      4.93306057	    -15.14167393	      0.00000000	     -2.38122717	     -1.26469272	     -8.68476331	      0.00000000	     12.11348712	      1.84922691	      0.00000000	     -5.01281016	     -0.03069700	     -1.48861455	      3.94327875	     -5.49759297	      5.92755287	     28.77476696	     91.25610846	      0.30393632	     -6.90009252	      5.99645805	     21.57995671	     76.02459226
      0.45000000	     -0.18858492	      0.17610563	     -4.16049739	     -0.54929870	      0.94816565	     -0.15928826	      6.31888943	     -0.47680061	     -2.88829449	     14.67605223	      4.95481821	    -15.17294116	      0.00000000	     -2.52383594	     -1.20102904	     -8.64473195	      0.00000000	     12.17112855	      1.81162313	      0.00000000	     -4.87810956	     -0.08136804	     -1.37332323	      4.17571065	     -5.47502573	      5.90249108	     28.81870363	     91.24613211	      0.29304059	     -6.85840201	      5.99814905	     21.53369302	     76.00528265
      0.46666670	      0.44276816	      0.22983970	     -4.40332193	     -0.54996599	      0.94911028	     -0.15908650	      5.69377569	     -0.57775465	     -2.58155639	     14.65892669	      5.00015917	    -15.40238652	      0.00000000	     -3.23987181	     -1.06020843	     -8.69368738	      0.00000000	     12.27011952	      1.44168435	      0.00000000	     -5.68390534	     -0.20331369	     -1.11916930	      4.73165880	     -5.35734897	      5.58027466	     28.22119656	     91.05558149	      0.82977869	     -6.68476060	      5.91117416	     20.76369614	     75.58135150
      0.48333330	      0.45363552	      0.23448995	     -4.45845727	     -0.55001415	      0.94906722	     -0.15901321	      5.67574860	     -0.58363495	     -2.55669047	     14.63020701	      4.97547508	    -15.38045663	      0.00000000	     -3.28072480	     -1.05712216	     -8.67222267	      0.00000000	     12.26128276	      1.44707819	      0.00000000	     -5.56730143	     -0.22455860	     -1.19198212	      4.80091792	     -5.32187558	      5.57581068	     28.25067218	     91.04924462	      1.02200645	     -6.65634007	      5.91414428	     20.82748715	     75.56928958
      0.50000000	      0.46810659	      0.24182196	     -4.40429503	     -0.54994118	      0.94896471	     -0.15907610	      5.63054405	     -0.59238993	     -2.50408026	     14.59149989	      4.94611839	    -15.35215155	      0.00000000	     -3.29693296	     -1.06405165	     -8.67179470	      0.00000000	     12.23519300	      1.44584159	      0.00000000	     -5.44917498	     -0.24354491	     -1.26313052	      4.92102576	     -5.26035415	      5.57259633	     28.29625193	     91.04017478	      1.28047445	     -6.59724718	      5.92531834	     20.92242474	     75.55484241
      0.51666670	      0.66319960	      0.20134984	     -4.27672336	     -0.55010794	      0.94928134	     -0.15919423	      5.27518054	     -0.55274391	     -2.57720794	     14.30487990	      4.72736277	    -15.40134139	      0.00000000	     -3.48663094	     -1.11913707	     -8.49107107	      0.00000000	     11.90586587	      1.40182239	      0.00000000	     -5.71255789	     -0.27012581	     -1.31409864	      5.04296168	     -5.20355849	      5.45723681	     28.23495412	     90.89719745	      1.63849978	     -6.59909015	      6.08741900	     21.04551666	     75.35291803
      0.53333330	      0.66695394	      0.19862183	     -4.37055991	     -0.55005092	      0.94917738	     -0.15917498	      5.28634705	     -0.55944526	     -2.59397174	     14.26999613	      4.73854531	    -15.41555613	      0.00000000	     -3.51357106	     -1.10812974	     -8.50012586	      0.00000000	     11.92171852	      1.38731187	      0.00000000	     -5.68645002	     -0.27355024	     -1.35360208	      5.07371879	     -5.18484953	      5.45496046	     28.24732797	     90.89152963	      1.72694860	     -6.56208426	      6.09908387	     21.08339994	     75.34633187
      0.55000000	      0.67969340	      0.20382027	     -4.46296157	     -0.55010627	      0.94923215	     -0.15912035	      5.28922265	     -0.57584090	     -2.60303994	     14.23038651	      4.74344592	    -15.42428226	      0.00000000	     -3.54916996	     -1.08897892	     -8.54114460	      0.00000000	     11.91928431	      1.35841203	      0.00000000	     -5.63928709	     -0.28011993	     -1.37259213	      5.16371924	     -5.15347758	      5.45155073	     28.27795814	     90.88203083	      1.85208464	     -6.49895847	      6.11914843	     21.14446972	     75.33580825
      0.56666670	      0.69592102	      0.21970626	     -4.55820104	     -0.55012864	      0.94930132	     -0.15907738	      5.29444594	     -0.61283766	     -2.58615072	     14.19585177	      4.73035287	    -15.41570045	      0.00000000	     -3.58797549	     -1.05288976	     -8.61842445	      0.00000000	     11.88545692	      1.30887563	      0.00000000	     -5.62544240	     -0.26528874	     -1.36426867	      5.24953257	     -5.12609359	      5.44745969	     28.29986888	     90.86849276	      1.96394723	     -6.43748020	      6.14459327	     21.21147767	     75.32068395
      0.58333330	      0.68898680	      0.22227230	     -4.54843351	     -0.55001203	      0.94928616	     -0.15903687	      5.30405323	     -0.62447871	     -2.57998573	     14.19108338	      4.72889053	    -15.41375386	      0.00000000	     -3.60668072	     -1.06271682	     -8.62369570	      0.00000000	     11.88352802	      1.30478846	      0.00000000	     -5.62724495	     -0.26622330	     -1.36129104	      5.25468812	     -5.12497539	      5.44713185	     28.30091739	     90.86757690	      1.96803944	     -6.43500136	      6.14611703	     21.21479193	     75.31966003
      0.60000000	      0.68983459	      0.22252658	     -4.54773076	     -0.54997235	      0.94927790	     -0.15902165	      5.30458831	     -0.62512782	     -2.57940080	     14.19069440	      4.72877070	    -15.41357023	      0.00000000	     -3.60699977	     -1.06324587	     -8.62405515	      0.00000000	     11.88339829	      1.30443380	      0.00000000	     -5.62730534	     -0.26640419	     -1.36119032	      5.25515801	     -5.12477451	      5.44711728	     28.30102900	     90.86749184	      1.96873809	     -6.43460929	      6.14627527	     21.21524318	     75.31957146
      0.61666670	      1.06526169	      0.26362857	     -4.57725443	     -0.55043654	      0.94981040	     -0.15877601	      4.88135536	     -0.66023294	     -2.29430976	     14.12079894	      4.69706654	    -15.46388726	      0.00000000	     -4.00954325	     -0.99806460	     -8.60391928	      0.00000000	     11.56644096	      0.92906673	      0.00000000	     -6.19888859	     -0.48536967	     -1.04347490	      5.39041405	     -5.09426944	      5.36108272	     28.22704764	     90.65775528	      2.30540402	     -6.46068204	      6.40753397	     21.63289768	     75.09771804
      0.63333330	      1.06687816	      0.26318983	     -4.57430024	     -0.55042743	      0.94963289	     -0.15876317	      4.88396560	     -0.65925861	     -2.29421739	     14.11951893	      4.69715779	    -15.46403181	      0.00000000	     -4.01188727	     -0.99735824	     -8.60380630	      0.00000000	     11.56696596	      0.92898602	      0.00000000	     -6.19885717	     -0.48512361	     -1.04357096	      5.39053589	     -5.09380707	      5.36108046	     28.22719558	     90.65757298	      2.30572312	     -6.46018276	      6.40782821	     21.63318862	     75.09753417
      0.65000000	      1.10077464	      0.20064125	     -4.38967342	     -0.55044396	      0.94958256	     -0.15893785	      4.81664728	     -0.58223638	     -2.31936237	     14.11970138	      4.74361008	    -15.53661185	      0.00000000	     -4.03581125	     -1.09052368	     -8.45085299	      0.00000000	     11.62976531	      0.98735581	      0.00000000	     -6.19669880	     -0.49191640	     -1.13273498	      5.36780378	     -5.02256883	      5.35706028	     28.24193794	     90.61978752	      2.41648266	     -6.38137798	      6.46265693	     21.69991595	     75.06103802
      0.66666670	      1.10180399	      0.19985100	     -4.38684181	     -0.55045184	      0.94949656	     -0.15892303	      4.81731736	     -0.58332512	     -2.31940987	     14.11867542	      4.74377294	    -15.53700375	      0.00000000	     -4.03656439	     -1.09070477	     -8.45073121	      0.00000000	     11.63006166	      0.98728661	      0.00000000	     -6.19714312	     -0.49150324	     -1.13227685	      5.36789145	     -5.02241965	      5.35700108	     28.24200708	     90.61957456	      2.41587904	     -6.38183597	      6.46284010	     21.69971245	     75.06081963
      0.68333330	      1.09745546	      0.19450809	     -4.22925258	     -0.55043792	      0.94947730	     -0.15910603	      4.79604825	     -0.57896673	     -2.32621811	     14.14004969	      4.72870819	    -15.54779589	      0.00000000	     -4.08797728	     -1.13757281	     -8.47545016	      0.00000000	     11.62054882	      0.97272255	      0.00000000	     -6.19841213	     -0.49511215	     -1.12253908	      5.36631273	     -5.01432295	      5.35486057	     28.24486474	     90.61066381	      2.39842642	     -6.39352074	      6.47132038	     21.69453563	     75.05204233
      0.70000000	      1.15160665	      0.12604387	     -4.12098703	     -0.55037002	      0.94946351	     -0.15919073	      4.74023296	     -0.51337612	     -2.39823233	     14.21510680	      4.66371548	    -15.58113562	      0.00000000	     -4.22004125	     -1.24091839	     -8.55626917	      0.00000000	     11.51994626	      0.93281616	      0.00000000	     -6.26757615	     -0.46837436	     -1.29608578	      4.99459710	     -4.95343589	      5.36964533	     28.11848241	     90.59052964	      2.40405812	     -6.42264717	      6.49328892	     21.69642687	     75.03135245
      0.71666670	      1.21622807	      0.06736242	     -3.95333520	     -0.55027154	      0.94950069	     -0.15935023	      4.65507067	     -0.45968359	     -2.50262971	     14.26513431	      4.57539354	    -15.61991319	      0.00000000	     -4.34407527	     -1.33266033	     -8.65388722	      0.00000000	     11.36329798	      0.88845474	      0.00000000	     -6.32357884	     -0.39568849	     -1.36965971	      4.72457567	     -4.89192481	      5.38106698	     28.00954518	     90.56594398	      2.34996444	     -6.46672855	      6.51792831	     21.67884828	     75.00671723
      0.73333330	      1.65821102	     -0.14007691	     -3.72859305	     -0.55032881	      0.95029690	     -0.15974120	      3.88031152	     -0.26288118	     -2.76223485	     13.70498519	      3.91393241	    -16.03230204	      0.00000000	     -4.81464255	     -1.52911656	     -8.23489296	      0.00000000	     11.06827266	      0.57951799	      0.00000000	     -6.89863608	     -0.14770864	     -1.67242334	      4.82013890	     -4.76752940	      5.25867095	     27.57099394	     90.07619907	      2.45984385	     -6.54866637	      7.03667334	     21.72651362	     74.56258682
      0.75000000	      1.67023816	     -0.14927737	     -3.72122213	     -0.55049334	      0.95026619	     -0.15974831	      3.90097525	     -0.24945782	     -2.74790637	     13.69124193	      3.93385621	    -16.05040085	      0.00000000	     -4.77237778	     -1.51971952	     -8.24177405	      0.00000000	     11.07399562	      0.58543123	      0.00000000	     -6.95565437	     -0.13654134	     -1.72801050	      4.70904832	     -4.77713332	      5.26218691	     27.51880717	     90.06437550	      2.47203497	     -6.54003484	      7.04914152	     21.73329326	     74.54980215
      0.76666670	      1.66500678	     -0.15771987	     -3.59941583	     -0.55033965	      0.95017476	     -0.15979536	      3.84821808	     -0.23654359	     -2.74795560	     13.63248227	      3.94874658	    -16.09849305	      0.00000000	     -4.79019486	     -1.56106166	     -8.26141997	      0.00000000	     11.02860187	      0.59976424	      0.00000000	     -7.00658712	     -0.13489351	     -1.69420097	      4.47955874	     -4.77978599	      5.27191071	     27.39712516	     90.03104316	      2.26179821	     -6.58688636	      7.07284904	     21.65220866	     74.50964357
      0.78333330	      1.66332091	     -0.15254436	     -3.49375431	     -0.55042483	      0.95008999	     -0.15996768	      3.81539829	     -0.25029087	     -2.74138916	     13.59334049	      3.95010780	    -16.10594252	      0.00000000	     -4.79038108	     -1.56892629	     -8.29868965	      0.00000000	     11.01259198	      0.58634184	      0.00000000	     -7.01709035	     -0.12300861	     -1.63430022	      4.43415266	     -4.77243568	      5.27582260	     27.36643603	     90.02113124	      2.14314617	     -6.61843550	      7.07546090	     21.60207363	     74.49587026
      0.80000000	      1.67483384	     -0.18188248	     -3.48461368	     -0.55006043	      0.95015868	     -0.15989286	      3.72323149	     -0.21861814	     -2.78806205	     13.46484254	      3.90715666	    -16.12920292	      0.00000000	     -4.87705793	     -1.61904850	     -8.37962398	      0.00000000	     10.87809625	      0.57133317	      0.00000000	     -7.00498025	     -0.12612337	     -1.59180542	      4.18201620	     -4.76670065	      5.28526880	     27.22615511	     89.98694746	      1.85720557	     -6.69418242	      7.07939044	     21.45473188	     74.44724048
      0.81666670	      1.67963350	     -0.18340426	     -3.37954062	     -0.55013312	      0.95021281	     -0.16001907	      3.70911503	     -0.21346756	     -2.78190555	     13.45850233	      3.88532723	    -16.12711928	      0.00000000	     -4.89412462	     -1.62770392	     -8.42325690	      0.00000000	     10.86564302	      0.55211929	      0.00000000	     -7.00198435	     -0.11378351	     -1.54966900	      4.17042302	     -4.75491795	      5.28819501	     27.20716711	     89.97822716	      1.78186196	     -6.70919529	      7.07884192	     21.41248795	     74.43391460
      0.83333330	      1.68587049	     -0.20413208	     -3.30225402	     -0.55006098	      0.95022265	     -0.16008993	      3.67686327	     -0.19014206	     -2.80393043	     13.45809404	      3.83212639	    -16.12856392	      0.00000000	     -4.91838076	     -1.66146147	     -8.48698320	      0.00000000	     10.80615809	      0.53522270	      0.00000000	     -7.02956855	     -0.10408670	     -1.51208434	      4.08295818	     -4.74035179	      5.29391905	     27.14819851	     89.96300379	      1.63406364	     -6.74645168	      7.07498790	     21.32212204	     74.40950554
      0.85000000	      1.72961545	     -0.29249088	     -3.34107352	     -0.54990540	      0.95032693	     -0.16000848	      3.71532630	     -0.08338791	     -3.00478042	     13.42708768	      3.65146433	    -16.20681179	      0.00000000	     -5.00745007	     -1.75398537	     -8.66697374	      0.00000000	     10.68250222	      0.48335374	      0.00000000	     -7.07096400	     -0.04005579	     -1.48303072	      4.01085983	     -4.71560780	      5.30197060	     27.03663963	     89.91808958	      1.45230057	     -6.78362733	      7.06211841	     21.14140680	     74.33817374
      0.86666670	      1.75510934	     -0.28968127	     -3.32186489	     -0.54987942	      0.95060068	     -0.16006973	      3.77406881	     -0.05375768	     -3.00977331	     13.40250792	      3.64552266	    -16.20856465	      0.00000000	     -5.04441586	     -1.73591085	     -8.67024633	      0.00000000	     10.67784683	      0.48358230	      0.00000000	     -7.07117400	     -0.03909063	     -1.48448598	      4.01040016	     -4.71595798	      5.30203574	     27.03401518	     89.91686163	      1.45198577	     -6.78255011	      7.06183887	     21.13827692	     74.33622371
      0.88333330	      1.93329094	     -0.42577324	     -3.31444826	     -0.55019835	      0.95108489	     -0.16023662	      2.87576775	      0.17801001	     -2.72249670	     11.90699839	      2.40988564	    -17.27462489	      0.00000000	     -5.14856479	     -1.83322402	     -8.76568939	      0.00000000	     10.70684412	      0.71395041	      0.00000000	     -7.23192814	      0.12959009	     -1.66668286	      4.45454759	     -4.63036407	      5.50314410	     26.14807728	     89.29092892	      1.72199463	     -6.59089366	      6.84550097	     19.97684304	     73.26551250
      0.90000000	      1.74607616	     -0.38986363	     -3.49528162	     -0.55011506	      0.95079525	     -0.16008728	      2.52302585	      0.17528646	     -2.41112347	     10.74309239	      2.36482946	    -17.00672247	      0.00000000	     -4.89248074	     -1.74789002	     -8.81296576	      0.00000000	     10.88270151	      0.64317744	      0.00000000	     -6.96776021	      0.11028806	     -1.52615345	      4.41705033	     -4.64930940	      5.56086665	     26.12303336	     89.20887206	      1.62942062	     -6.57861016	      6.83978035	     19.98519148	     73.11942717
      0.91666670	      1.63322393	     -0.38417943	     -3.68589202	     -0.55005970	      0.95074524	     -0.15991082	      2.07001420	      0.19561221	     -2.17602724	      9.50549574	      2.18712565	    -16.69723139	      0.00000000	     -4.74151168	     -1.68912129	     -8.79417982	      0.00000000	     11.17282989	      0.63612118	      0.00000000	     -6.80059556	      0.14527603	     -1.32831806	      4.38133142	     -4.68836268	      5.64219393	     26.06552436	     89.09521207	      1.51252822	     -6.53987076	      6.82644696	     19.95561481	     72.91081427
      0.93333330	      1.53586838	     -0.29613525	     -3.71716433	     -0.54995210	      0.95054770	     -0.15982465	      1.65080224	      0.13963880	     -1.93543410	      8.49557854	      2.11494383	    -16.48683909	      0.00000000	     -4.57713825	     -1.59839486	     -8.67946282	      0.00000000	     11.33758603	      0.66532554	      0.00000000	     -6.70425899	      0.00245449	     -1.30456928	      4.40807608	     -4.72236079	      5.68148175	     26.05210827	     89.02587718	      1.57406268	     -6.52780648	      6.81656522	     19.96570958	     72.78527404
      0.95000000	      1.56516720	     -0.25942721	     -3.69542586	     -0.54981621	      0.95062041	     -0.15982883	      1.10620772	      0.12874423	     -1.79231582	      7.54364318	      1.89594277	    -16.26448522	      0.00000000	     -4.58893992	     -1.56005743	     -8.51111891	      0.00000000	     11.58294411	      0.74375459	      0.00000000	     -6.67499367	      0.03046677	     -1.25510736	      4.32266243	     -4.69814488	      5.75729780	     25.99488611	     88.91467935	      1.53829789	     -6.55693922	      6.79639551	     19.91625686	     72.58106563
      0.96666670	      1.78561290	     -0.30259274	     -3.60910651	     -0.54990377	      0.95089957	     -0.16002141	      0.39168865	      0.19676730	     -1.84684912	      6.66942151	      1.53172613	    -16.18196336	      0.00000000	     -4.79806592	     -1.60293061	     -8.37709623	      0.00000000	     11.78727615	      0.94923344	      0.00000000	     -7.02941446	      0.07197702	     -1.33520171	      4.46337778	     -4.75178884	      5.90846099	     25.97566551	     88.58777479	      1.67593793	     -6.51011804	      6.77945484	     19.85928386	     72.01489196
      0.98333330	      1.78081769	     -0.29594758	     -3.62931126	     -0.55002583	      0.95074154	     -0.15999055	      0.35292807	      0.19754333	     -1.84533105	      6.67493476	      1.53452167	    -16.18225259	      0.00000000	     -4.76226879	     -1.60424630	     -8.37072494	      0.00000000	     11.78702905	      0.95238049	      0.00000000	     -7.02915048	      0.06901761	     -1.33478282	      4.46567444	     -4.75227818	      5.90874827	     25.97643098	     88.58686372	      1.67685889	     -6.51032961	      6.77939590	     19.85955596	     72.01332667
      1.00000000	      1.72288923	     -0.27131770	     -3.55983823	     -0.54980680	      0.95067610	     -0.16002885	      0.05348539	      0.21881033	     -1.60475350	      6.01122346	      1.50908418	    -16.10523241	      0.00000000	     -4.68926249	     -1.59892849	     -8.15034639	      0.00000000	     11.72548885	      1.07758206	      0.00000000	     -6.92496270	     -0.01311251	     -1.34925082	      4.40732047	     -4.75615014	      5.95001000	     25.95823588	     88.51149642	      1.73543211	     -6.53582828	      6.76681487	     19.88272528	     71.87818840
      1.01666670	      1.71931132	     -0.27186898	     -3.56807231	     -0.54985196	      0.95064367	     -0.16004218	      0.03499474	      0.22269676	     -1.60662967	      6.01460147	      1.50784716	    -16.10588985	      0.00000000	     -4.67489335	     -1.59957838	     -8.14733053	      0.00000000	     11.72523674	      1.07918999	      0.00000000	     -6.92473767	     -0.01376653	     -1.34793448	      4.40972763	     -4.75668963	      5.95018450	     25.95895386	     88.51073788	      1.73494052	     -6.53525085	      6.76680293	     19.88253548	     71.87689267
      1.03333330	      1.68559039	     -0.26123652	     -3.55152292	     -0.54979537	      0.95048641	     -0.16005742	      0.03426798	      0.21700327	     -1.60486977	      6.00414589	      1.50214994	    -16.10419803	      0.00000000	     -4.70906467	     -1.62628464	     -8.15041069	      0.00000000	     11.71782373	      1.07907590	      0.00000000	     -6.92189424	     -0.01506262	     -1.34718819	      4.41460649	     -4.75878591	      5.95028532	     25.96039010	     88.50933191	      1.73826270	     -6.53352602	      6.76668377	     19.88383958	     71.87450826
      1.05000000	      1.65876369	     -0.41443673	     -3.40364918	     -0.54940112	      0.95051835	     -0.16019675	     -0.26335719	      0.41449519	     -1.63753988	      5.44018519	      1.15216725	    -16.02866505	      0.00000000	     -4.74923636	     -1.84560267	     -8.31566061	      0.00000000	     11.20100386	      1.06632124	      0.00000000	     -6.79140187	      0.17933177	     -1.37152238	      4.33584035	     -4.81520319	      5.97618155	     25.94188284	     88.42808695	      1.76796685	     -6.49515638	      6.75152776	     19.89301755	     71.73177285
      1.06666670	      1.62971690	     -0.40937628	     -3.38226435	     -0.54928210	      0.95044050	     -0.16026600	     -0.25513689	      0.40658135	     -1.63400262	      5.43470628	      1.14544327	    -16.02671394	      0.00000000	     -4.78906613	     -1.86345708	     -8.32372196	      0.00000000	     11.19623599	      1.06149877	      0.00000000	     -6.79039571	      0.17699733	     -1.37458925	      4.33657566	     -4.81764483	      5.97617159	     25.94226185	     88.42661300	      1.77145669	     -6.49210648	      6.75158522	     19.89429207	     71.72933610
      1.08333330	      1.61121108	     -0.40812908	     -3.35626431	     -0.54909181	      0.95048583	     -0.16027014	     -0.24289032	      0.40342657	     -1.63154839	      5.42686308	      1.13904755	    -16.02494400	      0.00000000	     -4.82349027	     -1.87290501	     -8.33797051	      0.00000000	     11.19042598	      1.05436682	      0.00000000	     -6.78786490	      0.17659268	     -1.37833085	      4.33604822	     -4.82010035	      5.97610023	     25.94235076	     88.42534728	      1.77541139	     -6.48942117	      6.75154472	     19.89587033	     71.72722473
      1.10000000	      1.61895017	     -0.49822775	     -3.24095895	     -0.54889592	      0.95059356	     -0.16041554	     -0.44332608	      0.51770456	     -1.72646781	      5.08597388	      0.77828255	    -16.00216160	      0.00000000	     -4.84372682	     -1.99674508	     -8.68832176	      0.00000000	     10.67512653	      0.91790614	      0.00000000	     -6.72402771	      0.29898507	     -1.47147357	      4.26647317	     -4.85271625	      5.99113815	     25.95516415	     88.34201630	      1.78852415	     -6.44975773	      6.73249321	     19.89556278	     71.58079744
      1.11666670	      1.61066823	     -0.50010025	     -3.22544563	     -0.54878121	      0.95063255	     -0.16042870	     -0.43113406	      0.51380584	     -1.72297129	      5.08069324	      0.77515021	    -16.00153754	      0.00000000	     -4.86394415	     -2.00087207	     -8.69299097	      0.00000000	     10.67339948	      0.91488477	      0.00000000	     -6.72403886	      0.29892887	     -1.47376142	      4.26676969	     -4.85416619	      5.99111003	     25.95548133	     88.34091707	      1.79116143	     -6.44843168	      6.73227798	     19.89652130	     71.57889356
      1.13333330	      1.61009382	     -0.49775667	     -3.20591620	     -0.54880557	      0.95055162	     -0.16046481	     -0.41908903	      0.52041665	     -1.72071835	      5.06987922	      0.77301179	    -16.00152240	      0.00000000	     -4.87611079	     -1.99432889	     -8.70354503	      0.00000000	     10.66910996	      0.91020920	      0.00000000	     -6.72335408	      0.29991120	     -1.47757999	      4.26587666	     -4.85607673	      5.99103971	     25.95551227	     88.33970332	      1.79528566	     -6.44682739	      6.73197260	     19.89815780	     71.57677843
      1.15000000	      1.61231529	     -0.49813326	     -3.20323748	     -0.54875270	      0.95051130	     -0.16043207	     -0.41684086	      0.52002267	     -1.72054196	      5.06763764	      0.77296532	    -16.00161198	      0.00000000	     -4.87614886	     -1.99359911	     -8.70541561	      0.00000000	     10.66838261	      0.90946983	      0.00000000	     -6.72328979	      0.30010368	     -1.47813778	      4.26583703	     -4.85637101	      5.99101575	     25.95554175	     88.33955096	      1.79594909	     -6.44660258	      6.73192658	     19.89841959	     71.57651255
      1.16666670	      1.55315407	     -0.46222927	     -3.07148343	     -0.54858846	      0.95040947	     -0.16055794	     -0.57792880	      0.50744592	     -1.75230795	      4.57066274	      0.68626127	    -16.05441058	      0.00000000	     -4.77625734	     -1.97098682	     -9.03129158	      0.00000000	     10.22972572	      0.84702558	      0.00000000	     -6.63088761	      0.26575323	     -1.59892705	      4.23035459	     -4.86006573	      5.99972641	     25.99739033	     88.25737982	      1.82896946	     -6.45244055	      6.69569102	     19.92083960	     71.42451477
      1.18333330	      1.55635467	     -0.46252018	     -3.07085105	     -0.54852303	      0.95041068	     -0.16053721	     -0.57585821	      0.50784341	     -1.75219347	      4.56952397	      0.68614102	    -16.05444120	      0.00000000	     -4.77535860	     -1.96979447	     -9.03165535	      0.00000000	     10.22973670	      0.84683193	      0.00000000	     -6.63095095	      0.26603075	     -1.59922782	      4.23017882	     -4.86014570	      5.99973391	     25.99737155	     88.25725223	      1.82916411	     -6.45237348	      6.69563870	     19.92093463	     71.42427966
      1.20000000	      1.54514397	     -0.42984977	     -2.99080474	     -0.54877971	      0.95030913	     -0.16064315	     -0.58205880	      0.48098308	     -1.74578694	      4.51096464	      0.69174171	    -16.06734862	      0.00000000	     -4.72964436	     -1.92887966	     -9.10398185	      0.00000000	     10.24499759	      0.80924435	      0.00000000	     -6.65012255	      0.27754467	     -1.63661857	      4.21717900	     -4.86439415	      6.00055875	     25.99723866	     88.24476117	      1.86454310	     -6.44774352	      6.68924307	     19.93525738	     71.40073731
      1.21666670	      1.54229421	     -0.40878829	     -2.87620764	     -0.54867243	      0.95032889	     -0.16070498	     -0.60576668	      0.47308864	     -1.72727431	      4.49196360	      0.70085843	    -16.07978150	      0.00000000	     -4.70761762	     -1.93079801	     -9.12071153	      0.00000000	     10.24974434	      0.80029538	      0.00000000	     -6.65081084	      0.24282028	     -1.66631786	      4.21275657	     -4.86194096	      6.00090381	     26.00223823	     88.23466147	      1.88882952	     -6.45252589	      6.68323314	     19.94447674	     71.38141308
      1.23333330	      1.52281184	     -0.38605601	     -2.66372395	     -0.54870741	      0.95037472	     -0.16076117	     -0.64379360	      0.47742375	     -1.71609101	      4.45508375	      0.72070282	    -16.10330983	      0.00000000	     -4.63202504	     -1.93049178	     -9.13312189	      0.00000000	     10.26694257	      0.79477608	      0.00000000	     -6.69031922	      0.19885390	     -1.68543141	      4.19533087	     -4.84834252	      6.00344336	     26.00203532	     88.22626395	      1.91580843	     -6.47431019	      6.67598494	     19.95225655	     71.36453251
      1.25000000	      1.47901381	     -0.29172712	     -2.11726961	     -0.54853698	      0.95029892	     -0.16109684	     -0.85511975	      0.42846646	     -2.02389991	      4.08864606	      0.88827586	    -16.44377660	      0.00000000	     -4.47754614	     -1.89734856	     -8.66436584	      0.00000000	     10.29429540	      1.04928321	      0.00000000	     -6.75390090	     -0.03925531	     -1.94727674	      3.99517864	     -4.71730692	      6.01443795	     26.03015764	     88.14933148	      2.18024833	     -6.67804490	      6.62311482	     20.05000581	     71.22151866
      1.26666670	      1.49392742	     -0.29319652	     -1.96166041	     -0.54860354	      0.95019697	     -0.16123856	     -0.89329217	      0.44761346	     -2.01475205	      4.11579411	      0.87182086	    -16.44764532	      0.00000000	     -4.45573693	     -1.92432523	     -8.67796046	      0.00000000	     10.29554987	      1.04900332	      0.00000000	     -6.76525283	     -0.08760910	     -1.97757567	      3.98438471	     -4.73256903	      6.00877588	     26.03349722	     88.14058383	      2.17092578	     -6.65544222	      6.62539195	     20.05301825	     71.20804157
      1.28333330	      1.52183650	     -0.26702297	     -1.63174134	     -0.54840873	      0.95031132	     -0.16156416	     -1.00146700	      0.43355346	     -2.41699925	      4.01050600	      0.80464038	    -16.71152495	      0.00000000	     -4.41985805	     -1.90935583	     -8.47259357	      0.00000000	     10.30912209	      1.23651428	      0.00000000	     -6.93561800	     -0.14252007	     -2.13542886	      4.02021907	     -4.66664798	      5.98671592	     26.04481965	     88.04521452	      2.34173687	     -6.71244401	      6.59798183	     20.13180927	     71.04633650
      1.30000000	      1.51977980	     -0.27028282	     -1.62911736	     -0.54837154	      0.95024835	     -0.16152380	     -1.00206998	      0.43129069	     -2.41705615	      4.01044567	      0.80439095	    -16.71154525	      0.00000000	     -4.42013583	     -1.90956481	     -8.47325716	      0.00000000	     10.30925939	      1.23639028	      0.00000000	     -6.93680127	     -0.14330296	     -2.13441810	      4.02134940	     -4.66645951	      5.98666612	     26.04494037	     88.04504756	      2.34111709	     -6.71228468	      6.59797902	     20.13167013	     71.04604500
      1.31666670	      1.48399137	     -0.27428838	     -1.50721284	     -0.54807696	      0.95023174	     -0.16164713	     -0.99421555	      0.43100880	     -2.44441708	      3.99499951	      0.78980456	    -16.71687195	      0.00000000	     -4.36776585	     -1.92500101	     -8.52192702	      0.00000000	     10.32429055	      1.22548000	      0.00000000	     -7.01093889	     -0.16684719	     -2.04972819	      4.09862149	     -4.64970982	      5.98565531	     26.04802514	     88.03744704	      2.30675971	     -6.70601840	      6.59649870	     20.12581394	     71.03148409
      1.33333330	      1.51516929	     -0.27935301	     -1.57192058	     -0.54832831	      0.95031458	     -0.16154052	     -0.96853784	      0.41821140	     -2.68245587	      4.04319682	      0.51662422	    -16.67969822	      0.00000000	     -4.39829414	     -1.92355137	     -8.75171159	      0.00000000	     10.34937855	      1.46724966	      0.00000000	     -7.30784838	     -0.19112532	     -1.62251646	      4.52340247	     -4.71725090	      5.90477183	     25.79968741	     87.86263218	      2.54072234	     -6.63165138	      6.53385945	     20.37216473	     70.71413505
      1.35000000	      1.48354472	     -0.27374133	     -1.61352229	     -0.54806522	      0.95033148	     -0.16147976	     -0.94580799	      0.40386789	     -2.68275304	      4.01174478	      0.53436625	    -16.68234055	      0.00000000	     -4.38652049	     -1.90871003	     -8.80263852	      0.00000000	     10.37971741	      1.45712208	      0.00000000	     -7.30898491	     -0.18163639	     -1.67523732	      4.54831047	     -4.67689280	      5.90801150	     25.78717041	     87.85145416	      2.70325436	     -6.59562266	      6.53552176	     20.45040676	     70.69417065
      1.36666670	      1.48130477	     -0.27294026	     -1.61267848	     -0.54811748	      0.95032737	     -0.16148807	     -0.94658940	      0.40415033	     -2.68280622	      4.01215689	      0.53435651	    -16.68228008	      0.00000000	     -4.38714936	     -1.90858352	     -8.80309092	      0.00000000	     10.37986021	      1.45707662	      0.00000000	     -7.30948998	     -0.18152154	     -1.67436810	      4.54881211	     -4.67672512	      5.90801099	     25.78707385	     87.85137835	      2.70283249	     -6.59562368	      6.53553033	     20.45044147	     70.69402474
      1.38333330	      1.55313048	     -0.26165299	     -1.86992549	     -0.54831967	      0.95029664	     -0.16129984	     -0.85195678	      0.35334844	     -2.69882775	      4.29915876	      0.47967699	    -16.54937670	      0.00000000	     -4.48622124	     -1.87469663	     -9.15603943	      0.00000000	     10.33741656	      1.54364799	      0.00000000	     -7.47377932	     -0.19135615	     -1.32142842	      4.73898853	     -4.71302400	      5.87510072	     25.53593492	     87.77839069	      2.62578676	     -6.49681804	      6.54861518	     20.63851382	     70.55735711
      1.40000000	      1.56380670	     -0.26544625	     -1.88702883	     -0.54851352	      0.95042027	     -0.16133538	     -0.83822330	      0.37151267	     -2.70396834	      4.28989158	      0.48365201	    -16.55130301	      0.00000000	     -4.48693188	     -1.84137003	     -9.15808442	      0.00000000	     10.34075677	      1.54455996	      0.00000000	     -7.47800748	     -0.18198576	     -1.31628343	      4.73497024	     -4.71019570	      5.87547434	     25.53035176	     87.77743251	      2.62324941	     -6.50240599	      6.54772327	     20.63953267	     70.55513598
      1.41666670	      1.65595430	     -0.29793383	     -2.57115080	     -0.54873927	      0.95024875	     -0.16074618	     -0.69673616	      0.30430646	     -2.58553570	      4.74153221	      0.57259790	    -16.28165021	      0.00000000	     -4.71043918	     -1.80866508	     -9.88736932	      0.00000000	     10.50977679	      1.73913691	      0.00000000	     -7.54104456	     -0.06455785	     -0.78457358	      4.87672306	     -4.77956860	      5.83206076	     25.07765997	     87.62898842	      2.39683269	     -6.45801065	      6.50375219	     20.99167597	     70.21874986
      1.43333330	      1.66701341	     -0.28954114	     -2.72348895	     -0.54887200	      0.95033693	     -0.16053968	     -0.66214621	      0.29272530	     -2.62841938	      4.72729594	      0.57478194	    -16.29231195	      0.00000000	     -4.74135381	     -1.75670912	     -9.89980203	      0.00000000	     10.54004790	      1.72364288	      0.00000000	     -7.55379676	     -0.02547496	     -0.80636508	      4.81886640	     -4.79107707	      5.83116354	     25.05624205	     87.62422583	      2.37065996	     -6.46126050	      6.50292408	     20.99085213	     70.20796736
      1.45000000	      1.73344909	     -0.29663753	     -3.19903958	     -0.54881975	      0.95028533	     -0.16020537	     -0.54517304	      0.24370338	     -2.46185328	      5.02487066	      0.54815052	    -16.07727742	      0.00000000	     -4.91664814	     -1.69736124	    -10.31853966	      0.00000000	     10.78126303	      1.50821930	      0.00000000	     -7.50629157	      0.07582733	     -0.68791393	      4.85554823	     -4.88641006	      5.81737495	     25.10075764	     87.57078814	      2.02155251	     -6.36580630	      6.50079710	     21.01310076	     70.07451355
      1.46666670	      1.75969648	     -0.30315743	     -3.37547050	     -0.54913342	      0.95031656	     -0.16013181	     -0.50477614	      0.24290312	     -2.47064805	      5.01787720	      0.55552524	    -16.07183758	      0.00000000	     -4.95213644	     -1.66906132	    -10.29988333	      0.00000000	     10.78141490	      1.51751419	      0.00000000	     -7.49570791	      0.11406734	     -0.70368560	      4.83101703	     -4.89013979	      5.81798513	     25.10006061	     87.56699350	      2.01571116	     -6.37011679	      6.49836829	     21.01949434	     70.06420814
      1.48333330	      1.75791153	     -0.30372838	     -3.37546573	     -0.54922130	      0.95033542	     -0.16011669	     -0.50476182	      0.24438923	     -2.46988816	      5.01862321	      0.55555977	    -16.07128366	      0.00000000	     -4.95396177	     -1.66675306	    -10.30017768	      0.00000000	     10.78158748	      1.51725823	      0.00000000	     -7.49565494	      0.11484014	     -0.70326881	      4.83074002	     -4.89016593	      5.81801274	     25.10021646	     87.56691626	      2.01469846	     -6.37027019	      6.49832935	     21.01933194	     70.06398612
      1.50000000	      1.74717007	     -0.37068165	     -3.63917997	     -0.54948045	      0.95022725	     -0.15989450	     -0.41021262	      0.32592346	     -2.06126306	      5.14504351	      0.81243370	    -15.74502117	      0.00000000	     -4.96779257	     -1.70532594	    -10.53646143	      0.00000000	     10.85873465	      1.34146379	      0.00000000	     -7.53266579	      0.31810776	     -0.59849491	      4.78391824	     -4.96927217	      5.83249500	     25.41651254	     87.48343957	      1.79098011	     -6.34821634	      6.48129929	     21.16269489	     69.83392176
      1.51666670	      1.74882151	     -0.37314660	     -3.49740381	     -0.54936081	      0.95010591	     -0.15990003	     -0.44499789	      0.35833246	     -2.02540551	      5.18598795	      0.81869270	    -15.72710293	      0.00000000	     -4.93364799	     -1.74179005	    -10.52623162	      0.00000000	     10.84699905	      1.35186733	      0.00000000	     -7.54475143	      0.28783699	     -0.59778474	      4.75717859	     -4.97464842	      5.83379609	     25.42387308	     87.47937160	      1.78282179	     -6.35338702	      6.48024334	     21.16814196	     69.82221146
      1.53333330	      1.79620118	     -0.43658678	     -3.35069844	     -0.54956503	      0.95004282	     -0.16017096	     -0.57587925	      0.44851105	     -2.08610156	      5.10717375	      1.01197195	    -15.72902748	      0.00000000	     -4.93202060	     -1.83739211	    -10.28315006	      0.00000000	     10.67748900	      1.52924713	      0.00000000	     -7.57686493	      0.35715986	     -0.75372658	      4.58419655	     -4.98809798	      5.84063988	     25.58257629	     87.43527786	      1.83331149	     -6.38134792	      6.47607268	     21.25257488	     69.70884769
      1.55000000	      1.81774702	     -0.44676074	     -3.22280378	     -0.54948797	      0.95009742	     -0.16019233	     -0.62835322	      0.49120460	     -2.07148996	      5.11329128	      1.04736899	    -15.73215094	      0.00000000	     -4.84479953	     -1.84480501	    -10.22891920	      0.00000000	     10.71005291	      1.54461317	      0.00000000	     -7.61305590	      0.31373045	     -0.77134581	      4.57670413	     -4.99318927	      5.83958538	     25.61160046	     87.42804459	      1.83964074	     -6.37776255	      6.47802987	     21.26069161	     69.69172559
      1.56666670	      1.81903234	     -0.47030055	     -3.04311179	     -0.54978964	      0.95004587	     -0.16036350	     -0.69761962	      0.54942809	     -2.14314256	      4.99449257	      1.19697394	    -15.82497307	      0.00000000	     -4.78286371	     -1.91293856	    -10.04715959	      0.00000000	     10.82392008	      1.59885496	      0.00000000	     -7.69016696	      0.22749863	     -0.92878926	      4.47538910	     -4.99925329	      5.83951072	     25.68136257	     87.40712903	      1.97607692	     -6.40969202	      6.47867636	     21.31641966	     69.64426656
      1.58333330	      1.84005988	     -0.45687645	     -2.95543928	     -0.54963732	      0.95003670	     -0.16043038	     -0.74392956	      0.54080627	     -2.17142798	      4.99748477	      1.21839446	    -15.84444011	      0.00000000	     -4.78335683	     -1.90264530	     -9.99335032	      0.00000000	     10.82853694	      1.61736005	      0.00000000	     -7.68783239	      0.25552866	     -0.90330422	      4.48104717	     -4.97728767	      5.84266375	     25.72119844	     87.40058064	      1.94887628	     -6.43234209	      6.47883093	     21.31021375	     69.62867434
      1.60000000	      1.87026287	     -0.46738095	     -2.98530650	     -0.54991900	      0.95013260	     -0.16052167	     -0.76501142	      0.53987818	     -2.17827605	      4.99979834	      1.22338004	    -15.84899864	      0.00000000	     -4.74428902	     -1.89962624	     -9.97922599	      0.00000000	     10.83098310	      1.62339311	      0.00000000	     -7.68528689	      0.25388681	     -0.91129147	      4.47559318	     -4.97833982	      5.84244061	     25.72348844	     87.39980338	      1.95158966	     -6.43138190	      6.47934023	     21.31160407	     69.62716808
      1.61666670	      2.03211207	     -0.45127020	     -2.72626777	     -0.54986000	      0.95039339	     -0.16081682	     -1.00274304	      0.53814618	     -2.34253079	      4.92255921	      1.48833383	    -16.11566188	      0.00000000	     -4.85130462	     -1.88982715	     -9.28550696	      0.00000000	     11.17997658	      1.81876403	      0.00000000	     -7.85719941	      0.25092718	     -1.26160030	      4.37732177	     -4.96060500	      5.83201847	     25.98957428	     87.33599610	      2.01668258	     -6.46101034	      6.50425797	     21.30684023	     69.49869684
      1.63333330	      2.29717279	     -0.47556533	     -2.59806750	     -0.55027263	      0.95080799	     -0.16092625	     -0.88538181	      0.52656898	     -2.59674188	      5.78678328	      1.47393036	    -16.33070147	      0.00000000	     -5.15710090	     -1.95608528	     -9.13278889	      0.00000000	     11.26863344	      1.78299018	      0.00000000	     -8.12677708	      0.24786304	     -1.54154865	      4.48129960	     -4.91598569	      5.80895227	     26.27525395	     87.25649747	      2.06586272	     -6.51749180	      6.53511955	     21.28132252	     69.34638695
      1.65000000	      2.51709289	     -0.48394200	     -2.44417693	     -0.55024580	      0.95116911	     -0.16093533	     -0.66118656	      0.52366110	     -2.78881595	      6.79852585	      1.67573503	    -16.65713010	      0.00000000	     -5.41725886	     -2.01731847	     -8.94954044	      0.00000000	     11.24170913	      1.79547104	      0.00000000	     -8.35065106	      0.22216804	     -1.75937031	      4.49138476	     -4.86468251	      5.79751585	     26.42906389	     87.18402318	      2.11020252	     -6.57551550	      6.56121741	     21.26103006	     69.20599773
      1.66666670	      2.67549913	     -0.50737585	     -2.25740616	     -0.55047195	      0.95141363	     -0.16119505	     -0.41529569	      0.52163110	     -2.98289394	      7.71431722	      1.81118937	    -16.93420168	      0.00000000	     -5.60970225	     -2.08898915	     -8.81512061	      0.00000000	     11.14742693	      1.81822523	      0.00000000	     -8.47167221	      0.22900843	     -1.96715051	      4.47700572	     -4.81361385	      5.78897674	     26.52027568	     87.11779315	      2.13986161	     -6.63563993	      6.58674245	     21.23134853	     69.08292685
      1.68333330	      2.70529374	     -0.52225206	     -2.27731631	     -0.55035149	      0.95149906	     -0.16123698	     -0.42179994	      0.52479088	     -2.98736542	      7.71075605	      1.81977613	    -16.94116947	      0.00000000	     -5.58067222	     -2.07044050	     -8.81025855	      0.00000000	     11.15210607	      1.81922994	      0.00000000	     -8.46489931	      0.22917313	     -1.97294313	      4.47554801	     -4.81302492	      5.78891713	     26.52129132	     87.11658658	      2.14196508	     -6.63643927	      6.58717871	     21.23152081	     69.08069946
      1.70000000	      2.67861610	     -0.49524466	     -2.13147219	     -0.55063148	      0.95150624	     -0.16141386	     -0.53834505	      0.50404765	     -2.97266204	      7.42160316	      1.96666834	    -17.03600795	      0.00000000	     -5.54669922	     -2.05926069	     -8.80523735	      0.00000000	     11.24003069	      1.77890936	      0.00000000	     -8.31223385	      0.21991576	     -2.08727669	      4.48912939	     -4.79260135	      5.78755573	     26.54872953	     87.09669643	      2.24085026	     -6.66671055	      6.59125360	     21.24309083	     69.04572004
      1.71666670	      2.63329076	     -0.47170383	     -2.12504428	     -0.55011545	      0.95150974	     -0.16136573	     -0.81872006	      0.48760186	     -2.90108779	      6.71435849	      2.07408286	    -17.11414642	      0.00000000	     -5.48819894	     -1.99668600	     -8.54017964	      0.00000000	     11.55496143	      1.79906247	      0.00000000	     -8.13054896	      0.14976497	     -2.25926007	      4.40571880	     -4.74729969	      5.79169118	     26.54460060	     87.03951436	      2.09078544	     -6.68331032	      6.62234745	     21.11426095	     68.94475500
      1.73333330	      2.58737989	     -0.47809508	     -2.12585116	     -0.55025708	      0.95158260	     -0.16147066	     -1.03616412	      0.52013389	     -2.82852917	      6.06496115	      1.89928266	    -17.05258135	      0.00000000	     -5.40277256	     -1.97412600	     -8.37324985	      0.00000000	     11.80641510	      1.84014575	      0.00000000	     -8.02243805	      0.15403653	     -2.38766905	      4.43084591	     -4.71230571	      5.80137706	     26.53349981	     86.97171886	      2.05488824	     -6.70346884	      6.65251893	     21.01473510	     68.82409859
      1.75000000	      2.56236750	     -0.44984710	     -2.09046770	     -0.55027508	      0.95162884	     -0.16138736	     -1.09239789	      0.48851349	     -2.80456746	      5.88430890	      1.86664246	    -17.05634133	      0.00000000	     -5.34773013	     -1.94266923	     -8.20932498	      0.00000000	     11.87171614	      1.90226458	      0.00000000	     -8.05938147	      0.20862608	     -2.38306444	      4.44716714	     -4.65721757	      5.81319917	     26.52954493	     86.95424152	      2.04885884	     -6.74710394	      6.65545265	     20.98060792	     68.79079816
      1.76666670	      2.54991634	     -0.41930724	     -1.84692900	     -0.55036144	      0.95178627	     -0.16162489	     -1.40184225	      0.50735635	     -2.72308526	      5.28292098	      1.72092192	    -17.06858896	      0.00000000	     -5.27397777	     -1.93460201	     -7.76049812	      0.00000000	     12.18124539	      2.02249939	      0.00000000	     -7.98969904	      0.10233919	     -2.59133316	      4.39488791	     -4.61814780	      5.82335850	     26.48822744	     86.90070234	      2.15351663	     -6.80066414	      6.67738719	     20.93425445	     68.70080537
      1.78333330	      2.54981901	     -0.42024847	     -1.84740153	     -0.55026586	      0.95177512	     -0.16149393	     -1.42241905	      0.51303868	     -2.72341585	      5.28888559	      1.71768440	    -17.06902022	      0.00000000	     -5.25850416	     -1.93549385	     -7.75519472	      0.00000000	     12.18360244	      2.02430162	      0.00000000	     -7.98953599	      0.09876381	     -2.59303115	      4.39498403	     -4.61806193	      5.82335038	     26.48789839	     86.90004294	      2.15237906	     -6.80009086	      6.67793539	     20.93293073	     68.69978563
      1.80000000	      2.71154478	     -0.48602486	     -1.42035730	     -0.55045062	      0.95202779	     -0.16194547	     -1.46767401	      0.58483737	     -3.04854440	      5.71552511	      1.40729154	    -17.44028093	      0.00000000	     -5.42030686	     -2.06061801	     -7.07318024	      0.00000000	     12.48836281	      2.23567836	      0.00000000	     -8.17137655	      0.09545864	     -2.99998121	      4.42422031	     -4.55124813	      5.82465635	     26.44745686	     86.79032686	      2.24986685	     -6.85401052	      6.74666828	     20.78855419	     68.53917039
      1.81666670	      2.72190611	     -0.48834501	     -1.42420890	     -0.55014563	      0.95206188	     -0.16197308	     -1.46421916	      0.58791535	     -3.04877715	      5.71448781	      1.40673724	    -17.44049749	      0.00000000	     -5.41524922	     -2.05712789	     -7.07218634	      0.00000000	     12.48789914	      2.23629428	      0.00000000	     -8.17146473	      0.09524192	     -3.00038033	      4.42410292	     -4.55110672	      5.82469404	     26.44734873	     86.79017489	      2.24964788	     -6.85414019	      6.74676257	     20.78829727	     68.53893593
      1.83333330	      2.70820150	     -0.52904869	     -1.56137475	     -0.55041032	      0.95206211	     -0.16190373	     -1.44406798	      0.61015508	     -3.03620123	      5.70184532	      1.35409406	    -17.42675875	      0.00000000	     -5.44961333	     -2.07440136	     -7.00866205	      0.00000000	     12.44221432	      2.27885651	      0.00000000	     -8.16558655	      0.11570992	     -3.00913485	      4.42522373	     -4.55376034	      5.82530632	     26.44353237	     86.78287088	      2.23132404	     -6.85487958	      6.75158635	     20.77452279	     68.52800458
      1.85000000	      2.67585645	     -0.57611285	     -1.64676595	     -0.55013645	      0.95201602	     -0.16188977	     -1.43472992	      0.62375291	     -2.90382402	      5.64724630	      1.17282710	    -17.34526580	      0.00000000	     -5.45188809	     -2.09677991	     -6.92903797	      0.00000000	     12.32571413	      2.33738426	      0.00000000	     -8.14890309	      0.26657042	     -2.93868449	      4.49973555	     -4.55419843	      5.82982664	     26.45233155	     86.76202879	      2.12537311	     -6.85020795	      6.76523166	     20.72081939	     68.49506291
      1.86666670	      2.67048533	     -0.57765329	     -1.64716789	     -0.55034775	      0.95214065	     -0.16189990	     -1.43365092	      0.62444665	     -2.90313813	      5.64489941	      1.17196123	    -17.34497668	      0.00000000	     -5.45621669	     -2.09575641	     -6.92916882	      0.00000000	     12.32544624	      2.33712935	      0.00000000	     -8.14863121	      0.26614923	     -2.93947031	      4.49943571	     -4.55471086	      5.82979518	     26.45209654	     86.76185974	      2.12558933	     -6.84975433	      6.76538727	     20.72083222	     68.49481782
      1.88333330	      2.63010253	     -0.69175601	     -1.77995081	     -0.54995604	      0.95220132	     -0.16166050	     -1.15161451	      0.73440609	     -2.72461057	      6.27025102	      0.48569415	    -17.31053697	      0.00000000	     -5.56355320	     -2.25761766	     -7.08592723	      0.00000000	     12.05996022	      2.09595836	      0.00000000	     -8.13927438	      0.37217725	     -2.95523273	      4.58358857	     -4.60859035	      5.85346694	     26.41874977	     86.67751873	      2.08455558	     -6.78286128	      6.81903465	     20.65903455	     68.35924631
      1.90000000	      2.48879540	     -0.61866380	     -1.88709040	     -0.54999992	      0.95198841	     -0.16143481	     -0.44415870	      0.63050876	     -2.48506742	      7.38064219	      0.49039715	    -17.99816586	      0.00000000	     -5.51224479	     -2.20857126	     -7.09670418	      0.00000000	     11.70721545	      1.72267760	      0.00000000	     -7.98649017	      0.28955590	     -2.83806115	      4.51897169	     -4.60028477	      5.97310898	     26.37280848	     86.45749700	      2.03015075	     -6.82739653	      6.92421988	     20.63295349	     67.97976688
      1.91666670	      2.53021291	     -0.67315922	     -1.90407163	     -0.54961192	      0.95205738	     -0.16145274	     -0.09780477	      0.64697355	     -2.59117083	      8.38014981	      0.15764542	    -18.01075284	      0.00000000	     -5.58773051	     -2.27584533	     -7.07565695	      0.00000000	     11.58374938	      1.73712016	      0.00000000	     -8.09115924	      0.43369357	     -2.82791827	      4.80216421	     -4.70504210	      5.96874543	     26.50218496	     86.39934162	      2.05132364	     -6.76420537	      6.95775679	     20.62509950	     67.89021902
      1.93333330	      2.44574773	     -0.58604727	     -2.12917284	     -0.54978964	      0.95181197	     -0.16126047	      0.60062335	      0.50409162	     -2.41419771	      9.53261449	      0.68801476	    -18.42074364	      0.00000000	     -5.47437387	     -2.16619106	     -7.23163984	      0.00000000	     11.41652956	      1.57515628	      0.00000000	     -8.02983783	      0.31168837	     -2.70908832	      5.05170521	     -4.73017673	      6.03614497	     26.84500496	     86.25699918	      2.01299680	     -6.78571480	      7.00176587	     20.66446074	     67.63756890
      1.95000000	      2.43338162	     -0.57519176	     -2.26862133	     -0.54901298	      0.95175376	     -0.16110251	      1.05076234	      0.44220797	     -2.32593416	     10.42048901	      0.90661877	    -18.57571662	      0.00000000	     -5.43631280	     -2.14815031	     -7.25829822	      0.00000000	     11.24777632	      1.47824057	      0.00000000	     -8.12928009	      0.28879536	     -2.64354733	      5.05675153	     -4.84693340	      6.04661789	     26.94644794	     86.15094070	      1.92046822	     -6.76526881	      7.04399202	     20.71013863	     67.46406536
      1.96666670	      2.35291425	     -0.47978481	     -2.61904462	     -0.54909923	      0.95162618	     -0.16103732	      1.52410668	      0.26636834	     -2.09148884	     11.06906223	      1.30840652	    -18.61946096	      0.00000000	     -5.35517462	     -1.98465269	     -7.49716034	      0.00000000	     11.14051926	      1.35320235	      0.00000000	     -8.11361316	      0.25720945	     -2.45951104	      5.08090361	     -4.94709063	      6.04699431	     27.08427520	     86.03453399	      1.77688929	     -6.76025552	      7.08742853	     20.79942907	     67.27905190
      1.98333330	      2.34932409	     -0.47118914	     -2.77206456	     -0.54871895	      0.95142067	     -0.16072624	      1.50639692	      0.21679838	     -2.09172722	     10.99510614	      1.34120249	    -18.61698667	      0.00000000	     -5.34035285	     -1.97948067	     -7.48638000	      0.00000000	     11.10842284	      1.35991112	      0.00000000	     -8.09976031	      0.25754114	     -2.52528696	      5.01879749	     -4.99882634	      6.03804739	     27.07126144	     86.02737567	      1.80647948	     -6.78195493	      7.08779671	     20.80883963	     67.27015788
      2.00000000	      2.35107077	     -0.36071405	     -3.14974034	     -0.54775600	      0.94686740	     -0.16044391	      1.22736224	      0.07256731	     -1.72856930	     10.44935922	      1.74372034	    -18.33802347	      0.00000000	     -5.37243431	     -1.82296126	     -7.82347150	      0.00000000	     10.86697923	      1.04087982	      0.00000000	     -7.93824674	      0.16518041	     -2.42318231	      4.94290213	     -5.12176195	      6.00646506	     27.16674508	     85.93749705	      1.64263534	     -6.84768172	      7.12563350	     20.74411471	     67.13886215
      2.01666670	      2.51811599	     -0.34289823	     -3.52769849	     -0.54692591	      0.94780988	     -0.16000280	      0.91868933	     -0.00941906	     -1.70389089	     10.21362139	      2.35214505	    -17.48917290	      0.00000000	     -5.59677458	     -1.77529418	     -7.97097483	      0.00000000	     10.46254611	      0.40988601	      0.00000000	     -8.08209617	      0.12012799	     -1.84009428	      4.54754629	     -5.45693351	      5.89304272	     27.57639110	     85.60513803	      1.62434170	     -6.81281457	      7.31966191	     20.94111751	     66.68996911
      2.03333330	      2.55414253	     -0.15310627	     -3.85221912	     -0.54627528	      0.94862191	     -0.15967543	      0.63599230	     -0.24447866	     -1.55358896	      9.82755446	      2.68868376	    -17.42378723	      0.00000000	     -5.64557510	     -1.59401930	     -8.27330656	      0.00000000	     10.06001993	      0.15636157	      0.00000000	     -8.12992400	     -0.15691144	     -1.82952422	      4.08043321	     -5.38024469	      5.90611221	     27.54409120	     85.54845568	      1.29423312	     -6.92484764	      7.38532505	     20.90724763	     66.61596521
      2.05000000	      2.57068539	      0.06166399	     -4.22489313	     -0.54449125	      0.94934728	     -0.15917569	      0.41722497	     -0.50422776	     -1.28108974	      9.52573367	      2.94398013	    -17.17305765	      0.00000000	     -5.78747102	     -1.36593877	     -8.79365034	      0.00000000	      9.37420954	     -0.35856683	      0.00000000	     -8.32917732	     -0.41498964	     -1.56933846	      3.92842884	     -5.53141723	      5.88316554	     27.65644809	     85.48821022	      1.04717592	     -6.96193673	      7.48483042	     21.01275986	     66.55235534
      2.06666670	      2.30422583	      0.31327382	     -4.31137869	     -0.54500215	      0.94926681	     -0.15923369	      1.12330604	     -0.82286356	     -1.24808375	     10.61502299	      4.60349245	    -16.18187920	      0.00000000	     -4.28553774	     -1.35440217	     -8.69583587	      2.41693530	      9.28401528	     -1.84105648	      0.00000000	     -8.74474906	     -0.67876500	     -1.09993649	      3.20828681	     -5.74583543	      5.72455920	     29.19251954	     85.08685562	      0.92540145	     -7.30094685	      8.28112950	     22.44984296	     66.22433389
      2.08333330	      1.99830245	      0.50567016	     -4.25887339	     -0.54451099	      0.94440226	     -0.15886328	      2.18705976	     -1.05126853	     -1.32645645	     12.33516385	      5.15518125	    -16.23410041	      0.00000000	     -2.31731771	     -1.56537396	     -9.17853144	      5.74953796	     10.08165315	     -2.31063029	      0.00000000	     -9.02355712	     -0.87152545	     -1.37419245	      2.79903670	     -5.76811052	      5.40282898	     30.41832136	     84.72411248	      0.62368684	     -7.65656292	      8.95737717	     23.22740423	     65.95015158
      2.10000000	      1.53578083	      0.77886674	     -4.15557010	     -0.54454474	      0.93926556	     -0.15890323	      3.49947555	     -1.35137795	     -1.51018230	     14.42305854	      6.18129796	    -16.20380118	      0.00000000	     -0.22005880	     -1.73600248	     -9.84306605	      8.95182478	     11.00718397	     -2.79165704	      0.00000000	     -9.08436698	     -1.22870914	     -1.33780290	      2.44417351	     -5.80186691	      5.10300074	     31.36527612	     84.42147281	      0.47122450	     -7.95062143	      9.54748339	     23.99684450	     65.72932371
      2.11666670	      1.07057014	      1.04047990	     -4.01954491	     -0.54425189	      0.93426809	     -0.15871632	      4.86350765	     -1.75181245	     -1.58372185	     16.59292573	      7.26860249	    -16.08855477	      0.00000000	      1.89033158	     -1.94199003	    -10.48264485	     12.11590056	     11.95436173	     -3.23804725	      0.00000000	     -9.07362986	     -1.50381152	     -1.40214354	      2.19989319	     -5.86919634	      4.63867175	     32.21733440	     84.11207278	      0.28166240	     -8.29419851	      9.97916269	     24.58884258	     65.52302176
      2.13333330	      0.63108915	      1.15001573	     -3.73759344	     -0.54484752	      0.93457890	     -0.15910527	      6.01920720	     -1.93469001	     -1.80122690	     18.27131878	      8.59588033	    -15.97340194	      0.00000000	      4.15893083	     -2.40908727	    -11.11130208	     15.54472555	     12.59500324	     -3.38518302	      0.00000000	     -9.17847957	     -1.58883809	     -1.58941086	      2.26541256	     -5.92538343	      4.26551052	     32.67372393	     83.85480523	      0.21675417	     -8.59547191	     10.29710407	     25.04331953	     65.37724161
      2.15000000	     -0.17464332	      0.99302380	     -3.10112090	     -0.56520466	      0.93146930	     -0.16604928	      8.06728353	     -1.88691205	     -2.10956986	     19.52450602	      9.51676717	    -16.37036351	      0.00000000	      7.56434820	     -3.09611684	    -11.22541334	     19.46338063	     12.80433059	     -4.27782882	      0.00000000	     -9.44043646	     -1.22976215	     -1.90007765	      2.71859159	     -6.17506160	      3.96788428	     33.15645236	     83.61715591	      0.71031768	     -8.81680615	     10.66418467	     25.59840104	     65.33678519
      2.16666670	     -0.96824465	      0.84366063	     -2.15986434	     -0.56614910	      0.92510038	     -0.16654771	     10.39023077	     -1.97270928	     -2.58332946	     22.03857895	     10.50852878	    -16.76916160	      0.00000000	     10.73412169	     -3.75433611	    -11.15400892	     23.72884803	     13.26388959	     -4.61438402	      0.00000000	     -9.48664446	     -0.94342850	     -2.55767387	      3.03365737	     -6.26417723	      3.69902334	     33.62231307	     83.41530068	      1.04413876	     -9.16430657	     11.04727530	     26.20571868	     65.40986627
      2.18333330	     -1.77296451	      0.86533256	     -1.35433499	     -0.56500428	      0.91889539	     -0.16723042	     12.74971994	     -2.33809373	     -3.31282346	     24.30563100	     11.52770898	    -17.40074662	      0.00000000	     12.96708443	     -3.93519568	    -11.58460563	     26.13151084	     14.93882688	     -3.28428239	      0.00000000	     -9.46002959	     -0.82373054	     -3.20559745	      3.07423616	     -6.36528196	      3.43327288	     34.21713544	     83.26170419	      1.15872911	     -9.51358516	     11.39496549	     26.86641972	     65.55672977
      2.20000000	     -2.27764334	      0.74802330	     -0.69251651	     -0.56544602	      0.91327806	     -0.16780096	     14.60113616	     -2.45659986	     -3.82467257	     26.49004792	     13.00380940	    -17.48708778	      0.00000000	     14.95831049	     -4.21151783	    -11.39376548	     28.67684810	     16.56342223	     -2.44045289	      0.00000000	     -9.57896976	     -0.64209514	     -3.99486186	      3.01181989	     -6.40961533	      3.12432378	     34.48207865	     83.11406443	      1.06355323	     -9.93306802	     11.73160443	     27.66616331	     65.78709133
      2.21666670	     -3.04459370	      0.76532109	     -0.05303052	     -0.56499727	      0.90804348	     -0.16795668	     16.14066417	     -2.76822479	     -4.72493639	     27.94809899	     14.35087925	    -16.95664121	      0.00000000	     16.40794126	     -4.42844453	    -11.72942536	     29.98499768	     17.97503550	     -0.96110430	      0.00000000	     -9.54979460	     -0.56382411	     -4.54223134	      2.75811551	     -6.44177163	      2.70315937	     34.61771546	     82.96589689	      0.47965616	    -10.35898865	     11.89907840	     28.46299741	     66.07705902
      2.23333330	     -3.65069584	      0.78106716	      0.42501301	     -0.56578387	      0.90188669	     -0.16844495	     18.30179832	     -3.21205218	     -5.47852189	     31.25599424	     16.35703129	    -16.15624563	      0.00000000	     18.02440739	     -4.77301777	    -11.68520767	     32.02794163	     19.36633487	     -0.33983739	      0.00000000	     -9.63149100	     -0.53841073	     -5.10893099	      2.47671248	     -6.47165795	      2.31090106	     35.06727297	     82.84864953	     -0.24082070	    -10.81838489	     11.86300707	     29.49431151	     66.46498911
      2.25000000	     -4.22322847	      1.00595720	      0.94086372	     -0.56592958	      0.90058451	     -0.16873749	     20.36106400	     -3.85304886	     -6.12132925	     34.60523573	     18.02112298	    -15.57426591	      0.00000000	     19.62730804	     -4.83209347	    -11.74854889	     33.98827204	     19.85977389	     -0.15647738	      0.00000000	     -9.69912821	     -0.77735761	     -5.73215875	      2.27839973	     -6.34265809	      1.88355499	     35.26202514	     82.74014664	     -0.95059509	    -11.24246776	     11.58759057	     30.35538491	     66.91778569
      2.26666670	     -4.34085103	      1.16862710	      1.28494417	     -0.56655795	      0.89996446	     -0.16913370	     21.43440002	     -4.42342424	     -6.71545366	     37.03872191	     19.29542773	    -14.90433292	      0.00000000	     20.13996239	     -4.98425578	    -12.06339277	     35.29614766	     20.57733732	      0.47750136	      0.00000000	    -10.01919076	     -0.90386620	     -6.05587094	      2.04337103	     -6.30855671	      1.49577634	     34.88070736	     82.63833290	     -1.41284522	    -11.48285935	     11.32584811	     30.76763579	     67.32264926
      2.28333330	     -4.32770078	      1.33646568	      1.45264949	     -0.56638783	      0.89930965	     -0.16906937	     22.17331096	     -4.88248578	     -7.19540594	     38.82635934	     20.28456983	    -14.25959307	      0.00000000	     20.54009826	     -5.04688328	    -12.26704061	     36.07196218	     20.67636617	      0.60801564	      0.00000000	    -10.65964831	     -1.12723492	     -6.20686851	      2.01743704	     -6.20738960	      1.01573365	     34.28921498	     82.50665916	     -1.73416520	    -11.67754799	     10.97409676	     31.16635364	     67.88167979
      2.30000000	     -4.27376157	      1.16278082	      1.55172566	     -0.56808581	      0.89378923	     -0.16901213	     22.80059107	     -4.91670409	     -7.58891214	     40.42428021	     21.19342700	    -13.49943559	      0.00000000	     21.58504174	     -5.56458236	    -12.15157242	     38.04565053	     21.06774503	      0.61867617	      0.00000000	    -11.37797166	     -0.94919283	     -6.27710795	      2.08559066	     -6.19376687	      0.58111204	     33.80870797	     82.36327244	     -1.69725666	    -11.77135915	     10.47925958	     31.69998595	     68.63707670
      2.31666670	     -4.27280205	      1.07429559	      1.80199028	     -0.56848185	      0.88288798	     -0.16914632	     23.70134282	     -5.16818443	     -7.94918998	     42.61959931	     22.57869698	    -13.05250302	      0.00000000	     22.98118557	     -5.92917303	    -11.84206303	     40.48060635	     21.76268515	      0.14121130	      0.00000000	    -12.25424246	     -0.80936455	     -6.45224153	      2.20524590	     -5.91562535	     -0.94033919	     33.35646691	     81.65578693	     -1.86283366	    -11.45641767	      7.28788323	     32.71320695	     75.27319854
      2.33333330	     -4.68744548	      0.67177868	      1.96236689	     -0.59108784	      0.87821641	     -0.17565047	     25.59434568	     -5.04444312	     -7.80843991	     44.68873238	     23.97597659	    -13.13331873	      0.00000000	     26.58636391	     -6.56736594	    -11.45882895	     44.87020122	     22.70761821	     -0.66773395	      0.00000000	    -13.64571531	     -0.13721731	     -6.34417157	      2.75093429	     -6.30450161	     -0.69210745	     33.75824456	     81.70830978	     -0.83652150	    -11.60318012	      7.53756644	     33.25178862	     75.76175008
      2.35000000	     -4.96859015	      0.96798786	      2.13237901	     -0.59091865	      0.86607423	     -0.17540704	     28.24137326	     -6.04648630	     -7.45926743	     49.06280082	     25.80912732	    -12.45249345	      0.00000000	     28.94993483	     -6.33289476	    -11.39185402	     48.06882628	     24.01441787	     -0.94709251	      0.00000000	    -14.87307970	     -0.33391999	     -6.33771415	      3.10886888	     -6.41046816	     -0.82263616	     34.09123499	     81.71162457	     -0.20697349	    -11.86506994	      7.68231280	     33.70626158	     76.29283064
      2.36666670	     -5.16047717	      0.81304418	      2.47454963	     -0.59196261	      0.86986357	     -0.17622336	     29.85743844	     -6.46732406	     -7.84404951	     51.35591228	     26.68672202	    -11.82747999	      0.00000000	     30.97668691	     -6.30870514	    -10.76208683	     50.58664598	     24.64437333	     -1.30551016	      0.00000000	    -16.79635729	      0.08247489	     -6.26780010	      3.81792995	     -6.56398608	     -1.11383955	     34.40467416	     81.73642660	      0.54915540	    -11.99764602	      7.71063071	     34.25801854	     76.89744982
      2.38333330	     -5.02451276	      0.68994008	      2.38645115	     -0.59149998	      0.86322026	     -0.17608175	     30.87718367	     -6.68534051	     -7.83087968	     53.66841394	     28.02778024	    -10.82789389	      0.00000000	     31.92008362	     -6.47383011	    -10.34867595	     52.54651572	     25.65685404	     -1.25641091	      0.00000000	    -18.97923696	      0.38637793	     -5.93340549	      4.56914284	     -6.71529479	     -1.39003381	     34.62802030	     81.82091230	      1.14497445	    -11.98871598	      7.50645296	     34.89814674	     77.47824352
      2.40000000	     -5.75086489	      0.96087841	      2.40336874	     -0.61369148	      0.84731536	     -0.18294004	     34.08922666	     -7.57801497	     -7.42599002	     57.49505170	     28.66380892	    -10.88547998	      0.00000000	     34.73200556	     -5.91143389	     -9.99447134	     54.61865147	     26.83838777	     -1.14820132	      0.00000000	    -20.82278858	      0.41057657	     -6.02173987	      5.57573753	     -6.97754176	     -1.67684027	     35.64166164	     81.95073862	      1.88302421	    -12.12813013	      7.35695648	     36.04337004	     78.09838526
      2.41666670	     -5.16078880	      1.16042030	      2.79265365	     -0.59226325	      0.85071222	     -0.17615244	     34.16272557	     -8.06677024	     -7.20383456	     59.50450503	     29.56252095	    -10.27734919	      0.00000000	     35.21311956	     -5.92902518	    -10.24026429	     56.11364823	     26.00463686	     -1.71457778	      0.00000000	    -23.15323490	      0.31030513	     -5.93648164	      6.27797684	     -6.81912263	     -2.26527723	     34.97616070	     82.10820180	      2.34665680	    -12.27877887	      7.07224538	     36.85123896	     78.84554310
      2.43333330	     -4.94161204	      1.22477689	      3.29603756	     -0.59348299	      0.83975795	     -0.17635936	     35.17649034	     -8.58837148	     -7.34246026	     62.68906381	     31.03735651	    -10.41310117	      0.00000000	     36.71559923	     -6.16748496	    -10.18350579	     58.89471523	     26.02604439	     -2.60739709	      0.00000000	    -25.21227191	      0.39302192	     -6.10018792	      6.43152846	     -6.45530081	     -4.26222227	     35.24417814	     82.73486488	      2.26944779	    -12.49680922	      6.20785356	     38.29765718	     81.40876747
      2.45000000	     -4.58969648	      0.85534619	      3.44477219	     -0.59408484	      0.82900067	     -0.17662583	     35.97732688	     -8.52586099	     -7.44501453	     65.52120501	     32.71613630	    -10.18593059	      0.00000000	     37.57670745	     -6.81373755	     -9.34163395	     61.70474839	     27.10588455	     -2.46441646	      0.00000000	    -27.16624642	      0.90299177	     -5.64310147	      7.18184629	     -6.68215092	     -4.31786763	     34.54527356	     82.94834478	      3.07703925	    -12.39808466	      6.17494868	     38.37233989	     81.97141276
      2.46666670	     -5.21252842	      0.77528871	      3.32978566	     -0.61711308	      0.81909969	     -0.18361297	     38.71930481	     -8.84947814	     -7.21513474	     68.19936994	     33.96649065	    -10.11969755	      0.00000000	     40.04826837	     -6.75419537	     -8.75974766	     64.32004268	     27.85293608	     -2.77330545	      0.00000000	    -28.98527278	      1.20751870	     -5.50373695	      8.36566940	     -7.02507399	     -4.54343346	     34.68522577	     83.13473014	      3.60825423	    -12.52604715	      6.12643654	     38.75815619	     82.57979255
      2.48333330	     -5.56015799	      0.77196844	      3.01563051	     -0.61711335	      0.81313386	     -0.18369462	     40.73025509	     -9.34720684	     -7.16955098	     69.70942919	     34.54284916	     -9.16410664	      0.00000000	     42.20509588	     -6.96780289	     -8.96001224	     66.55507871	     28.23431191	     -2.51679632	      0.00000000	    -30.80688381	      1.40666700	     -5.53571135	      9.75495702	     -7.11899544	     -4.79387163	     34.77887698	     83.27179809	      4.11830143	    -12.62722345	      5.95166386	     38.92917038	     83.04954993
      2.50000000	     -5.91693684	      0.75245155	      3.15872488	     -0.61857185	      0.80738458	     -0.18404384	     42.12104791	    -10.00501017	     -7.57081026	     70.52137964	     34.62766818	     -8.57937449	      0.00000000	     44.18565403	     -7.06303604	     -8.98408100	     68.53885497	     28.15991831	     -1.82457409	      0.00000000	    -32.37385674	      1.77243594	     -5.85836038	     10.65928647	     -7.09088794	     -5.21812059	     35.20301478	     83.37777890	      4.31253353	    -12.83852162	      5.69815044	     38.60892707	     83.49700721
      2.51666670	     -5.93478381	      0.58650522	      2.93486418	     -0.63968144	      0.80176082	     -0.19090816	     44.15181203	    -10.51409831	     -7.60272213	     71.88734292	     34.03099387	     -8.28501558	      0.00000000	     46.30572326	     -7.07276665	     -9.01631649	     70.45490158	     28.07607421	     -1.96874282	      0.00000000	    -34.46674789	      2.29875584	     -6.22443026	     12.28691097	     -7.23925941	     -5.55432877	     36.07094863	     83.49247552	      4.93409359	    -13.04453338	      5.46204522	     38.52666016	     83.92076295
      2.53333330	     -6.13897582	      0.27169750	      2.30487583	     -0.63885176	      0.79032461	     -0.19111327	     46.32627691	    -10.69309069	     -7.56686392	     73.70161626	     34.31128468	     -7.57265801	      0.00000000	     48.49154891	     -7.70168423	     -8.90992948	     73.22381283	     27.69241994	     -2.74742891	      0.00000000	    -36.22513748	      2.80115017	     -5.99314051	     14.21404775	     -7.56383767	     -5.65401974	     36.33886039	     83.76270197	      5.68283951	    -13.07457961	      5.20000538	     38.18032127	     84.57885623
      2.55000000	     -6.30200343	      0.27981378	      2.37417645	     -0.63785682	      0.78917041	     -0.19109143	     47.28763739	    -11.11471737	     -7.62955621	     74.52763753	     34.17082963	     -7.59842699	      0.00000000	     49.43877624	     -8.11849077	     -9.36322759	     74.37778078	     27.36093578	     -2.66641818	      0.00000000	    -37.92468705	      3.04224901	     -5.95880313	     15.45422978	     -7.74493159	     -5.71398342	     36.57210322	     83.79363128	      6.78820823	    -13.33641574	      5.09241318	     38.32159975	     84.67233514
      2.56666670	     -5.73486210	     -0.10817264	      2.75951243	     -0.61819063	      0.78366988	     -0.18471330	     46.18094529	    -11.10800135	     -8.32323538	     75.15537758	     34.85989680	     -7.18410504	      0.00000000	     48.80871957	     -9.20031111	     -9.34329243	     75.48459892	     27.72444692	     -1.57790882	      0.00000000	    -39.77629935	      3.60898949	     -5.68161304	     15.96451671	     -7.77982094	     -5.85348426	     36.44002850	     83.98959084	      7.44354792	    -13.57043656	      5.22954208	     38.08265771	     85.36663776
      2.58333330	     -5.62779109	     -0.62333579	      3.28013495	     -0.61959781	      0.77367081	     -0.18528132	     45.69509924	    -10.96232923	     -9.16979048	     76.29378145	     36.20648851	     -7.03284936	      0.00000000	     48.89013857	    -10.20180990	     -9.11453225	     76.98619209	     29.02991194	     -0.13845448	      0.00000000	    -41.07056673	      4.24141146	     -5.25820584	     16.44198737	     -7.89924643	     -6.02791090	     36.07011667	     84.14758880	      8.11550684	    -13.76244990	      5.36491921	     37.86985201	     85.98915253
      2.60000000	     -5.42484212	     -0.93251862	      3.55239734	     -0.62323394	      0.76930519	     -0.18627467	     45.68718823	    -10.87938713	     -9.63475709	     77.59634950	     37.42763976	     -6.71887023	      0.00000000	     48.96767167	    -10.91162572	     -9.03750483	     78.38415113	     30.36893899	      0.98263692	      0.00000000	    -42.51855287	      4.45103714	     -4.71277739	     16.96043545	     -8.03043600	     -6.20967721	     35.73165232	     84.32302414	      8.61271179	    -13.93518787	      5.26600856	     37.06157050	     86.59509711
      2.61666670	     -5.65758513	     -1.10663636	      3.37619745	     -0.64361838	      0.75822228	     -0.19252833	     48.07758898	    -10.88624776	     -9.19218483	     80.26564204	     38.19880231	     -7.19174527	      0.00000000	     51.11186921	    -10.99597814	     -8.74998491	     80.86820129	     31.21139949	      0.43844134	      0.00000000	    -43.79887427	      4.54999606	     -4.16495676	     17.94634324	     -8.45611093	     -6.19347311	     36.03441452	     84.54682669	      9.16201183	    -14.07875373	      5.14634263	     37.09203627	     87.20277044
      2.63333330	     -5.28098724	     -1.11300285	      4.02430040	     -0.62432570	      0.76352327	     -0.18660687	     47.95714099	    -10.98656799	     -9.09374750	     81.36871403	     38.35056407	     -7.70259502	      0.00000000	     50.91631208	    -10.99274569	     -8.69349141	     81.31222691	     32.61874305	      2.29898080	      0.00000000	    -45.34605686	      4.78541983	     -4.27254554	     18.38453134	     -8.26707606	     -6.36953087	     35.90725165	     84.69899393	      9.65427119	    -14.32891649	      4.92493046	     36.57897493	     87.68500196
      2.65000000	     -5.25556322	     -1.41603449	      4.56952136	     -0.62490440	      0.75848839	     -0.18705988	     47.87259029	    -10.85921810	     -9.47802518	     81.96896083	     38.69616839	     -8.71054975	      0.00000000	     51.63993598	    -11.15197080	     -8.13881006	     82.28954366	     33.95706486	      3.49321983	      0.00000000	    -46.90956490	      5.08569937	     -3.90112969	     18.63776281	     -8.37996813	     -6.51598684	     36.03008770	     84.89970268	     10.17084313	    -14.44362777	      4.64784283	     36.38024314	     88.22475525
      2.66666670	     -4.35056956	     -1.69615712	      4.49896954	     -0.62751564	      0.75364188	     -0.18737205	     47.31229053	    -10.19408672	     -9.21135302	     83.27211652	     39.30951011	     -9.25135093	      0.00000000	     51.49131182	    -11.51368467	     -7.68332401	     83.54372790	     35.58034568	      4.90618439	      0.00000000	    -48.67592285	      5.14174077	     -3.51949803	     19.21702218	     -8.43117648	     -6.49752109	     35.96920135	     85.08029385	     10.65734662	    -14.59447281	      4.47193634	     36.31624198	     88.63775742
      2.68333330	     -4.01425779	     -1.86782933	      4.39455786	     -0.62747519	      0.75363959	     -0.18726504	     47.38682739	     -9.80136814	     -9.03517164	     84.32724891	     39.02767258	    -10.25093285	      0.00000000	     51.84751928	    -11.51726615	     -7.11130869	     84.59191017	     36.86964379	      5.66947353	      0.00000000	    -50.08943780	      5.07935162	     -3.03196458	     19.59326825	     -8.65009424	     -6.33492988	     36.05226359	     85.31910919	     11.10994696	    -14.63369547	      4.33349825	     36.36841130	     89.10122060
      2.70000000	     -3.60458425	     -1.66520126	      4.22437081	     -0.63004664	      0.74889332	     -0.18747675	     48.23854827	     -9.66150289	     -8.10930290	     85.86926624	     38.55773904	    -11.12513991	      0.00000000	     51.80922898	    -11.58718570	     -7.21852116	     85.42940627	     38.33988227	      6.70628056	      0.00000000	    -51.19849369	      4.71506412	     -2.76767020	     19.90715737	     -8.84076747	     -6.10061533	     36.14680483	     85.52697669	     11.85074817	    -14.91304250	      4.26483295	     36.98966733	     89.49609018
      2.71666670	     -2.92897709	     -1.57069076	      4.26326089	     -0.62995339	      0.74899887	     -0.18722537	     47.76286586	     -9.33344485	     -7.68458888	     86.51917464	     38.79362027	    -11.85237095	      0.00000000	     51.59408805	    -11.28551088	     -6.82918740	     86.05163950	     38.82884058	      6.55818038	      0.00000000	    -52.52034817	      4.55518958	     -2.50629118	     20.20038534	     -9.04388799	     -5.85012442	     36.20660160	     85.76927344	     12.35689922	    -15.09297828	      4.13480735	     37.11384712	     89.89073619
      2.73333330	     -2.78909397	     -1.33083767	      4.42744206	     -0.63105707	      0.74374159	     -0.18700799	     48.21050091	     -9.54720780	     -7.28369429	     87.32906096	     38.68104953	    -12.23878712	      0.00000000	     51.86068409	    -10.84561223	     -6.52777666	     86.76837109	     39.28916296	      6.57948556	      0.00000000	    -53.09865969	      4.27469611	     -2.41765901	     20.17395244	     -9.24615322	     -5.65215845	     36.27058932	     85.92902834	     12.72859850	    -15.26132778	      4.04282330	     37.18827094	     90.11065219
      2.75000000	     -2.96513903	     -1.24438968	      4.22628391	     -0.65042364	      0.73799746	     -0.19318867	     49.80384330	     -9.63189178	     -6.67362869	     88.26879964	     38.83984628	    -12.59766471	      0.00000000	     53.37412583	    -10.21633935	     -6.24882082	     87.68636280	     39.44956663	      5.45463082	      0.00000000	    -53.37840178	      4.24481855	     -2.31972099	     20.77085874	     -9.70225923	     -5.31775592	     36.70086567	     86.13647677	     13.39218787	    -15.33414684	      4.06231644	     37.37864827	     90.35917682
      2.76666670	     -2.78994983	     -0.92553549	      4.20966146	     -0.62951595	      0.74876230	     -0.18664158	     48.99116529	     -9.57479756	     -6.26323368	     87.67438382	     38.94919342	    -12.30740761	      0.00000000	     52.52920786	     -9.97411494	     -6.46757038	     87.22863252	     38.96064224	      5.61560163	      0.00000000	    -53.82531329	      3.83622271	     -2.18056507	     20.90083006	     -9.89149598	     -4.91061473	     36.36076492	     86.43136827	     14.04449560	    -15.28380970	      4.03932529	     36.87004742	     90.67358522
      2.78333330	     -2.90375997	     -0.68438591	      4.32059453	     -0.62891240	      0.74861655	     -0.18631253	     48.69715750	     -9.75322136	     -6.18380578	     87.16420355	     38.50152874	    -12.76619221	      0.00000000	     52.05385834	     -9.75368119	     -6.50355324	     86.63493079	     38.99944051	      5.76680486	      0.00000000	    -53.87073943	      3.60738186	     -2.08114704	     20.23776890	     -9.98736267	     -4.83717947	     35.92552250	     86.60669214	     14.13487879	    -15.16053937	      3.93507602	     36.69757959	     90.87080699
      2.80000000	     -2.69537775	     -0.64288743	      4.26680876	     -0.63046685	      0.74928091	     -0.18631770	     48.35344325	     -9.66156130	     -6.07102230	     86.70385821	     38.12502569	    -12.71691886	      0.00000000	     51.38798456	     -9.77554250	     -6.52970864	     86.08650277	     38.76834478	      5.66203974	      0.00000000	    -53.66169298	      3.43990600	     -1.93186614	     19.76602195	    -10.05541671	     -4.82058668	     35.97964615	     86.81719272	     14.26367497	    -15.16015270	      3.63707844	     36.92252152	     91.08622316
      2.81666670	     -2.70941991	     -0.49652680	      4.22417735	     -0.63001932	      0.74901822	     -0.18594703	     48.23619858	     -9.64020600	     -5.94923701	     86.34358224	     38.49553216	    -12.20217345	      0.00000000	     51.05059334	     -9.75939306	     -6.69411392	     85.76494064	     38.86806435	      5.74235122	      0.00000000	    -52.98292562	      3.30837616	     -1.89182008	     18.91878539	    -10.03489373	     -5.05078450	     36.48652479	     87.28543809	     13.98168242	    -15.16410460	      3.01596446	     38.59566637	     91.66701629
      2.83333330	     -2.55533893	     -0.46834318	      4.36023904	     -0.62974811	      0.76068888	     -0.18638169	     47.27126362	     -9.56627074	     -6.09088008	     85.11507250	     37.72907636	    -12.80832264	      0.00000000	     50.16169663	     -9.62148157	     -6.70071188	     84.72879666	     38.23357438	      5.56316367	      0.00000000	    -52.65317153	      3.34464956	     -1.92616947	     18.36276384	     -9.98904116	     -5.29130055	     36.76537738	     87.65471565	     13.88676436	    -15.17071398	      2.49221194	     39.83597787	     92.13395990
      2.85000000	     -3.51307195	     -0.15938686	      3.82726566	     -0.64891209	      0.75979522	     -0.19215500	     48.55582542	     -9.65143066	     -5.45175855	     83.85610559	     36.80098352	    -13.06041560	      0.00000000	     50.90588872	     -9.01952117	     -7.37434939	     83.24821285	     37.57257408	      4.96710104	      0.00000000	    -51.28929685	      2.99638914	     -2.19017588	     18.33480454	    -10.18730841	     -5.28952178	     37.31128711	     88.02732033	     13.97943777	    -15.08314589	      2.13680180	     41.04098095	     92.55693845
      2.86666670	     -4.51114726	      0.10059733	      3.32863643	     -0.64788531	      0.76481030	     -0.19204319	     49.59594396	     -9.65184417	     -4.84428359	     82.42190637	     35.58231805	    -13.03510265	      0.00000000	     51.30337852	     -8.55252910	     -7.99232030	     81.47268136	     36.54178636	      4.33979291	      0.00000000	    -49.83169187	      2.71552776	     -2.46453135	     18.25228590	    -10.27833803	     -5.27592291	     37.84894730	     88.43023876	     13.88292324	    -14.95513052	      1.76934090	     42.02743421	     92.99810610
      2.88333330	     -5.09894731	     -0.09589122	      3.12033089	     -0.62415423	      0.77444043	     -0.18513816	     48.21057713	     -9.17500766	     -5.18649215	     79.65920058	     34.64320751	    -12.97768044	      0.00000000	     50.49790250	     -9.02031912	     -8.29730284	     79.54262208	     34.75093396	      4.11225422	      0.00000000	    -48.59242939	      3.00302135	     -2.61049676	     17.92126146	    -10.00956784	     -5.45974660	     37.68236097	     88.89846322	     13.46444708	    -14.82133712	      1.45893175	     42.05138242	     93.52838168
      2.90000000	     -6.24821420	     -0.02463937	      2.09295707	     -0.64381453	      0.78061806	     -0.19159716	     48.82308551	     -8.64007852	     -4.75151848	     77.08908863	     33.86588623	    -12.86786906	      0.00000000	     50.54774881	     -8.95503506	     -8.85160382	     77.31876729	     34.11662060	      3.99536914	      0.00000000	    -46.95019555	      2.53287660	     -2.43827180	     17.77311263	    -10.17770996	     -5.33175892	     37.90416629	     89.38118717	     12.94812238	    -14.52199338	      1.05474770	     42.43437997	     93.99734091
      2.91666670	     -6.98169002	      0.48753507	      1.75543911	     -0.64253370	      0.79018156	     -0.19160728	     49.40645661	     -8.73280606	     -3.98683788	     75.75495031	     32.89373122	    -12.85969723	      0.00000000	     49.84705191	     -8.22399500	     -9.44341279	     74.63262466	     33.34683397	      3.90361462	      0.00000000	    -45.58228291	      2.08713678	     -2.90018672	     17.57580089	    -10.05816629	     -5.23292116	     37.99900485	     89.86709647	     12.43102825	    -14.40908627	      0.63653853	     42.70050362	     94.48829713
      2.93333330	     -6.46341411	      0.50446427	      1.79987479	     -0.62099625	      0.80669853	     -0.18527620	     46.65558443	     -8.50223307	     -4.29206289	     72.67001016	     31.84655820	    -12.86361556	      0.00000000	     46.78252130	     -8.21089406	     -9.69868782	     71.20588817	     32.77767264	      4.98206646	      0.00000000	    -44.61863580	      2.22111661	     -3.48398351	     17.20210426	     -9.58838732	     -5.26568442	     37.42355130	     90.28237316	     11.65924282	    -14.29771975	      0.23844608	     41.95995748	     94.88295437
      2.95000000	     -6.46239518	      0.75067309	      1.39753312	     -0.62000411	      0.81216009	     -0.18481039	     45.05006334	     -8.14475140	     -4.17612791	     70.36882160	     31.08024426	    -13.29710398	      0.00000000	     44.58455209	     -8.13916994	    -10.31234257	     68.29764225	     32.56115031	      5.37486272	      0.00000000	    -43.31059058	      1.73841811	     -3.89047542	     16.58177622	     -9.22757664	     -5.15462224	     36.87191621	     90.74962052	     10.68809626	    -14.24333510	     -0.38004118	     41.21497516	     95.25182882
      2.96666670	     -7.25290282	      1.22857587	      1.19316636	     -0.64043144	      0.80789501	     -0.19094164	     46.03704226	     -8.55006131	     -3.80943821	     69.64690592	     30.38589779	    -12.87965748	      0.00000000	     44.26916609	     -7.38075637	    -10.81412973	     66.04191530	     32.25973635	      4.52834875	      0.00000000	    -41.04923309	      1.27386886	     -4.67888370	     16.95339912	     -9.23199000	     -3.68960262	     35.44303183	     92.55390855	      9.64120821	    -14.26566646	     -1.61830104	     40.80627470	     96.73077764
      2.98333330	     -7.71174931	      1.47890582	      1.69752581	     -0.61654049	      0.81686267	     -0.18405778	     44.69192944	     -9.01074693	     -4.34174571	     67.42018330	     29.84244565	    -12.39208391	      0.00000000	     43.07504697	     -6.93178943	    -11.13578260	     63.34889107	     31.50222874	      5.42333352	      0.00000000	    -38.82017740	      1.08232456	     -5.03324596	     15.57532670	     -9.05169235	     -3.67803161	     35.14502332	     92.67305145	      8.65610697	    -14.13107375	     -1.54784921	     40.50644661	     96.87551689
      3.00000000	     -8.00922569	      2.19780988	      1.85968672	     -0.61734748	      0.82863666	     -0.18349241	     43.71398104	     -9.63710100	     -4.43259689	     65.39504870	     29.13904711	    -12.19084547	      0.00000000	     41.49171106	     -6.11400005	    -12.30907266	     59.95637452	     30.42356747	      5.62610565	      0.00000000	    -36.87080895	      0.18356069	     -5.78872059	     14.65878626	     -8.53006934	     -3.65534622	     34.63670150	     92.95144192	      7.87091021	    -14.32847470	     -1.36489781	     39.54470651	     97.20952150
      3.01666670	     -8.49585645	      1.87370996	      1.53709035	     -0.61567696	      0.83322651	     -0.18342723	     42.21004808	     -9.20258687	     -5.38104355	     62.20740648	     29.06382635	    -10.88404794	      0.00000000	     41.10123639	     -6.13638707	    -11.86184241	     58.30011447	     29.47291913	      4.85448356	      0.00000000	    -34.46489989	      0.30378588	     -5.59389424	     13.92452389	     -8.51437933	     -3.46947864	     33.78539879	     93.27373136	      7.07306273	    -13.99253600	     -1.06918124	     38.44359457	     97.54471253
      3.03333330	     -8.61519066	      1.67866705	      1.76511557	     -0.59451302	      0.84392220	     -0.17715512	     39.29580292	     -8.76041977	     -6.39120050	     58.34932773	     28.50115805	    -10.04714764	      0.00000000	     39.66390652	     -6.20653649	    -12.05334484	     56.00445657	     28.20058237	      4.56829568	      0.00000000	    -32.09939214	      0.35635346	     -5.83414369	     12.68527631	     -8.12285192	     -3.35316074	     32.73807962	     93.54741171	      6.28520062	    -13.99991239	     -0.86456896	     37.18649305	     97.83762477
      3.05000000	     -8.48731408	      1.16737625	      2.28605661	     -0.59416155	      0.85415108	     -0.17769584	     36.34060719	     -8.12613782	     -7.67228626	     54.39123925	     27.94055440	     -9.73202988	      0.00000000	     38.17868484	     -6.31328962	    -11.55602853	     53.92366347	     27.30587008	      4.42816216	      0.00000000	    -29.84595329	      0.62941243	     -5.65565438	     11.26954892	     -8.03761239	     -3.12863756	     31.70167298	     93.76218449	      5.48333758	    -13.74162581	     -0.54066517	     36.59169881	     98.09727573
      3.06666670	     -8.52682564	      0.92253192	      2.81705974	     -0.59496286	      0.86126713	     -0.17796643	     33.97705712	     -7.68850263	     -8.58478291	     50.69248004	     26.93098829	     -9.50979112	      0.00000000	     36.66220089	     -6.09279732	    -11.10350965	     51.39852417	     25.75084422	      4.03260083	      0.00000000	    -27.85350975	      0.61467165	     -5.75417083	     10.21307080	     -7.79636825	     -2.83242736	     30.77533148	     93.95599811	      4.69920560	    -13.53484931	     -0.13728768	     35.72654483	     98.35158863
      3.08333330	     -8.28609784	      0.45769146	      3.26875754	     -0.59377758	      0.87703621	     -0.17863369	     31.26510110	     -6.87351916	     -9.31523276	     46.42529085	     25.33925746	     -9.46343077	      0.00000000	     34.64972031	     -5.95722547	    -10.58175184	     48.06130739	     23.74056900	      3.66836200	      0.00000000	    -26.16669837	      1.01934964	     -6.01807540	      9.43667237	     -7.62367486	     -2.52369196	     29.99702738	     94.10220492	      4.03323547	    -13.26514463	      0.36252075	     35.38800774	     98.58958579
      3.10000000	     -7.64967124	      0.28022646	      3.73899436	     -0.57336586	      0.88315084	     -0.17257242	     27.95438128	     -6.23547177	    -10.00679330	     42.63726926	     23.80485953	     -9.41413684	      0.00000000	     31.39113105	     -6.04998716	    -11.11461499	     44.06257859	     21.20859752	      3.09063420	      0.00000000	    -24.67468028	      1.05289008	     -6.79178824	      8.39270107	     -7.10287942	     -2.26382016	     29.18688596	     94.21598496	      2.98333710	    -13.26870660	      0.82960543	     34.78441208	     98.80729093
      3.11666670	     -7.65711174	      0.13314864	      3.53443027	     -0.57227059	      0.88942613	     -0.17271820	     25.45052465	     -5.35654569	    -10.24392250	     38.48852080	     22.61853521	     -9.44129724	      0.00000000	     28.88872616	     -6.11961891	    -11.62331450	     40.18938122	     19.71368233	      2.97198768	      0.00000000	    -22.87163799	      0.82070312	     -6.73103856	      7.54884828	     -6.91145832	     -1.91729381	     28.36067754	     94.33006677	      1.69216098	    -13.07364034	      1.21624981	     34.22715994	     98.97345260
      3.13333330	     -7.63274310	      0.06176525	      3.71276860	     -0.57240254	      0.89730613	     -0.17295747	     23.27004162	     -4.75379369	    -10.41567138	     34.55045807	     21.35122583	     -9.46697669	      0.00000000	     26.43392817	     -5.73968783	    -11.64743645	     35.68602371	     18.48816916	      3.03280038	      0.00000000	    -20.93868627	      0.65481462	     -7.02552966	      6.76550876	     -6.64595790	     -1.58639485	     27.54229305	     94.39813718	      0.56735170	    -12.99993766	      1.66442478	     33.46291072	     99.11236509
      3.15000000	     -7.75449506	      0.25247583	      3.70565931	     -0.57044508	      0.91253558	     -0.17317555	     21.61273274	     -4.47302945	    -10.36084914	     31.07916907	     19.65882679	     -9.67335945	      0.00000000	     24.33770242	     -5.03429698	    -11.74628242	     31.55498525	     17.12028808	      3.31503862	      0.00000000	    -18.96169940	      0.17132994	     -7.20336781	      5.74828250	     -6.43283764	     -1.35039299	     27.13547740	     94.40580928	     -0.33873809	    -12.97647240	      2.18395061	     33.46533244	     99.23847504
      3.16666670	     -7.84089825	      0.33455837	      3.61200610	     -0.56970112	      0.91370775	     -0.17298606	     20.62176662	     -4.18035555	    -10.19851198	     28.71699921	     18.30011465	    -10.09417962	      0.00000000	     22.96250176	     -4.53238426	    -11.65481167	     28.46141648	     16.62729042	      3.71997940	      0.00000000	    -17.35839007	     -0.17172056	     -7.25717947	      4.81247701	     -6.32051805	     -1.01845161	     27.08956904	     94.37640240	     -1.12696815	    -13.11408400	      2.96345352	     33.83995396	     99.42412046
      3.18333330	     -8.33399155	      0.17577409	      3.46393001	     -0.56817824	      0.91819247	     -0.17356135	     19.91938376	     -3.67799323	    -10.06152918	     25.91266749	     17.23073069	     -9.92895726	      0.00000000	     22.22868570	     -4.19849930	    -11.21907956	     25.65318526	     16.43557062	      4.74654374	      0.00000000	    -15.61809640	     -0.16264474	     -6.96326150	      4.15302361	     -6.49422545	     -0.83024183	     26.98887997	     94.37290535	     -1.64729215	    -12.88539094	      3.30225720	     34.10573994	     99.49928553
      3.20000000	     -8.60830126	      0.08915795	      3.22570703	     -0.56736651	      0.92362659	     -0.17353399	     19.37615991	     -3.20809784	     -9.18833669	     24.07093955	     15.31739730	    -11.57849629	      0.00000000	     21.64228550	     -3.76426818	    -10.49784445	     23.44418710	     15.96435220	      4.94837021	      0.00000000	    -14.31916493	     -0.15785013	     -6.31872486	      3.53363199	     -6.78908033	     -0.30862427	     26.93589817	     94.33760544	     -2.32680624	    -12.72788104	      3.96629000	     34.96395786	     99.69815522
      3.21666670	     -8.83816233	      0.07769496	      2.92917671	     -0.56525128	      0.92809188	     -0.17345949	     18.50056604	     -2.82542749	     -8.34419943	     21.13189737	     12.66594370	    -12.97944441	      0.00000000	     20.17317272	     -3.34256739	     -9.90737594	     20.21067012	     14.85563706	      5.12849231	      0.00000000	    -12.92733974	     -0.19887853	     -6.06892907	      3.06629765	     -7.03363821	      0.22474518	     27.53586722	     94.34680136	     -3.17395328	    -12.37930199	      4.19587508	     35.16998768	     99.82207811
      3.23333330	     -9.25475770	     -0.09413853	      2.73797395	     -0.56457239	      0.92877612	     -0.17358947	     17.97514080	     -2.37082574	     -7.67009678	     18.20971104	      9.96340422	    -14.24084496	      0.00000000	     19.53279196	     -3.08339014	     -9.09395943	     17.76343378	     14.05258400	      4.80825402	      0.00000000	    -11.55440099	     -0.07391862	     -5.70228871	      2.74767040	     -7.29151851	      0.73147723	     27.93794171	     94.39267069	     -3.94520821	    -12.06327042	      4.20183118	     35.46087657	     99.91359633
      3.25000000	     -9.59204870	      0.11395136	      2.57551909	     -0.56330222	      0.93364400	     -0.17359158	     16.99605934	     -2.29042735	     -7.25252404	     14.83970248	      7.76084039	    -14.40011539	      0.00000000	     17.67419107	     -2.28267213	     -8.56739631	     13.43490301	     12.90564742	      5.15605735	      0.00000000	    -10.22345338	     -0.40272780	     -5.75989741	      2.31135674	     -7.23064577	      0.98613147	     28.37806723	     94.43070247	     -4.72925635	    -11.89580996	      4.04232299	     35.51651738	     99.98719012
      3.26666670	     -9.94919124	      0.25024858	      2.47394623	     -0.56200970	      0.93460482	     -0.17334285	     15.39443484	     -2.04647139	     -6.99986506	     11.00005481	      5.88909320	    -14.30466487	      0.00000000	     16.18787231	     -1.55552955	     -7.78354711	      9.22333622	     11.18103422	      4.34361240	      0.00000000	     -9.10843147	     -0.68067716	     -5.57131938	      2.02276639	     -7.28350118	      1.31822749	     28.70896445	     94.50786017	     -5.37110938	    -11.88905524	      3.97525541	     35.86971597	    100.09025991
      3.28333330	    -10.21199592	      0.50520243	      2.26692236	     -0.56010896	      0.93888052	     -0.17292730	     14.08474468	     -2.02601706	     -6.64098530	      7.56758274	      3.94225066	    -14.25636504	      0.00000000	     14.33336971	     -0.83857687	     -7.46862676	      4.87590629	      9.24341586	      4.05874392	      0.00000000	     -8.16534100	     -1.00757060	     -5.38368182	      1.81475180	     -7.27552142	      1.65769832	     28.83258211	     94.59070694	     -5.95186847	    -11.83719640	      3.93236714	     36.08738646	    100.20653337
      3.30000000	    -10.42119458	      0.62748753	      2.17755686	     -0.55883640	      0.93916033	     -0.17279067	     12.77112278	     -1.91077556	     -6.60432125	      4.55675631	      2.02814280	    -14.37345140	      0.00000000	     12.68274222	     -0.36743569	     -6.98213854	      1.27232599	      7.58795619	      3.89598708	      0.00000000	     -7.27890044	     -1.17522915	     -5.54454760	      1.72429370	     -7.30534873	      2.14717653	     28.91575657	     94.71044009	     -6.15624450	    -11.84498982	      4.08015650	     36.56121601	    100.40697901
      3.31666670	    -10.87874233	      0.76759630	      2.11466379	     -0.55849393	      0.94185870	     -0.17256824	     12.39012672	     -1.90075968	     -6.84820902	      2.74629612	      1.03921209	    -14.08634257	      0.00000000	     12.52045430	     -0.07302341	     -7.08336332	      0.00000000	      6.85988091	      4.09496027	      0.00000000	     -6.32162751	     -1.44048418	     -5.55287262	      1.82752233	     -7.31710765	      2.28401286	     29.20859194	     94.75701676	     -6.33388143	    -11.80645277	      4.07197134	     36.61525028	    100.45740947
      3.33333330	    -11.44322399	      0.55211219	      2.36158984	     -0.55938102	      0.94039924	     -0.17270781	     12.39116412	     -1.56614081	     -7.39714069	      1.29048948	     -0.39264752	    -14.07779383	      0.00000000	     13.09316431	     -0.19306954	     -7.00643673	      0.00000000	      7.18127465	      4.53854695	      0.00000000	     -5.34982830	     -1.19923485	     -5.84109560	      2.01358800	     -7.39960507	      2.48548732	     29.61777394	     94.82939089	     -6.25357788	    -11.78600409	      4.10785852	     36.93138027	    100.54081327
      3.35000000	    -11.90892714	      0.38792955	      2.47789250	     -0.55908673	      0.93793087	     -0.17267286	     12.56247760	     -1.32677582	     -7.47106968	      0.62097674	     -1.44477904	    -14.94829064	      0.00000000	     13.61719137	     -0.27517043	     -7.00759176	      0.00000000	      7.42768021	      4.89698295	      0.00000000	     -4.56095906	     -1.13754526	     -6.04715284	      2.12810699	     -7.50025006	      3.02805557	     30.20153323	     95.06295578	     -6.49016680	    -11.76048426	      4.04070649	     36.98624149	    100.74699094
      3.36666670	    -12.02495691	      0.09583806	      2.58657643	     -0.55968533	      0.93314033	     -0.17262789	     12.51526451	     -0.92950459	     -7.66505275	      0.13867673	     -1.89835854	    -15.17560634	      0.00000000	     13.72335589	     -0.54924159	     -7.00283569	      0.00000000	      7.74210413	      4.98570462	      0.00000000	     -4.20072808	     -0.89180370	     -5.91449266	      2.27634501	     -7.60222224	      3.15526588	     30.25719035	     95.13913315	     -6.45287689	    -11.72480149	      3.98527694	     36.98700462	    100.80603568
      3.38333330	    -12.09852781	      0.03801813	      2.59555401	     -0.55925860	      0.93229052	     -0.17260275	     12.48666071	     -0.80091176	     -7.73763220	      0.23480842	     -1.87653569	    -15.25846201	      0.00000000	     13.74030212	     -0.58367524	     -7.02775527	      0.00000000	      7.85979788	      4.98858732	      0.00000000	     -4.01400713	     -0.92090619	     -5.96038046	      2.45811356	     -7.57544652	      3.17132046	     30.33978525	     95.14985388	     -6.21048419	    -11.79861165	      3.94398958	     37.05473591	    100.81028440
      3.40000000	    -12.22293624	     -0.01724975	      2.57638308	     -0.55997001	      0.93303648	     -0.17257996	     12.59698218	     -0.70376771	     -7.79402213	      0.41050482	     -1.71048705	    -15.44120898	      0.00000000	     13.80499449	     -0.65285545	     -7.07099813	      0.00000000	      8.03255509	      4.99865004	      0.00000000	     -3.90711043	     -0.79564695	     -6.04283690	      2.64263798	     -7.54773462	      3.19619039	     30.42527420	     95.16795371	     -5.90774334	    -11.89577075	      3.88410414	     37.11787985	    100.81738224
      3.41666670	    -12.46053843	     -0.08784377	      2.16593387	     -0.55942184	      0.93213819	     -0.17247363	     13.33236125	     -0.59574300	     -7.09725976	      1.48575121	     -0.68634641	    -15.93396857	      0.00000000	     13.84170796	     -0.81455257	     -7.36676670	      0.00000000	      8.29788876	      5.24077522	      0.00000000	     -3.60705867	     -0.72396390	     -5.73989766	      2.82400372	     -7.62368039	      3.45321386	     30.35396057	     95.36426539	     -6.04119905	    -11.72356123	      3.62298174	     36.93878532	    100.91797500
      3.43333330	    -12.42503840	     -0.25651144	      1.68507003	     -0.55955824	      0.92849051	     -0.17213868	     13.57380062	     -0.30538054	     -6.52892763	      1.99465571	     -0.29145834	    -16.00449393	      0.00000000	     13.70308023	     -1.08899207	     -7.68543019	      0.00000000	      8.18462412	      5.08007397	      0.00000000	     -3.55908750	     -0.42847141	     -5.74257688	      2.93032186	     -7.72215597	      3.45505964	     30.48907765	     95.43361911	     -6.20916557	    -11.57659804	      3.51392663	     36.95584550	    100.96447926
      3.45000000	    -12.13754924	     -0.18559259	      1.07899477	     -0.55833760	      0.92477903	     -0.17171534	     14.58648694	     -0.40439725	     -5.68560586	      4.85627193	      0.63421212	    -16.54857947	      0.00000000	     12.98611552	     -1.21726091	     -8.13793639	      0.00000000	      7.61900520	      4.11591222	      0.00000000	     -3.80079031	     -0.45863003	     -5.52032961	      2.91906108	     -7.71396645	      3.42316346	     30.76804865	     95.57097853	     -6.40559785	    -11.52880524	      3.14335969	     37.03587173	    101.03789496
      3.46666670	    -11.76325829	      0.08873162	      0.64407626	     -0.55713834	      0.92786621	     -0.17109783	     15.51193418	     -0.68415631	     -4.87208548	      7.81635103	      1.73301310	    -17.23724872	      0.00000000	     12.43434123	     -1.06651210	     -8.32771028	      0.00000000	      6.40256317	      2.74226840	      0.00000000	     -4.35938619	     -0.72781528	     -5.27225490	      2.81519565	     -7.69275323	      3.22663043	     31.06170731	     95.69462607	     -6.27288836	    -11.57370270	      2.68087451	     37.31104570	    101.13474293
      3.48333330	    -11.61259787	      0.17804257	      0.45805394	     -0.55561844	      0.92858001	     -0.17109564	     17.20122715	     -0.94464010	     -4.38669653	     11.97255676	      2.72155065	    -17.79973091	      0.00000000	     12.78082153	     -1.27567084	     -8.17298214	      1.26152024	      4.84118270	      0.50059548	      0.00000000	     -4.84047667	     -0.80749082	     -4.91216176	      2.62198021	     -7.70539357	      2.54676792	     31.52304531	     95.90398661	     -6.14718622	    -11.49768267	      1.91572676	     38.12793919	    101.44273517
      3.50000000	    -11.99969018	      0.06527560	      0.67939209	     -0.55655153	      0.92461514	     -0.17147474	     19.13377350	     -1.11361293	     -4.34743204	     14.90034873	      3.52899866	    -18.52200636	      0.00000000	     15.59759164	     -1.83413453	     -8.61989840	      5.93232632	      6.19571618	      0.13993020	      0.00000000	     -4.92436102	     -0.57207700	     -5.08068220	      2.54869291	     -7.63645153	      1.77455244	     31.45912690	     96.07156989	     -6.00239960	    -11.50402188	      1.40682160	     38.63889941	    101.87413088
      3.51666670	    -12.63602103	      0.24570452	      0.74668530	     -0.55698917	      0.91814939	     -0.17158217	     22.40092429	     -1.59252952	     -4.10349116	     20.02607399	      5.67053823	    -18.97357197	      0.00000000	     19.14872655	     -2.15711377	     -9.30790508	     11.23040114	      7.98289035	     -0.82491918	      0.00000000	     -4.96887330	     -0.83263762	     -4.76181501	      2.63686147	     -7.50392159	      1.01890314	     30.89409043	     96.24707929	     -5.98530657	    -11.49233602	      0.75546642	     38.86598458	    102.34855013
      3.53333330	    -13.14092260	      0.36785288	      0.91809187	     -0.55792167	      0.91328034	     -0.17175158	     24.87179423	     -2.05537384	     -4.11081924	     23.89620928	      7.83629629	    -18.97388591	      0.00000000	     22.41304780	     -2.55572894	     -9.98068930	     16.28249684	      9.93782493	     -1.09161293	      0.00000000	     -5.32580189	     -0.93456427	     -4.81908382	      2.97619339	     -7.28953104	      0.30568789	     30.20672751	     96.42306124	     -5.68984702	    -11.51450633	      0.23447618	     38.59703530	    102.84645692
      3.55000000	    -13.30427073	      0.42837367	      1.29555924	     -0.55853467	      0.91195709	     -0.17214891	     26.29290973	     -2.51339929	     -4.28790125	     26.60026754	      9.89106890	    -18.28134515	      0.00000000	     24.82491865	     -2.95679370	    -10.70483514	     20.55866932	     11.41579043	     -1.40364765	      0.00000000	     -5.89301643	     -0.98769311	     -4.89541912	      3.04217072	     -7.15680898	     -0.47072193	     29.72055305	     96.57802783	     -5.12233660	    -11.62995298	     -0.17528802	     38.72088210	    103.38503954
      3.56666670	    -13.15243108	      0.33660437	      1.59118067	     -0.55968309	      0.90630277	     -0.17197997	     27.70807577	     -2.87381495	     -4.67203049	     30.03862535	     12.21453850	    -17.45450336	      0.00000000	     27.09159457	     -3.73045870	    -11.32653405	     25.86498160	     13.27076217	     -1.78555609	      0.00000000	     -6.90710885	     -0.86964342	     -4.80423001	      3.43135120	     -7.00722856	     -1.11418621	     29.10743241	     96.72335693	     -4.40845896	    -11.75193899	     -0.43210072	     38.88780188	    103.90102446
      3.58333330	    -12.94233961	      0.18292571	      1.76072939	     -0.56030560	      0.89443082	     -0.17194134	     29.10395356	     -3.09910922	     -4.97955479	     33.53748436	     14.76984529	    -16.66467507	      0.00000000	     29.09583245	     -4.61632899	    -11.89199762	     30.83521814	     15.03835176	     -1.89165146	      0.00000000	     -7.99470923	     -0.59822717	     -4.96952640	      3.68260972	     -6.92349758	     -1.74120314	     28.94264199	     96.85166940	     -4.01187755	    -11.84227406	     -0.65751969	     39.29942239	    104.39429752
      3.60000000	    -12.61863919	     -0.02940251	      1.68504791	     -0.56066896	      0.88348986	     -0.17175222	     30.83977302	     -3.31622655	     -5.39144331	     37.82328626	     17.51124534	    -15.51654117	      0.00000000	     31.32341550	     -5.71811602	    -12.16076263	     36.24249141	     16.14677201	     -2.89577264	      0.00000000	     -9.38369521	     -0.25664063	     -5.07207632	      4.06899401	     -6.82440455	     -2.39438051	     29.07201453	     97.01505107	     -3.88941505	    -11.80977052	     -1.23944995	     39.32830713	    104.80414740
      3.61666670	    -11.97458243	     -0.68361130	      1.46678815	     -0.56215926	      0.87718203	     -0.17176840	     31.82217279	     -3.10870322	     -6.32781470	     41.04216835	     19.43984885	    -14.44149207	      0.00000000	     33.37349356	     -7.36698234	    -12.21381633	     41.87920001	     17.03431287	     -3.77150094	      0.00000000	    -11.26996732	      0.65323036	     -4.76965564	      5.00368203	     -6.95861931	     -2.83260815	     28.74361565	     97.21434885	     -3.02273268	    -11.69591368	     -1.72716293	     39.17280046	    105.15636434
      3.63333330	    -11.45178209	     -1.11107672	      1.33305375	     -0.56691051	      0.87173105	     -0.18259728	     32.65455064	     -3.48563412	     -7.41531378	     43.51747529	     21.18537397	    -13.13823042	      0.00000000	     35.14695389	     -8.14493071	    -11.82869789	     46.32834601	     19.35955484	     -3.05562462	      0.00000000	    -13.04960245	      1.40781390	     -4.53590518	      5.76347422	     -7.06424004	     -3.31091295	     27.93917918	     97.38553068	     -2.00589051	    -11.34249396	     -1.97582841	     38.67341416	    105.48289335
      3.65000000	    -11.27273160	     -1.48624720	      1.11993957	     -0.58598348	      0.85111248	     -0.17837940	     35.41412100	     -4.06089139	     -8.41009625	     48.20884261	     23.88437067	    -11.99382687	      0.00000000	     38.37958883	     -9.03273564	    -11.02184438	     51.97800697	     22.66871533	     -2.71113950	      0.00000000	    -15.00629755	      1.98975021	     -4.10926335	      7.04511346	     -7.25500232	     -3.52364346	     27.42468882	     97.59222982	     -0.94776544	    -11.41343971	     -2.15634825	     38.53027957	    105.74647854
      3.66666670	    -11.18686076	     -1.61341446	      1.34317646	     -0.58643749	      0.85035284	     -0.17852576	     37.45900614	     -4.86354023	     -9.24910306	     51.75712489	     25.55454208	    -11.01042242	      0.00000000	     41.03098762	     -9.29154712	    -10.22348453	     56.15643575	     24.84765236	     -1.36768116	      0.00000000	    -16.91451782	      2.29266369	     -3.93690851	      8.10414509	     -7.44324614	     -3.83088252	     27.47117142	     97.76963884	     -0.17038396	    -11.39514471	     -2.24880274	     38.58899651	    105.97154248
      3.68333330	    -10.43716357	     -1.28213415	      1.95332003	     -0.57025322	      0.83663184	     -0.18339135	     38.07055746	     -6.47925587	     -9.78190841	     55.60877652	     27.57454850	     -9.54611382	      0.00000000	     41.38684593	     -9.25434350	    -10.14224970	     59.20433227	     27.42529320	      0.74160589	      0.00000000	    -18.60011966	      2.16295716	     -4.47542894	      8.77066697	     -7.30604677	     -4.35981932	     27.42558845	     97.91501413	     -0.04261220	    -11.58792464	     -2.36239847	     37.91262748	    106.10881179
      3.70000000	     -9.55025448	     -1.36776349	      2.35661120	     -0.57242972	      0.82717773	     -0.18369684	     38.17197921	     -7.42568081	    -10.58426772	     58.86350183	     30.01002557	     -7.83067590	      0.00000000	     41.97321641	     -9.76426706	    -10.02761237	     62.42879505	     28.96270581	      1.73643191	      0.00000000	    -20.61831214	      2.40581903	     -4.47087648	      9.82601627	     -7.34223965	     -4.96246248	     26.83903700	     98.11552369	      0.52777366	    -11.52261635	     -2.47114774	     36.90431514	    106.15266188
      3.71666670	     -9.59471720	     -1.13143632	      1.96724113	     -0.61275258	      0.81815761	     -0.18587236	     41.15359405	     -8.26925834	    -10.30111416	     62.78911061	     31.66572655	     -7.08610023	      0.00000000	     44.34094180	     -9.77118654	    -10.25705464	     65.04921974	     29.50171479	      1.57554436	      0.00000000	    -22.74171101	      2.14277367	     -4.07116209	     11.67440001	     -7.58365185	     -5.21627415	     27.00169139	     98.31415455	      1.88539430	    -11.87786012	     -2.48514150	     37.20121879	    106.16238846
      3.73333330	     -9.77032873	     -0.93247806	      2.01210542	     -0.61249015	      0.80720289	     -0.18543741	     43.72010440	     -9.19761384	    -10.15066603	     66.30880764	     33.03788625	     -5.94220720	      0.00000000	     46.83463923	     -9.83363231	    -10.33386354	     67.89689039	     28.68175556	      0.23353018	      0.00000000	    -24.84638928	      1.84171389	     -3.63987794	     13.11815933	     -7.82249153	     -5.52084368	     27.22381370	     98.49281529	      2.86728202	    -12.14119181	     -2.48612664	     37.54283395	    106.13534717
      3.75000000	     -9.72126339	     -0.82725727	      2.25687606	     -0.61357214	      0.80524041	     -0.18547099	     45.09158314	     -9.75656839	    -10.16328093	     68.11315420	     33.70182830	     -5.70700432	      0.00000000	     48.59065607	     -9.83454680	    -10.31320582	     69.64905625	     27.38955058	     -1.01559494	      0.00000000	    -27.13904431	      1.67614657	     -3.40350549	     14.18634357	     -8.05299120	     -5.88343650	     27.84058276	     98.58599315	      3.87931084	    -12.42669447	     -2.51023027	     38.05297642	    106.09349544
      3.76666670	     -9.46651496	     -1.12235477	      2.23076563	     -0.61219779	      0.80020714	     -0.18563824	     45.69690397	     -9.91199825	    -10.57357780	     69.52868826	     34.34817441	     -4.71386109	      0.00000000	     49.71694091	    -10.04802496	     -9.58111670	     71.49974263	     27.17980127	     -1.31447778	      0.00000000	    -29.81217742	      2.11281279	     -3.31461109	     15.00286248	     -8.29337034	     -6.66986556	     29.43128328	     98.73578578	      4.65923537	    -12.70830462	     -2.44612472	     38.76409931	    106.01751485
      3.78333330	     -8.91300766	     -1.41293846	      2.14905759	     -0.61424972	      0.78823537	     -0.18605157	     46.08956945	     -9.89962195	    -10.64543898	     71.38494529	     35.32231179	     -4.41650774	      0.00000000	     50.78448687	    -10.43204342	     -9.07125617	     73.92055900	     28.54175207	     -0.59334544	      0.00000000	    -32.30410702	      2.44065063	     -2.96770076	     16.20264953	     -8.62811232	     -7.11994969	     29.99255209	     98.88290883	      5.84679347	    -12.91304005	     -2.41682585	     38.89284952	    105.94177862
      3.80000000	     -8.29044448	     -1.83842051	      2.17426451	     -0.61351413	      0.77792742	     -0.18597110	     46.98353513	     -9.79969102	    -10.58049674	     74.38604393	     36.52774033	     -4.79637594	      0.00000000	     51.81092525	    -10.87311276	     -8.09717718	     77.09010724	     30.90535178	      0.68668747	      0.00000000	    -34.66910750	      2.94955874	     -2.66664126	     17.50627813	     -9.01477597	     -7.47238310	     30.90190580	     99.01087696	      6.86189476	    -13.07986981	     -2.39813184	     38.93321547	    105.85930948
      3.81666670	     -7.98691266	     -2.03375225	      2.20834343	     -0.61518756	      0.76584306	     -0.18691800	     48.07016731	    -10.08790364	    -10.52169589	     77.40472958	     37.83746381	     -4.65625374	      0.00000000	     52.83457758	    -11.12005106	     -7.14948239	     79.97319043	     33.77487133	      2.73195023	      0.00000000	    -36.57112248	      3.20818343	     -2.09413101	     18.32992090	     -9.37617776	     -7.68550408	     31.12189013	     99.13463744	      7.78582404	    -13.33478202	     -2.60566017	     39.04469816	    105.73445268
      3.83333330	     -7.58303613	     -2.29044564	      2.30867123	     -0.61614147	      0.76164876	     -0.18719439	     48.46960602	    -10.13533136	    -10.70439889	     79.20122699	     38.99104991	     -4.48934624	      0.00000000	     53.65296555	    -11.45003109	     -6.55705562	     82.23400990	     35.53087924	      3.96995591	      0.00000000	    -38.60676381	      3.53982112	     -1.64138962	     18.97093017	     -9.69510542	     -7.88989806	     30.83666657	     99.22970093	      8.68195529	    -13.49336475	     -2.85060672	     39.06283684	    105.59079572
      3.85000000	     -7.32611875	     -2.51869670	      2.88761665	     -0.61848163	      0.75556722	     -0.18780344	     49.01728376	    -10.62383251	    -11.14556276	     80.73312379	     39.53445569	     -4.66601719	      0.00000000	     54.30264763	    -11.36531319	     -5.63184121	     83.86025245	     37.24635441	      5.50644352	      0.00000000	    -40.42979685	      3.98477166	     -1.50849748	     19.60523140	     -9.87744294	     -8.08976840	     30.40294938	     99.29425555	      9.87482656	    -13.86028800	     -2.97766460	     38.83036523	    105.46323163
      3.86666670	     -6.90380074	     -2.52261914	      2.84539580	     -0.61996011	      0.75141978	     -0.18803623	     49.24145532	    -10.77122403	    -11.07232434	     81.84731272	     40.22174368	     -4.47827415	      0.00000000	     54.30588373	    -11.46580808	     -5.27458633	     85.06967528	     38.67590309	      6.70577085	      0.00000000	    -42.40194583	      3.88869564	     -0.94709735	     20.23263651	    -10.16140852	     -8.19525244	     29.87475813	     99.33839995	     10.87118522	    -14.01796877	     -3.22189990	     38.92836596	    105.31704534
      3.88333330	     -6.89554899	     -2.28112166	      2.56096461	     -0.62216423	      0.74017340	     -0.18761003	     50.73899256	    -11.20194591	    -10.61689721	     83.81965692	     40.71771664	     -4.40132781	      0.00000000	     54.99932364	    -11.52764616	     -5.19210552	     86.51543749	     40.44482763	      7.45978153	      0.00000000	    -43.94841183	      3.42715170	     -0.72022284	     20.90655224	    -10.28801286	     -8.16775447	     29.56481865	     99.37442891	     11.89011786	    -14.33291162	     -3.34893273	     38.93864002	    105.19542480
      3.90000000	     -6.44699573	     -2.17697487	      2.22056635	     -0.62475308	      0.73600797	     -0.18747708	     51.61039716	    -11.34137861	    -10.13139778	     85.38817579	     40.92858989	     -4.21861619	      0.00000000	     55.55669705	    -11.83552789	     -5.34424583	     88.15553544	     41.17401488	      7.36726586	      0.00000000	    -45.44903686	      3.16412889	     -0.52757020	     21.88271668	    -10.40515519	     -8.16202763	     29.82893722	     99.37760763	     12.80659677	    -14.59152789	     -3.39209873	     38.87986205	    105.12172839
      3.91666670	     -6.18500873	     -1.90719927	      1.91212759	     -0.62772915	      0.73505852	     -0.18741574	     52.66001168	    -11.67025777	     -9.65142120	     86.50249100	     40.41296166	     -4.27515977	      0.00000000	     55.65775772	    -11.79543301	     -5.55516129	     88.92943360	     42.33601397	      8.02514088	      0.00000000	    -46.95055465	      2.62982357	     -0.32438940	     22.92028936	    -10.56900201	     -8.11753951	     30.00872134	     99.39294481	     13.98899698	    -14.74991752	     -3.40868807	     38.77934937	    105.03279638
      3.93333330	     -6.36470040	     -1.69936332	      1.90328528	     -0.62855331	      0.73051371	     -0.18662070	     53.89590385	    -12.02834991	     -9.36038313	     87.42732259	     39.91756957	     -4.50671663	      0.00000000	     56.14707574	    -11.70919218	     -5.56987385	     89.49884491	     43.11957427	      8.52234790	      0.00000000	    -48.36158796	      2.23621315	     -0.06821284	     23.64838869	    -10.83227161	     -8.08787940	     30.28702393	     99.40055897	     14.90188670	    -14.74349069	     -3.39630257	     39.01507010	    104.93711680
      3.95000000	     -7.44983798	     -1.53913895	      1.59686540	     -0.65113443	      0.71202670	     -0.19312020	     57.56084804	    -12.50883493	     -8.66416332	     89.24362631	     39.58273865	     -5.01206723	      0.00000000	     59.17088640	    -11.32324953	     -5.49200524	     91.11804968	     43.80187200	      8.27013323	      0.00000000	    -48.48590810	      1.96660154	      0.01732227	     24.45492345	    -11.41723633	     -7.95195940	     31.23163634	     99.41703250	     15.60874688	    -14.93297829	     -3.20764925	     39.78040602	    104.82710168
      3.96666670	     -7.99625951	     -1.52764211	      1.30203972	     -0.64990069	      0.70602347	     -0.19296037	     59.71339581	    -12.53370481	     -8.02640362	     90.65952246	     39.90671516	     -4.76179231	      0.00000000	     61.12906473	    -11.24139534	     -5.29468156	     92.67922370	     44.13781911	      7.94558173	      0.00000000	    -48.71282429	      1.92734850	      0.03014286	     24.83317236	    -11.66935848	     -8.01873128	     32.25842692	     99.39882042	     16.02042533	    -14.98060946	     -3.04835519	     40.46689990	    104.73888518
      3.98333330	     -8.60951978	     -1.23171990	      0.97949311	     -0.65046928	      0.70947784	     -0.19295936	     61.03117790	    -12.45113518	     -7.34580437	     91.00322758	     39.67592233	     -5.10022279	      0.00000000	     62.25030300	    -11.07714164	     -5.61091287	     93.10507939	     43.78355684	      7.86593019	      0.00000000	    -49.13202597	      1.44011283	      0.12197499	     25.33057925	    -12.04721454	     -8.05170978	     33.19949180	     99.41183973	     16.62904513	    -15.03535828	     -2.93998870	     41.13539679	    104.64501994
      4.00000000	     -8.68294567	     -0.99088799	      0.86533911	     -0.64845945	      0.70515020	     -0.19179495	     61.93984500	    -12.37218122	     -6.62093473	     91.82888688	     39.44151624	     -5.38045072	      0.00000000	     63.00464979	    -10.96981161	     -5.87846420	     93.66539997	     43.05062935	      7.10543386	      0.00000000	    -49.58707827	      1.03979325	      0.08787254	     25.49280873	    -12.30701228	     -8.06895919	     33.81968488	     99.44274872	     16.88377985	    -14.92544187	     -2.97174224	     41.79884248	    104.54402669
      4.01666670	     -8.91906162	     -0.64454610	      0.85641694	     -0.64876383	      0.70399750	     -0.19147984	     62.59351920	    -12.28292220	     -5.86670375	     92.34572076	     39.13837332	     -5.89805184	      0.00000000	     63.51080217	    -10.80356350	     -6.43769952	     93.86104140	     42.32937629	      6.68810516	      0.00000000	    -49.72730422	      0.52989683	     -0.02801525	     25.61157220	    -12.51133912	     -8.06166065	     34.17870241	     99.51926460	     16.96280171	    -14.79709088	     -3.21794622	     42.52616404	    104.38566717
      4.03333330	     -8.66148408	     -0.48561205	      0.76984998	     -0.64789849	      0.70513038	     -0.19062843	     62.40793885	    -12.05787742	     -5.40405817	     92.49261925	     38.95531755	     -6.00351146	      0.00000000	     63.21737582	    -10.87819588	     -6.77310936	     93.78603455	     41.59571329	      6.28570402	      0.00000000	    -49.99619824	      0.25501737	     -0.19122085	     25.56990620	    -12.38765498	     -8.18321206	     34.40731510	     99.55829399	     16.95280955	    -14.73166112	     -3.51513342	     42.84365729	    104.27475950
      4.05000000	     -7.92425943	     -0.54478525	      1.16437949	     -0.62912346	      0.71041197	     -0.18443607	     60.33956980	    -11.81335181	     -5.52550623	     92.06305275	     39.16859114	     -6.23377479	      0.00000000	     61.48133798	    -11.24237596	     -6.87990591	     93.35653001	     41.23382376	      6.63085959	      0.00000000	    -50.44037887	      0.47138896	     -0.48946311	     24.78451409	    -11.86309799	     -8.68400706	     34.69919428	     99.58197680	     16.65503049	    -14.63406951	     -4.04808926	     42.55581764	    104.11100646
      4.06666670	     -7.46445554	     -0.53763401	      1.52299004	     -0.65053092	      0.71826263	     -0.19081823	     59.15288160	    -11.77310852	     -5.75949764	     90.92173435	     38.68082768	     -6.89784742	      0.00000000	     60.66638234	    -10.88958693	     -7.05387463	     92.29830305	     40.23874923	      6.08800186	      0.00000000	    -50.86463811	      0.68111159	     -0.70733547	     24.63240259	    -11.68229024	     -9.06789473	     35.16587435	     99.62866854	     17.11314318	    -14.58464244	     -4.43537317	     42.37975535	    104.00713646
      4.08333330	     -6.82817064	     -0.55428576	      1.58221629	     -0.63091621	      0.72376093	     -0.18416967	     56.64037683	    -11.57617505	     -6.25394167	     89.48456964	     39.25665463	     -5.90002038	      0.00000000	     58.80086550	    -11.17054882	     -7.21986634	     91.17683640	     39.54459113	      6.17400918	      0.00000000	    -51.19723786	      0.65572460	     -0.73764139	     23.95708763	    -11.21409896	     -9.54683832	     35.36563587	     99.69137504	     17.05777367	    -14.39562716	     -4.86071168	     41.75642864	    103.90220497
      4.10000000	     -6.78412630	     -0.54589263	      1.77178331	     -0.63157288	      0.72542478	     -0.18366900	     55.19308574	    -11.22399758	     -6.56557813	     88.39645535	     39.85960801	     -6.40139498	      0.00000000	     57.87882003	    -11.46068670	     -7.40850342	     90.26126924	     39.06799097	      6.32561614	      0.00000000	    -50.90122637	      0.61367487	     -0.67950990	     23.39630125	    -11.05508258	     -9.73727808	     35.30699789	     99.75096082	     16.86031222	    -14.41983036	     -5.09782231	     41.33389068	    103.84644254
      4.11666670	     -6.01636957	     -0.93017091	      1.80137949	     -0.63403449	      0.73675070	     -0.18437183	     52.91616972	    -10.77701536	     -7.37812776	     86.57140143	     40.03139452	     -5.99270871	      0.00000000	     56.43117681	    -11.74290300	     -7.25948966	     89.04650122	     38.30702613	      5.96500273	      0.00000000	    -50.96407718	      1.08236236	     -0.46956077	     22.99809161	    -10.86741972	    -10.01824014	     35.32712856	     99.83222473	     16.91596342	    -14.07026971	     -5.31339521	     41.26949715	    103.78406666
      4.13333330	     -6.13119024	     -1.14677279	      1.79599123	     -0.63347588	      0.74421512	     -0.18456890	     51.62694383	    -10.43725005	     -8.04767240	     84.71435530	     40.04537611	     -5.72811171	      0.00000000	     55.72359237	    -11.88050091	     -7.31163169	     87.67364689	     37.71119889	      6.04306062	      0.00000000	    -50.44034865	      1.34107980	     -0.29457775	     22.75331674	    -10.82318102	    -10.06688555	     35.23869814	     99.91126381	     16.73266160	    -13.92906887	     -5.41974268	     41.38720495	    103.76018248
      4.15000000	     -6.38586706	     -1.56041630	      1.68460514	     -0.65133053	      0.74949840	     -0.18022768	     51.14460998	     -9.64170879	     -8.71893744	     82.34906565	     39.73731771	     -5.88212424	      0.00000000	     56.15730193	    -12.10866914	     -7.08517687	     86.37128995	     36.71720786	      5.40784141	      0.00000000	    -49.73033439	      1.48408104	      0.04477462	     22.76297839	    -10.89830706	     -9.85862077	     35.40701544	    100.05813795	     16.78301068	    -13.94100640	     -5.50264630	     42.14631440	    103.77345133
      4.16666670	     -6.70360560	     -1.92818442	      1.71677832	     -0.64819255	      0.74978406	     -0.18015278	     51.32747718	     -8.98733088	     -8.90786565	     81.20869869	     39.04682062	     -6.53410843	      0.00000000	     56.36250140	    -12.32225932	     -6.52715892	     85.53124733	     36.18835187	      5.75872111	      0.00000000	    -48.65041282	      1.70168820	      0.06924600	     22.68520464	    -10.86582600	     -9.48236810	     35.44071652	    100.23465850	     16.23645017	    -13.96995591	     -5.53462978	     42.24299253	    103.80939607
      4.18333330	     -7.03978355	     -1.86807109	      1.39211483	     -0.64814314	      0.75936097	     -0.18045605	     51.34386068	     -8.57061540	     -8.68725407	     79.62995749	     37.07715064	     -7.32121676	      0.00000000	     55.56853940	    -12.38373293	     -6.79114005	     83.53430541	     36.09869517	      6.47121788	      0.00000000	    -47.42781687	      1.49518671	     -0.03296739	     22.67589866	    -10.84331255	     -8.97122100	     35.18850561	    100.46288017	     15.71825584	    -13.96954123	     -5.61441339	     42.08473621	    103.83187471
      4.20000000	     -6.97545028	     -2.00936742	      1.10106107	     -0.64534939	      0.77117444	     -0.18017909	     50.02645674	     -7.90478491	     -8.87665142	     77.30251627	     35.82546412	     -7.43788417	      0.00000000	     54.51243345	    -12.52273225	     -7.21824773	     81.31867290	     34.63975378	      5.77865591	      0.00000000	    -46.44459907	      1.74595908	     -0.25815509	     22.62809965	    -10.70714787	     -8.55922566	     35.05541067	    100.65585051	     15.36276668	    -13.91750792	     -5.59600957	     41.28411604	    103.84958328
      4.21666670	     -7.26422389	     -1.60907028	      0.94907545	     -0.64589262	      0.78121940	     -0.18062085	     49.13754676	     -7.81523975	     -8.61102397	     75.03023685	     34.12398904	     -8.00431745	      0.00000000	     53.04448039	    -12.12409954	     -8.35398886	     78.17562841	     33.27694815	      5.46881691	      0.00000000	    -45.31967773	      1.34092799	     -0.52431520	     22.46984639	    -10.58460887	     -8.15009062	     34.69340025	    100.85510427	     15.09024490	    -13.81116100	     -5.62779188	     40.45478353	    103.83437188
      4.23333330	     -7.65140109	     -1.09231818	      0.73740755	     -0.66334820	      0.78247577	     -0.18613883	     50.09103136	     -8.11893663	     -7.86888927	     74.05451053	     32.57277062	     -8.72912949	      0.00000000	     52.48540825	    -11.27934084	     -8.97448539	     75.63078721	     32.26046697	      4.97495847	      0.00000000	    -43.82483197	      1.01511278	     -0.97225510	     22.33286210	    -10.70804471	     -7.70355313	     34.79484123	    101.04271000	     14.79119613	    -13.84010397	     -5.55396607	     40.15952824	    103.82803793
      4.25000000	     -7.56345697	     -0.75584705	      0.84499901	     -0.64214213	      0.79667722	     -0.18024808	     48.88555777	     -8.10884780	     -7.39851213	     72.33202779	     30.76548834	     -9.10176802	      0.00000000	     50.33549339	    -10.76499004	     -9.46098021	     72.51743761	     31.34293236	      5.33763840	      0.00000000	    -42.39248101	      0.84833161	     -1.35108983	     21.59202055	    -10.59363789	     -7.38960400	     34.46690728	    101.20088746	     14.30207492	    -13.75893337	     -5.37468667	     40.03312274	    103.82517744
      4.26666670	     -7.60461549	     -0.45074982	      1.11289252	     -0.63870309	      0.80788964	     -0.17978741	     47.51900350	     -8.10113951	     -7.27675283	     70.21275689	     29.55334491	     -9.93707197	      0.00000000	     48.25497798	    -10.20981242	     -9.87905419	     69.43217796	     30.59889801	      5.76647721	      0.00000000	    -40.96706347	      0.86157386	     -1.89931216	     20.75600077	    -10.39589795	     -7.21206484	     34.34591534	    101.33081311	     13.57346039	    -13.88418883	     -5.17163449	     39.99942311	    103.82305242
      4.28333330	     -7.64386913	     -0.25091126	      1.50252324	     -0.63896335	      0.80797153	     -0.18013683	     46.39494401	     -8.37659065	     -7.62357915	     68.46466756	     29.11099174	     -9.72666759	      0.00000000	     47.18520770	     -9.68477426	    -10.37895337	     66.96612647	     29.06369719	      4.96988740	      0.00000000	    -39.15227282	      0.95078370	     -2.52496221	     19.95833273	    -10.15569795	     -7.05347735	     34.05193903	    101.44894500	     12.78968817	    -14.03992988	     -4.97043100	     39.94708628	    103.81368652
      4.30000000	     -8.00076242	     -0.22475700	      2.48752794	     -0.63621850	      0.81941614	     -0.18034873	     45.24724885	     -8.92818027	     -8.87511356	     66.20423315	     28.09791768	    -10.02688734	      0.00000000	     46.49582933	     -8.99290991	    -10.67889746	     64.39095886	     27.01760378	      4.44261897	      0.00000000	    -37.24113930	      1.46494511	     -3.44464735	     18.86893467	     -9.76525220	     -6.87726158	     33.24453919	    101.56899955	     12.35667286	    -14.20430737	     -4.67022995	     39.38452198	    103.81946257
      4.31666670	     -7.39209881	     -0.18908658	      3.92241551	     -0.61717824	      0.82965321	     -0.17449038	     42.22035821	     -9.40075404	    -10.33647592	     63.57793743	     27.14828590	    -10.39559674	      0.00000000	     43.86846342	     -8.55436216	    -11.06983039	     61.03448308	     25.34402224	      4.97047997	      0.00000000	    -35.36666514	      1.53117479	     -4.45274098	     17.60700704	     -9.20749044	     -6.72283426	     31.96222859	    101.68341724	     11.55323727	    -14.35694882	     -4.33236356	     37.74289918	    103.78988843
      4.33333330	     -7.66958074	     -0.58066544	      4.41560327	     -0.61542432	      0.84171986	     -0.17509716	     39.69548318	     -8.80764067	    -11.77439008	     59.92419823	     26.00688144	    -10.90422653	      0.00000000	     42.53150246	     -8.48769680	    -10.78837750	     58.45685675	     23.26795285	      3.87848062	      0.00000000	    -33.16438076	      1.73459342	     -4.67654248	     16.32225547	     -8.96142018	     -6.54336302	     31.13258075	    101.76091848	     10.11299086	    -14.18861476	     -4.25707241	     36.83482622	    103.68423634
      4.35000000	     -7.01266663	     -1.08314358	      4.64105727	     -0.59958092	      0.86144791	     -0.18033590	     35.08762756	     -7.74584543	    -12.93857324	     54.37495710	     24.45535885	    -10.86499229	      0.00000000	     39.44825234	     -8.62233226	    -10.68245187	     55.17457335	     20.26584818	      2.18379662	      0.00000000	    -31.61990884	      2.29005946	     -4.77373260	     15.11319324	     -8.66300706	     -6.30440787	     29.52326922	    101.83520362	      8.79158922	    -13.63222757	     -4.31971544	     35.17012520	    103.50434777
      4.36666670	     -7.31431788	     -1.45479724	      4.93188075	     -0.61488104	      0.86531120	     -0.17611493	     33.10571099	     -6.88700610	    -13.86690215	     49.99705973	     22.66016594	    -11.95937078	      0.00000000	     37.97394528	     -8.46626249	    -10.49211848	     51.89535294	     18.20927403	      0.54924893	      0.00000000	    -29.81537574	      2.50334265	     -4.94254029	     14.65466961	     -8.52804796	     -5.20648770	     28.26639186	    101.97299812	      8.26194024	    -13.51729538	     -4.34623479	     34.21800051	    103.11087573
      4.38333330	     -6.83679529	     -1.91880548	      5.32532002	     -0.61549256	      0.87522692	     -0.17723882	     30.72558468	     -6.05327344	    -14.64815547	     46.37180711	     20.79238012	    -12.46013438	      0.00000000	     36.31201755	     -8.35822689	     -9.96051924	     49.26087779	     16.24398861	     -0.76136260	      0.00000000	    -28.31820956	      3.04789528	     -5.50118025	     13.84367741	     -8.23701090	     -4.85008592	     28.01260744	    101.96497197	      7.51978346	    -13.36099781	     -4.23059611	     33.97147938	    102.97562086
      4.40000000	     -6.38242805	     -1.81370320	      5.68910107	     -0.59227612	      0.88575295	     -0.17099320	     27.87839473	     -5.46799557	    -14.82417552	     42.96400241	     19.30065684	    -12.51263702	      0.00000000	     33.29609727	     -8.20949117	    -10.38869728	     45.45529209	     14.83271327	     -0.38460322	      0.00000000	    -26.72445737	      2.68228101	     -6.27238601	     12.71327033	     -7.55256278	     -4.52198157	     27.51456483	    101.93651177	      6.52439243	    -13.48651408	     -4.05238344	     33.41660880	    102.82638014
      4.41666670	     -5.55901617	     -1.73384838	      5.82856271	     -0.57588410	      0.89547457	     -0.17553134	     23.92378457	     -4.74918470	    -15.28951261	     38.46800013	     17.85362244	    -12.27037677	      0.00000000	     29.20246600	     -8.10387688	    -11.05887381	     41.27446808	     14.22601718	      1.04057373	      0.00000000	    -25.15588882	      2.47688105	     -6.84842023	     11.50557997	     -7.09152015	     -4.27611034	     26.70149451	    101.86506440	      5.32907221	    -13.31440491	     -3.78478824	     32.53318039	    102.61208687
      4.43333330	     -5.21114510	     -1.52688877	      5.54578694	     -0.57402878	      0.90415908	     -0.17506556	     20.34559210	     -3.87549637	    -15.01381110	     33.00440640	     17.31185110	    -11.08830575	      0.00000000	     25.25832612	     -7.57885636	    -11.72957773	     35.73511175	     13.55392091	      2.18001879	      0.00000000	    -23.31502325	      2.04982814	     -6.94246321	     10.26282492	     -6.81865140	     -4.01875771	     25.99762338	    101.74065525	      4.16531484	    -13.05969293	     -3.48689614	     32.44952220	    102.37733839
      4.45000000	     -5.28319237	     -1.33091584	      5.44121302	     -0.57478943	      0.91520465	     -0.17528907	     18.30196846	     -3.30188548	    -14.38245713	     29.15964912	     16.54771352	    -10.80531924	      0.00000000	     22.90217303	     -6.82785635	    -12.11417389	     31.37956344	     12.96340688	      2.44191182	      0.00000000	    -21.46486130	      1.75644913	     -7.27418946	      9.18650505	     -6.60424659	     -3.77730994	     25.81060214	    101.55531595	      2.80967096	    -12.92278406	     -2.92913393	     32.44590510	    102.18318830
      4.46666670	     -5.60128223	     -1.09694360	      4.93940746	     -0.57126745	      0.92100782	     -0.17504383	     17.29803981	     -3.02241030	    -13.38933240	     26.67646040	     15.32520812	    -11.04408604	      0.00000000	     21.05114895	     -6.10998837	    -12.19911829	     27.79821393	     12.45535753	      3.28680931	      0.00000000	    -19.65020163	      1.35622717	     -7.11101100	      8.12991420	     -6.58833462	     -3.52275230	     25.74479916	    101.35182710	      1.30895504	    -12.64963282	     -2.55636959	     32.94822059	    101.98579811
      4.48333330	     -6.03519229	     -0.72133644	      4.47491546	     -0.57094921	      0.92544639	     -0.17502336	     16.22183298	     -2.92318878	    -12.52794321	     23.69584505	     13.54857707	    -11.55210002	      0.00000000	     19.09475232	     -5.12335646	    -12.21344833	     23.52019198	     12.66919770	      4.83724233	      0.00000000	    -17.97594171	      0.82369554	     -7.01177505	      7.11264667	     -6.50656035	     -3.18462012	     25.36621925	    101.10444997	      0.08582246	    -12.43346226	     -2.19880482	     33.37859226	    101.82431800
      4.50000000	     -6.44711675	     -0.49976145	      3.95471018	     -0.56725102	      0.92692718	     -0.17465791	     14.75098141	     -2.54794802	    -11.49744446	     19.05866498	     11.24543526	    -12.10668337	      0.00000000	     16.85741732	     -4.20205691	    -11.96186495	     18.43321566	     12.88383694	      6.62248696	      0.00000000	    -16.30315742	      0.47851611	     -6.78964928	      6.27057209	     -6.54061260	     -2.71001964	     24.84014335	    100.82999822	     -1.19940472	    -12.07693662	     -1.90967121	     33.30743989	    101.66791824
      4.51666670	     -7.36144142	     -0.83048039	      3.81637528	     -0.56706350	      0.93104399	     -0.17499122	     14.20438236	     -1.70523812	    -10.63225415	     15.17787510	      8.96427608	    -12.90183952	      0.00000000	     16.51977916	     -4.02280916	    -10.66979209	     15.80250556	     12.17193726	      6.12189166	      0.00000000	    -14.36691526	      0.91702876	     -6.93634122	      5.13430327	     -6.79122205	     -2.28911148	     25.17387699	    100.51314319	     -2.58780760	    -11.68696239	     -1.73808439	     33.60035178	    101.53526358
      4.53333330	     -7.81105363	     -0.71903118	      3.61941557	     -0.56425118	      0.93228490	     -0.17471766	     13.31255674	     -1.49298131	     -9.99651668	     11.74092895	      6.12314345	    -13.98340036	      0.00000000	     14.96669915	     -3.34121811	    -10.38267873	     11.90759830	     10.80929282	      5.57758868	      0.00000000	    -12.81441174	      0.73782866	     -7.08837286	      4.29349437	     -6.81218391	     -1.82866984	     25.78006082	    100.17590858	     -3.52977790	    -11.53879208	     -1.55827984	     34.22021478	    101.45649865
      4.55000000	     -8.51598151	     -0.49785365	      3.32280568	     -0.56405623	      0.94092665	     -0.17512908	     13.60805783	     -1.59307753	     -9.55977480	     10.18703783	      3.72415380	    -14.92526608	      0.00000000	     13.43076657	     -2.40581638	    -10.01276900	      7.33563385	      8.75786322	      4.91308853	      0.00000000	    -11.21126036	      0.52192668	     -7.46191146	      3.61049650	     -6.79921495	     -1.43072935	     26.59632463	     99.86456721	     -4.61594995	    -11.37721515	     -1.37886874	     35.10229800	    101.44590137
      4.56666670	     -8.91554643	     -0.15637874	      3.04383077	     -0.56101159	      0.94049552	     -0.17474504	     12.76022670	     -1.68084441	     -9.28593669	      7.86899546	      2.45046703	    -14.50199792	      0.00000000	     12.04593194	     -1.48195678	     -9.64750071	      3.30043949	      7.21587915	      5.32522598	      0.00000000	     -9.43864278	     -0.04894097	     -7.56696994	      2.77949609	     -6.64903036	     -1.26238686	     26.62950036	     99.77016671	     -5.68444635	    -11.28921271	     -1.23960950	     35.26773111	    101.46940110
      4.58333330	     -9.10049860	     -0.03844308	      3.02429115	     -0.56165242	      0.94809740	     -0.17529569	     11.58885308	     -1.56251556	     -8.87440841	      5.40158213	      1.14946471	    -14.39409208	      0.00000000	     10.54924339	     -0.98918937	     -8.76870575	      0.00000000	      5.79513432	      5.38663364	      0.00000000	     -8.32853026	     -0.24703895	     -7.67659612	      2.28199910	     -6.67896920	     -0.85125153	     27.06088743	     99.59244686	     -6.55015420	    -11.16957334	     -0.87638558	     35.89857676	    101.55487067
      4.60000000	     -9.59650530	     -0.29902163	      3.29368176	     -0.56031281	      0.94613647	     -0.17560022	     11.41971551	     -1.13578132	     -8.77832931	      3.68151589	      0.51523772	    -14.42056180	      0.00000000	     10.91060742	     -1.11016574	     -8.39285211	      0.00000000	      6.68304758	      6.25489359	      0.00000000	     -6.97809943	     -0.11172383	     -7.94992365	      1.86400233	     -6.59285013	     -0.56517571	     27.42332346	     99.50393572	     -7.16503517	    -11.15527807	     -0.63719947	     36.35596538	    101.62184482
      4.61666670	    -10.55556593	     -0.23397429	      3.43694915	     -0.56188138	      0.94791159	     -0.17568020	     11.43876650	     -0.94682635	     -8.37074425	      1.20123554	     -0.48059148	    -14.66887626	      0.00000000	     12.04695232	     -0.84280423	     -8.56412056	      0.00000000	      6.93022729	      7.09340978	      0.00000000	     -5.55832217	     -0.38039182	     -7.94374573	      1.36855035	     -6.54118805	     -0.00378981	     27.95197261	     99.34417433	     -7.77501713	    -11.30572407	     -0.28347203	     37.08417119	    101.76007722
      4.63333330	    -10.85503531	     -0.25626239	      2.87967727	     -0.55995326	      0.94662561	     -0.17487404	     11.32071862	     -0.69970796	     -7.74898871	      0.00000000	     -0.81904714	    -14.27087616	      0.00000000	     12.26042845	     -0.86880201	     -8.70496044	      0.00000000	      7.15337823	      6.98501319	      0.00000000	     -5.00673517	     -0.31087386	     -7.64583771	      1.39014875	     -6.54209064	      0.17375492	     28.13882791	     99.30599461	     -8.18682795	    -11.12270205	     -0.17419542	     37.23527072	    101.80132978
      4.65000000	    -11.36330630	     -0.17834146	      2.35739459	     -0.56153601	      0.94432973	     -0.17415165	     12.05123005	     -0.62551008	     -7.12626809	      0.00000000	     -0.67416013	    -14.20904812	      0.00000000	     12.72915263	     -0.79176735	     -8.97774816	      0.00000000	      6.82692976	      6.37723114	      0.00000000	     -4.52649903	     -0.35511136	     -6.96201109	      1.40721876	     -6.58599469	      0.48290906	     28.30082635	     99.26363047	     -8.39234592	    -11.01432619	     -0.04706945	     37.58003717	    101.86776428
      4.66666670	    -11.40221191	     -0.15150952	      2.39047787	     -0.56039695	      0.93896177	     -0.17344631	     12.10583312	     -0.58791859	     -7.11993716	      0.00000000	     -0.67670765	    -14.20539554	      0.00000000	     12.64950575	     -0.76978763	     -8.98135136	      0.00000000	      6.82685964	      6.37367360	      0.00000000	     -4.53458126	     -0.34204366	     -6.96085589	      1.41509790	     -6.58172386	      0.48530617	     28.30567086	     99.26333537	     -8.38415041	    -11.00956312	     -0.04501857	     37.58545270	    101.86840672
      4.68333330	    -12.23449641	     -0.26252326	      1.94101223	     -0.56093567	      0.93241537	     -0.17328556	     13.06996538	     -0.37067684	     -6.27938236	      0.00000000	     -0.75582363	    -14.66979140	      0.00000000	     13.49233971	     -0.89444048	     -8.91856136	      0.00000000	      7.23193473	      5.69654391	      0.00000000	     -3.67789758	     -0.14723004	     -6.28778440	      1.34760428	     -6.85582435	      0.95248752	     29.15693339	     99.20983003	     -8.48165952	    -10.95378877	      0.22852503	     38.47322339	    102.02837778
      4.70000000	    -12.26607419	     -0.35289166	      2.22003871	     -0.55921272	      0.93370711	     -0.17292247	     13.05761077	     -0.26120428	     -6.16619794	      0.00000000	     -0.81978938	    -14.71052398	      0.00000000	     13.53537349	     -0.96407278	     -8.80875710	      0.00000000	      7.28735923	      5.72483126	      0.00000000	     -3.53844708	     -0.09977096	     -6.24504255	      1.70318183	     -6.85705911	      0.95987722	     29.31088628	     99.20083587	     -8.11364947	    -11.02476892	      0.21365679	     38.61184510	    102.03906358
      4.71666670	    -12.28023661	     -0.52525406	      2.53086027	     -0.55990481	      0.92925702	     -0.17360151	     12.93561914	     -0.16694638	     -5.97518551	      0.00000000	     -0.95248358	    -15.50801373	      0.00000000	     13.63257517	     -1.07890206	     -8.35698543	      0.00000000	      7.47045330	      5.56872408	      0.00000000	     -3.57450629	      0.12403083	     -5.93582426	      1.44579657	     -7.02328954	      1.00219091	     29.31227479	     99.14720566	     -7.71860737	    -11.05488380	      0.42285058	     38.99818451	    102.17880123
      4.73333330	    -12.21301112	     -0.66184236	      2.79799554	     -0.55772355	      0.93124714	     -0.17351875	     12.89689832	     -0.06973498	     -5.70927878	      0.29637118	     -0.98363059	    -15.57645478	      0.00000000	     13.53826286	     -1.22661054	     -8.27073823	      0.00000000	      7.37005319	      5.60278792	      0.00000000	     -3.53220778	      0.25668454	     -6.01511642	      1.34384297	     -6.96860367	      1.00786514	     29.27089507	     99.14107968	     -7.52069496	    -11.14670771	      0.42526122	     39.07359778	    102.19699135
      4.75000000	    -11.98775223	     -0.90296512	      3.24961219	     -0.55936587	      0.93245435	     -0.17424227	     13.47125385	      0.00702807	     -5.15859045	      2.16086704	     -1.54687508	    -17.92389263	      0.00000000	     13.27019911	     -1.49578495	     -7.73654391	      0.00000000	      6.36032058	      4.51558581	      0.00000000	     -4.09056025	      0.63575827	     -5.84256688	      1.62431508	     -7.03055553	      0.49820044	     29.28842855	     98.99865823	     -6.57734165	    -11.15304839	      1.15783072	     38.74500953	    102.69861225
      4.76666670	    -11.64210106	     -0.92964030	      3.24078365	     -0.55707270	      0.93415613	     -0.17394374	     14.11605603	     -0.09004283	     -4.87146892	      4.16492839	     -0.83901107	    -18.50280213	      0.00000000	     12.63875390	     -1.62933447	     -8.07508778	      0.00000000	      5.65880999	      4.24325411	      0.00000000	     -4.60578726	      0.75231289	     -5.45030480	      2.04934854	     -7.09956533	      0.37939883	     29.18777527	     98.98428818	     -6.17600429	    -11.12713235	      1.23300095	     38.74441781	    102.82243257
      4.78333330	    -11.12635934	     -0.91698419	      3.20632628	     -0.55699647	      0.92608628	     -0.17395406	     14.12019012	     -0.12844727	     -4.48189163	      5.61262070	     -0.29220317	    -19.03383055	      0.00000000	     12.02296756	     -1.73993422	     -8.29046073	      0.00000000	      4.40635786	      3.04209613	      0.00000000	     -5.34289993	      0.78316661	     -5.18840414	      2.20652624	     -7.18594535	      0.14190859	     28.76337183	     98.96802699	     -5.41095409	    -11.12045408	      1.34525750	     38.66269508	    103.01991650
      4.80000000	    -10.63430139	     -0.96743773	      3.53144615	     -0.53500854	      0.93085557	     -0.16773269	     13.83760773	     -0.09821531	     -5.00873424	      7.73867779	      0.45445442	    -19.09618308	      0.00000000	     12.95866701	     -2.38474390	     -8.56695906	      3.66659074	      3.93627819	      1.34326348	      0.00000000	     -5.66573590	      0.73762684	     -5.11336034	      2.19151677	     -6.93942642	     -0.45977086	     27.60337106	     98.96464043	     -5.15287154	    -11.05198365	      1.51150318	     37.70072608	    103.42464897
      4.81666670	    -10.83610821	     -1.04883475	      3.39982164	     -0.53644509	      0.92135654	     -0.16767935	     14.80127670	     -0.06583963	     -5.45829807	     10.66894243	      1.80537895	    -19.34818394	      0.00000000	     14.79341205	     -3.18539849	     -9.66641150	      7.86923211	      5.13190674	      1.00774820	      0.00000000	     -5.43427167	      0.87660833	     -4.90484700	      2.00320676	     -6.93542327	     -0.80884674	     26.88867843	     98.99706808	     -5.05871923	    -11.08482934	      1.48280905	     37.38696346	    103.73562512
      4.83333330	    -11.10067896	     -1.07649914	      3.15045873	     -0.55664035	      0.91939001	     -0.17344218	     17.03495128	     -0.33353043	     -5.81565049	     14.86997008	      3.68252727	    -19.84528250	      0.00000000	     17.74487789	     -3.81108975	    -10.18351771	     12.79178431	      6.22530213	     -0.72094956	      0.00000000	     -5.68029771	      0.98759234	     -4.58626197	      2.49102721	     -7.02400678	     -1.04573973	     26.25686651	     99.06342558	     -4.40404980	    -10.95466740	      1.45024214	     37.17766713	    104.08617701
      4.85000000	    -11.52167460	     -0.99101447	      3.15452121	     -0.55901724	      0.91889241	     -0.17360678	     19.17616901	     -0.81018520	     -6.10859728	     18.17392784	      5.05805814	    -20.16442398	      0.00000000	     20.83584660	     -4.20966082	    -10.70008134	     17.50925898	      7.03561027	     -1.88413499	      0.00000000	     -5.98717135	      1.07945063	     -4.60288182	      2.76041703	     -7.08275378	     -1.34673486	     26.18948942	     99.11056405	     -4.30896495	    -10.99910469	      1.37646261	     37.18199371	    104.42992134
      4.86666670	    -11.75067827	     -1.33834432	      3.22062571	     -0.55872542	      0.90810480	     -0.17309447	     21.54568908	     -0.97045964	     -6.55013358	     22.21565553	      7.35367866	    -19.86633432	      0.00000000	     23.99876183	     -5.25976532	    -10.85653792	     23.40368154	      9.33061520	     -2.52286900	      0.00000000	     -6.47850702	      1.60961889	     -4.31552797	      3.13773124	     -7.25378928	     -1.58659203	     25.99011177	     99.17103364	     -4.06095925	    -11.06341695	      1.32335752	     37.37418930	    104.76003972
      4.88333330	    -12.09270300	     -1.71678475	      2.90789902	     -0.56113169	      0.90104742	     -0.17330388	     24.28925302	     -0.96340704	     -6.77390343	     26.34660339	     10.29437344	    -19.11850074	      0.00000000	     27.64482221	     -6.41886985	    -10.81486829	     29.67019425	     11.22174073	     -3.16701263	      0.00000000	     -7.05298658	      2.28257612	     -3.93468794	      3.61497714	     -7.55860635	     -1.87277677	     25.92377868	     99.20280372	     -3.94990707	    -11.05033105	      1.16803856	     38.26566422	    105.11089147
      4.90000000	    -12.35440965	     -1.77093194	      2.42353457	     -0.55938437	      0.88891995	     -0.17176015	     27.91964055	     -1.51399105	     -7.21806076	     32.81062901	     14.01959861	    -17.52958299	      0.00000000	     31.14667843	     -7.48597422	    -11.20320032	     36.52170796	     13.49322087	     -3.78772267	      0.00000000	     -7.71547858	      2.50624580	     -3.33207172	      4.00753646	     -7.84600535	     -2.03363579	     26.03764613	     99.25830425	     -3.98799456	    -11.13426912	      0.89040152	     39.40563345	    105.47595519
      4.91666670	    -12.27158963	     -1.71538097	      2.40252639	     -0.56245690	      0.88145357	     -0.17208788	     30.82475954	     -2.33434440	     -8.05976187	     38.28935916	     17.06287245	    -16.28190219	      0.00000000	     34.10120694	     -8.04969033	    -11.14584857	     42.04024996	     15.49192564	     -4.04648960	      0.00000000	     -8.96748184	      2.67514661	     -3.08209961	      4.38064237	     -8.05345606	     -2.35410751	     25.87331410	     99.26393138	     -3.84362225	    -11.28401877	      0.66336499	     40.56446244	    105.88240342
      4.93333330	    -11.79746639	     -1.83459707	      2.52811983	     -0.56152110	      0.87020666	     -0.17184656	     32.61460160	     -3.02969503	     -9.01538774	     42.76209406	     19.85950251	    -14.65870952	      0.00000000	     36.64111882	     -8.74962556	    -10.83649908	     47.50147778	     17.46079691	     -4.00669506	      0.00000000	    -10.65792033	      3.02323245	     -2.89647548	      5.03833496	     -8.22340736	     -2.67431032	     25.37321822	     99.25838542	     -3.26259174	    -11.41100227	      0.38395743	     41.70046212	    106.30459683
      4.95000000	    -11.21307602	     -1.63444846	      2.86364179	     -0.56367742	      0.85871554	     -0.17202529	     34.35178392	     -4.14970563	     -9.55500246	     47.96151006	     23.09060802	    -13.14898714	      0.00000000	     38.69761178	     -9.01735731	    -10.64446501	     52.16384794	     20.28104169	     -2.98583864	      0.00000000	    -12.45464328	      2.87772778	     -2.66044634	      5.86836396	     -8.30074076	     -2.86520270	     24.55211889	     99.28312070	     -2.73399242	    -11.59581382	      0.09262902	     42.43147607	    106.72177850
      4.96666670	    -10.79133284	     -1.24356243	      3.65355317	     -0.56412112	      0.84832508	     -0.17208391	     35.51541284	     -5.71359445	    -10.26292792	     52.34297901	     26.04862703	    -11.39447911	      0.00000000	     40.33806881	     -9.14188961	    -10.98728071	     55.56630102	     22.52853101	     -1.26331824	      0.00000000	    -13.98980030	      2.45709707	     -2.67383921	      6.65319994	     -8.38986711	     -3.06054540	     23.98160896	     99.29807463	     -1.93549700	    -11.87920722	     -0.03997244	     42.93669164	    107.10686441
      4.98333330	    -10.55116096	     -0.97816814	      3.90287206	     -0.56609860	      0.84191830	     -0.17211746	     36.53286265	     -6.75550618	    -10.72049577	     55.62586696	     28.80594003	     -9.71466402	      0.00000000	     41.76907956	     -9.39304648	    -11.20287868	     58.58077383	     24.30230612	      0.15325297	      0.00000000	    -15.64240657	      2.24908649	     -2.82126632	      7.63518227	     -8.36225003	     -3.33085953	     23.68230348	     99.31908284	     -1.52875194	    -12.12530480	     -0.24124993	     42.82865118	    107.39194130
      5.00000000	    -10.07516917	     -0.74901347	      4.24700997	     -0.56608972	      0.83669467	     -0.17215895	     37.06231779	     -7.71850198	    -11.19143670	     58.49995487	     30.97808430	     -8.03339573	      0.00000000	     42.36831078	     -9.65095081	    -11.26654662	     61.03530397	     24.96623199	      0.78516722	      0.00000000	    -17.59324073	      2.21268680	     -3.07530759	      8.50716558	     -8.31200632	     -3.69840982	     23.59802115	     99.34364728	     -0.97087075	    -12.39941000	     -0.34833357	     42.40644927	    107.64743416
      5.01666670	     -9.66235976	     -0.48805754	      4.17836487	     -0.56907098	      0.82554950	     -0.17222274	     38.32877112	     -8.49591056	    -11.11034303	     62.11451076	     32.53054840	     -7.79550043	      0.00000000	     42.86746988	     -9.93070560	    -11.33774141	     63.26146032	     26.19205946	      0.93937184	      0.00000000	    -19.58077636	      2.01213117	     -2.81558843	      9.43368604	     -8.45264260	     -3.83631890	     23.16292709	     99.36735169	     -0.02653704	    -12.68071072	     -0.39756950	     42.33693125	    107.73704097
      5.03333330	     -9.32368611	     -0.10836929	      4.27033754	     -0.56914913	      0.81509402	     -0.17172219	     39.53632632	     -9.57299159	    -11.25559826	     65.66462455	     34.29031692	     -6.28117385	      0.00000000	     43.19938942	    -10.00511071	    -11.56469169	     65.26565398	     28.17350961	      2.76219195	      0.00000000	    -21.35291326	      1.69941166	     -2.97628037	     10.62496516	     -8.59571814	     -4.09631685	     22.74779161	     99.37676464	      0.96221877	    -12.96016889	     -0.17696570	     41.91249153	    107.87649445
      5.05000000	     -8.54737996	      0.05841448	      3.85063984	     -0.57212601	      0.80973335	     -0.17139315	     40.25299110	    -10.01957756	    -11.29194431	     68.38008273	     35.68975894	     -5.38967371	      0.00000000	     43.33387358	    -10.40581091	    -11.47059552	     67.85987583	     29.59241527	      3.15000857	      0.00000000	    -23.35292731	      1.50987268	     -2.82060105	     11.86836802	     -8.82160780	     -4.26612421	     22.53711673	     99.41200567	      1.69055397	    -13.09354373	     -0.12538863	     41.01538353	    107.89472136
      5.06666670	     -8.33819210	      0.04807789	      3.61140068	     -0.58941876	      0.80066546	     -0.16681615	     41.86938679	     -9.94136551	    -11.05347952	     70.95683347	     36.94726665	     -5.59582581	      0.00000000	     44.84993245	    -10.69270993	    -10.92713487	     70.33247555	     30.87008983	      3.17824104	      0.00000000	    -25.64557672	      1.42908775	     -2.75462632	     13.30225062	     -9.01868021	     -4.34582936	     22.93693626	     99.41936114	      2.78590897	    -13.49016123	     -0.24420164	     40.79411402	    107.86596983
      5.08333330	     -8.04957247	     -0.14153841	      3.46028461	     -0.59172079	      0.79486715	     -0.16706480	     43.00408522	     -9.82355272	    -11.01266037	     72.91640500	     37.91686180	     -5.17174492	      0.00000000	     46.26617065	    -11.25677598	    -10.47374195	     72.79228713	     32.23395150	      4.41310329	      0.00000000	    -27.94933253	      1.61790508	     -2.63386822	     14.69785255	     -9.23749218	     -4.47236531	     23.48902620	     99.43979177	      3.87214254	    -13.71483214	     -0.36682417	     40.36616102	    107.77449370
      5.10000000	     -7.37435228	     -0.36509369	      3.62018892	     -0.57458174	      0.78831355	     -0.17120319	     42.49583206	     -9.98743305	    -11.22532851	     74.22978743	     38.83959536	     -4.76699361	      0.00000000	     46.38417255	    -11.71256209	    -10.03622086	     74.81307875	     33.76301961	      5.67356756	      0.00000000	    -30.10347936	      2.15446167	     -2.60416601	     15.52163806	     -9.50152254	     -4.68538764	     23.67527842	     99.41776094	      4.70079619	    -13.86239915	     -0.32875552	     39.65183450	    107.64432872
      5.11666670	     -7.03636715	     -0.87124677	      3.08561451	     -0.59851311	      0.77312091	     -0.17831646	     43.75244481	     -9.97589621	    -11.15835139	     76.37035929	     40.07061011	     -4.39331432	      0.00000000	     48.02257300	    -12.00929053	     -9.03153912	     77.70077830	     35.59130441	      6.20654097	      0.00000000	    -32.08917123	      2.96342011	     -2.34086250	     16.83836821	    -10.10808450	     -4.79178393	     24.48176087	     99.37959391	      5.60015021	    -13.81657363	     -0.16582082	     39.43079391	    107.50816254
      5.13333330	     -7.25266190	     -1.20120014	      2.80558365	     -0.61671584	      0.76376154	     -0.17442163	     46.14946145	    -10.21820228	    -11.23143201	     78.57905434	     40.80989333	     -3.71599745	      0.00000000	     50.23379710	    -12.15222023	     -8.03341281	     79.99378515	     37.00816937	      7.26255819	      0.00000000	    -33.90522913	      3.54391477	     -2.29251064	     18.25093168	    -10.49934252	     -4.81873285	     25.19080288	     99.32881563	      7.00533338	    -14.22669621	     -0.10524671	     39.27291738	    107.35001500
      5.15000000	     -7.51496251	     -1.67822584	      2.65621821	     -0.61831488	      0.75695893	     -0.17486021	     48.55317296	    -10.08706320	    -11.09878720	     80.65337834	     41.10722427	     -4.12567356	      0.00000000	     52.97227070	    -12.46294815	     -6.93047028	     82.87223636	     37.78915549	      7.45592779	      0.00000000	    -35.75015239	      4.14953691	     -1.72948962	     19.78162528	    -11.21141421	     -4.52879667	     26.11464745	     99.32782415	      8.40464341	    -14.44571279	      0.00806264	     39.36603092	    107.16506214
      5.16666670	     -7.43573678	     -1.87931277	      2.47293838	     -0.61609446	      0.74565267	     -0.17477594	     50.73188539	    -10.27334672	    -10.75075538	     83.45887268	     41.06184861	     -4.44989420	      0.00000000	     54.64705847	    -12.70689558	     -6.09314261	     85.27835774	     38.83228480	      7.83851084	      0.00000000	    -37.53353245	      4.59356343	     -1.60461432	     20.62676341	    -11.60263230	     -4.31303555	     26.71263925	     99.29672327	      9.14763273	    -14.58560660	      0.06720761	     38.89500417	    106.96491774
      5.18333330	     -6.76492027	     -2.25083475	      2.70785947	     -0.58116006	      0.74995024	     -0.17387232	     48.88245386	    -10.26449725	    -11.26614716	     83.73495595	     41.43456051	     -3.67542489	      0.00000000	     53.38340570	    -13.44131739	     -5.63495479	     86.27913705	     39.97029344	      9.64341164	      0.00000000	    -39.35557536	      5.31231365	     -1.46884325	     21.05916779	    -11.70638645	     -4.10526836	     26.79682821	     99.25384701	      9.72110378	    -14.39595049	     -0.02662245	     37.73740207	    106.70479010
      5.20000000	     -6.89888274	     -2.31986835	      2.78949158	     -0.62035422	      0.74171105	     -0.17598226	     49.64663990	    -10.44049654	    -11.66353988	     84.09181644	     41.67959762	     -4.27485495	      0.00000000	     54.18228269	    -13.17717433	     -5.23724398	     86.95675782	     40.97497497	      9.87101036	      0.00000000	    -41.30496876	      5.31806553	     -0.93877843	     22.00075244	    -12.21195870	     -3.87898472	     26.88689931	     99.21610097	     11.11121839	    -14.77055668	     -0.19728576	     37.99427375	    106.50615023
      5.21666670	     -6.69438982	     -2.35875200	      2.61912614	     -0.62310298	      0.73566815	     -0.17655826	     50.87683694	    -10.64238656	    -11.49316932	     85.51006097	     41.79141296	     -4.17879470	      0.00000000	     55.03546703	    -13.14741438	     -4.77525228	     88.28082456	     41.30507405	      9.92336833	      0.00000000	    -43.09273842	      5.33053854	     -0.77385411	     23.18224922	    -12.36368204	     -3.81256740	     27.06947561	     99.20459737	     12.36320087	    -15.11944297	     -0.29990100	     38.15228751	    106.45203602
      5.23333330	     -6.46946999	     -2.39159380	      2.73891537	     -0.60502003	      0.72898340	     -0.18076840	     50.53421801	    -11.19637624	    -11.73225646	     86.34447666	     42.76571197	     -3.40524362	      0.00000000	     55.34275876	    -13.00985218	     -4.25815796	     90.00079099	     42.76193706	     10.42682287	      0.00000000	    -44.65533618	      5.59242122	     -0.21298029	     23.54684058	    -12.97662754	     -3.02248355	     26.44249186	     99.14544857	     13.41533203	    -14.94232512	      0.00044133	     37.66725134	    106.11135967
      5.25000000	     -7.17461735	     -2.24270103	      2.17853979	     -0.62557039	      0.71357702	     -0.17592762	     53.18552928	    -11.26426500	    -11.11373366	     88.08965947	     43.47252243	     -3.60286566	      0.00000000	     57.46915893	    -13.10813664	     -4.27474903	     91.44481156	     43.73188633	     10.31200718	      0.00000000	    -45.27503795	      5.07573575	      0.37334117	     24.13477968	    -13.47303613	     -2.35508609	     26.54754109	     99.05897807	     14.04847015	    -15.11277921	      0.02907032	     38.22469466	    105.82542129
      5.26666670	     -7.17945107	     -2.31922832	      2.04181507	     -0.62536884	      0.71844243	     -0.17613335	     54.16603018	    -11.20051161	    -11.01169968	     89.18904833	     43.72184615	     -3.59923274	      0.00000000	     59.10754643	    -12.99358789	     -4.06781210	     92.83884600	     42.46533870	      8.58098224	      0.00000000	    -46.55430718	      5.00761495	      0.76789389	     24.80932758	    -13.84471342	     -1.52526641	     26.66452210	     98.96897968	     14.46590519	    -14.89848316	      0.05880174	     38.17232922	    105.47865924
      5.28333330	     -7.18697574	     -2.46205498	      2.06940511	     -0.62556168	      0.71284250	     -0.17599972	     55.05673369	    -11.19512118	    -10.90868467	     90.26225507	     43.65787516	     -4.01504376	      0.00000000	     60.54773311	    -12.94910177	     -3.74485858	     94.00752981	     41.60574259	      7.37117344	      0.00000000	    -47.36595167	      5.03180820	      0.96711455	     25.21219795	    -14.21383772	     -0.43652603	     26.78304153	     98.84065722	     14.94466568	    -14.92872953	      0.27859973	     37.69379148	    105.06021217
      5.30000000	     -7.22831989	     -2.46679513	      1.97932139	     -0.62369395	      0.71226900	     -0.17553804	     55.64468365	    -11.12573835	    -10.71758299	     90.82083855	     43.76963284	     -4.17404637	      0.00000000	     61.23762730	    -13.03184856	     -3.75755687	     94.47822683	     40.56050285	      6.48132863	      0.00000000	    -48.01471042	      4.95386019	      0.86883041	     26.25769439	    -14.64117886	      3.51081694	     25.76944998	     97.85558397	     15.65891300	    -15.37944143	      2.16578331	     37.49863203	    103.35905621
      5.31666670	     -7.02030005	     -2.73524777	      1.89444048	     -0.62412686	      0.71237405	     -0.17618365	     55.37895891	    -10.84694059	    -10.85270063	     90.75916778	     43.90332963	     -4.13272449	      0.00000000	     61.64688270	    -13.13991027	     -3.39962372	     95.00854408	     39.58520232	      5.46459197	      0.00000000	    -48.74647543	      5.20552278	      0.85153628	     26.47537987	    -14.53054430	      3.42938619	     25.98010081	     97.55878795	     16.17229014	    -15.23978807	      2.23510625	     37.50311560	    103.11270646
      5.33333330	     -6.95538367	     -2.84084777	      1.58303854	     -0.62329709	      0.71231532	     -0.17580928	     54.99657376	    -10.53328164	    -10.81316119	     90.17271258	     43.97776162	     -3.91975083	      0.00000000	     61.46097200	    -13.53661742	     -3.34240304	     95.11931184	     39.34085357	      5.47828994	      0.00000000	    -49.10569193	      5.04248660	      1.13066122	     26.71325237	    -14.46429404	      3.43497333	     25.88203245	     97.44676091	     16.34288981	    -14.98503507	      2.22908311	     37.58893627	    102.98122887
      5.35000000	     -6.76573709	     -3.23570852	      1.69871628	     -0.62451992	      0.71342272	     -0.17661776	     54.22098100	    -10.30034140	    -11.27368714	     89.45864086	     43.91469234	     -4.04495745	      0.00000000	     60.95547708	    -13.68919875	     -2.68010385	     94.92614164	     40.03981824	      6.40843327	      0.00000000	    -49.50871714	      5.49816383	      1.24929951	     26.83702561	    -14.50014423	      3.35912551	     25.91272579	     97.17200861	     16.61901468	    -14.65081164	      2.12197364	     37.59951827	    102.66868057
      5.36666670	     -6.93341031	     -3.26790868	      1.70890201	     -0.62387007	      0.71352388	     -0.17626892	     54.17658124	    -10.26494355	    -11.40090487	     89.05627328	     43.88866238	     -4.02811962	      0.00000000	     60.99737126	    -13.71051705	     -2.87573071	     94.40290495	     39.96662340	      6.41619807	      0.00000000	    -49.30761865	      5.50484348	      1.25934710	     26.97901799	    -14.41887602	      3.35784557	     26.02987669	     97.15683512	     16.70301316	    -14.58856011	      2.11542903	     37.64326930	    102.64975256
      5.38333330	     -7.55783710	     -3.31680383	      1.73382074	     -0.62535344	      0.71299927	     -0.17623050	     54.62369440	    -10.14378861	    -11.47663108	     88.65466977	     43.67501249	     -4.03716274	      0.00000000	     61.78016077	    -13.66205325	     -2.97068504	     94.05804118	     39.24986526	      5.82380562	      0.00000000	    -48.51628560	      5.53956119	      1.21189485	     26.90822258	    -14.29390591	      3.17720598	     26.66509515	     96.96859841	     16.44310133	    -14.49426444	      1.76963474	     37.67525136	    102.38980101
      5.40000000	     -7.72388765	     -3.15973857	      2.02076393	     -0.62398650	      0.71824106	     -0.17620732	     54.65885123	    -10.04859930	    -11.17187836	     88.36940414	     43.15945966	     -4.73736563	      0.00000000	     61.59345907	    -13.48247818	     -3.35827375	     93.28854542	     38.65974906	      5.68099933	      0.00000000	    -47.95217333	      5.33010076	      0.98921324	     26.05155619	    -14.05920320	      2.16839277	     27.84705363	     96.39346184	     16.16904960	    -14.31567339	      0.72692247	     38.17340706	    101.67288978
      5.41666670	     -7.31107419	     -2.91423750	      2.37564704	     -0.60696768	      0.72889838	     -0.18044624	     52.55796055	    -10.43589363	    -11.24658230	     86.84321096	     42.52552845	     -4.22727431	      0.00000000	     59.72964863	    -13.07881347	     -3.92590432	     92.03840496	     38.22749823	      5.72358178	      0.00000000	    -47.46818846	      5.24124997	      0.86408903	     25.43674858	    -13.99255109	      2.05121506	     27.40972486	     96.33836757	     15.86562700	    -13.90393430	      0.58682503	     37.74976675	    101.55246680
      5.43333330	     -7.25566835	     -2.77469879	      2.19499497	     -0.62342829	      0.73658026	     -0.17530183	     51.87807863	    -10.13155611	    -11.28097477	     85.44553636	     41.90275748	     -4.48140111	      0.00000000	     58.56269724	    -12.90537484	     -4.45359792	     90.13240193	     37.46173175	      5.09280311	      0.00000000	    -47.08735980	      4.83032251	      0.81686407	     25.36469308	    -13.77649559	      1.88883134	     27.42004646	     96.26215020	     15.78449422	    -13.83951859	      0.26012047	     37.60441767	    101.40429302
      5.45000000	     -6.80579948	     -2.46737364	      2.89139631	     -0.60509639	      0.74301464	     -0.16855503	     50.03218476	    -10.22951940	    -11.47990916	     84.12381400	     41.11545042	     -4.44546136	      0.00000000	     55.80403408	    -13.28014802	     -5.34438984	     87.62887919	     35.69684702	      5.04179312	      0.00000000	    -46.35324256	      4.61159675	      0.21608227	     24.77408854	    -13.09844332	      1.65600200	     27.44821891	     96.20034735	     15.46732248	    -14.03082300	     -0.08029595	     36.97985700	    101.25981197
      5.46666670	     -6.66553412	     -2.64896917	      3.29528745	     -0.60626974	      0.75500903	     -0.16854822	     47.73675147	     -9.65563036	    -12.39407178	     81.32906528	     40.29263228	     -4.93586160	      0.00000000	     53.98880050	    -13.79587839	     -5.92209902	     85.08144985	     34.96016419	      6.00118210	      0.00000000	    -45.48527103	      4.80931330	     -0.02975436	     23.98982850	    -12.65418244	      1.29938673	     27.86247274	     96.13588838	     15.21420445	    -14.12850812	     -0.35214063	     37.06532371	    101.12525576
      5.48333330	     -6.32301004	     -2.83020314	      3.33767879	     -0.60716490	      0.76161369	     -0.16828642	     46.72453937	     -9.11971947	    -12.75593692	     80.23939226	     39.69039960	     -5.15877536	      0.00000000	     52.58385385	    -14.31227396	     -6.38049107	     83.36219314	     34.37459351	      6.53103714	      0.00000000	    -44.69603730	      4.77588568	     -0.18799443	     23.49792475	    -12.21141044	      0.98310761	     28.16042801	     96.12426566	     14.70808862	    -14.20761236	     -0.62739002	     37.36424185	    100.99448179
      5.50000000	     -6.02347295	     -2.93555937	      3.65875541	     -0.60734772	      0.77787356	     -0.16872238	     44.97677024	     -8.43105193	    -12.97822202	     77.78526612	     38.54530912	     -6.18553399	      0.00000000	     50.70857325	    -14.51765705	     -7.01925451	     80.90188458	     33.51930586	      7.13602933	      0.00000000	    -44.00469832	      4.93226218	     -0.75685322	     22.51737458	    -11.60673183	      0.54191438	     28.84365077	     96.11444798	     14.23204751	    -14.31213620	     -0.81583862	     37.55168668	    100.89762554
      5.51666670	     -6.09037020	     -2.67308494	      3.87521406	     -0.60721290	      0.78376015	     -0.16833821	     44.05396160	     -8.19791502	    -12.80256024	     75.70097154	     37.40365128	     -7.03248999	      0.00000000	     49.49959803	    -14.23682045	     -7.87066075	     78.24068943	     32.37751113	      7.32034167	      0.00000000	    -43.09165434	      4.58526106	     -1.10445575	     21.96349934	    -11.23924676	      0.22413949	     29.08266329	     96.15698381	     13.89625383	    -14.46428031	     -0.88029800	     37.97258295	    100.83585052
      5.53333330	     -6.07222605	     -2.65873055	      3.99573839	     -0.60522717	      0.79917496	     -0.16861238	     42.34771214	     -7.62158711	    -12.89919760	     72.70619310	     36.27660240	     -7.42886628	      0.00000000	     48.16713537	    -13.71555214	     -7.95044336	     75.93544455	     31.04406074	      6.60409342	      0.00000000	    -42.23798555	      4.57588888	     -1.49877749	     21.30565978	    -10.92542909	     -0.02187596	     29.30732077	     96.21061693	     13.32611774	    -14.47397901	     -0.88200617	     38.30061035	    100.80362526
      5.55000000	     -5.94201726	     -2.51593806	      3.93412005	     -0.60415070	      0.80993459	     -0.16911378	     40.66327268	     -7.16194677	    -12.68744387	     69.96911812	     35.06496045	     -7.76658936	      0.00000000	     46.63420578	    -13.18985187	     -8.18930334	     73.29546344	     28.99392281	      4.96477031	      0.00000000	    -41.43354820	      4.44089184	     -1.92827137	     20.13685300	    -10.53168826	     -0.24190065	     29.50197578	     96.27850030	     12.26888467	    -14.48327085	     -0.84502033	     38.23148299	    100.77380978
      5.56666670	     -6.60525367	     -2.40533724	      3.47150632	     -0.62148659	      0.81508931	     -0.17539540	     40.70513495	     -7.19245042	    -12.66648210	     67.51722788	     33.06052157	     -7.97507003	      0.00000000	     46.78386356	    -12.30186653	     -8.54584371	     71.08646795	     26.67402754	      2.36560212	      0.00000000	    -40.13043159	      4.42465671	     -2.25537333	     19.80504636	    -10.59857980	     -0.19179742	     29.81203371	     96.38989606	     11.78236082	    -14.36116221	     -0.65633227	     38.78997617	    100.78604416
      5.58333330	     -6.87009258	     -1.97087701	      3.89090353	     -0.59865543	      0.82502093	     -0.16882791	     39.16599368	     -7.44997531	    -12.86992592	     64.40780184	     30.81688341	     -8.70773654	      0.00000000	     45.37237175	    -11.59582878	     -9.34078853	     67.93312438	     23.07913243	      0.31340551	      0.00000000	    -38.40248102	      4.09035920	     -2.84299241	     18.62221473	    -10.20538780	     -0.20257073	     29.32474338	     96.47986622	     11.17390893	    -14.36956977	     -0.34559948	     38.81466656	    100.82424442
      5.60000000	     -7.58597999	     -1.92111734	      4.15006938	     -0.59688737	      0.83034754	     -0.16919063	     38.17072889	     -7.37240530	    -13.31423631	     61.60042990	     28.96717171	     -9.48066814	      0.00000000	     44.36309341	    -11.25865946	     -9.71386007	     64.82183590	     21.20240702	     -0.47539611	      0.00000000	    -36.25390706	      4.12082384	     -3.14672933	     17.49922604	    -10.06181702	     -0.17734792	     28.72047218	     96.54398347	     10.68103020	    -14.20134294	      0.10172647	     39.12505237	    100.90160120
      5.61666670	     -7.48907114	     -1.28490819	      4.31153674	     -0.57944871	      0.84036215	     -0.17305544	     36.35396868	     -7.88458705	    -13.33507760	     59.52558867	     27.15175070	     -9.77319182	      0.00000000	     41.58450635	    -10.47017200	    -11.08671813	     61.07009465	     19.23314866	     -1.30948769	      0.00000000	    -33.95471429	      3.45319109	     -3.80692712	     16.32114850	     -9.69071511	     -0.10501845	     28.05032170	     96.60700116	      9.83935237	    -13.98993329	      0.45936945	     38.80588269	    100.96082864
      5.63333330	     -7.80220931	     -0.66391274	      4.32868344	     -0.57887910	      0.85178292	     -0.17213848	     35.24970792	     -8.25043301	    -13.49517554	     57.25308295	     26.08092208	     -9.65022991	      0.00000000	     39.19005355	     -9.68074949	    -12.52278594	     57.14314358	     17.50787085	     -2.18481980	      0.00000000	    -31.52258977	      2.60394671	     -4.04785578	     14.96184046	     -9.40520773	     -0.00798164	     27.46713109	     96.64895482	      8.65531620	    -13.94416865	      0.72124561	     39.14854831	    101.01021230
      5.65000000	     -8.08877544	     -0.42529602	      4.42096887	     -0.59637666	      0.86564253	     -0.16824299	     34.30406737	     -7.92327567	    -13.64330241	     53.85088361	     25.07284624	     -9.65458661	      0.00000000	     37.28681418	     -8.83789514	    -12.86729826	     52.60009896	     15.88019594	     -2.50289453	      0.00000000	    -29.56493569	      2.11286723	     -4.35932265	     13.81074785	     -8.93343333	      0.11338878	     27.11847555	     96.67977037	      7.57331900	    -14.04506305	      1.02240554	     39.61264893	    101.09731213
      5.66666670	     -7.57305321	     -0.09384891	      4.57632424	     -0.57759898	      0.87950851	     -0.17246834	     31.32593560	     -7.68115100	    -13.60878042	     49.67284047	     23.95373042	     -9.00722206	      0.00000000	     33.88708749	     -7.99066469	    -13.45002806	     48.16533774	     14.69063794	     -2.00256593	      0.00000000	    -28.11744589	      1.59592874	     -4.49401256	     12.74721876	     -8.59354368	      0.41972110	     26.08225957	     96.73270247	      6.46961806	    -13.92994747	      1.41163527	     39.45288770	    101.19056760
      5.68333330	     -7.88004703	     -0.06048088	      4.64576423	     -0.59382121	      0.88788979	     -0.16853444	     29.69852752	     -6.94965676	    -13.47971991	     45.43261500	     22.48351694	     -8.86403011	      0.00000000	     32.12588372	     -7.23254975	    -13.56388253	     43.32343408	     13.31870048	     -1.82707739	      0.00000000	    -26.73522004	      1.26464687	     -4.45468058	     12.15163184	     -8.42820861	      0.92127350	     25.55959454	     96.76353505	      6.02018856	    -14.04647719	      1.96818874	     40.45677357	    101.35664417
      5.70000000	     -7.16305822	      0.12822795	      4.43169134	     -0.57457124	      0.90172209	     -0.17303075	     26.33806550	     -6.34031285	    -12.85037412	     40.87834634	     20.29494708	     -8.66194322	      0.00000000	     28.42439574	     -6.44961428	    -14.08157315	     38.07204111	     12.20349905	     -0.31124842	      0.00000000	    -25.39795751	      0.93563132	     -4.78198249	     11.43863984	     -8.07056732	      1.29273536	     24.63192889	     96.76213037	      4.85597561	    -13.73947803	      2.52827237	     40.03807170	    101.49260794
      5.71666670	     -6.98102889	      0.34832626	      4.20676732	     -0.57357856	      0.91381962	     -0.17331065	     22.71281757	     -5.62540084	    -12.63701749	     34.36478454	     18.02758177	     -8.44655936	      0.00000000	     25.07149320	     -5.45520980	    -14.62695979	     32.31572878	     11.13266058	      0.59913892	      0.00000000	    -23.84882689	      0.49631890	     -4.83171888	     10.65246866	     -7.88837138	      1.62559283	     23.96477008	     96.75121183	      3.63289494	    -13.48938109	      3.15776724	     39.32676868	    101.60594508
      5.73333330	     -6.89871703	      0.37076286	      3.75629503	     -0.57127644	      0.91436259	     -0.17314393	     20.52838890	     -4.91759288	    -11.92505877	     30.22421651	     16.39624907	     -8.35970322	      0.00000000	     22.73100380	     -4.81893821	    -14.76456222	     27.89746602	     10.90742257	      1.86751361	      0.00000000	    -22.13130431	      0.28253043	     -4.80412378	     10.20383457	     -7.74307341	      2.00142991	     23.07545584	     96.74218868	      2.68944766	    -13.17864554	      3.81278294	     38.21431172	    101.69918467
      5.75000000	     -7.17510144	      0.10111486	      3.35880837	     -0.57011462	      0.92078232	     -0.17355902	     18.36149186	     -3.98166188	    -12.03657014	     24.84445329	     13.62762924	     -9.24193663	      0.00000000	     21.48257013	     -4.63365984	    -14.86294108	     24.94397600	     10.08546365	      2.41856639	      0.00000000	    -20.36628477	      0.45355980	     -4.68548776	      9.23689897	     -7.60997717	      2.22214608	     22.40078794	     96.66373006	      1.56124821	    -12.85316458	      4.35547472	     37.44098198	    101.76323104
      5.76666670	     -7.63970928	     -0.18649775	      3.02316598	     -0.56811991	      0.92537431	     -0.17331431	     17.01689218	     -2.94509429	    -11.00414952	     20.52730562	     12.11571011	     -9.77376657	      0.00000000	     20.77442350	     -4.48533979	    -14.16315992	     22.59659205	      9.25920557	      1.66147795	      0.00000000	    -18.49459204	      0.63211092	     -4.80062887	      8.05032336	     -7.57213408	      2.37405249	     22.38859159	     96.51331494	      0.34739204	    -12.70419825	      4.87744972	     36.97466727	    101.83302708
      5.78333330	     -8.31720404	     -0.30256682	      2.71872159	     -0.56655165	      0.92667233	     -0.17403949	     15.95857219	     -2.43856787	    -10.44809017	     16.51208431	      9.49899427	    -10.84412986	      0.00000000	     19.34460602	     -3.98379931	    -14.12595527	     18.85161192	      9.36744911	      3.16854056	      0.00000000	    -16.40365051	      0.74612430	     -4.95978213	      7.08640100	     -7.63008180	      2.57999113	     22.89529789	     96.31569323	     -0.71939317	    -12.49672557	      5.38317525	     36.37163295	    101.89764093
      5.80000000	     -9.08835391	     -0.06461525	      2.25786923	     -0.56465145	      0.93120935	     -0.17388611	     15.94671827	     -2.38314616	     -9.62959295	     14.34626946	      7.52841562	    -12.12608795	      0.00000000	     18.19034532	     -3.02612736	    -13.41123261	     14.76472741	      8.44911549	      2.80037027	      0.00000000	    -14.56799243	      0.34334754	     -5.05095449	      6.14430376	     -7.58095585	      2.73610766	     23.56790708	     96.10077474	     -1.99755281	    -12.40746221	      5.78205685	     36.09437384	    101.93070174
      5.81666670	    -10.00914428	      0.05583789	      2.09803326	     -0.56299543	      0.93607379	     -0.17439846	     15.61009324	     -2.15913395	     -9.09210355	     11.15701400	      5.88780047	    -11.99035168	      0.00000000	     16.87563850	     -2.21336945	    -13.02773110	     10.37138370	      6.93732869	      3.18908575	      0.00000000	    -12.42596828	      0.09793778	     -5.40981756	      5.01224349	     -7.34049175	      2.76178772	     23.71905259	     96.01716874	     -3.38673811	    -12.36582894	      6.02443589	     35.87032498	    101.96292677
      5.83333330	    -10.50459680	      0.27592814	      1.98333697	     -0.56113152	      0.93955730	     -0.17421045	     14.99438491	     -2.01765048	     -7.98022231	      8.31329703	      4.13979195	    -13.25312141	      0.00000000	     14.79368025	     -1.27599577	    -12.07243189	      5.44132561	      5.10606721	      2.64366297	      0.00000000	    -11.01699295	     -0.17619445	     -5.84616721	      4.27379987	     -7.19607406	      2.68131294	     24.49615327	     95.77331450	     -4.50110837	    -12.39820418	      6.35858501	     35.74812600	    102.00238132
      5.85000000	    -11.14332074	      0.14443769	      1.95867931	     -0.55988658	      0.93850016	     -0.17459459	     14.81139762	     -1.64746083	     -7.54321483	      6.43631250	      2.74679647	    -13.49897568	      0.00000000	     13.61366359	     -0.97357632	    -11.68518485	      2.03137249	      3.82874231	      2.79490305	      0.00000000	     -9.54132487	     -0.17710515	     -5.97260446	      3.52794510	     -7.14362275	      2.62188898	     25.17112840	     95.60967706	     -5.48632747	    -12.46630725	      6.53308424	     35.89669819	    102.03251971
      5.86666670	    -11.86634986	     -0.04928674	      2.15423613	     -0.55926477	      0.93662902	     -0.17508543	     14.85276137	     -1.27754861	     -6.97906408	      4.73022347	      1.32982109	    -14.54037348	      0.00000000	     13.35151657	     -0.77399775	    -11.07600151	      0.00000000	      3.73913876	      3.78003792	      0.00000000	     -8.01032344	     -0.15261522	     -6.32840101	      2.85648468	     -7.16379900	      2.52540291	     26.06177377	     95.39436891	     -6.29015516	    -12.47076415	      6.67915865	     36.24708451	    102.07444833
      5.88333330	    -12.52965504	     -0.37667301	      2.39869073	     -0.55990303	      0.93991684	     -0.17582102	     14.67392758	     -0.82212262	     -7.13794269	      2.93439378	      0.09481898	    -14.67202113	      0.00000000	     14.09470886	     -1.01215676	    -10.99319248	      0.00000000	      4.25759340	      4.39647857	      0.00000000	     -6.62101817	      0.02489901	     -6.76149297	      2.55669472	     -7.10945368	      2.48943122	     26.48482621	     95.30671129	     -6.86163674	    -12.47596924	      6.72259279	     36.41612073	    102.09643675
      5.90000000	    -13.20690656	     -0.61592084	      2.40299120	     -0.56014030	      0.93732548	     -0.17598403	     15.14010594	     -0.48838487	     -6.69291150	      2.26006390	     -0.63867615	    -15.46149718	      0.00000000	     14.82024276	     -1.13288598	    -10.97363086	      0.00000000	      5.17545608	      5.42012942	      0.00000000	     -5.24372687	      0.07729618	     -7.03841352	      2.16068664	     -7.06639308	      2.53128474	     27.06349320	     95.20321287	     -7.75333567	    -12.56518167	      6.63492488	     36.94478919	    102.11086257
      5.91666670	    -13.55228725	     -0.81103019	      2.32303226	     -0.56074811	      0.93623556	     -0.17633500	     15.81472915	     -0.21667845	     -5.99630881	      2.69145845	     -0.84447630	    -16.61130820	      0.00000000	     15.18793271	     -1.25296032	    -10.89274026	      0.00000000	      5.95124031	      6.27167974	      0.00000000	     -4.26758812	      0.12086295	     -7.37735697	      1.74764528	     -7.04737285	      2.50029835	     27.78091452	     95.09832502	     -8.54616408	    -12.50885057	      6.41130017	     37.43935281	    102.11933093
      5.93333330	    -13.67628730	     -1.02775488	      2.32019312	     -0.56113981	      0.93516845	     -0.17666084	     15.94178104	      0.07720631	     -5.59013836	      2.55537126	     -1.11769685	    -17.20611988	      0.00000000	     15.47392878	     -1.41671498	    -10.67896211	      0.00000000	      6.35881637	      6.72330903	      0.00000000	     -3.71798639	      0.34443501	     -7.80914562	      1.66974367	     -7.04864668	      2.41146881	     28.20068557	     95.04268283	     -8.75425605	    -12.40932641	      6.25931881	     37.50090439	    102.13146858
      5.95000000	    -14.28125876	     -1.03712856	      1.95540497	     -0.58188124	      0.92699692	     -0.18268718	     17.43074896	     -0.01591990	     -4.87757951	      3.39573904	     -1.42470667	    -18.56596541	      0.00000000	     16.52728502	     -1.30059229	    -10.67116982	      0.00000000	      6.55852271	      6.78955463	      0.00000000	     -3.22343590	      0.43927734	     -7.88506364	      1.92056811	     -7.26649330	      2.41538316	     29.11203618	     94.99703996	     -8.29380938	    -12.41559220	      5.95636619	     37.95813149	    102.18665009
      5.96666670	    -14.57116124	     -1.06580383	      1.82956892	     -0.58176218	      0.92662003	     -0.18255224	     18.47051934	     -0.08384542	     -4.41937168	      4.48378370	     -1.95790969	    -19.74036998	      0.00000000	     17.02898881	     -1.24759174	    -10.60546781	      0.00000000	      5.95255583	      5.93153562	      0.00000000	     -3.10994217	      0.55793283	     -7.95239574	      2.11751515	     -7.40415305	      2.30287862	     29.95465499	     94.95097571	     -7.89465670	    -12.44718260	      5.77794391	     38.67694240	    102.32886341
      5.98333330	    -14.60150706	     -0.89628884	      1.54270917	     -0.58082497	      0.92762671	     -0.18226062	     20.01112185	     -0.38051193	     -3.94522510	      7.46487583	     -1.56382160	    -20.68808559	      0.00000000	     17.12096007	     -1.10885366	    -10.68148526	      0.00000000	      5.12576025	      4.85296780	      0.00000000	     -3.37651044	      0.45364483	     -7.72196667	      2.46052830	     -7.54556687	      2.20441081	     30.51995579	     94.96139837	     -7.20270598	    -12.38852235	      5.67287960	     38.93584498	    102.47322529
      6.00000000	    -14.25658395	     -0.63169000	      1.67810401	     -0.56219054	      0.92575115	     -0.18592642	     20.77398011	     -0.86799188	     -3.47101955	     10.36375990	     -0.83446672	    -21.48482753	      0.00000000	     16.40602505	     -0.78757610	    -10.67242941	      0.00000000	      4.21483543	      4.24865026	      0.00000000	     -3.58114890	      0.24957910	     -7.81965997	      2.27726703	     -7.53822569	      1.98423339	     30.69316081	     94.96683732	     -7.21046799	    -12.24933104	      5.52108846	     38.49040766	    102.53493192
      6.01666670	    -13.93345242	     -0.23525618	      1.32705229	     -0.56084181	      0.92299390	     -0.18531111	     21.58238817	     -1.33272530	     -2.55333349	     13.41937999	      0.58807827	    -22.14632621	      0.00000000	     15.69498973	     -0.42520684	    -10.93571092	      0.00000000	      3.43320898	      3.02089912	      0.00000000	     -3.74127106	     -0.09773948	     -7.45015810	      2.07000593	     -7.63942819	      1.74105027	     30.80449250	     94.98971806	     -7.23221931	    -12.01324313	      5.20779168	     37.81407687	    102.55099627
      6.03333330	    -13.91545475	      0.15744646	      0.80885272	     -0.57731831	      0.92212364	     -0.18051409	     22.76632794	     -1.62995844	     -1.55222105	     15.68695398	      2.25925015	    -22.26890630	      0.00000000	     15.61872231	     -0.14252008	    -10.73988646	      0.01007505	      1.83143482	      0.31446625	      0.00000000	     -3.80753039	     -0.48862966	     -6.57066949	      1.89427086	     -7.74316574	      1.19673209	     31.05551679	     95.09422408	     -6.29624226	    -11.77035142	      4.46581182	     36.96069068	    102.60865985
      6.05000000	    -14.46993787	      0.27070025	      0.88236028	     -0.57757395	      0.91773303	     -0.18041520	     25.78931523	     -1.89186385	     -0.85919818	     19.65090129	      3.36362438	    -23.19460838	      0.00000000	     18.33981376	     -0.50712838	    -11.22437081	      4.38601453	      3.22782155	     -0.76026243	      0.00000000	     -3.55016873	     -0.56621125	     -6.60452719	      1.97519355	     -7.62985751	      0.68998502	     31.56977844	     95.22783798	     -5.71021625	    -11.82759521	      4.07361527	     36.64945058	    102.72550968
      6.06666670	    -14.98729470	      0.24139345	      1.25046457	     -0.57809298	      0.91748847	     -0.18044260	     27.78337715	     -2.00995419	     -0.70679439	     21.98234072	      4.08466997	    -23.62444328	      0.00000000	     21.53573694	     -1.05000151	    -11.38013898	      8.92240128	      3.74447855	     -2.30084200	      0.00000000	     -3.49949834	     -0.57667273	     -6.54055574	      2.21857701	     -7.50502770	      0.30364175	     31.49685606	     95.42126743	     -4.93257120	    -11.96873768	      3.81133324	     36.46434781	    102.87195542
      6.08333330	    -14.95868278	      0.05947755	      1.63922351	     -0.56018997	      0.91487019	     -0.18474280	     28.65700491	     -2.11990716	     -0.61311958	     24.70272673	      5.56807998	    -23.48558738	      0.00000000	     23.77667138	     -1.86597179	    -11.37141486	     14.22942181	      5.38490785	     -2.58901839	      0.00000000	     -3.42921890	     -0.31721830	     -6.66584182	      2.10522221	     -7.48428536	     -0.26563973	     30.62766807	     95.60273753	     -4.84243782	    -11.70095513	      3.52765181	     36.06881081	    103.00455868
      6.10000000	    -14.87975353	     -0.03469026	      1.84600267	     -0.56146099	      0.91411254	     -0.18493851	     28.79832282	     -2.23007521	     -0.77464006	     26.02604472	      6.86233641	    -23.37544015	      0.00000000	     25.81081982	     -2.41947954	    -11.70183138	     18.48875063	      6.51986956	     -3.18358018	      0.00000000	     -3.80724540	     -0.02462889	     -6.58258400	      2.10400129	     -7.48515243	     -0.88048053	     29.66033620	     95.78825292	     -4.58198820	    -11.44378322	      3.15491970	     35.68661028	    103.12842368
      6.11666670	    -14.30138508	     -0.18417328	      1.91645269	     -0.56176455	      0.90972144	     -0.18487589	     28.13597173	     -2.22294348	     -0.77967401	     26.71182955	      8.11960162	    -22.96710083	      0.00000000	     26.86553061	     -3.05757196	    -11.89009920	     22.16900331	      7.71628643	     -3.83501905	      0.00000000	     -4.53504131	      0.22932113	     -6.36453477	      2.10515997	     -7.51169911	     -1.24933643	     28.87046983	     95.87800427	     -4.29597782	    -11.40777415	      2.82829848	     36.03872844	    103.20817392
      6.13333330	    -13.73894275	     -0.54980216	      2.00869975	     -0.56335569	      0.90924183	     -0.18496416	     27.61970345	     -2.08485060	     -1.38488409	     27.75918871	      9.29091610	    -21.93456184	      0.00000000	     27.88085645	     -3.94162042	    -11.75273534	     26.18090230	      9.51372476	     -3.74245420	      0.00000000	     -5.38447484	      0.79937011	     -6.11956617	      2.36523614	     -7.54042250	     -1.86550968	     27.95070900	     95.95824807	     -3.99543072	    -11.25224275	      2.46270451	     36.42742892	    103.39274830
      6.15000000	    -13.38231958	     -0.93180524	      1.94828298	     -0.58164059	      0.89577710	     -0.18021315	     28.90444597	     -1.78997234	     -1.83869142	     30.76437687	     11.19865606	    -21.50586999	      0.00000000	     30.06063381	     -4.92816055	    -11.45130576	     30.71225572	     11.50638756	     -4.55024904	      0.00000000	     -6.69677599	      1.34853128	     -5.78179830	      3.00963785	     -7.59776997	     -2.33072894	     27.69101867	     96.04749778	     -3.44032624	    -11.45234055	      2.11859595	     37.61366629	    103.64432748
      6.16666670	    -13.09017198	     -1.51173650	      2.11315687	     -0.58320651	      0.88425918	     -0.17983029	     30.67706171	     -1.42599937	     -2.53490786	     34.57806131	     13.05267027	    -21.32571715	      0.00000000	     32.93030370	     -6.16165359	    -10.97832379	     36.40805727	     13.43601965	     -5.20697892	      0.00000000	     -8.26866977	      2.11782345	     -5.48341606	      3.68655720	     -7.65042569	     -2.82475547	     27.61622138	     96.11105526	     -2.76173176	    -11.56156312	      1.79606872	     38.84791383	    103.91542106
      6.18333330	    -12.87075049	     -1.80500602	      2.30184198	     -0.58336395	      0.87280780	     -0.17971630	     32.60525994	     -1.63359766	     -3.68625490	     39.19036968	     16.19478950	    -19.75015797	      0.00000000	     35.69928493	     -7.07485490	    -10.62584910	     41.67775693	     15.66578235	     -5.50988684	      0.00000000	     -9.74995776	      2.49142650	     -5.39270372	      4.27668490	     -7.50551012	     -3.68940230	     27.90656042	     96.22618996	     -2.24637245	    -11.85040025	      1.21650154	     40.70989817	    104.49598765
      6.20000000	    -12.28886546	     -2.21811255	      1.89848372	     -0.58509762	      0.86101242	     -0.17940979	     35.13013000	     -1.81430550	     -4.70327380	     44.88320192	     19.16663364	    -18.19900582	      0.00000000	     38.48623384	     -8.41407550	    -10.38604574	     47.51742089	     17.81177263	     -6.15570700	      0.00000000	    -11.72925633	      2.99250419	     -4.39267528	      5.30563656	     -7.68498757	     -4.01600292	     27.40946547	     96.38326080	     -1.53784549	    -11.79507628	      0.62451315	     41.89710569	    104.81067510
      6.21666670	    -11.84700516	     -2.33606758	      1.63112922	     -0.58650268	      0.85583087	     -0.17954137	     36.80660036	     -2.44004280	     -5.88172431	     49.01151852	     21.93481268	    -15.61780542	      0.00000000	     40.51548023	     -9.20543641	    -10.24320839	     51.81004324	     19.27435728	     -6.30373615	      0.00000000	    -13.40590085	      3.19661237	     -4.03278739	      6.61357059	     -7.63492544	     -4.32506026	     26.68519124	     96.58090165	     -0.78279165	    -11.83276662	      0.17029547	     42.24890938	    105.15997870
      6.23333330	    -11.49811890	     -1.93365732	      0.97619282	     -0.58754053	      0.84935680	     -0.17881783	     38.39000304	     -3.51589836	     -6.93532990	     53.01655324	     24.04763019	    -12.98948603	      0.00000000	     41.61007345	     -9.57484556	    -10.69359691	     54.68507565	     19.88595148	     -6.61069520	      0.00000000	    -15.26632098	      2.75981654	     -3.64785720	      8.12371670	     -7.54032366	     -4.58535145	     26.48545544	     96.84334921	     -0.38325286	    -11.86582441	     -0.53581617	     42.01763210	    105.43144701
      6.25000000	    -10.98012105	     -1.39455075	      0.75742289	     -0.58840411	      0.83877805	     -0.17824194	     40.00678106	     -4.92598991	     -7.83545046	     57.64206171	     26.12396161	    -10.82561151	      0.00000000	     42.33063427	     -9.53826685	    -10.89242423	     57.21166697	     20.36472780	     -6.95501127	      0.00000000	    -17.26372853	      2.25003287	     -3.77044280	      9.32595671	     -7.36066848	     -4.99296824	     26.16639625	     97.05459494	      0.16575290	    -12.14403005	     -0.91397648	     42.34665759	    105.69424914
      6.26666670	    -10.72634605	     -1.26601896	      0.94006277	     -0.58952084	      0.82194743	     -0.17880561	     41.54244946	     -6.12356060	     -8.92467936	     61.85170704	     28.24191139	     -9.23269733	      0.00000000	     43.98551738	     -9.80718551	    -10.62770577	     60.85931971	     21.20310781	     -7.12615318	      0.00000000	    -18.89630685	      2.25688669	     -4.12359947	      9.92663610	     -7.33258814	     -5.53014956	     26.43720487	     97.20327442	      0.51200277	    -12.53378345	     -1.18214610	     42.70794095	    105.91878937
      6.28333330	    -10.12274686	     -1.12598117	      1.41783631	     -0.59164957	      0.81682675	     -0.17907836	     42.30833397	     -7.16757545	     -9.59520115	     64.69321504	     30.32593272	     -8.25870873	      0.00000000	     44.60369089	    -10.03763503	    -10.69225785	     63.59766492	     22.61360971	     -5.94976403	      0.00000000	    -20.88401701	      2.17912517	     -4.52854726	     10.68614532	     -7.20178485	     -6.13398233	     26.54577345	     97.30161178	      1.32434413	    -12.85249575	     -1.30698149	     42.57615274	    106.10312985
      6.30000000	     -9.47394938	     -1.28276936	      1.97897453	     -0.59413260	      0.81118645	     -0.17962147	     42.47079698	     -7.98874102	    -10.50608817	     66.82930520	     31.67443006	     -7.21521608	      0.00000000	     45.55749966	    -10.46454554	    -10.39522262	     66.39025792	     23.08484974	     -5.48461803	      0.00000000	    -22.98744244	      2.54605689	     -4.54417538	     11.28150999	     -7.27035840	     -6.88516699	     26.68318868	     97.37446379	      2.37986380	    -13.03677912	     -1.22347406	     42.45709934	    106.28800404
      6.31666670	     -8.22918981	     -1.29697001	      2.48097719	     -0.59522289	      0.81151617	     -0.17983304	     42.12925096	     -8.64095627	    -10.86898656	     68.76037385	     32.90555142	     -6.50017621	      0.00000000	     45.44152382	    -10.72776883	    -10.42881593	     68.61284437	     23.56889659	     -4.99874123	      0.00000000	    -25.73761565	      2.66711317	     -4.47270732	     11.90914766	     -7.26708539	     -7.69732931	     27.01724138	     97.43892261	      3.43083462	    -13.14067330	     -1.31298926	     41.67450933	    106.39306828
      6.33333330	     -8.11108742	     -1.51591859	      2.07880898	     -0.61817516	      0.79531771	     -0.18646002	     44.02281000	     -8.99005567	    -10.84305689	     70.90847210	     34.13256285	     -5.75912004	      0.00000000	     47.62402674	    -10.95267445	     -9.97100674	     71.66181590	     24.95522020	     -4.48807841	      0.00000000	    -27.95497874	      3.01882626	     -3.82453951	     12.98070687	     -7.76112402	     -8.34129543	     27.94898217	     97.53266592	      4.46191228	    -13.07431295	     -1.48992945	     41.80258201	    106.44501845
      6.35000000	     -7.74405982	     -1.54587763	      1.59847635	     -0.61665799	      0.78443947	     -0.18581491	     46.01528055	     -9.35249579	    -10.24541885	     74.04131055	     35.22362132	     -5.09748710	      0.00000000	     49.35132721	    -11.06698432	     -9.59376613	     74.56730744	     27.29055302	     -3.10751638	      0.00000000	    -30.43386681	      3.08072923	     -3.36080139	     14.43436791	     -8.08831961	     -8.77014148	     28.58684568	     97.65772409	      5.38732865	    -13.14549805	     -1.65556733	     41.90673052	    106.47751292
      6.36666670	     -7.76467284	     -1.38302268	      1.52384404	     -0.61789526	      0.77233013	     -0.18601613	     48.46653848	     -9.95064005	     -9.50852601	     77.55089607	     36.16302762	     -5.32029100	      0.00000000	     51.43655914	    -11.02924833	     -9.21998110	     77.70330956	     29.97725099	     -1.56177264	      0.00000000	    -32.37511725	      2.98230842	     -3.14991491	     15.88396148	     -8.44993420	     -9.11267184	     29.48093345	     97.77803025	      6.36665625	    -13.34176409	     -1.70533133	     42.04564543	    106.50566769
      6.38333330	     -7.55734809	     -1.63990301	      1.44104249	     -0.61665235	      0.76689341	     -0.18579654	     48.93935598	     -9.90132093	     -9.49206335	     79.40063659	     38.02423221	     -4.60051204	      0.00000000	     53.14380431	    -11.34878239	     -8.37810902	     80.72800599	     31.76095498	     -0.26998338	      0.00000000	    -34.43217596	      3.37828519	     -2.77717849	     17.34137290	     -8.78409974	     -9.44079487	     30.28099920	     97.90055270	      7.07090612	    -13.34463885	     -1.80557415	     41.44789228	    106.49965698
      6.40000000	     -7.27998306	     -1.91574714	      1.41609632	     -0.61933578	      0.76088976	     -0.18654936	     49.12020796	     -9.84667039	     -9.64345399	     80.76998393	     39.33955188	     -4.20594229	      0.00000000	     54.25352696	    -11.70493508	     -7.75568043	     83.00990579	     32.97300457	      0.88955178	      0.00000000	    -36.53867487	      3.78618142	     -2.22119982	     18.20527961	     -9.10709265	     -9.67609691	     30.46035999	     98.02930647	      7.77618949	    -13.34515061	     -1.88038925	     40.92039658	    106.45973508
      6.41666670	     -7.07357184	     -2.21307789	      1.22752937	     -0.61981117	      0.75086524	     -0.18671907	     49.35584493	     -9.78283939	     -9.82961895	     82.39698697	     40.34700056	     -3.77041245	      0.00000000	     55.26623134	    -12.19228981	     -7.15888964	     85.16807685	     34.18873891	      1.65130198	      0.00000000	    -38.37125127	      4.17799916	     -1.83900425	     19.10270588	     -9.35750852	     -9.78241723	     30.66413676	     98.12957520	      8.20289528	    -13.41389444	     -1.87312672	     40.45413561	    106.40453527
      6.43333330	     -7.29204068	     -2.54838053	      1.60679604	     -0.62114120	      0.74006244	     -0.18759098	     50.17580877	    -10.06320322	    -10.24051709	     84.07876010	     41.81900439	     -3.57556276	      0.00000000	     56.39241140	    -12.29349662	     -6.09515716	     87.05695724	     36.58458552	      3.60052863	      0.00000000	    -39.79806913	      4.72669794	     -1.60312339	     19.62257217	     -9.61187262	     -9.87196528	     30.82035328	     98.18144178	      8.68890129	    -13.60240145	     -1.85161845	     40.29686798	    106.33442363
      6.45000000	     -7.25130455	     -3.03318747	      1.55878711	     -0.62258622	      0.73510414	     -0.18831923	     50.98717498	    -10.04909758	    -10.59988370	     85.23258354	     42.70986109	     -3.20165427	      0.00000000	     57.55198413	    -12.69558551	     -4.99527816	     89.27130445	     38.50711025	      5.05289923	      0.00000000	    -41.30993958	      5.24389576	     -0.98479208	     20.02061501	    -10.07867841	     -9.96040207	     30.49821345	     98.20233613	      9.33071132	    -13.73630552	     -1.93858174	     40.74176215	    106.22159967
      6.46666670	     -7.55848779	     -3.30327014	      1.49411450	     -0.62479385	      0.72348347	     -0.18902603	     52.59334765	    -10.24474690	    -10.69994164	     87.01623410	     43.38339366	     -3.13249891	      0.00000000	     59.08721789	    -12.93316889	     -4.12392443	     91.43866939	     40.14652331	      6.21151133	      0.00000000	    -42.47536957	      5.46086477	     -0.57259885	     20.72192020	    -10.52085353	    -10.01584378	     30.73108679	     98.19017923	     10.01096491	    -13.87082791	     -2.17559072	     41.33691158	    106.09923658
      6.48333330	     -7.51793507	     -3.41326379	      1.32411424	     -0.62474503	      0.72344675	     -0.18884870	     53.66254542	    -10.31584149	    -10.53507739	     88.01143443	     43.39242213	     -3.29460866	      0.00000000	     59.57853180	    -13.18819448	     -3.74424209	     92.72184558	     41.28393297	      6.92358434	      0.00000000	    -43.90535929	      5.34001095	      0.03875280	     21.73836938	    -11.00342131	     -9.94393628	     30.65896418	     98.20663437	     10.89220812	    -13.82414724	     -2.44847455	     41.83367335	    105.99747253
      6.50000000	     -7.28468739	     -3.44658512	      0.86398134	     -0.62779022	      0.71188957	     -0.18891592	     55.47690750	    -10.46748374	    -10.05093692	     90.32857007	     42.94601984	     -3.55287756	      0.00000000	     60.25199295	    -13.61555337	     -3.70314513	     94.19292888	     42.18089651	      6.95801612	      0.00000000	    -45.20395279	      5.11709216	      0.50362746	     22.45051871	    -11.48140810	     -9.71193119	     30.73652375	     98.23650785	     11.45302400	    -13.86939579	     -2.72865841	     42.45598177	    105.89495930
      6.51666670	     -7.35834555	     -3.04853144	      0.30890178	     -0.64769408	      0.70616350	     -0.19441055	     58.14988406	    -10.83812346	     -9.09417313	     92.34196320	     42.10414795	     -4.13531633	      0.00000000	     61.63908467	    -13.32880739	     -4.28283373	     95.42611798	     42.09108552	      6.25729495	      0.00000000	    -46.61280607	      4.44328113	      0.29747578	     24.08210835	    -12.05098448	     -7.73527667	     31.16438793	     98.45658037	     11.72403934	    -14.22862839	     -3.55158851	     44.55415428	    105.54311687
      6.53333330	     -6.83695747	     -3.03312096	      0.33332045	     -0.62637313	      0.70530013	     -0.18792094	     58.02269146	    -11.06698787	     -8.84469698	     93.24123997	     41.38680112	     -4.18716824	      0.00000000	     61.62285741	    -13.62119919	     -4.42720224	     96.30483759	     41.21852006	      5.70576282	      0.00000000	    -47.95694328	      4.38004048	      0.47010265	     24.73653373	    -12.14072484	     -7.60717323	     30.74005572	     98.46054731	     12.59449219	    -14.18424155	     -3.59236878	     44.57347394	    105.49079694
      6.55000000	     -7.44208115	     -2.50509387	      0.16852449	     -0.64550807	      0.69451272	     -0.19313295	     60.26234113	    -11.57916854	     -8.15740064	     93.97947316	     40.46969266	     -5.14402007	      0.00000000	     63.38046840	    -12.95639498	     -4.98344246	     96.93732364	     40.69006935	      4.79131435	      0.00000000	    -48.75052881	      3.68875447	      0.46080845	     25.24644323	    -12.64032016	     -7.16885338	     31.14160244	     98.48709062	     13.27910504	    -14.40716364	     -3.62352531	     45.56574334	    105.40780862
      6.56666670	     -7.06370056	     -2.41707793	      0.34464654	     -0.62518824	      0.69903890	     -0.18691227	     59.82645370	    -11.78662527	     -7.94564078	     94.19335140	     39.71710146	     -5.03874285	      0.00000000	     62.82381010	    -13.09993764	     -5.09754681	     97.15389070	     39.98641881	      4.43092815	      0.00000000	    -49.83576206	      3.35916130	      0.64693236	     25.32004929	    -12.82186856	     -6.82809294	     30.92172249	     98.52754597	     13.72039671	    -14.18776373	     -3.71189099	     45.96829867	    105.31209481
      6.58333330	     -7.38583674	     -2.26706047	      0.38082004	     -0.62584013	      0.69435180	     -0.18651039	     59.70733748	    -11.98032509	     -8.19388955	     93.92503964	     39.72450537	     -5.04346247	      0.00000000	     63.07718739	    -13.27710550	     -5.21633534	     97.45776663	     40.08344692	      4.39432303	      0.00000000	    -50.23453078	      3.12610087	      0.48964002	     25.17032623	    -12.75825241	     -6.79191667	     30.90042327	     98.53198443	     13.90101521	    -14.20640045	     -3.74787896	     45.97657012	    105.29873729
      6.60000000	     -7.18644790	     -2.13967268	     -0.10284800	     -0.62882492	      0.69429221	     -0.18641071	     59.68483733	    -11.96683666	     -8.09220034	     94.16046010	     39.28587763	     -4.52395879	      0.00000000	     62.77218202	    -13.65163180	     -5.50248937	     97.66153421	     40.06366772	      4.29400558	      0.00000000	    -50.94863561	      2.61044429	      0.83074654	     24.88502554	    -12.85257428	     -6.54890101	     31.52218733	     98.57890457	     14.56968620	    -13.90998322	     -4.44682424	     45.82411739	    105.08066348
      6.61666670	     -7.24977579	     -2.17176412	     -0.21421132	     -0.62971730	      0.69496207	     -0.18588327	     59.21406617	    -11.72806781	     -8.27227195	     94.07880822	     39.85633583	     -4.46663335	      0.00000000	     62.88517970	    -13.96493233	     -5.60414292	     97.90522178	     40.19702364	      4.16411838	      0.00000000	    -51.17277190	      2.44771760	      0.93719487	     24.65589986	    -12.83285886	     -6.51036930	     31.90118368	     98.59992562	     14.72895760	    -13.82700156	     -4.78380203	     45.56729698	    104.97756105
      6.63333330	     -7.85963720	     -1.87167916	     -0.06738548	     -0.65218846	      0.68876238	     -0.19233866	     60.78877364	    -12.22756675	     -8.02942584	     94.50845858	     39.52154822	     -4.99731931	      0.00000000	     64.29703007	    -13.23221193	     -5.98756016	     97.66500935	     40.13409111	      3.65692146	      0.00000000	    -50.80514370	      2.33837309	      0.64036215	     24.53810094	    -13.01031286	     -6.41155609	     32.86961574	     98.65069866	     15.28644063	    -13.85502751	     -5.13322990	     45.81223137	    104.87846770
      6.65000000	     -8.31346635	     -1.78365273	      0.36792140	     -0.64938178	      0.69368967	     -0.19239187	     61.91733479	    -12.48736282	     -7.75390762	     94.73216789	     39.09192986	     -5.42607429	      0.00000000	     65.18201694	    -12.44112162	     -6.07181117	     96.99325954	     39.28431445	      2.96023702	      0.00000000	    -50.53993506	      2.75545366	      0.11619940	     24.66246560	    -12.98437330	     -6.46738500	     33.54357004	     98.69169505	     15.90398920	    -13.96370434	     -5.07548186	     45.70572181	    104.88076474
      6.66666670	     -8.37339473	     -1.86373311	      1.01959840	     -0.62958457	      0.69875274	     -0.18636982	     61.12441268	    -12.49240106	     -7.82736098	     94.28232818	     38.61742865	     -6.23148388	      0.00000000	     64.42891647	    -12.42789630	     -5.96512117	     96.06236350	     39.00691446	      3.36442719	      0.00000000	    -50.23010207	      3.22681087	     -0.17608508	     24.44881754	    -12.66829291	     -6.71833155	     33.34441454	     98.78058470	     16.51701535	    -14.01514489	     -4.88131508	     44.44983228	    104.91132222
      6.68333330	     -8.45812255	     -1.91985497	      1.01735698	     -0.62830397	      0.71071282	     -0.18571174	     59.76585960	    -11.83333758	     -7.93279367	     92.60008808	     38.22045312	     -6.85143355	      0.00000000	     62.97800298	    -12.59445392	     -5.98655327	     94.47258786	     38.77050625	      4.19966131	      0.00000000	    -50.16174128	      3.11368298	     -0.13661232	     24.24306712	    -12.47030551	     -6.84932858	     33.07515919	     98.88509791	     17.01606993	    -13.94267236	     -4.67678514	     43.27757384	    104.94012315
      6.70000000	     -8.23699647	     -1.82047645	      1.15732396	     -0.63018599	      0.71667667	     -0.18605036	     58.48024924	    -11.56857764	     -8.01280737	     91.31524174	     38.16702529	     -6.96229177	      0.00000000	     61.77048624	    -12.54827202	     -6.22075228	     93.18799356	     38.04448232	      4.06647217	      0.00000000	    -50.01622796	      3.03440642	     -0.18150657	     23.93450179	    -12.46288997	     -6.78155348	     32.73850698	     98.97881533	     17.11220426	    -13.64889154	     -4.43517887	     42.51627998	    104.95612110
      6.71666670	     -8.53036709	     -1.86808562	      1.22288375	     -0.62974090	      0.71819603	     -0.18559750	     57.39574978	    -11.15920706	     -8.23186343	     89.76093939	     38.60385588	     -7.06724739	      0.00000000	     61.15809752	    -12.65582991	     -6.46912571	     91.79830351	     37.43371266	      4.10455803	      0.00000000	    -49.02842050	      3.21068212	     -0.14859821	     23.26888116	    -12.42234459	     -6.73702416	     32.61600692	     99.03800295	     17.02383718	    -13.42901256	     -4.23044977	     42.17757838	    104.95934338
      6.73333330	     -8.83318612	     -2.04069541	      1.27851276	     -0.62970445	      0.72956789	     -0.18567629	     55.97574111	    -10.58703084	     -8.72402740	     87.31933741	     38.77689447	     -7.03628626	      0.00000000	     60.29313800	    -12.75994715	     -6.69405926	     89.80329498	     35.48334115	      3.11889990	      0.00000000	    -48.35751847	      3.27865932	      0.17647556	     22.77780462	    -12.53057105	     -6.63199267	     32.47308809	     99.11498946	     16.56923758	    -13.19121229	     -4.16832213	     41.88601274	    104.92337112
      6.75000000	     -8.40863776	     -2.45189504	      1.61348564	     -0.62878283	      0.73610744	     -0.18565016	     54.39664109	    -10.24452558	     -9.63100213	     85.40789049	     38.67627689	     -6.95656087	      0.00000000	     59.21550456	    -12.76391329	     -6.40667643	     88.37336129	     34.37648697	      2.69990347	      0.00000000	    -47.64531415	      3.93118097	      0.20440159	     22.48670347	    -12.62583845	     -6.48004733	     32.12652761	     99.20746859	     16.40221279	    -13.00969976	     -4.10306762	     41.69174147	    104.87714987
      6.76666670	     -7.50671553	     -3.09297297	      1.98000744	     -0.61004907	      0.75301621	     -0.18003351	     50.66221677	     -9.25565373	    -10.61653640	     82.38896620	     38.15054438	     -7.16391372	      0.00000000	     56.58760632	    -13.51080878	     -6.16973626	     86.45096319	     33.35167648	      3.28431057	      0.00000000	    -47.42008159	      4.62741780	      0.26581670	     22.06323637	    -12.30468487	     -6.32672122	     31.31762677	     99.31890507	     15.84887633	    -12.78560668	     -4.14753060	     40.59103053	    104.78537497
      6.78333330	     -7.07293890	     -3.60917034	      2.00369592	     -0.60891298	      0.76012160	     -0.17975354	     48.06669713	     -8.16121607	    -11.36543292	     79.73961876	     38.36086158	     -7.12728290	      0.00000000	     54.76636036	    -14.16338404	     -6.05527688	     84.86798462	     33.23075725	      3.92884503	      0.00000000	    -46.91017101	      5.00368125	      0.41630132	     21.79248893	    -12.07757573	     -6.08251657	     30.32564029	     99.45555209	     15.08325007	    -12.67008061	     -4.29730325	     39.60434597	    104.63419810
      6.80000000	     -6.87214318	     -3.57675411	      2.10090610	     -0.61134907	      0.77112441	     -0.18016475	     46.78473053	     -7.82782995	    -11.77733713	     77.88894502	     37.41306622	     -7.51115406	      0.00000000	     53.09214348	    -14.23795777	     -6.66224688	     82.43319000	     32.22642154	      4.03605819	      0.00000000	    -46.12379528	      5.00276545	     -0.01353659	     21.36679156	    -11.62197878	     -5.85275217	     29.67482960	     99.54986729	     14.38181104	    -12.76220406	     -4.36870040	     38.81724846	    104.48454046
      6.81666670	     -7.84925805	     -3.34441803	      1.95315751	     -0.62897611	      0.77696387	     -0.18632891	     47.86493070	     -8.01292089	    -11.84614667	     76.50620808	     36.02202072	     -8.05527615	      0.00000000	     53.56982956	    -13.52597061	     -7.28873064	     80.20669397	     31.35417205	      3.38535151	      0.00000000	    -44.49062253	      4.98591871	     -0.55595638	     21.23524699	    -11.54991044	     -5.53449781	     29.54487096	     99.62305451	     14.05467272	    -12.84418525	     -4.15276214	     38.86241359	    104.39171237
      6.83333330	     -8.05240686	     -2.97128282	      1.83935365	     -0.62946766	      0.78604198	     -0.18706334	     48.04376010	     -8.29539662	    -11.64848073	     74.84430526	     34.24385455	     -8.12598964	      0.00000000	     53.06237684	    -12.75947149	     -8.02080059	     77.81755222	     30.07378251	      2.45725132	      0.00000000	    -43.08826740	      4.64506680	     -1.03021470	     20.93860557	    -11.52668799	     -5.10628739	     29.91504405	     99.68891452	     13.68724934	    -12.93326389	     -3.80188596	     39.23133692	    104.32341682
      6.85000000	     -8.61322258	     -2.31759480	      1.93649020	     -0.62143796	      0.79765833	     -0.17516595	     47.42292773	     -8.26379750	    -11.21921802	     72.47385346	     32.74706882	     -8.08508675	      0.00000000	     51.62470066	    -12.20480140	     -9.03137509	     74.12820882	     28.46513538	      2.54308443	      0.00000000	    -41.46820197	      3.87336857	     -1.65687874	     20.17263144	    -11.13876549	     -4.77502491	     29.76462210	     99.72413330	     13.36763015	    -13.44087504	     -3.35458218	     39.43074362	    104.29456253
      6.86666670	     -9.08657701	     -1.66597828	      1.63728648	     -0.62331224	      0.80709036	     -0.18573030	     46.29050911	     -8.32839997	    -10.64555337	     69.59798056	     31.88147640	     -7.59840756	      0.00000000	     50.24978716	    -11.44780349	    -10.23130755	     70.84932207	     27.10503010	      2.14960966	      0.00000000	    -39.66725193	      3.33059775	     -2.27487694	     19.99890014	    -10.97376821	     -4.48252312	     29.78098349	     99.76694123	     12.94945010	    -13.57309560	     -2.85473227	     39.38532823	    104.27065401
      6.88333330	     -8.66123931	     -1.44842112	      1.62237873	     -0.60113294	      0.81794732	     -0.17901198	     43.65161992	     -8.29935628	    -11.00231977	     66.67006594	     29.85739106	     -7.22528865	      0.00000000	     47.21131926	    -11.43112613	    -11.07385275	     67.82605257	     24.73370409	      1.24305959	      0.00000000	    -38.13247770	      3.08878132	     -2.65114705	     19.09101651	    -10.53373337	     -4.16826228	     28.75950066	     99.82720124	     12.22942169	    -13.57922510	     -2.45272390	     38.56994502	    104.21267024
      6.90000000	     -8.86272141	     -1.24989775	      1.48049395	     -0.61893385	      0.82496793	     -0.17498551	     42.84180801	     -7.97607187	    -11.24670413	     64.38965810	     28.10380575	     -8.01590696	      0.00000000	     45.92788264	    -11.01691127	    -11.31768320	     65.17502514	     22.72148921	     -0.40380676	      0.00000000	    -36.33876227	      2.66509206	     -2.85727333	     18.28641535	    -10.17091004	     -3.71177660	     28.09397441	     99.88312424	     11.84506985	    -13.78693531	     -1.85261391	     38.15125144	    104.17484559
      6.91666670	     -9.23038904	     -1.26959183	      1.78827516	     -0.61685850	      0.83122801	     -0.17458142	     42.11346307	     -7.68492388	    -11.65635961	     61.86470269	     26.95217231	     -8.16151933	      0.00000000	     45.11375616	    -10.58071147	    -11.22495500	     62.52221321	     20.48658692	     -1.64422521	      0.00000000	    -34.12715010	      2.57185765	     -3.16947268	     17.19072131	     -9.77299490	     -3.32931999	     27.60440561	     99.89584160	     11.17186273	    -13.78902948	     -1.32295897	     37.85123488	    104.12685242
      6.93333330	     -9.37699133	     -1.13359839	      2.14347607	     -0.59867665	      0.84519304	     -0.17956398	     39.83615633	     -7.53262535	    -11.77484990	     58.37824502	     26.27707662	     -7.91397839	      0.00000000	     43.04887044	     -9.96798179	    -11.60964751	     59.22806181	     18.85514299	     -2.35510912	      0.00000000	    -32.04458036	      2.47414822	     -3.51337070	     16.00186219	     -9.48876593	     -3.02005391	     26.65229102	     99.86013866	     10.51572443	    -13.54963535	     -0.68751056	     37.66649549	    104.06770596
      6.95000000	     -9.09724095	     -1.17176002	      2.62893892	     -0.59693149	      0.86204951	     -0.17916967	     36.87715000	     -7.16994710	    -12.17683786	     54.29837834	     25.63033890	     -7.47875720	      0.00000000	     40.74483337	     -9.38433507	    -11.97572175	     55.54082714	     16.73486888	     -3.55480049	      0.00000000	    -30.28036870	      2.48737631	     -3.86232491	     15.09592367	     -9.23265263	     -2.70154591	     26.14408061	     99.81381005	      9.79728611	    -13.38224752	     -0.09065355	     37.68045009	    104.00844164
      6.96666670	     -9.48146870	     -0.61115098	      2.45451936	     -0.61761399	      0.87328953	     -0.18607953	     36.54108928	     -7.40996537	    -11.56481321	     51.71817415	     23.27090137	     -8.34027138	      0.00000000	     38.98375102	     -7.81965994	    -12.48675357	     50.99472633	     14.94026085	     -4.20829912	      0.00000000	    -28.92541297	      1.89110261	     -3.98939239	     14.90900791	     -9.18886672	     -2.24689949	     26.13056771	     99.78853781	      9.48687027	    -13.30128888	      0.45383368	     38.47829806	    103.97602239
      6.98333330	     -8.61153842	     -0.68690672	      2.49545211	     -0.59441665	      0.88414851	     -0.17939114	     32.61627555	     -6.75172107	    -11.98417587	     46.36858363	     20.54206907	     -8.08494224	      0.00000000	     35.49848895	     -7.44169296	    -12.66966411	     46.64564399	     12.82079448	     -4.19009114	      0.00000000	    -27.92165138	      1.88254268	     -3.98570458	     14.41883495	     -8.86459184	     -1.78483088	     24.85293823	     99.78566830	      8.70676603	    -12.99282631	      1.08063622	     38.08279777	    103.94539923
      7.00000000	     -8.69323398	     -1.24591820	      2.53189196	     -0.59368609	      0.89011718	     -0.17992450	     29.62986817	     -5.42356621	    -12.80743035	     40.19565671	     18.69341663	     -8.32828507	      0.00000000	     33.76196230	     -7.51886606	    -12.32452618	     43.56409140	     12.04129133	     -4.07518134	      0.00000000	    -26.37419739	      2.52236321	     -3.72749148	     13.70732448	     -8.89709234	     -1.29725351	     23.87158573	     99.76642017	      8.10883921	    -12.59977357	      1.75760665	     38.07454406	    103.92196148
      7.01666670	     -8.54850978	     -1.39294293	      2.57955373	     -0.59223925	      0.89713384	     -0.17974650	     27.31120367	     -4.58938784	    -12.73059128	     36.24150213	     16.17885371	     -9.30550113	      0.00000000	     31.96863414	     -7.25456154	    -12.11031233	     40.33778534	     11.42198720	     -3.76773197	      0.00000000	    -25.00630857	      2.62524558	     -3.75481537	     12.80329595	     -8.72335600	     -0.91206555	     23.29838094	     99.69985094	      6.97836699	    -12.26837668	      2.31937870	     37.95788678	    103.87383665
      7.03333330	     -9.10437940	     -0.55237674	      2.61082781	     -0.59193966	      0.90711341	     -0.18009719	     26.86272491	     -4.92914091	    -11.59297860	     34.15144879	     14.49599283	    -10.67082687	      0.00000000	     30.12756638	     -5.75679100	    -12.63789705	     35.69896404	     11.16685023	     -2.80695326	      0.00000000	    -22.96933811	      1.61924795	     -4.16292038	     11.58882662	     -8.34529391	     -0.66427723	     23.08286585	     99.60134332	      5.63300105	    -12.36108663	      2.75010663	     38.16953720	    103.83651834
      7.05000000	     -9.52821160	     -0.05130624	      2.24877817	     -0.58878893	      0.91285854	     -0.17926113	     25.95138217	     -4.76433926	    -10.34132987	     31.40745889	     12.91574464	    -11.59669404	      0.00000000	     28.38530735	     -4.85785602	    -13.08659759	     31.70664213	      9.65968984	     -2.47763416	      0.00000000	    -21.25758177	      1.00341380	     -4.51424037	     10.78846368	     -8.02242201	     -0.50491370	     22.95538080	     99.46108211	      4.30879121	    -12.54721904	      3.19552968	     38.43399018	    103.80968374
      7.06666670	    -10.35560213	      0.07643909	      1.75753117	     -0.58793238	      0.91249375	     -0.17949308	     25.38915862	     -4.24273583	     -9.47267289	     28.06423967	     12.24572116	    -11.34449507	      0.00000000	     27.63595657	     -4.39271149	    -13.35050463	     28.37967676	      8.82509527	     -2.17144249	      0.00000000	    -19.16493567	      0.86846220	     -4.61477959	      9.82998090	     -7.96907884	     -0.44761588	     23.03300453	     99.40574461	      2.99652240	    -12.50043391	      3.44457697	     38.51692705	    103.82221158
      7.08333330	    -11.03586354	      0.36486792	      1.57611083	     -0.58533107	      0.91861882	     -0.17917119	     24.63091475	     -4.09884919	     -8.47202811	     24.69787045	      9.87225028	    -13.06137269	      0.00000000	     26.50391076	     -3.42102289	    -13.25890785	     24.19180728	      8.56640927	     -0.87696198	      0.00000000	    -17.26487231	      0.48611599	     -4.83031095	      9.11004489	     -7.89492943	     -0.24063652	     23.27297530	     99.23214023	      1.82769100	    -12.53001211	      4.10164097	     38.25117165	    103.85654072
      7.10000000	    -10.78028318	      0.82695379	      1.75119068	     -0.54683094	      0.93052123	     -0.17757776	     21.33384904	     -4.15698592	     -8.17923909	     20.28496510	      7.72654241	    -13.03569502	      0.00000000	     22.11164637	     -2.04990642	    -13.02197321	     18.03330549	      7.94702563	      0.97867032	      0.00000000	    -15.46310989	     -0.09614380	     -5.36816427	      7.69528954	     -7.45173365	     -0.30142699	     22.50687735	     98.99596116	      0.15656526	    -12.38558449	      4.58775815	     36.93164545	    103.82351539
      7.11666670	    -11.20161171	      1.04561090	      1.26303566	     -0.56503931	      0.92867645	     -0.18336089	     19.65434956	     -4.00821989	     -7.83582352	     16.45192862	      5.95985611	    -13.76582775	      0.00000000	     19.94873710	     -1.13532425	    -12.80281253	     13.74714721	      7.18501934	      0.77713819	      0.00000000	    -13.46332705	     -0.30534264	     -5.49927510	      6.45080790	     -7.55348626	     -0.28945563	     23.40117925	     98.75956003	     -1.37482259	    -12.19888824	      4.94500570	     36.42808237	    103.74803452
      7.13333330	    -11.75872382	      1.28612712	      1.24961090	     -0.58266233	      0.93571644	     -0.17956445	     18.98322098	     -3.86680645	     -7.32126873	     13.38199100	      4.31092416	    -14.40710442	      0.00000000	     18.00400958	     -0.09589351	    -12.10693044	      8.60642965	      4.93247738	      0.17887516	      0.00000000	    -11.99836503	     -0.73317499	     -5.60490096	      5.76476583	     -7.40142865	     -0.21003515	     24.39563045	     98.52954922	     -2.03821859	    -12.41440875	      5.33473007	     36.41615567	    103.70144003
      7.15000000	    -11.83602795	      1.39461794	      1.42335595	     -0.56257058	      0.94185899	     -0.18337191	     17.46624460	     -3.77690298	     -7.18322109	     10.59485763	      3.18936831	    -14.03001539	      0.00000000	     15.55505003	      0.71948857	    -11.44038414	      4.09354374	      3.30305692	      0.87489553	      0.00000000	    -10.65505065	     -0.91402990	     -5.75276927	      4.83175143	     -7.31527557	     -0.28216113	     25.13659128	     98.29662074	     -3.12858643	    -12.25054611	      5.57731789	     36.32057935	    103.62955839
      7.16666670	    -12.38096396	      1.32721274	      1.34186751	     -0.57992639	      0.93798359	     -0.17948457	     17.16404233	     -3.32203794	     -6.71880347	      8.01455681	      2.74529249	    -13.86383452	      0.00000000	     15.11144371	      1.06163241	    -10.94546073	      1.17288775	      2.45560618	      1.37343361	      0.00000000	     -9.50783853	     -1.08605372	     -5.55144348	      4.48400089	     -7.29502697	     -0.19855750	     25.73719855	     98.23547452	     -3.77788435	    -12.22234262	      5.67355789	     36.45456320	    103.60648147
      7.18333330	    -12.95817112	      1.04411240	      1.64115802	     -0.57877385	      0.93675186	     -0.17954282	     17.51552037	     -2.88195584	     -6.21252458	      6.98701007	      1.44421876	    -14.95318196	      0.00000000	     15.38721451	      1.01802647	    -10.32859065	      0.00000000	      2.06187457	      2.00472971	      0.00000000	     -8.57714885	     -0.88203453	     -5.70882504	      4.05865490	     -7.35380003	      0.00790975	     27.09463915	     98.08971539	     -4.16478658	    -12.34675617	      5.73860685	     37.18251621	    103.54959564
      7.20000000	    -13.41552746	      0.72279042	      1.61423639	     -0.58055139	      0.93953704	     -0.18046783	     18.07112199	     -2.42196126	     -5.85964000	      6.13555630	      0.60454183	    -15.42246538	      0.00000000	     16.17242994	      0.76337165	    -10.25893606	      0.00000000	      2.68759350	      3.11579626	      0.00000000	     -7.63247074	     -0.52822027	     -6.29025503	      4.06518071	     -7.34275026	      0.15929199	     27.89343216	     98.04128274	     -4.41690016	    -12.39636854	      5.78507227	     37.48012116	    103.53272383
      7.21666670	    -13.47436132	      0.33763139	      1.67544312	     -0.58040458	      0.93879619	     -0.18034487	     18.25507124	     -1.89904706	     -5.35338450	      5.58319330	     -0.02431778	    -15.86769405	      0.00000000	     16.44141792	      0.39043962	     -9.96021824	      0.00000000	      3.19589048	      3.62163397	      0.00000000	     -6.93452128	     -0.09703356	     -6.58550842	      3.91795185	     -7.46381893	      0.23645981	     28.10334319	     98.02066587	     -4.58488672	    -12.31727038	      5.77189786	     37.66154324	    103.51998164
      7.23333330	    -13.35646590	     -0.01246150	      1.88540383	     -0.56137744	      0.93575777	     -0.17469488	     17.65139911	     -1.35969524	     -5.05267383	      5.03248825	     -1.36620329	    -16.74323185	      0.00000000	     16.02899777	     -0.07806251	     -9.90138865	      0.00000000	      3.83074251	      4.81313142	      0.00000000	     -6.09696586	      0.10771084	     -7.19919450	      3.38315351	     -7.32224442	      0.34190892	     28.10636265	     97.98664962	     -5.22521264	    -12.34951684	      5.60154499	     37.51554495	    103.47747352
      7.25000000	    -13.47956417	     -0.17938689	      1.79923923	     -0.58114026	      0.92865868	     -0.18047948	     17.59152582	     -1.10072502	     -4.76531183	      4.27895249	     -1.46828550	    -17.26892208	      0.00000000	     16.34961747	     -0.30266565	    -10.01243091	      0.00000000	      4.16434126	      4.49342510	      0.00000000	     -5.60393625	      0.21362632	     -7.17588577	      3.20807088	     -7.44742361	      0.43533565	     28.14042322	     97.98107920	     -5.21319733	    -12.40605159	      5.50466946	     37.58782911	    103.45836267
      7.26666670	    -13.77390609	     -0.15544934	      1.80375641	     -0.58240811	      0.92843722	     -0.18095152	     18.71455391	     -1.22142466	     -4.32865347	      6.11271633	     -1.70281264	    -18.80768089	      0.00000000	     16.62323058	     -0.26491663	     -9.65442567	      0.00000000	      4.03830099	      4.02142961	      0.00000000	     -4.96364394	      0.09948778	     -7.55397970	      2.83446986	     -7.44118688	      0.56848367	     28.68096164	     97.95326752	     -5.30069166	    -12.43214004	      5.27825723	     37.53352085	    103.42662458
      7.28333330	    -14.06554176	     -0.14662963	      2.00425109	     -0.58102973	      0.92394595	     -0.18049830	     19.49889241	     -1.32331881	     -4.27793261	      7.39026137	     -1.76668096	    -19.94508478	      0.00000000	     16.87542344	     -0.26902556	     -9.59347361	      0.00000000	      3.47326314	      3.14332211	      0.00000000	     -4.49555791	      0.01167006	     -7.73810754	      2.36000813	     -7.51155234	      0.49087607	     29.36990401	     97.91680586	     -5.44277398	    -12.46704390	      4.96171803	     37.17883150	    103.37816277
      7.30000000	    -13.93538412	     -0.09242934	      1.67284342	     -0.58045819	      0.92510942	     -0.18085887	     20.32194670	     -1.38776960	     -3.71741696	      9.46809273	     -1.02057626	    -20.49679726	      0.00000000	     16.61386329	     -0.32359234	     -9.99262410	      0.00000000	      2.84499584	      2.39565533	      0.00000000	     -4.67422411	      0.10836309	     -7.86642241	      2.40333966	     -7.59985287	      0.39250021	     29.68801625	     97.90537420	     -5.50713085	    -12.37602820	      4.77632362	     36.90295220	    103.34732859
      7.31666670	    -14.22898396	      0.09358195	      1.51260054	     -0.57859478	      0.92626790	     -0.17989020	     21.64469277	     -1.56997478	     -2.95945535	     11.76822863	      0.14846239	    -21.30987424	      0.00000000	     16.63474407	     -0.15468473	     -9.94636592	      0.00000000	      2.16417361	      1.32983876	      0.00000000	     -4.70194166	     -0.12643393	     -7.52062844	      2.20197169	     -7.67765494	      0.28667871	     30.01361058	     97.90933922	     -5.55859476	    -12.28831780	      4.40286277	     36.34468638	    103.28469791
      7.33333330	    -14.04387084	      0.01349244	      1.44547034	     -0.55778122	      0.92933610	     -0.17396348	     21.45121197	     -1.38288264	     -2.34327504	     12.82370496	      1.08004166	    -21.47125774	      0.00000000	     15.80372494	     -0.43867010	    -10.10631638	      0.00000000	      1.75783649	      0.82313125	      0.00000000	     -4.59916430	      0.00576164	     -7.32511152	      1.95721916	     -7.76349338	      0.15133041	     30.18887115	     97.90793453	     -5.72745271	    -12.10342767	      4.11539458	     35.90357921	    103.23139228
      7.35000000	    -14.35586320	      0.21849811	      1.19580491	     -0.57731399	      0.91744016	     -0.17939903	     24.03018335	     -1.67686294	     -1.70824026	     16.59675616	      2.44666689	    -22.31630628	      0.00000000	     17.16747149	     -0.46551939	    -10.23150162	      2.25291224	      2.23740295	     -1.06604935	      0.00000000	     -4.86001285	     -0.20747884	     -6.47796575	      1.63121580	     -7.97894111	     -0.17877538	     30.64647664	     97.90707680	     -5.06606407	    -11.91066469	      3.30290195	     35.50335194	    103.10220721
      7.36666670	    -14.32864511	      0.06015654	      1.67929006	     -0.55751609	      0.92118404	     -0.17396388	     24.70522597	     -1.59754501	     -1.48395144	     18.68531129	      3.14819519	    -22.74113304	      0.00000000	     18.73977855	     -1.12005570	    -10.49515347	      6.37819362	      3.33979952	     -1.46285208	      0.00000000	     -4.92683774	     -0.12371865	     -6.61672127	      1.43074551	     -7.83102107	     -0.67544806	     30.82217990	     97.88791559	     -4.92369825	    -11.85844521	      2.79401858	     35.09846914	    103.04595402
      7.38333330	    -14.95477262	     -0.06440929	      1.71574892	     -0.57862161	      0.91765628	     -0.17976925	     26.93582115	     -1.60352490	     -1.32656996	     21.19715359	      4.24076066	    -23.30294807	      0.00000000	     22.72211121	     -1.89244130	    -11.13120423	     12.20622277	      4.47589029	     -2.99565724	      0.00000000	     -5.05830587	      0.06657835	     -5.87199090	      1.86957776	     -8.08721565	     -1.02366590	     30.97612510	     97.93163518	     -4.17736411	    -11.76218887	      2.36534792	     35.31251069	    103.04378590
      7.40000000	    -14.43274033	     -0.07153253	      1.74422053	     -0.55903083	      0.91105754	     -0.17346624	     27.08624628	     -1.59385408	     -1.06365171	     23.37602710	      5.62266442	    -23.31669939	      0.00000000	     24.49478195	     -2.69047513	    -11.55017741	     17.05214817	      5.32411808	     -3.90468719	      0.00000000	     -6.00988229	      0.05158528	     -5.49835588	      2.09067583	     -7.98888732	     -1.34795193	     30.34700421	     97.94457924	     -3.93095494	    -11.71152405	      2.07217732	     35.28311914	    103.05404630
      7.41666670	    -14.74350667	      0.04058643	      1.59862618	     -0.58012284	      0.90659151	     -0.17892482	     28.91906997	     -1.97783860	     -1.75204761	     26.89546802	      7.49691218	    -22.59349706	      0.00000000	     27.55782880	     -3.26901031	    -12.25296203	     21.92516091	      6.58830129	     -4.72808889	      0.00000000	     -6.36064966	      0.05304703	     -5.08234623	      2.61220821	     -8.09020053	     -1.81829335	     29.72765301	     97.97923616	     -3.19737933	    -11.82414714	      1.72499608	     35.98740252	    103.14892257
      7.43333330	    -14.59564262	      0.00273363	      1.19895956	     -0.58152961	      0.89545275	     -0.17868964	     30.62099078	     -2.20915012	     -1.99466152	     30.36593021	      9.67445512	    -21.71977487	      0.00000000	     30.32967307	     -4.19202668	    -12.61150717	     27.58668760	      8.23729044	     -5.97652809	      0.00000000	     -7.37088181	      0.35502372	     -4.47616872	      3.43577658	     -8.26873765	     -2.25065091	     29.27165447	     98.06243051	     -2.66304985	    -11.71657118	      1.28359415	     36.28494338	    103.27799661
      7.45000000	    -13.78249690	     -0.22231608	      1.21343173	     -0.56133773	      0.89384993	     -0.17135098	     30.55292662	     -2.27679976	     -2.92111738	     32.76678976	     11.88906245	    -19.85036955	      0.00000000	     31.17287173	     -5.27376147	    -12.90197475	     31.94787234	      9.91258095	     -5.67676462	      0.00000000	     -8.51491491	      0.73392172	     -4.23307079	      3.93945477	     -8.15675867	     -2.76189270	     28.27159115	     98.17964579	     -2.35129488	    -11.57375463	      0.68940490	     35.81077478	    103.40237298
      7.46666670	    -13.24374914	     -0.68858831	      0.83630166	     -0.58131118	      0.87966576	     -0.16683786	     32.21361739	     -1.98262445	     -3.91710505	     36.85416293	     15.04174767	    -18.32630462	      0.00000000	     33.41950040	     -6.84876705	    -12.82077547	     37.45113134	     12.33759301	     -6.25334135	      0.00000000	    -10.07274475	      1.24948363	     -3.55636159	      5.00507515	     -8.18946382	     -2.90480493	     27.56082153	     98.34187368	     -1.37265907	    -11.76836371	      0.13323681	     36.21770581	    103.52772441
      7.48333330	    -12.10740131	     -1.02544521	      0.66909645	     -0.56422033	      0.86694883	     -0.17039146	     33.61974129	     -2.24516938	     -4.95417286	     42.86460601	     18.64806231	    -16.09276813	      0.00000000	     35.11944348	     -8.37850027	    -12.70166231	     43.94903450	     14.77049392	     -6.32507556	      0.00000000	    -11.81060634	      1.71271111	     -3.23286071	      6.16817374	     -8.09723373	     -3.02713713	     26.14695784	     98.52383604	     -0.87717807	    -11.69470838	     -0.37738971	     36.21286369	    103.65967155
      7.50000000	    -11.27192273	     -1.52607796	      1.07615980	     -0.56731791	      0.86090203	     -0.17124525	     34.39190123	     -2.58745073	     -6.41071773	     47.18299056	     21.80738491	    -14.50653159	      0.00000000	     37.23548211	     -9.71680841	    -12.24091423	     49.87258771	     16.93137024	     -6.29944061	      0.00000000	    -13.29673414	      2.29437501	     -2.93238037	      6.50963423	     -8.14121203	     -3.39153151	     24.89490982	     98.62452612	     -0.38104352	    -11.60725372	     -0.82854957	     35.83451182	    103.73851173
      7.51666670	    -10.19922300	     -1.54106543	      1.14407718	     -0.56803612	      0.85543662	     -0.17077104	     35.03218167	     -3.59647714	     -7.65136838	     51.50288543	     24.91439345	    -11.76677856	      0.00000000	     38.02377211	    -10.66726771	    -12.55490345	     54.00983970	     18.85027662	     -5.40590421	      0.00000000	    -15.11701406	      2.36998696	     -2.74487101	      7.41907903	     -8.13279425	     -3.87948918	     24.02641069	     98.71097344	      0.17284500	    -11.54910130	     -1.32187505	     35.19070180	    103.77530827
      7.53333330	    -10.20463499	     -1.56047404	      1.23661908	     -0.59143223	      0.84003802	     -0.17761517	     37.65822988	     -4.85769320	     -9.05144040	     55.80833947	     27.22290989	     -9.90612662	      0.00000000	     40.97573968	    -10.87997758	    -12.02474785	     58.29597313	     19.75105032	     -6.15883622	      0.00000000	    -16.81005988	      2.56009742	     -2.51336232	      8.51459125	     -8.44042282	     -4.36577156	     24.06374322	     98.77923468	      1.03888168	    -11.55021569	     -1.59507263	     35.46295441	    103.82290269
      7.55000000	     -9.18583394	     -1.55458973	      1.35274293	     -0.57143121	      0.83351491	     -0.17089075	     37.57867042	     -5.72569784	     -9.80349420	     58.52423058	     29.54140496	     -7.52875561	      0.00000000	     41.50631679	    -11.66864419	    -12.07531680	     61.80645918	     20.81669689	     -5.26083495	      0.00000000	    -18.75221642	      2.58192462	     -2.45961720	      9.38107673	     -8.36725475	     -5.01896667	     23.58579786	     98.82034636	      1.61086285	    -11.54609925	     -1.76438677	     35.03253241	    103.84851406
      7.56666670	     -9.33965338	     -1.07777573	      1.18279822	     -0.59411575	      0.81791150	     -0.17747893	     40.31809056	     -7.16717252	    -10.09762580	     62.80127478	     31.33536180	     -6.57564269	      0.00000000	     43.58094147	    -11.46648311	    -11.95642966	     64.72913648	     23.07338289	     -3.75418226	      0.00000000	    -20.66212192	      2.10105134	     -2.09024249	     10.69845459	     -8.66644502	     -5.38317375	     23.62352136	     98.88552593	      2.68005427	    -11.80571952	     -1.87967408	     35.21963497	    103.84422834
      7.58333330	     -9.05398245	     -0.84010469	      1.28203693	     -0.59466542	      0.81172231	     -0.17726262	     42.10029669	     -8.35024297	    -10.25233377	     66.44111284	     33.19111527	     -4.82657376	      0.00000000	     44.86967418	    -11.39173653	    -11.68835821	     67.52364590	     24.53959785	     -2.97005505	      0.00000000	    -22.70582338	      2.11691564	     -2.33886592	     11.91866972	     -8.83564750	     -5.81204796	     23.79761044	     98.92015032	      3.44288750	    -12.08644074	     -1.69504450	     35.47017789	    103.85870174
      7.60000000	     -8.59666779	     -0.85325969	      1.17412080	     -0.59555407	      0.80572806	     -0.17733750	     42.91442800	     -8.85955839	    -10.48334969	     68.77628333	     34.65653674	     -3.85634373	      0.00000000	     45.95116996	    -11.69588278	    -11.28407546	     70.43257147	     25.69752972	     -2.62937713	      0.00000000	    -24.98237607	      2.23678171	     -2.32016411	     13.09456432	     -9.11496276	     -6.15514777	     24.08893677	     98.96274112	      4.25518489	    -12.29178980	     -1.44791202	     35.78186847	    103.83782601
      7.61666670	     -8.21783745	     -0.88776622	      1.02219029	     -0.59555184	      0.79469800	     -0.17726252	     43.75678881	     -9.34506905	    -10.60937365	     71.20929744	     35.99039029	     -2.99724557	      0.00000000	     47.03606170	    -11.84813875	    -10.78890823	     72.89943354	     28.17699726	     -0.93268085	      0.00000000	    -27.26417899	      2.52684625	     -2.37930506	     14.29721978	     -9.34253525	     -6.48268015	     24.45773715	     98.99306164	      4.89343050	    -12.46370997	     -1.20817353	     36.09768369	    103.77807695
      7.63333330	     -7.54317017	     -1.45381870	      0.88911598	     -0.59840442	      0.77866471	     -0.17833147	     44.31423880	     -9.43844121	    -10.98669379	     73.83454701	     37.85019136	     -1.94883488	      0.00000000	     48.65440124	    -12.61996517	     -9.82618351	     76.64844684	     30.61615592	      0.52818363	      0.00000000	    -29.22648984	      3.35081471	     -2.49484227	     15.61042972	     -9.59577447	     -6.72669159	     24.72934531	     99.04401249	      5.47168418	    -12.73831690	     -0.97752210	     35.63577906	    103.69418159
      7.65000000	     -7.34800524	     -1.77181428	      0.60886103	     -0.59873989	      0.77323463	     -0.17818301	     44.83292290	     -9.33017241	    -10.98483308	     75.75161467	     39.64711393	     -1.10289381	      0.00000000	     50.22839899	    -13.22291104	     -9.25671551	     79.68123593	     32.72668632	      2.04582719	      0.00000000	    -31.17637200	      3.90272928	     -2.30113031	     16.53560827	    -10.03267817	     -7.00894777	     25.33814575	     99.05652949	      5.98380492	    -12.70807024	     -0.95387425	     35.04252421	    103.53374488
      7.66666670	     -7.57387627	     -2.12458884	      0.65003928	     -0.61810146	      0.75822737	     -0.17445025	     47.03542728	     -9.36425177	    -11.07502426	     78.76798270	     41.21201230	     -0.77975382	      0.00000000	     53.01562759	    -13.74103184	     -8.32778515	     82.60123144	     34.34576339	      2.83956320	      0.00000000	    -33.01322785	      4.19445712	     -1.83524353	     17.34821431	    -10.46884043	     -7.15001343	     26.55278025	     99.03433377	      6.76950277	    -13.14813475	     -0.95488630	     35.40506520	    103.37024611
      7.68333330	     -7.55545053	     -2.57644518	      0.69121528	     -0.61820698	      0.75222109	     -0.17506731	     48.30178067	     -9.17195994	    -11.28154198	     80.73434779	     42.32743122	     -0.25673884	      0.00000000	     55.06324629	    -14.24463746	     -7.42620881	     84.99311935	     34.83782749	      3.54885136	      0.00000000	    -34.95769820	      4.79433475	     -1.44149327	     18.17492996	    -10.86287432	     -7.29184521	     27.93784842	     98.95711219	      7.74293278	    -13.48036503	     -0.94584607	     36.21936159	    103.20318040
      7.70000000	     -7.48171846	     -2.71921119	      1.24815553	     -0.60278226	      0.74510436	     -0.18043020	     48.70042203	     -9.77596266	    -11.41013277	     82.64435611	     43.08257629	     -0.14471419	      0.00000000	     55.40130791	    -14.23417921	     -6.50234968	     86.67306887	     37.10672122	      5.64201738	      0.00000000	    -36.38049299	      5.19512324	     -1.18577775	     18.49654273	    -11.30446627	     -7.52921690	     28.36558615	     98.85175880	      8.44319412	    -13.61671723	     -1.05903680	     36.70654092	    103.02894222
      7.71666670	     -7.13978685	     -3.17021606	      1.20171150	     -0.60391452	      0.74039770	     -0.18100294	     48.94531370	     -9.74020443	    -11.71906492	     84.11641782	     43.83393497	     -0.18302114	      0.00000000	     55.41705955	    -14.66957384	     -5.61836841	     88.32209833	     39.20591519	      7.14012413	      0.00000000	    -38.42732962	      5.64983946	     -0.55337957	     19.12849683	    -11.72260465	     -7.79287501	     28.83189279	     98.71138197	      9.02825619	    -13.48560240	     -1.48830457	     37.39280268	    102.78339225
      7.73333330	     -6.67528982	     -3.47042407	      1.55311436	     -0.60670006	      0.73515229	     -0.18177058	     49.43807754	    -10.16460422	    -12.10757600	     86.03963660	     44.18189737	     -0.33958615	      0.00000000	     55.66771422	    -14.72099075	     -4.98174850	     89.76754275	     40.19567271	      7.66163542	      0.00000000	    -40.55979234	      6.21871309	     -0.41434810	     20.00758878	    -11.84104139	     -8.03867383	     29.18197415	     98.57127939	      9.92843338	    -13.65119990	     -1.86527425	     37.77769758	    102.58612811
      7.75000000	     -6.49059872	     -3.63903343	      1.66265180	     -0.60840315	      0.72441780	     -0.18247856	     50.38854571	    -10.64036920	    -12.20024483	     87.83373360	     44.44144844	     -0.51517938	      0.00000000	     56.42391816	    -14.81830839	     -4.55212953	     91.45296606	     41.34480762	      7.86443598	      0.00000000	    -42.01335087	      6.50267674	     -0.13044688	     20.73053022	    -12.12149351	     -8.08146936	     29.26287882	     98.52107922	     10.62506023	    -13.77091109	     -2.04756311	     38.00634772	    102.50207041
      7.76666670	     -7.17972385	     -3.70850020	      1.25673190	     -0.63005758	      0.71317197	     -0.18881241	     53.39846051	    -10.98785197	    -11.88640516	     89.62766699	     44.33862583	     -0.93512400	      0.00000000	     58.97482188	    -14.58697531	     -4.37439644	     93.21909208	     41.15625337	      6.87139045	      0.00000000	    -43.29813980	      6.55077536	      0.46996887	     21.98572372	    -12.78618765	     -7.81422765	     29.84001970	     98.46208847	     11.37165651	    -13.67173911	     -2.44064626	     39.40283701	    102.34325566
      7.78333330	     -6.85286380	     -3.50801387	      0.97973689	     -0.62945953	      0.71231133	     -0.18817966	     54.78869227	    -11.33525306	    -11.28847185	     90.75327112	     44.07479032	     -0.81900734	      0.00000000	     60.22328794	    -14.27978896	     -4.45037144	     94.92385763	     40.22630276	      5.08063406	      0.00000000	    -44.92740566	      6.27181656	      0.71477676	     23.42401733	    -13.14549907	     -7.37811968	     29.80230769	     98.46783812	     12.39086299	    -13.68012871	     -2.62881072	     40.03966935	    102.24044746
      7.80000000	     -7.35675668	     -3.31268890	      0.82239040	     -0.62958298	      0.70052790	     -0.18778796	     56.59739819	    -11.80164052	    -10.90698163	     91.93655210	     43.89095255	     -1.02277840	      0.00000000	     62.26438364	    -14.01570296	     -4.38031959	     96.59062962	     39.35357721	      3.74589742	      0.00000000	    -45.54844720	      6.12934836	      0.64733669	     24.48884517	    -13.41378539	     -6.72182166	     29.73018545	     98.48703119	     12.97270271	    -13.79313910	     -2.70992514	     40.58763304	    102.14696325
      7.81666670	     -7.43376198	     -3.34034416	      0.70307517	     -0.62824706	      0.70039743	     -0.18772159	     57.32092286	    -11.83682935	    -10.71120021	     92.40511827	     43.75061695	     -1.03290497	      0.00000000	     63.03441545	    -14.00797608	     -4.20990836	     97.31287824	     39.37449477	      3.89578019	      0.00000000	    -46.60620190	      6.12465231	      0.54771848	     25.44633490	    -13.49722246	     -6.61028381	     29.88881560	     98.48919416	     13.77839253	    -13.78604288	     -2.72326888	     40.63057528	    102.13000197
      7.83333330	     -7.86951944	     -3.34140370	      0.75946954	     -0.62860676	      0.69998606	     -0.18768381	     57.95487832	    -11.93218393	    -10.75212188	     92.67052045	     43.39023177	     -1.52339485	      0.00000000	     64.07001081	    -13.94094624	     -4.15818560	     97.71224360	     39.12706725	      4.04675245	      0.00000000	    -47.08160120	      6.04046565	      0.47019680	     26.65669270	    -13.66523717	     -4.76709357	     28.54310299	     98.63823930	     14.70236677	    -13.82053295	     -2.55222640	     39.57717285	    101.93513326
      7.85000000	     -7.62195932	     -3.57278283	      1.05362001	     -0.60825312	      0.69486903	     -0.18134782	     56.78340098	    -11.91833815	    -11.03919316	     93.07640413	     43.48227904	     -1.80310220	      0.00000000	     63.60950577	    -14.48377138	     -3.74646962	     98.34054880	     39.37579972	      5.02977755	      0.00000000	    -47.56283530	      6.20918371	      0.38049024	     26.25037073	    -13.49480617	     -4.61408950	     28.29234180	     98.59344795	     14.68483052	    -13.79433506	     -2.61758811	     39.10157594	    101.85454141
      7.86666670	     -7.33683571	     -4.10434672	      0.91876912	     -0.61137847	      0.69569718	     -0.18186309	     55.76544910	    -11.14622510	    -11.60721955	     92.97549332	     43.82771361	     -2.13539448	      0.00000000	     63.44371461	    -15.04036814	     -3.05882068	     98.91125833	     39.48040741	      5.24049000	      0.00000000	    -48.23216702	      6.48979675	      0.59552668	     25.79366314	    -13.34061841	     -4.54256634	     28.56306785	     98.49714662	     14.60264130	    -13.73596607	     -2.84882082	     38.47462424	    101.70713263
      7.88333330	     -7.00459085	     -4.34712711	      0.98858066	     -0.61263186	      0.69651691	     -0.18172500	     55.13491655	    -10.73338486	    -11.82250615	     93.19260156	     44.33912610	     -2.05265562	      0.00000000	     62.88582386	    -15.58240049	     -2.89398293	     99.01015787	     39.88243236	      5.85788378	      0.00000000	    -48.46902909	      6.46945051	      0.62888438	     25.63527240	    -13.00235426	     -4.48801375	     28.87208210	     98.43813369	     14.60909734	    -13.77960132	     -3.06634043	     37.82012465	    101.59179564
      7.90000000	     -7.25333136	     -4.17533707	      0.60578719	     -0.63557339	      0.69635844	     -0.18819155	     56.15538155	    -10.55717293	    -11.43966660	     92.96756625	     43.92601522	     -2.53321528	      0.00000000	     63.14831971	    -15.46022673	     -3.36546518	     98.60662178	     40.02140823	      6.02398353	      0.00000000	    -48.37039650	      6.03871271	      0.72433320	     25.95337931	    -13.09663679	     -4.32649491	     29.56499229	     98.40679163	     14.97443056	    -13.78612657	     -3.24376132	     37.69941091	    101.48075057
      7.91666670	     -7.39895278	     -4.05825337	      0.25854863	     -0.65131718	      0.69145177	     -0.18287877	     58.00266339	    -10.31318320	    -10.90410786	     93.40817166	     43.84872177	     -2.14576591	      0.00000000	     64.45261724	    -15.37138761	     -3.37328156	     98.58590841	     39.63874597	      5.66845563	      0.00000000	    -47.89270778	      5.54178302	      0.89544983	     26.36927199	    -13.16893897	     -4.07461669	     30.26790791	     98.40833489	     15.47110250	    -14.00331468	     -3.31734067	     38.04172192	    101.41727452
      7.93333330	     -8.07173254	     -3.42383376	     -0.19063463	     -0.64913735	      0.70066691	     -0.18225977	     59.99132798	     -9.93189635	     -9.77566638	     93.20616250	     42.34185029	     -3.29819599	      0.00000000	     64.64958551	    -14.98663514	     -3.94150688	     97.32944141	     39.68072013	      6.37475010	      0.00000000	    -47.30236787	      4.87867756	      0.79725538	     26.29941057	    -13.07842098	     -3.70349678	     30.60023949	     98.43465902	     16.02980164	    -13.96501194	     -3.27646529	     39.06086812	    101.38433467
      7.95000000	     -8.49465320	     -2.78962992	     -0.08770954	     -0.64566108	      0.70592352	     -0.18166813	     60.97947680	     -9.89589608	     -8.93614602	     92.79716434	     40.87920605	     -4.34143121	      0.00000000	     64.51825914	    -14.44773607	     -4.60181705	     95.53971235	     39.52794945	      6.64734060	      0.00000000	    -46.79386510	      4.55573247	      0.11825960	     26.35686992	    -12.68590271	     -3.46408103	     30.63726900	     98.46855676	     16.30702908	    -14.14286346	     -2.91784532	     39.21497424	    101.42962152
      7.96666670	     -8.73564429	     -2.66204484	      0.15012736	     -0.64478677	      0.70574628	     -0.18188489	     61.22973333	     -9.81481512	     -8.69618969	     92.30713930	     40.14454521	     -5.06637945	      0.00000000	     64.57902157	    -14.24763868	     -4.88171565	     94.77944245	     37.70073675	      5.32411904	      0.00000000	    -46.01520488	      4.84870289	     -0.12193435	     25.93423809	    -12.66419888	     -3.34934916	     30.65232939	     98.48772718	     16.53296968	    -14.30060787	     -2.55235653	     39.69754767	    101.48860899
      7.98333330	     -9.07046658	     -2.46098650	      0.22276651	     -0.64190637	      0.71680360	     -0.18167825	     60.44204314	     -9.44140715	     -8.41518523	     90.73166327	     39.48127695	     -5.51152867	      0.00000000	     63.56498797	    -14.08593358	     -5.57124842	     92.77123700	     36.08681482	      4.34698606	      0.00000000	    -45.12144418	      4.76778336	     -0.06627028	     25.45872715	    -12.61363866	     -3.26649726	     30.36120170	     98.50298931	     16.45305273	    -14.30278560	     -2.17804265	     40.25974949	    101.55837807
      8.00000000	     -8.58218430	     -2.28668096	      0.48912722	     -0.62131397	      0.73407495	     -0.17471308	     57.15621624	     -9.05677875	     -8.62489638	     88.11363421	     38.57016783	     -5.76744635	      0.00000000	     60.61549919	    -14.34372380	     -6.34732066	     90.08039510	     34.60274248	      4.02469021	      0.00000000	    -44.86570913	      4.53918846	     -0.20530637	     24.65741583	    -12.19828792	     -3.29257852	     29.68885546	     98.51486206	     15.68111108	    -14.12033125	     -1.96948670	     39.96259728	    101.58449933
      8.01666670	     -8.36129658	     -2.23541279	      0.41941469	     -0.62061110	      0.74138656	     -0.17412197	     54.18129339	     -8.47220193	     -8.95032376	     85.34376003	     37.51921304	     -6.20126663	      0.00000000	     58.22716072	    -14.80260032	     -7.03767939	     87.95548020	     33.10503052	      3.16029202	      0.00000000	    -44.32604826	      4.30504959	     -0.24993588	     24.01719171	    -11.80597888	     -3.31669684	     28.99025331	     98.53535643	     14.99727007	    -13.99791798	     -1.96062918	     39.23667544	    101.56101300
      8.03333330	     -7.75074265	     -2.38160485	      0.74739899	     -0.62272431	      0.75335382	     -0.17428518	     51.28809365	     -7.98345864	     -9.54813462	     82.42470824	     36.87371443	     -6.40972744	      0.00000000	     56.12321057	    -14.85095209	     -7.45403476	     85.74182045	     32.11453838	      2.73145050	      0.00000000	    -43.92722703	      4.24742638	     -0.24060368	     23.31511829	    -11.51231478	     -3.33959286	     28.27248653	     98.54612063	     14.42587035	    -13.85135446	     -2.09420480	     38.60997838	    101.49362547
      8.05000000	     -7.46193508	     -2.55306383	      1.31110622	     -0.62164839	      0.76496041	     -0.17461504	     49.30106264	     -7.74070003	    -10.10609127	     79.87101864	     36.56518844	     -6.86258981	      0.00000000	     54.20579698	    -14.72499418	     -7.74308057	     83.37339219	     30.98436145	      2.12390635	      0.00000000	    -43.23905213	      4.40651240	     -0.52459444	     22.62695363	    -11.18333056	     -3.32229020	     27.67616551	     98.54783055	     13.98608208	    -13.93618142	     -2.09008143	     37.87141651	    101.43787954
      8.06666670	     -7.19716535	     -2.69712736	      1.81317228	     -0.62277460	      0.77619770	     -0.17493282	     47.52706580	     -7.50016220	    -10.58836842	     77.27464528	     35.98090029	     -7.08945843	      0.00000000	     52.64600137	    -14.48037776	     -7.97874079	     80.99638793	     29.48752632	      1.25710204	      0.00000000	    -42.53045538	      4.43736670	     -0.68511707	     21.92840222	    -10.97731738	     -3.22394341	     27.17150220	     98.54345354	     13.48516212	    -13.91337239	     -2.07664854	     37.48967428	    101.37123111
      8.08333330	     -7.53586238	     -2.49581889	      2.29327097	     -0.64214778	      0.78222300	     -0.18157672	     47.79425944	     -7.94096603	    -10.74094079	     75.60394669	     35.05707113	     -7.45780330	      0.00000000	     52.61994412	    -13.33653722	     -8.51296802	     78.44146091	     27.24849412	     -0.61174090	      0.00000000	    -41.49339622	      4.24890434	     -1.12805352	     21.87668849	    -10.98022382	     -2.95617740	     27.49884960	     98.55862516	     13.29203102	    -14.08758648	     -2.01626505	     37.75501389	    101.32523515
      8.10000000	     -7.02554629	     -2.30767916	      2.90254209	     -0.62241438	      0.79711238	     -0.17567168	     45.73145809	     -8.13384226	    -10.98153533	     73.16250073	     34.00310076	     -7.30129525	      0.00000000	     50.61999460	    -12.89009965	     -9.44327355	     75.15751766	     23.72606845	     -2.07861987	      0.00000000	    -40.46528811	      4.28523487	     -1.87162539	     21.09214618	    -10.68818467	     -2.75997885	     27.19020671	     98.56873163	     12.85229286	    -14.18532416	     -1.91018961	     37.39475162	    101.27244268
      8.11666670	     -7.37116710	     -2.14785345	      3.30265199	     -0.61922363	      0.80820328	     -0.17565055	     43.87237882	     -8.02119663	    -11.46936605	     69.54654410	     32.83965336	     -7.50762296	      0.00000000	     49.10774948	    -12.34827803	     -9.94689226	     71.71082095	     21.33060820	     -2.42894148	      0.00000000	    -39.00071346	      4.15085659	     -2.29034083	     20.48360165	    -10.51660399	     -2.55349672	     27.12680595	     98.58501225	     12.60009627	    -14.24127345	     -1.73563009	     37.41368888	    101.24256629
      8.13333330	     -7.29136277	     -2.30032789	      3.89031475	     -0.62017891	      0.81404875	     -0.17660630	     42.34975570	     -7.96279236	    -12.32638800	     66.94502018	     31.46596772	     -7.84200247	      0.00000000	     47.80864447	    -11.81672534	     -9.62988530	     69.24709734	     20.65214127	     -2.33241543	      0.00000000	    -37.68070964	      4.51525894	     -2.78883417	     19.47762874	    -10.33144457	     -2.22645251	     26.82772619	     98.62941995	     12.08076433	    -14.29297564	     -1.51255052	     37.02589004	    101.21837269
      8.15000000	     -7.63352813	     -2.48014456	      4.50067907	     -0.61737685	      0.82470075	     -0.17739762	     41.24158136	     -7.80320509	    -13.16193180	     64.27019179	     29.88835819	     -8.59878079	      0.00000000	     46.99696923	    -11.09362926	     -9.04847370	     66.79251711	     19.43307055	     -2.70771203	      0.00000000	    -36.11054085	      4.78607864	     -3.04924367	     18.71971199	    -10.25426574	     -1.71323942	     26.03777939	     98.70326208	     11.85813545	    -14.23936273	     -1.16113004	     36.95823256	    101.21651827
      8.16666670	     -7.90491668	     -2.61523495	      5.13535729	     -0.61798620	      0.82996785	     -0.17777562	     40.42405919	     -7.86084212	    -14.02268570	     62.28031654	     28.57598044	     -8.74659375	      0.00000000	     46.40735590	    -10.51008694	     -8.62963377	     64.64957494	     18.65392274	     -2.51962659	      0.00000000	    -34.18581253	      4.91490519	     -3.58916568	     17.75786639	    -10.21334084	     -1.51455156	     25.95926805	     98.71921691	     11.49671775	    -14.21405934	     -0.98956547	     37.00862778	    101.22026626
      8.18333330	     -8.43717982	     -2.49779783	      4.83589600	     -0.61506811	      0.84096552	     -0.17770604	     39.92274480	     -7.58131225	    -13.98185564	     59.44713984	     26.31565623	     -9.48920789	      0.00000000	     45.14527734	     -9.95790315	     -8.79778581	     61.35427747	     17.47159468	     -2.95992565	      0.00000000	    -32.12209076	      4.67074684	     -4.04534963	     16.82285906	     -9.89589347	     -1.12590627	     25.75053407	     98.75799437	     10.60846229	    -14.23807631	     -0.82271200	     36.96058038	    101.19405702
      8.20000000	     -8.54591072	     -2.56987734	      5.32231652	     -0.61555073	      0.85732239	     -0.17793706	     37.87433918	     -7.13954602	    -14.38371613	     55.80675189	     24.82844194	     -9.32191309	      0.00000000	     43.31272278	     -9.35601819	     -8.72602361	     57.46266712	     16.33738790	     -2.99638391	      0.00000000	    -30.49852649	      4.77290483	     -4.43572873	     15.78536137	     -9.70487329	     -0.92705363	     25.45410345	     98.77518158	      9.68612859	    -14.06851478	     -0.74880960	     36.85035856	    101.15527170
      8.21666670	     -8.32539437	     -2.36530560	      5.67268761	     -0.61332900	      0.86810786	     -0.17842865	     35.99245404	     -7.06139475	    -14.80815387	     52.58426484	     22.73109159	     -9.75712516	      0.00000000	     40.80091151	     -8.63429385	     -8.99564608	     53.39421209	     15.29878216	     -2.63454535	      0.00000000	    -29.19500434	      4.57936341	     -5.03166829	     14.95805717	     -9.42072456	     -0.68996293	     25.07372107	     98.78467088	      9.02798667	    -14.02478062	     -0.60913131	     37.09646369	    101.13967080
      8.23333330	     -8.12676763	     -2.43459176	      5.73343994	     -0.61362313	      0.87920004	     -0.17863373	     33.73767938	     -6.39431710	    -15.20062500	     48.46038208	     20.73369596	     -9.77669009	      0.00000000	     38.53833098	     -8.26810243	     -9.09491519	     49.46834759	     13.82402438	     -2.47349818	      0.00000000	    -28.00619811	      4.53372616	     -5.47485261	     14.51792190	     -9.17384113	     -0.39798086	     24.67897618	     98.79735341	      8.60236665	    -14.03390968	     -0.32475906	     37.19493934	    101.16613210
      8.25000000	     -8.55417728	     -2.24181859	      5.25696128	     -0.61131847	      0.88026054	     -0.17819519	     32.20836891	     -5.89509738	    -15.19820769	     44.42372982	     18.53542108	    -10.30237496	      0.00000000	     36.68565307	     -7.86569090	     -9.91258078	     45.35728052	     12.75930737	     -2.36317260	      0.00000000	    -26.25655984	      4.05013773	     -5.63735497	     13.66498036	     -9.04686565	     -0.22377865	     24.58558529	     98.76992759	      7.69016229	    -13.93700507	     -0.22439373	     37.48391208	    101.16000340
      8.26666670	     -9.19121112	     -2.43705329	      5.38946371	     -0.61139928	      0.89631965	     -0.17886874	     30.65048299	     -5.15108569	    -15.59139778	     39.82117843	     16.08916326	    -10.84958719	      0.00000000	     35.42252760	     -7.45737374	    -10.00165518	     41.33210716	     11.81472546	     -2.12976023	      0.00000000	    -24.53238882	      4.20971373	     -6.04286618	     12.74001390	     -8.96392202	     -0.22861100	     25.00683236	     98.69192060	      6.77368725	    -14.00310538	     -0.00699480	     38.01605084	    101.18965382
      8.28333330	     -9.71502540	     -2.52637271	      5.76640031	     -0.60827124	      0.90185507	     -0.17895996	     28.56062636	     -4.42164565	    -15.66195024	     34.78921186	     14.31420953	    -10.94757513	      0.00000000	     33.98069253	     -6.94215415	    -10.10264818	     37.29885381	     10.95760851	     -1.24838212	      0.00000000	    -22.65201316	      4.26277106	     -6.65246805	     11.74785984	     -8.81622337	     -0.34736015	     25.26779593	     98.60582914	      5.86337491	    -14.00100286	      0.12833361	     38.28436451	    101.22101916
      8.30000000	     -9.85706540	     -2.76232294	      5.84386449	     -0.58692231	      0.91159505	     -0.17332017	     25.27802109	     -3.09459824	    -15.45189604	     28.82851228	     11.60721517	    -11.64759053	      0.00000000	     31.47166330	     -6.99387408	    -10.14464056	     33.05535398	     11.27877560	      1.59819385	      0.00000000	    -20.73395352	      4.35638094	     -7.25430050	     10.62909713	     -8.55050888	     -0.49221936	     25.12842199	     98.51300722	      4.91942902	    -13.99135279	      0.31076136	     38.32790311	    101.27290475
      8.31666670	    -10.22923708	     -2.95058839	      5.76988582	     -0.58723268	      0.91667777	     -0.18406825	     22.56037694	     -2.09623027	    -15.01616846	     22.96878961	      9.09466901	    -12.57291813	      0.00000000	     29.67065472	     -6.59009497	     -9.56357272	     29.86904231	     10.74319098	      2.17667512	      0.00000000	    -18.86970323	      4.52830671	     -7.31476066	      9.36011431	     -8.74510893	     -0.65024366	     25.24063962	     98.37882691	      3.52222225	    -13.68519179	      0.41247422	     39.23362234	    101.32531264
      8.33333330	    -10.60585459	     -2.52182042	      5.66688829	     -0.58753831	      0.91828351	     -0.18363184	     20.58491604	     -1.85470801	    -14.08491917	     18.14369900	      7.20914623	    -12.94527625	      0.00000000	     27.26007417	     -5.57082093	    -10.16161569	     25.11900513	      9.45333240	      2.33022327	      0.00000000	    -17.11673155	      3.79448554	     -7.36477372	      8.36584515	     -8.73458911	     -0.68714224	     25.89191806	     98.26042866	      2.17514196	    -13.57472900	      0.46707932	     39.99835968	    101.41429818
      8.35000000	    -11.13046207	     -2.14895806	      5.96211197	     -0.58498895	      0.92415029	     -0.18361708	     18.56776455	     -1.59809166	    -13.31033622	     12.60079243	      5.37776587	    -12.79642317	      0.00000000	     24.70721945	     -4.34227234	    -10.41558906	     19.88479619	      8.67736534	      3.41161700	      0.00000000	    -14.98602846	      3.17470498	     -7.59350375	      7.20147429	     -8.70168283	     -0.81121881	     26.43425662	     98.12660514	      0.87576451	    -13.45794177	      0.59718029	     40.50922178	    101.53952764
      8.36666670	    -11.48067356	     -1.86035841	      5.91316124	     -0.58523064	      0.92962107	     -0.18366149	     17.09956971	     -1.34821367	    -12.24952089	      8.45555256	      3.97237760	    -12.81595679	      0.00000000	     22.57349650	     -3.24365767	     -9.95805267	     15.22887866	      7.75833031	      3.37842642	      0.00000000	    -13.48141429	      2.69474276	     -7.67697903	      6.21320738	     -8.62046654	     -0.85064550	     26.63484777	     98.01446264	     -0.35960137	    -13.41195686	      0.66948622	     41.32053850	    101.68053361
      8.38333330	    -11.85900238	     -1.55511129	      5.91377121	     -0.58252724	      0.93440501	     -0.18384877	     15.96480457	     -1.31086021	    -11.75028192	      5.69987123	      2.01767174	    -13.01854114	      0.00000000	     20.48536813	     -2.22935864	     -9.65448034	     10.30729909	      5.90170124	      3.62999645	      0.00000000	    -11.89528614	      2.19953747	     -8.15482297	      5.38454635	     -8.43889056	     -0.92625869	     27.30902299	     97.95492082	     -1.67599557	    -13.42527703	      0.80923666	     41.35060399	    101.80899916
      8.40000000	    -12.11891919	     -0.98485856	      5.04383577	     -0.58297662	      0.93420158	     -0.18311264	     15.45135887	     -1.53581957	    -10.84346717	      4.13692244	      0.37093350	    -13.95686225	      0.00000000	     18.15706519	     -1.21516695	     -9.68498924	      5.25782550	      3.60877066	      3.19473470	      0.00000000	    -10.83762631	      1.39321936	     -7.65718171	      4.99909029	     -8.52429059	     -0.81668791	     28.09449066	     97.94119052	     -2.79640785	    -13.25952426	      0.65476030	     41.88805892	    101.94376362
      8.41666670	    -12.28488570	     -0.79040275	      4.18234542	     -0.58000864	      0.93853499	     -0.18260517	     15.13483013	     -1.41454591	    -10.40564475	      3.17246431	     -1.00537930	    -14.06842166	      0.00000000	     16.10776068	     -0.74048809	     -9.51940115	      0.95602632	      1.94385862	      3.16693591	      0.00000000	     -9.52255584	      1.01598872	     -7.34098898	      4.25387649	     -8.50822756	     -0.85087225	     28.35782201	     97.90786244	     -4.07101754	    -12.99038126	      0.49859233	     41.85372458	    102.04764018
      8.43333330	    -12.88166800	     -0.75452632	      3.56037168	     -0.58163144	      0.93199114	     -0.18174921	     15.20117095	     -1.11849082	     -9.65985773	      1.61683753	     -2.52454685	    -15.22044529	      0.00000000	     16.27674883	     -0.69733147	     -9.41810507	      0.00000000	      1.92073651	      2.87324864	      0.00000000	     -7.96304036	      0.87229362	     -7.31072996	      4.10954020	     -8.59079373	     -0.61110414	     28.49562748	     97.89763162	     -4.87700983	    -12.98659365	      0.51470172	     41.93732151	    102.26826606
      8.45000000	    -13.33737166	     -0.70418469	      2.95258683	     -0.58034268	      0.93579571	     -0.18144045	     15.22683057	     -0.86893071	     -9.09738857	      0.39684308	     -3.49751864	    -15.20903942	      0.00000000	     16.66384093	     -0.76742691	     -9.48764431	      0.00000000	      2.29633775	      2.79935878	      0.00000000	     -6.57705987	      0.75049650	     -7.20444882	      3.74328963	     -8.66789227	     -0.44843324	     28.49698603	     97.87437668	     -5.74802770	    -12.81670122	      0.50115942	     41.85991499	    102.39294886
      8.46666670	    -13.52129491	     -0.48680673	      2.65076748	     -0.58300964	      0.93473535	     -0.18055744	     15.19032544	     -0.87428936	     -8.52974573	      0.00000000	     -3.14994026	    -15.34845861	      0.00000000	     16.80207494	     -0.60218510	     -9.43051211	      0.00000000	      2.80155127	      2.44045355	      0.00000000	     -5.76107257	      0.38103562	     -7.09808358	      3.56862762	     -8.60985457	     -0.31575104	     28.58705420	     97.86893862	     -6.38969131	    -12.82420685	      0.57038421	     41.62503908	    102.46318802
      8.48333330	    -13.74007685	     -0.25507884	      2.17016891	     -0.58157770	      0.93361337	     -0.17997596	     15.43175973	     -0.94032755	     -8.00744233	      0.00000000	     -2.76036803	    -15.37313987	      0.00000000	     16.91081741	     -0.48596153	     -9.59077088	      0.00000000	      3.03081003	      2.15829684	      0.00000000	     -4.78986098	      0.03192965	     -7.02477197	      3.14152967	     -8.59141724	     -0.18138368	     28.79349825	     97.85277047	     -7.15765078	    -12.74308213	      0.65664279	     41.33031478	    102.54246782
      8.50000000	    -13.99130815	     -0.29429207	      2.01705076	     -0.58327346	      0.92821631	     -0.17962589	     15.88769909	     -0.87469426	     -7.62465399	      0.00000000	     -3.10815926	    -15.70967630	      0.00000000	     17.19989838	     -0.47990542	     -9.25722003	      0.00000000	      3.54134665	      2.31034780	      0.00000000	     -3.95300536	      0.16594265	     -7.22842249	      2.84253761	     -8.71409120	     -0.03338627	     29.17174958	     97.81924685	     -7.18001257	    -12.65224682	      0.73907078	     40.92986272	    102.66031054
      8.51666670	    -13.99014546	     -0.33039095	      1.89856289	     -0.58128806	      0.93370400	     -0.17995407	     16.20068013	     -0.79845967	     -7.17445882	      0.00000000	     -4.08061323	    -16.91607843	      0.00000000	     17.27750836	     -0.47424686	     -9.03634038	      0.00000000	      3.81435143	      2.82927537	      0.00000000	     -3.54899146	      0.25136465	     -7.42806009	      2.53257726	     -8.73684010	      0.13196765	     29.57448673	     97.73911064	     -6.80521677	    -12.37474282	      0.87153907	     39.64520539	    102.87566148
      8.53333330	    -13.96309231	     -0.39792371	      1.94450628	     -0.58324266	      0.92938933	     -0.17935473	     16.54710967	     -0.68138573	     -6.97256731	      0.00000000	     -4.21474911	    -16.93878899	      0.00000000	     17.41088680	     -0.47612681	     -8.70557754	      0.00000000	      4.11663939	      2.89903675	      0.00000000	     -3.68746128	      0.20709477	     -7.56683274	      2.56239013	     -8.71493618	      0.14437369	     29.62327376	     97.73222933	     -6.44412469	    -12.50179514	      0.84890554	     39.65109043	    102.88982702
      8.55000000	    -14.01305636	     -0.41351574	      1.84112451	     -0.58067069	      0.92518094	     -0.17971500	     17.31071026	     -0.73418357	     -6.56257289	      1.73876086	     -3.97160223	    -18.22706157	      0.00000000	     17.39938182	     -0.48092179	     -8.16217020	      0.00000000	      4.88262863	      3.02157373	      0.00000000	     -3.53633763	      0.34421172	     -7.78213467	      2.35117699	     -8.75585859	      0.19170915	     30.07468017	     97.68647329	     -6.17865074	    -12.32302132	      1.01432088	     38.82957433	    103.03039273
      8.56666670	    -14.27327562	     -0.29493297	      1.80588524	     -0.58281871	      0.92571655	     -0.17920096	     18.16355657	     -0.92869083	     -6.17883124	      3.19204979	     -3.84176818	    -18.98136845	      0.00000000	     17.53718382	     -0.41512066	     -8.29300583	      0.00000000	      4.23008437	      2.27852054	      0.00000000	     -3.43149808	      0.27166287	     -7.55448770	      2.00862259	     -8.88357199	      0.10916347	     30.67504430	     97.62479155	     -5.82569340	    -12.17637615	      1.04874238	     38.43617087	    103.15860999
      8.58333330	    -13.95664462	     -0.26800379	      1.86426849	     -0.55908160	      0.92962427	     -0.17279299	     17.85176620	     -0.91784374	     -5.67905800	      4.61073738	     -3.35182609	    -18.96356682	      0.00000000	     16.49351259	     -0.62593509	     -8.36424453	      0.00000000	      3.52963516	      1.75730173	      0.00000000	     -3.55583985	      0.21627965	     -7.25546058	      1.48363599	     -8.75166347	     -0.08031972	     30.60745920	     97.56639995	     -6.05751135	    -11.98375729	      0.94813754	     37.93493983	    103.22637663
      8.60000000	    -13.88280592	     -0.14729367	      1.56124107	     -0.58061751	      0.92292016	     -0.17844945	     19.11297890	     -1.08585589	     -5.12451916	      7.50477277	     -1.56341458	    -19.45509431	      0.00000000	     16.05056209	     -0.60777262	     -8.65022718	      0.00000000	      3.29234406	      0.99856290	      0.00000000	     -4.02459435	      0.16652516	     -6.74884507	      1.56133259	     -8.80569926	     -0.28496518	     30.67450705	     97.51546325	     -5.75262641	    -11.80865294	      0.76010782	     37.67556037	    103.27415606
      8.61666670	    -13.26143365	     -0.16416767	      1.58986001	     -0.55755107	      0.93248724	     -0.17232473	     19.03731149	     -1.06441293	     -4.47982530	      9.42653563	     -0.55984206	    -19.22669486	      0.00000000	     14.72443518	     -0.82383864	     -8.68621582	      0.00000000	      2.49289218	      0.47474273	      0.00000000	     -4.46660337	      0.09873638	     -6.34490242	      1.15407958	     -8.52046689	     -0.73401951	     30.30887137	     97.43477462	     -5.74662140	    -11.49348972	      0.36008985	     37.00735114	    103.30746123
      8.63333330	    -12.62467889	     -0.11054854	      1.44519488	     -0.55849514	      0.92893360	     -0.17212485	     18.98627091	     -1.12317029	     -4.37734497	     11.26322429	      1.07267835	    -18.63948969	      0.00000000	     13.76401650	     -0.90513199	     -9.10835790	      0.22432328	      2.16807039	      0.08216573	      0.00000000	     -5.15604260	      0.08635468	     -5.44624843	      1.12391560	     -8.43253412	     -1.57772583	     29.48504007	     97.28706878	     -5.34700108	    -11.13626344	     -0.28263997	     36.23381820	    103.44821552
      8.65000000	    -11.89416120	     -0.04737628	      1.63912235	     -0.55730364	      0.92574984	     -0.17265189	     19.30567443	     -1.21222989	     -3.81886346	     14.09646604	      2.60521384	    -19.36563709	      0.00000000	     14.88144037	     -1.32183682	     -9.49960754	      4.16843991	      3.16579587	     -0.85641604	      0.00000000	     -6.19918138	      0.01503507	     -5.35389731	      1.16981382	     -8.25747651	     -1.77328034	     29.23579185	     97.25370009	     -5.14574464	    -11.11150564	     -0.44964036	     36.09278624	    103.49828544
      8.66666670	    -12.37998837	      0.05639507	      1.80097169	     -0.56071734	      0.91546585	     -0.17240028	     21.37892241	     -1.44866078	     -3.42025402	     17.35697759	      3.97020581	    -20.16662856	      0.00000000	     17.75110735	     -1.73841955	    -10.33435790	      8.62803785	      4.21321599	     -1.43298393	      0.00000000	     -5.79907581	     -0.17180652	     -5.07288904	      1.02521363	     -8.02520376	     -2.38229908	     28.70078369	     97.14630017	     -5.06715757	    -11.12635487	     -0.83343797	     36.08103208	    103.67449751
      8.68333330	    -12.82213384	      0.06676536	      1.90007166	     -0.58126622	      0.91170870	     -0.17907713	     23.99742156	     -1.69569378	     -2.85049582	     21.07992088	      5.91137103	    -21.07695175	      0.00000000	     21.77179970	     -2.35109009	    -10.89564167	     14.73973650	      5.33728392	     -3.42869325	      0.00000000	     -6.27125866	     -0.01792201	     -4.95824031	      1.76191075	     -8.11944683	     -2.82650130	     28.47719668	     97.06756796	     -3.93700775	    -11.28158385	     -0.75278836	     36.40781472	    103.95765714
      8.70000000	    -12.62479492	      0.07817388	      1.96644964	     -0.56320412	      0.91404705	     -0.17255203	     25.44458811	     -1.83275378	     -2.31149620	     24.81035952	      7.67706804	    -21.44491560	      0.00000000	     23.88932693	     -3.03161299	    -11.46380557	     19.61314298	      6.64098135	     -3.93875381	      0.00000000	     -7.15863463	      0.16876267	     -4.91731980	      2.42924228	     -7.88550438	     -3.27773381	     27.17973812	     97.01101881	     -3.21321198	    -11.34516532	     -0.55175561	     36.29072604	    104.26193309
      8.71666670	    -13.59678326	      0.20971890	      1.64629157	     -0.60132339	      0.89011633	     -0.17396895	     30.01053432	     -2.05906318	     -1.93121014	     30.66160118	     10.80590661	    -21.96408916	      0.00000000	     28.49169058	     -3.72427671	    -12.11092786	     25.85002964	      9.00558102	     -5.06593169	      0.00000000	     -7.81564523	      0.24358348	     -4.74689196	      3.63645798	     -8.02696844	     -3.29367926	     27.00513467	     97.03601981	     -2.08356185	    -11.85146947	     -0.13487350	     37.37585587	    104.61717755
      8.73333330	    -13.58280620	      0.17035934	      1.41223310	     -0.58286328	      0.88139405	     -0.16671039	     32.55921948	     -1.98106018	     -1.55625813	     35.90105411	     13.74032282	    -21.63356946	      0.00000000	     31.48256470	     -4.86101056	    -12.46286469	     31.93785650	     11.00693617	     -5.72193418	      0.00000000	     -8.98657709	      0.37481034	     -4.63355764	      4.82761693	     -7.91655010	     -3.47948179	     26.71415674	     97.08523210	     -1.30884852	    -11.98467420	      0.02846034	     37.83062380	    104.91695905
      8.75000000	    -13.48809256	     -0.08214030	      1.26705068	     -0.58174310	      0.87410223	     -0.16660319	     35.39287065	     -2.02550218	     -2.20791157	     41.71808876	     16.71625254	    -20.64607855	      0.00000000	     34.47782569	     -6.24239560	    -12.59033794	     38.47815989	     13.75128329	     -5.86670064	      0.00000000	    -10.38544516	      0.67020501	     -4.27226616	      5.89653858	     -7.88068056	     -3.70065599	     26.42265144	     97.14378099	     -0.44150883	    -12.29955041	      0.08099677	     38.76106259	    105.18435791
      8.76666670	    -13.08257560	     -0.34923181	      1.28954416	     -0.58825846	      0.86168362	     -0.17681297	     37.60645790	     -2.65697364	     -3.28464672	     46.90274157	     19.58821258	    -18.71131367	      0.00000000	     37.19223741	     -7.20521768	    -12.32007178	     44.36834375	     15.95281499	     -6.43909838	      0.00000000	    -12.09864728	      1.24337223	     -4.18864040	      7.01241039	     -7.96836891	     -4.05790811	     25.74219703	     97.21766030	      0.34437242	    -12.25595909	      0.08854012	     39.05488348	    105.40506261
      8.78333330	    -12.78021018	     -0.54228442	      1.83638332	     -0.58745519	      0.85060745	     -0.17751439	     39.60800854	     -3.83673824	     -4.72989373	     51.85947694	     22.29719472	    -16.32211657	      0.00000000	     39.71678626	     -7.76580646	    -12.04468905	     49.41951115	     17.77045652	     -6.45118713	      0.00000000	    -13.60547553	      1.69116989	     -4.43809928	      7.73688764	     -8.13348320	     -4.54095264	     25.81076296	     97.28213892	      0.96406825	    -12.25703666	      0.09593449	     39.27073648	    105.59502114
      8.80000000	    -12.48349712	     -0.65926369	      1.77007965	     -0.58967030	      0.83395483	     -0.17746543	     41.34855610	     -5.01217873	     -6.12592882	     56.71291374	     24.53442689	    -14.32740309	      0.00000000	     42.10526438	     -8.42232518	    -11.72904623	     54.49554933	     20.07206128	     -6.43134368	      0.00000000	    -14.87797728	      2.02964434	     -4.12098610	      8.39070913	     -8.48241101	     -4.97620024	     25.94268106	     97.36440090	      1.43107780	    -12.21176363	      0.04699077	     39.72410030	    105.73163473
      8.81666670	    -12.42526371	     -0.59556334	      2.12365642	     -0.60785362	      0.82426542	     -0.17358736	     44.36846162	     -6.35816353	     -7.26770142	     61.74718544	     26.32874779	    -13.37520232	      0.00000000	     45.35026856	     -8.49499821	    -11.12966789	     58.77374293	     22.14972917	     -5.64365383	      0.00000000	    -16.78769610	      1.99213523	     -4.15543871	      9.29790492	     -8.54765835	     -5.43481548	     26.69778997	     97.45026760	      2.14173607	    -12.53539789	     -0.10257989	     40.06942667	    105.83732225
      8.83333330	    -11.64646707	     -0.39344622	      2.67073496	     -0.59343422	      0.82123835	     -0.17816676	     44.96157586	     -7.76591785	     -8.06560398	     65.10611669	     27.61249269	    -12.38560007	      0.00000000	     46.57407625	     -8.35189326	    -10.74026946	     62.16563110	     23.76590246	     -4.07749820	      0.00000000	    -18.89325998	      1.93491192	     -4.49302036	     10.06677892	     -8.46360086	     -5.99669871	     26.90461736	     97.54447245	      2.76487612	    -12.58431140	     -0.20393436	     39.59409340	    105.90351866
      8.85000000	    -11.58550502	     -0.54024288	      2.57466156	     -0.60948231	      0.80663951	     -0.17403164	     46.53848458	     -8.23610849	     -8.84780439	     67.91371177	     29.34466864	    -11.71010870	      0.00000000	     48.92771053	     -8.82841389	     -9.98942846	     66.00202139	     25.07268692	     -3.97954090	      0.00000000	    -21.05830142	      2.13363707	     -3.97459505	     11.20700615	     -8.69655534	     -6.33932452	     27.22619585	     97.66742317	      3.81277783	    -12.96048722	     -0.20931203	     40.21544560	    105.95470512
      8.86666670	    -10.65491135	     -0.57964239	      2.80053788	     -0.61192041	      0.80048545	     -0.17368776	     47.63993604	     -8.96506300	     -9.33121278	     71.10532554	     30.15294445	    -11.21214597	      0.00000000	     49.86614510	     -9.06158806	     -9.06135998	     69.39140995	     25.34572107	     -4.15854382	      0.00000000	    -23.81570428	      2.20368609	     -3.65939088	     12.42561100	     -8.86335820	     -6.68002419	     27.48803018	     97.81240090	      4.62449193	    -13.16107503	     -0.34689651	     40.55491570	    105.95474851
      8.88333330	    -10.63910860	     -0.57061188	      2.98005375	     -0.60984581	      0.78935593	     -0.17402345	     49.05533386	     -9.47393409	     -9.57976463	     73.51662844	     31.57487599	    -10.24541236	      0.00000000	     51.63740257	     -9.31479867	     -8.65348100	     72.41757020	     25.35689475	     -4.69504284	      0.00000000	    -25.84231726	      2.36780236	     -3.82496863	     13.48937034	     -8.90090853	     -7.02146993	     27.94514985	     97.96071210	      5.12031039	    -13.60959124	     -0.46786951	     40.81189295	    105.92891193
      8.90000000	     -9.94863412	     -0.78740142	      3.01641555	     -0.61340913	      0.78354475	     -0.17394149	     49.42699487	     -9.60502424	     -9.81677094	     75.33278138	     32.85124111	     -9.10421951	      0.00000000	     52.31568876	    -10.11199018	     -8.63672697	     74.66016123	     25.23077600	     -4.75146541	      0.00000000	    -28.31839683	      2.73684705	     -3.77801032	     14.87921644	     -8.97167220	     -7.33196909	     28.14155703	     98.11782008	      6.02171316	    -13.87592933	     -0.68056338	     40.71624461	    105.85614904
      8.91666670	     -9.61371832	     -0.86344133	      2.75410647	     -0.61165450	      0.77313111	     -0.17424462	     50.28178909	     -9.79829860	     -9.73274825	     77.49297345	     34.18570794	     -8.17357165	      0.00000000	     52.77847387	    -10.82809128	     -8.62726197	     76.74454740	     26.15579475	     -3.89255130	      0.00000000	    -30.37089549	      3.04949577	     -3.68958971	     15.65592228	     -9.13658438	     -7.61988003	     28.03124061	     98.23164275	      6.65752860	    -14.04590915	     -0.86740154	     40.40933101	    105.76457043
      8.93333330	     -8.99448324	     -0.95052174	      2.58688585	     -0.59834720	      0.76579137	     -0.17822831	     49.75361251	    -10.07753166	     -9.72707718	     79.06139637	     35.93822043	     -6.65081510	      0.00000000	     52.76664513	    -11.49602267	     -8.58846671	     79.25972722	     27.47524101	     -2.88316299	      0.00000000	    -32.30557953	      3.22427651	     -3.38260108	     16.44446975	     -9.43239852	     -7.83576293	     28.68230940	     98.31903327	      7.08238472	    -13.89645839	     -1.03765830	     39.76618943	    105.62672514
      8.95000000	     -8.69137621	     -1.46520187	      2.06437563	     -0.61656082	      0.75191361	     -0.17465128	     50.61643066	     -9.69083628	     -9.82234669	     81.17588416	     37.49042419	     -6.30167842	      0.00000000	     54.42813524	    -12.14937653	     -7.61848359	     82.43785606	     28.61643333	     -3.00962961	      0.00000000	    -34.26206989	      3.76381212	     -2.79219470	     17.52698068	     -9.85323201	     -7.90726949	     29.96069799	     98.38591170	      8.12248642	    -14.04452721	     -1.27380867	     40.05098586	    105.48376889
      8.96666670	     -8.47429122	     -1.46682164	      1.98756092	     -0.62043309	      0.74071165	     -0.17439538	     51.95266546	     -9.90152312	     -9.42393014	     83.89471147	     38.64580548	     -6.33480101	      0.00000000	     56.20024272	    -12.44973792	     -7.37127074	     85.15217527	     31.23720425	     -1.09548781	      0.00000000	    -35.92096652	      3.70449872	     -2.51722258	     18.64196770	     -9.99402353	     -7.97382676	     30.86074756	     98.44356893	      8.63706006	    -14.25920848	     -1.62001974	     39.57079309	    105.32531832
      8.98333330	     -8.21537338	     -1.75641725	      1.38986489	     -0.62083965	      0.73569640	     -0.17512705	     52.75490722	     -9.57528649	     -9.27987097	     85.82106709	     38.97173649	     -6.43255147	      0.00000000	     57.45718332	    -13.30630470	     -7.02206926	     87.60100039	     32.58570175	     -0.24039741	      0.00000000	    -37.54806364	      3.69383873	     -1.59992259	     19.87532715	    -10.51379861	     -7.83430778	     31.26646852	     98.55403175	      9.38506696	    -14.35092583	     -2.15236898	     39.64274341	    105.11511865
      9.00000000	     -8.01821897	     -1.79987702	      1.17111770	     -0.62711537	      0.72319985	     -0.18605703	     53.93544696	    -10.14317853	     -8.96398957	     87.91868271	     39.30616629	     -6.77330319	      0.00000000	     59.22062064	    -12.80889467	     -6.40983685	     89.93308906	     33.66379472	     -0.82824525	      0.00000000	    -39.19780599	      3.94259894	     -1.21531501	     21.15716038	    -11.22053847	     -7.79031164	     31.23328723	     98.60335162	     10.40325498	    -14.32989188	     -2.34843701	     39.80440877	    105.02267949
      9.01666670	     -7.94390075	     -1.68910492	      0.84620340	     -0.64294800	      0.71255823	     -0.18207739	     56.71171651	    -10.67155901	     -8.28487544	     90.73848942	     39.14122298	     -7.19411455	      0.00000000	     61.36901086	    -12.29506420	     -5.87474093	     92.25113407	     34.45095535	     -1.43940598	      0.00000000	    -40.61298336	      3.75258782	     -0.86582390	     22.25578862	    -11.86873708	     -7.31546415	     31.10106873	     98.73918954	     11.52920848	    -14.56874627	     -2.55198640	     40.23696873	    104.88878480
      9.03333330	     -8.02532855	     -1.27391756	      0.15276597	     -0.64301070	      0.70528373	     -0.18098717	     59.61927082	    -10.96678963	     -7.36077643	     93.10871884	     37.98235451	     -8.32999393	      0.00000000	     62.81330820	    -12.06983383	     -5.80958196	     93.89197542	     34.89600081	     -1.87055132	      0.00000000	    -42.11360593	      3.18744990	     -0.67955546	     23.45713431	    -12.28678208	     -6.68806292	     31.21076508	     98.86849070	     12.45048365	    -14.87802206	     -2.54512627	     40.79178123	    104.79944194
      9.05000000	     -7.94297886	     -0.73619321	     -0.12236398	     -0.62395705	      0.69855192	     -0.18533755	     60.97911080	    -11.69415562	     -6.51181293	     94.79158872	     36.79349432	     -8.95933214	      0.00000000	     62.64915093	    -12.08171316	     -6.39071840	     94.83698434	     36.09723683	     -1.09399801	      0.00000000	    -43.19051188	      2.79417957	     -0.76786170	     24.09799327	    -12.62502217	     -6.17372420	     30.57427833	     98.97334131	     12.95528079	    -14.84067578	     -2.38308741	     40.65101686	    104.69917187
      9.06666670	     -8.02297516	     -0.70366736	     -0.53635795	     -0.62724208	      0.69283533	     -0.18484544	     61.62300209	    -12.08673737	     -6.56921555	     95.45560091	     36.39529072	     -9.04228157	      0.00000000	     62.85795670	    -12.51334726	     -6.40479854	     96.19176963	     37.39403241	     -0.15420138	      0.00000000	    -44.16719564	      2.80236034	     -0.62618159	     24.65138677	    -12.99444955	     -5.67250298	     30.39517578	     99.04399025	     13.42638506	    -14.70419393	     -2.27570899	     40.43521666	    104.55117039
      9.08333330	     -8.19628992	     -0.86487289	     -1.22114643	     -0.62663127	      0.68833498	     -0.18496700	     62.04842852	    -12.03072210	     -6.66001584	     96.14579302	     35.76232795	     -9.18004063	      0.00000000	     62.94958478	    -13.23965424	     -6.45493275	     97.23422674	     38.96727879	      1.56017734	      0.00000000	    -44.97689049	      2.69855279	     -0.21755342	     25.20074097	    -13.36191386	     -5.15661513	     29.98783693	     99.10597059	     13.63598289	    -14.41215523	     -2.33811733	     40.20070937	    104.35363940
      9.10000000	     -8.47084185	     -0.97428376	     -1.65681284	     -0.63047711	      0.68765257	     -0.18456215	     62.43961640	    -11.96870654	     -6.84843398	     96.51211769	     35.09414685	     -9.50363671	      0.00000000	     63.31392182	    -13.82729396	     -6.56643384	     97.92009235	     40.29119718	      3.01465202	      0.00000000	    -45.71196743	      2.77594483	     -0.25361732	     25.61586328	    -13.34499010	     -4.89269539	     30.13031554	     99.10005294	     14.02388136	    -14.31678567	     -2.52053808	     39.76996659	    104.12906814
      9.11666670	     -8.86719242	     -1.58445364	     -1.53485285	     -0.63001087	      0.68273696	     -0.18550293	     62.10304026	    -11.76925826	     -7.34857548	     96.42731025	     35.97776961	     -8.77930178	      0.00000000	     64.43260867	    -14.39161945	     -5.91416636	     98.87743038	     40.99039838	      4.27550962	      0.00000000	    -46.28393272	      3.47806054	     -0.12000851	     25.34215623	    -13.34367613	     -4.75469525	     29.92891715	     99.08323038	     14.34651095	    -14.17259340	     -2.65983998	     39.43389426	    103.96137693
      9.13333330	     -9.13387283	     -2.10709312	     -1.28092812	     -0.63248690	      0.68220043	     -0.18552127	     61.71293142	    -11.58391575	     -7.79008042	     96.26865429	     36.79547418	     -8.15765731	      0.00000000	     65.30916944	    -14.71925958	     -5.38439304	     99.41103492	     41.47628327	      5.20744153	      0.00000000	    -46.72931484	      4.05097262	     -0.00732164	     25.04651633	    -13.35514533	     -4.61137783	     29.82593770	     99.05915730	     14.71156122	    -14.09358333	     -2.82307350	     39.14251827	    103.81210322
      9.15000000	     -8.90232144	     -2.70785278	     -1.05740733	     -0.63068419	      0.68294896	     -0.18646589	     61.16136666	    -11.54479996	     -8.39807616	     96.03465354	     36.93839024	     -7.27446854	      0.00000000	     66.08707411	    -15.04797133	     -4.56764186	    100.21551862	     41.02809218	      5.20114338	      0.00000000	    -47.07543845	      4.53089643	      0.42365548	     25.08576291	    -13.67031777	     -4.44231364	     29.84820318	     99.02438016	     14.81083225	    -13.63410290	     -3.17845621	     38.88002036	    103.59632455
      9.16666670	     -8.09068473	     -3.21646658	     -0.89856620	     -0.63325665	      0.68797589	     -0.18662474	     60.24453858	    -11.15379474	     -8.84020974	     95.23899999	     37.79706517	     -6.14588433	      0.00000000	     65.75734159	    -15.28716345	     -4.19228427	    100.51368846	     39.82347801	      4.31596977	      0.00000000	    -47.77943320	      4.99599735	      0.65717776	     25.19356385	    -13.85852808	     -4.24608716	     30.21948703	     98.98865733	     14.92781229	    -13.29821614	     -3.71177682	     38.78130807	    103.33780415
      9.18333330	     -8.10492594	     -3.21377121	     -0.82842024	     -0.63090429	      0.68927758	     -0.18680185	     59.58613045	    -10.97888467	     -8.96736984	     94.40781736	     38.60134505	     -5.55586772	      0.00000000	     65.49576223	    -15.27449562	     -4.38510705	     99.96634095	     39.67622800	      4.05614422	      0.00000000	    -47.91103629	      4.95026033	      0.43825524	     25.36990577	    -13.73952321	     -4.05728557	     31.14878930	     98.96933974	     15.07212178	    -13.33635424	     -4.13918343	     38.54877119	    103.11608438
      9.20000000	     -8.12252566	     -3.12672883	     -0.95487521	     -0.63323514	      0.69419704	     -0.18615668	     59.33013080	    -10.70401111	     -8.90182565	     93.59988022	     39.40238952	     -4.86438680	      0.00000000	     65.05596253	    -15.32853623	     -4.73247320	     99.15002480	     38.68823181	      3.15265474	      0.00000000	    -48.06372890	      4.74932597	      0.42882187	     25.71654335	    -13.62982774	     -3.99853058	     31.20602963	     98.97993525	     15.59582143	    -13.31514750	     -4.38975468	     38.30239713	    102.93657334
      9.21666670	     -8.12517724	     -2.86085972	     -0.99856916	     -0.63196382	      0.69471875	     -0.18650335	     59.41335663	    -10.83273549	     -8.71635877	     93.39095108	     39.51636572	     -5.04386144	      0.00000000	     64.73408201	    -15.06996485	     -5.17577589	     98.25092772	     38.72751973	      3.31182712	      0.00000000	    -47.72058648	      4.48528660	      0.06334106	     26.02513238	    -13.38791694	     -3.90065832	     31.44543520	     99.02431914	     15.94968906	    -13.36763420	     -4.56322000	     37.53520497	    102.79562390
      9.23333330	     -8.33889188	     -2.66084112	     -1.32467693	     -0.63343110	      0.69955347	     -0.18595284	     59.77002653	    -10.77436450	     -8.74194726	     92.87958535	     38.33266640	     -5.68641995	      0.00000000	     64.31446421	    -14.96163689	     -5.62104555	     97.12284802	     38.22675313	      2.77522842	      0.00000000	    -46.96583806	      4.34834812	     -0.00841705	     26.24035153	    -13.28416394	     -3.79994741	     31.56184854	     99.07501719	     16.25721833	    -13.27001852	     -4.56745339	     37.38942041	    102.69226229
      9.25000000	     -8.64828206	     -2.10732648	     -1.23067561	     -0.64930765	      0.70676040	     -0.18135807	     60.62065829	    -10.71032571	     -8.59126259	     91.99352035	     36.50177499	     -7.44618806	      0.00000000	     64.05844443	    -14.43435510	     -6.39934528	     95.03896627	     37.40214638	      2.66637973	      0.00000000	    -46.11432199	      3.77145748	     -0.29386285	     26.31284355	    -13.04597896	     -3.62820737	     31.85493977	     99.13487590	     16.66024663	    -13.56248377	     -4.39696598	     37.82659139	    102.63231470
      9.26666670	     -9.30416678	     -2.03017981	     -1.44616033	     -0.65014527	      0.71182065	     -0.18126293	     60.65116716	    -10.14042550	     -8.78358457	     90.31341253	     34.71693686	     -8.54661172	      0.00000000	     63.88897310	    -14.56332930	     -6.80752192	     93.06128641	     35.09703677	      1.66072335	      0.00000000	    -44.99260635	      3.50016040	     -0.11228612	     26.45767451	    -12.99945776	     -3.45557177	     32.12447903	     99.20217811	     16.75264362	    -13.66380732	     -4.10522302	     38.58838338	    102.60256950
      9.28333330	     -8.93089102	     -2.04828319	     -1.17618510	     -0.64524418	      0.71846339	     -0.18067682	     60.07241943	     -9.54786292	     -8.69328536	     89.50345852	     33.90013991	     -9.62678959	      0.00000000	     62.76020692	    -14.65485482	     -7.19166796	     91.59758361	     32.81973061	     -0.16231235	      0.00000000	    -44.47356607	      3.37549666	      0.02337196	     25.69240266	    -12.92269688	     -3.25120709	     31.67454638	     99.28262446	     16.49954654	    -13.66580561	     -3.93522932	     39.50623362	    102.55662342
      9.30000000	     -8.85444144	     -2.58222897	     -0.21317302	     -0.62605733	      0.73471831	     -0.17446830	     56.96589381	     -9.06029528	    -10.01468457	     86.36543562	     33.78855196	     -9.47809617	      0.00000000	     61.11435165	    -15.04096973	     -7.19326494	     89.39449851	     29.39912501	     -1.35313332	      0.00000000	    -43.71500099	      4.10818502	     -0.18910602	     24.49428837	    -12.52692331	     -3.21133476	     31.24581742	     99.32207948	     16.03072823	    -13.77584168	     -3.78414037	     39.72050841	    102.52310887
      9.31666670	     -8.40073408	     -3.35129697	      0.34352432	     -0.62372829	      0.75293093	     -0.17563830	     53.13128115	     -8.04075660	    -11.35400868	     82.37635909	     32.70978568	     -9.70689860	      0.00000000	     58.51070162	    -15.47738591	     -6.95374300	     86.64093757	     27.96779536	     -1.34167314	      0.00000000	    -43.46464948	      4.89905841	     -0.12309793	     23.84672189	    -12.16828303	     -3.17844300	     30.44937801	     99.37696745	     15.86408328	    -13.68535218	     -3.72534767	     39.25501942	    102.47232073
      9.33333330	     -7.88984615	     -3.84073348	      0.91601903	     -0.62546153	      0.75862553	     -0.17563870	     51.13094261	     -7.33542411	    -12.02807299	     80.28868786	     32.86306425	     -9.79410272	      0.00000000	     56.77123221	    -15.62979309	     -6.59650387	     84.95035077	     27.32265645	     -1.29467030	      0.00000000	    -43.04684341	      5.43562416	     -0.32064315	     22.97758889	    -11.81813856	     -3.11173281	     29.92167053	     99.43462600	     15.17308957	    -13.53046351	     -3.79307909	     38.43710828	    102.38724113
      9.35000000	     -7.78461411	     -3.98088670	      1.60382678	     -0.62347517	      0.77058650	     -0.17645390	     49.49300222	     -6.97372554	    -12.42829709	     77.98733749	     32.51726445	     -9.98154586	      0.00000000	     54.99225963	    -15.40772899	     -6.80540607	     82.50648215	     26.72083547	     -0.73202924	      0.00000000	    -42.16471260	      5.84280461	     -0.78644569	     22.04094729	    -11.47334876	     -2.98527307	     29.45504843	     99.47579266	     14.76819880	    -13.40477635	     -3.74389812	     37.97385885	    102.31359998
      9.36666670	     -8.09267479	     -3.85992620	      1.77086320	     -0.64509309	      0.77572972	     -0.18313314	     49.92936160	     -7.04018793	    -12.28261490	     76.54124499	     31.63756454	    -10.48796804	      0.00000000	     55.05513103	    -14.52466170	     -7.31503641	     80.38200462	     25.49182295	     -2.28266331	      0.00000000	    -41.12755961	      5.80610294	     -1.03084123	     21.89703533	    -11.53337378	     -2.67726107	     29.26049746	     99.52702174	     14.63385797	    -13.35579227	     -3.53398043	     38.28829239	    102.27700742
      9.38333330	     -8.68985369	     -3.36928707	      2.21195855	     -0.64104020	      0.78667576	     -0.18319104	     49.80350894	     -7.56906182	    -12.07838041	     74.21368061	     30.48269169	    -10.31438976	      0.00000000	     54.47921798	    -13.31595059	     -8.28186666	     77.20896757	     23.21491085	     -3.48490348	      0.00000000	    -39.58169262	      5.52931040	     -1.74955542	     21.53846982	    -11.44613042	     -2.36144800	     28.79988546	     99.56677300	     14.40850229	    -13.37563358	     -3.21796837	     38.52685691	    102.27519561
      9.40000000	     -9.32818287	     -3.11112845	      2.62814056	     -0.64061548	      0.80153664	     -0.18325735	     48.75917774	     -7.70678135	    -12.18961301	     70.49783520	     29.10069398	    -10.37148037	      0.00000000	     53.31196318	    -12.24526548	     -8.76768185	     73.22516842	     21.91010149	     -3.49350290	      0.00000000	    -38.11516578	      5.41978230	     -2.24524133	     21.26471012	    -11.47543372	     -2.07674953	     28.44953100	     99.60034565	     14.10962333	    -13.37983101	     -2.91104608	     38.84140047	    102.29357377
      9.41666670	     -8.43260926	     -3.32063306	      3.12505694	     -0.61648955	      0.81790797	     -0.17768149	     45.08513235	     -7.19739507	    -12.80580880	     66.63142482	     27.80370768	    -10.16604306	      0.00000000	     50.57847552	    -11.84212375	     -8.03773073	     70.55821035	     20.90469955	     -3.30532748	      0.00000000	    -37.38589502	      5.59548384	     -2.35285287	     20.55123097	    -11.35292114	     -1.79040870	     27.35682517	     99.65330446	     13.62751655	    -13.15006983	     -2.69406097	     38.40329254	    102.28573624
      9.43333330	     -7.63218205	     -3.03171898	      3.60664196	     -0.60052130	      0.82751638	     -0.18201468	     41.38239881	     -7.26800608	    -13.20437849	     63.61038293	     26.55937549	    -10.23501737	      0.00000000	     46.71704057	    -11.21396628	     -8.28306400	     67.38047299	     20.96616398	     -2.08923245	      0.00000000	    -36.07887548	      5.53265139	     -3.08322834	     19.16373566	    -10.90887302	     -1.53992716	     26.37672995	     99.67766191	     12.89630307	    -12.99265730	     -2.39492549	     37.74139178	    102.26844804
      9.45000000	     -8.21968985	     -2.56102455	      3.56495386	     -0.63836246	      0.82687567	     -0.18384600	     41.41399219	     -7.55082971	    -13.10440881	     61.76755808	     25.46246069	    -10.78138492	      0.00000000	     46.48593098	     -9.96565464	     -8.46960641	     64.45601541	     20.25076928	     -2.64799872	      0.00000000	    -34.19628440	      4.96021413	     -3.56293828	     18.73287979	    -10.82198282	     -1.22928872	     26.65499535	     99.69806893	     12.50537151	    -13.11485196	     -1.96455813	     37.83993144	    102.27277209
      9.46666670	     -8.33007196	     -2.34436532	      3.82455674	     -0.61774469	      0.84143696	     -0.17704507	     40.02820687	     -7.39603443	    -13.14516912	     59.27234685	     24.27241355	    -10.53315462	      0.00000000	     44.91808289	     -9.48968337	     -8.74656612	     61.31116131	     18.09666455	     -2.84131436	      0.00000000	    -32.02305245	      4.69018249	     -4.08612109	     17.54622759	    -10.36264608	     -1.01933866	     26.07289308	     99.69421816	     11.86225953	    -13.16450110	     -1.34839794	     37.93735490	    102.30727251
      9.48333330	     -8.60717686	     -2.61418048	      4.35856089	     -0.61526054	      0.85849299	     -0.17772743	     37.69531891	     -6.60901242	    -13.96733663	     54.68643296	     22.86763576	    -10.92233196	      0.00000000	     43.37560779	     -9.30326540	     -8.59104787	     57.62432420	     16.51665920	     -2.89560555	      0.00000000	    -29.94411607	      5.02849803	     -4.54437231	     15.98533320	    -10.01755847	     -1.05616601	     25.91899007	     99.62782536	     10.82965791	    -13.09453374	     -0.76276837	     38.34312043	    102.34803944
      9.50000000	     -8.18834386	     -2.35200890	      4.18436562	     -0.61586265	      0.87398714	     -0.17738809	     35.51860437	     -5.88996659	    -13.45027205	     51.18932477	     20.57521493	    -11.89615276	      0.00000000	     40.33434912	     -8.81982988	     -9.06310473	     53.07573020	     14.72321579	     -3.34771086	      0.00000000	    -28.88145973	      4.55727489	     -4.98525700	     15.07440222	     -9.50607107	     -1.05260961	     25.94885446	     99.57691328	     10.11982397	    -13.33930157	     -0.24579365	     38.78053821	    102.40387158
      9.51666670	     -8.29574099	     -2.15185794	      4.61430443	     -0.61410244	      0.88117226	     -0.17814949	     32.67490745	     -5.39816485	    -13.72414467	     45.71138000	     17.38564066	    -13.45117176	      0.00000000	     37.61765450	     -8.13192009	     -9.62806605	     47.88966515	     12.62764042	     -3.26300748	      0.00000000	    -27.43700343	      4.27405649	     -5.56998085	     13.77249560	     -9.13257853	     -1.19176127	     26.21176811	     99.49293721	      9.12871620	    -13.38195125	      0.35195415	     38.91379039	    102.47648772
      9.53333330	     -8.66240587	     -2.32986790	      4.93538165	     -0.61322129	      0.88684477	     -0.17806458	     30.52476354	     -4.63992152	    -13.97554000	     40.65340473	     14.57546044	    -14.68921098	      0.00000000	     35.96630890	     -7.72350133	     -9.73647102	     43.56084576	     11.72688114	     -2.99384799	      0.00000000	    -25.71404426	      4.42918407	     -5.92773460	     12.50258656	     -9.01588773	     -1.40254609	     26.77554068	     99.39084942	      7.99374449	    -13.37770792	      0.90247804	     39.23573633	    102.54349298
      9.55000000	     -8.75922811	     -1.94074681	      5.01499098	     -0.59286453	      0.89701872	     -0.18260853	     27.99742891	     -4.51730805	    -13.54043274	     36.60308205	     13.13758478	    -14.48458318	      0.00000000	     32.92475649	     -6.81574720	    -10.46232455	     38.53394130	     11.38149172	     -1.67295337	      0.00000000	    -23.64621487	      3.89642156	     -6.27036029	     11.20317240	     -8.77881221	     -1.58781322	     26.40284359	     99.30744981	      6.67113709	    -13.10708089	      1.26113690	     38.61862412	    102.55172145
      9.56666670	     -9.51879067	     -1.85372718	      4.91681437	     -0.59292223	      0.90695500	     -0.18226339	     25.90226464	     -3.85041819	    -13.19557335	     31.26748273	     12.62136283	    -13.61674552	      0.00000000	     31.04818444	     -6.18364673	    -11.00449130	     34.17964522	     10.83511079	     -1.02514664	      0.00000000	    -20.92142191	      3.58579628	     -6.34806276	      9.56335860	     -8.72228992	     -1.58233336	     25.88846092	     99.28038610	      5.10857893	    -12.67828374	      1.58948644	     38.38737194	    102.57485415
      9.58333330	     -9.24294420	     -1.50804697	      4.82655003	     -0.59077286	      0.91491519	     -0.18259503	     22.90406481	     -3.35890586	    -12.02476256	     25.85055023	     11.63809646	    -13.14654235	      0.00000000	     27.83595546	     -5.18584949	    -11.28647396	     29.02385639	      9.51819770	     -0.16351735	      0.00000000	    -19.68449420	      3.13400491	     -6.59073116	      8.77085045	     -8.54002844	     -1.60675689	     26.03626103	     99.17489183	      3.92050396	    -12.41951979	      2.20438332	     37.54208397	    102.60114968
      9.60000000	    -10.08974593	     -1.30229650	      4.51193959	     -0.58957648	      0.91943312	     -0.18214573	     22.12829897	     -3.06171662	    -11.27929433	     21.98823547	     10.51801854	    -12.53741492	      0.00000000	     26.54404175	     -4.44632999	    -11.58488130	     25.00853369	      8.38772170	      0.32921024	      0.00000000	    -17.39095463	      2.73630328	     -6.50853576	      7.50361176	     -8.48001059	     -1.55002689	     25.81270148	     99.13141350	      2.47468108	    -12.18696814	      2.57418933	     37.37720916	    102.62524406
      9.61666670	    -10.72308984	     -0.75262594	      3.96007133	     -0.58618789	      0.92043605	     -0.18211611	     21.66986414	     -3.13476591	    -10.14463582	     19.71181654	      9.65983598	    -12.51248523	      0.00000000	     24.68614197	     -3.38504073	    -11.91390798	     20.43982933	      7.03061545	      0.54291135	      0.00000000	    -15.24814282	      2.07712171	     -6.69820908	      6.55299740	     -8.45333079	     -1.41277793	     25.99624670	     99.05494779	      0.93746836	    -12.02879434	      3.09336430	     36.99501394	    102.65785625
      9.63333330	    -11.40345825	     -0.32682198	      3.38825997	     -0.58541748	      0.92919881	     -0.18167582	     20.70883032	     -3.02092080	     -9.20261232	     16.61137622	      7.94786515	    -13.19780328	      0.00000000	     22.97753718	     -2.39438448	    -11.72082452	     16.45278401	      6.27120621	      0.62736434	      0.00000000	    -13.24335640	      1.51000899	     -6.60565709	      5.78999816	     -8.42355335	     -1.00823985	     26.21175246	     98.94297222	     -0.29707277	    -11.97437241	      3.67290305	     36.79834593	    102.66481574
      9.65000000	    -11.63818466	     -0.00938510	      3.19812490	     -0.58268912	      0.93474386	     -0.18162085	     18.81085478	     -2.89278938	     -8.85122024	     12.34732002	      5.43052433	    -13.62567059	      0.00000000	     20.42183815	     -1.41124116	    -11.41537909	     10.97056530	      4.14267338	      0.61867224	      0.00000000	    -11.71480771	      1.10279047	     -6.80414701	      4.96956046	     -8.30018211	     -0.76653759	     26.65036610	     98.77079817	     -1.29747552	    -12.03827344	      4.15431812	     36.66639368	    102.65567761
      9.66666670	    -11.97842785	      0.38691962	      2.41817979	     -0.58203037	      0.93828999	     -0.18094004	     18.10794097	     -2.92853023	     -8.35283384	     10.02309244	      3.36148223	    -13.90011832	      0.00000000	     17.73417100	     -0.52359065	    -10.99034739	      5.44226588	      2.61206429	      1.34174741	      0.00000000	    -10.10801392	      0.42465379	     -6.22052263	      4.36785347	     -8.42451981	     -0.47808343	     27.51905496	     98.61740486	     -2.18280411	    -11.99973357	      4.37299728	     36.81925658	    102.60530082
      9.68333330	    -12.27443948	      0.63230377	      1.85560468	     -0.57924741	      0.93812100	     -0.18041842	     16.80976195	     -2.69587225	     -7.88146308	      6.38797808	      1.10397601	    -14.34201438	      0.00000000	     15.58649148	      0.16445019	    -10.34950150	      0.67683568	      1.03743033	      1.12552807	      0.00000000	     -8.94237910	      0.04673484	     -5.65879109	      4.07551968	     -8.53454421	     -0.11208539	     28.15776257	     98.48864313	     -3.08709526	    -11.96437032	      4.72969053	     36.82830167	    102.57589368
      9.70000000	    -13.02191631	      0.65646313	      1.43766560	     -0.58066527	      0.94000346	     -0.17945284	     16.51292771	     -2.34977609	     -7.84896876	      3.62321837	     -0.50648619	    -14.08160821	      0.00000000	     15.97635271	      0.18605041	    -10.38332453	      0.00000000	      1.54416988	      1.32453876	      0.00000000	     -7.21641389	     -0.16134040	     -5.62333884	      3.56261997	     -8.54160875	      0.03466646	     29.01541074	     98.41498512	     -4.17369115	    -11.94753163	      4.88489793	     36.95758542	    102.54328631
      9.71666670	    -13.36703993	      0.74466882	      1.19502876	     -0.55917126	      0.94114914	     -0.17257825	     15.42407082	     -1.95044020	     -7.47842215	      1.16908782	     -2.22552715	    -14.19868744	      0.00000000	     15.78062758	      0.05933386	    -10.47740192	      0.00000000	      2.17918144	      1.76349123	      0.00000000	     -5.61149921	     -0.61374911	     -5.79533936	      2.53894903	     -8.28054716	      0.16089272	     30.02325048	     98.28506968	     -5.37208080	    -12.21530289	      4.78673856	     37.30234185	    102.40820589
      9.73333330	    -13.39797422	      0.81205739	      0.56737200	     -0.56080378	      0.93950550	     -0.17172301	     14.79130960	     -1.60193854	     -7.28200198	      0.25491219	     -2.73944172	    -13.91172179	      0.00000000	     15.19102348	     -0.11830699	    -10.88454671	      0.00000000	      2.70357554	      1.46927423	      0.00000000	     -4.54476216	     -0.96601261	     -5.77485354	      1.84753616	     -8.16465809	      0.19452856	     30.07939880	     98.26102867	     -6.22592528	    -12.32096986	      4.76948342	     37.21709122	    102.38382249
      9.75000000	    -13.25133912	      0.80630013	      0.33970099	     -0.56029642	      0.93445617	     -0.17166145	     14.36829421	     -1.38111494	     -7.10170111	      0.00000000	     -3.05958141	    -13.86556815	      0.00000000	     14.53524273	     -0.24462679	    -10.91633703	      0.00000000	      2.91807695	      1.41569309	      0.00000000	     -3.65797085	     -1.08581268	     -5.74766091	      1.34097680	     -8.13450116	      0.23538179	     30.03926091	     98.24505844	     -6.76104786	    -12.44731016	      4.74573434	     37.15862005	    102.36495220
      9.76666670	    -13.57021598	      0.77613342	      0.29301771	     -0.56161070	      0.93318503	     -0.17132186	     14.53879094	     -1.17030494	     -6.39195544	      0.00000000	     -2.72841108	    -14.37354824	      0.00000000	     14.68333644	     -0.26662333	    -10.75246350	      0.00000000	      3.89295307	      1.92455570	      0.00000000	     -2.33230161	     -1.24457696	     -5.82806667	      0.87960245	     -8.17300414	      0.45699530	     29.97760058	     98.13355017	     -7.21924650	    -12.52000552	      4.67368439	     37.21788864	    102.25830784
      9.78333330	    -13.43421693	      0.66163517	      0.42181210	     -0.56130473	      0.93377085	     -0.17165784	     14.22638174	     -0.97251473	     -5.91673284	      0.00000000	     -2.32657360	    -14.52914058	      0.00000000	     14.34301729	     -0.36278308	    -10.64746413	      0.00000000	      4.12741136	      1.92164428	      0.00000000	     -1.92657445	     -1.19445970	     -5.80268176	      0.56329741	     -8.18469595	      0.50970017	     29.81754869	     98.11265938	     -7.34856376	    -12.58804089	      4.65467928	     37.16184057	    102.24086786
      9.80000000	    -13.48142170	      0.61282151	      0.63776187	     -0.56272268	      0.93351450	     -0.17147840	     14.23224059	     -0.94179771	     -5.66302790	      0.00000000	     -1.81853399	    -14.82216022	      0.00000000	     14.45325358	     -0.39648290	    -10.56791327	      0.00000000	      4.20305278	      1.93339932	      0.00000000	     -1.74256259	     -1.24194535	     -5.85337302	      0.33016538	     -8.13601119	      0.54606132	     29.73361337	     98.07630849	     -7.14871387	    -12.66651876	      4.61929931	     37.11465325	    102.21833501
      9.81666670	    -13.56856086	      0.52830329	      0.89380542	     -0.56214588	      0.92911141	     -0.17163013	     14.14071275	     -0.89544147	     -5.50290837	      0.00000000	     -1.53130746	    -15.01198549	      0.00000000	     14.59344099	     -0.43828448	    -10.38902183	      0.00000000	      4.39388456	      1.92271492	      0.00000000	     -1.55261145	     -1.25731362	     -5.81752286	      0.14295777	     -8.09104388	      0.54313290	     29.61108841	     98.03268217	     -6.93963732	    -12.74217950	      4.58689311	     37.02279580	    102.19746234
      9.83333330	    -13.56528558	      0.44114434	      1.13925111	     -0.56267668	      0.92940547	     -0.17167336	     13.99274390	     -0.85648646	     -5.42206153	      0.00000000	     -1.51669137	    -15.01607970	      0.00000000	     14.65386103	     -0.49976581	    -10.40979693	      0.00000000	      4.40350458	      1.91435769	      0.00000000	     -1.49814313	     -1.29083591	     -5.81191890	      0.11304046	     -8.09180108	      0.53834771	     29.59513238	     98.02839821	     -6.93321734	    -12.70734197	      4.58942062	     37.02334793	    102.19591030
      9.85000000	    -13.10994012	      0.04966187	      1.55403705	     -0.56127874	      0.93136404	     -0.17259145	     13.32873858	     -0.51147782	     -5.18584738	      0.00000000	     -2.13479242	    -16.35845629	      0.00000000	     14.17062034	     -0.86439820	     -9.89581891	      0.00000000	      4.65092419	      2.22802777	      0.00000000	     -1.80882523	     -0.90132478	     -5.89705259	      0.14515529	     -7.95889387	      0.09517230	     28.84510697	     97.78647604	     -6.47998735	    -12.41286467	      4.37965052	     36.52714627	    102.11565999
      9.86666670	    -13.07973314	     -0.02820677	      1.51046933	     -0.56143392	      0.93653775	     -0.17276925	     13.40320150	     -0.44357651	     -5.08577105	      0.34753084	     -2.16351012	    -16.39740296	      0.00000000	     14.16147699	     -0.96916135	     -9.95754186	      0.00000000	      4.51186373	      2.30232091	      0.00000000	     -1.84978409	     -0.79605657	     -5.95558262	      0.10204651	     -7.97778031	      0.05034433	     28.79756004	     97.76751464	     -6.50589496	    -12.26480400	      4.38947662	     36.53000620	    102.11284959
      9.88333330	    -13.11503074	     -0.15756556	      1.34653663	     -0.56080766	      0.93691504	     -0.17307251	     13.82082985	     -0.39877579	     -5.05378060	      0.77153854	     -2.32117572	    -16.50974257	      0.00000000	     14.24615143	     -1.15059235	    -10.27073025	      0.00000000	      4.34748801	      2.32501503	      0.00000000	     -2.07706907	     -0.43325434	     -5.92058183	      0.35218043	     -8.01507605	     -0.07641164	     28.79835799	     97.72577365	     -6.54103095	    -12.16328297	      4.33474472	     36.51085461	    102.10206490
      9.90000000	    -13.49826106	     -0.14261243	      1.14848732	     -0.56138202	      0.93618253	     -0.17250592	     14.50479435	     -0.43597875	     -4.65267424	      0.92349139	     -2.95375462	    -17.46019404	      0.00000000	     14.67611976	     -1.17808302	    -10.70533009	      0.00000000	      4.14944864	      2.54511899	      0.00000000	     -1.63033751	     -0.40783567	     -6.25246940	      0.64504345	     -7.77794306	     -1.00693023	     28.43583021	     97.41817761	     -6.49694770	    -12.12766230	      3.69341446	     36.65998669	    102.03463108
      9.91666670	    -13.51920194	     -0.15637654	      1.07634014	     -0.56074192	      0.93652972	     -0.17282516	     14.63194013	     -0.47111982	     -4.66465831	      0.84645021	     -3.14179568	    -17.37526679	      0.00000000	     14.71477585	     -1.19649026	    -10.81431878	      0.00000000	      4.18644593	      2.49750977	      0.00000000	     -1.65677051	     -0.23890393	     -6.44455355	      0.73572982	     -7.80792963	     -1.05807209	     28.45598741	     97.40194265	     -6.18806326	    -12.20750369	      3.64201939	     36.77444362	    102.03436999
      9.93333330	    -13.69186774	     -0.17625939	      0.96480040	     -0.58207849	      0.92928832	     -0.17872140	     15.73717814	     -0.60794248	     -4.87767832	      1.55925166	     -3.54085057	    -17.56410515	      0.00000000	     15.31145963	     -1.07423410	    -10.92651075	      0.00000000	      4.22447128	      2.26331492	      0.00000000	     -2.20085940	      0.10819015	     -6.54786167	      1.50475129	     -8.02360388	     -1.21056582	     28.68212607	     97.35271268	     -5.44806432	    -12.27618597	      3.61063892	     37.13740451	    102.06123459
      9.95000000	    -14.34650962	     -0.08661061	      0.94713362	     -0.58100022	      0.93414789	     -0.17912780	     17.47602624	     -0.89688209	     -4.58992859	      2.68078587	     -3.91913201	    -18.39814347	      0.00000000	     16.39144723	     -0.85239790	    -10.66400399	      0.00000000	      3.46683685	      1.66477649	      0.00000000	     -1.96507218	      0.15982834	     -6.62299504	      1.78143212	     -8.09793698	     -1.62887987	     29.02856184	     97.20432675	     -5.07397094	    -12.36551815	      3.74663846	     38.00849122	    102.25629971
      9.96666670	    -14.64065773	     -0.03670821	      0.85100156	     -0.58077051	      0.92908536	     -0.17859021	     18.70552832	     -1.09379802	     -4.43874040	      3.82843633	     -3.95489964	    -18.87376372	      0.00000000	     17.07127100	     -0.70636984	    -10.51713884	      0.00000000	      2.90390570	      0.95623366	      0.00000000	     -2.20859715	      0.30085216	     -6.42628917	      2.03741929	     -8.38969187	     -1.75690251	     29.54029979	     97.14441850	     -4.63154450	    -12.43675211	      3.88059196	     38.73635784	    102.44321815
      9.98333330	    -14.90731431	      0.00803987	      0.76979046	     -0.57905367	      0.92981584	     -0.17863395	     19.41691221	     -1.25123591	     -4.40113598	      4.24750292	     -4.06185197	    -18.99378739	      0.00000000	     17.65514270	     -0.57767942	    -10.12733041	      0.00000000	      2.34893537	      0.35095378	      0.00000000	     -2.29383965	      0.41657440	     -6.31070761	      2.05919405	     -8.55645395	     -2.00319133	     30.04791904	     97.07855964	     -4.23778442	    -12.55217740	      3.93569953	     39.73645072	    102.65681703
     10.00000000	    -14.88360901	     -0.06338921	      1.11011401	     -0.55842679	      0.93239403	     -0.17220087	     18.82544215	     -1.22098727	     -4.39486540	      3.84410245	     -4.37323361	    -18.69470028	      0.00000000	     17.47621465	     -0.64457140	     -9.62333171	      0.00000000	      2.25514241	      0.51927593	      0.00000000	     -2.05102714	      0.42623760	     -6.53524128	      1.48250351	     -8.43140043	     -2.16074308	     30.07522551	     97.05008410	     -4.34418537	    -12.66592033	      3.88241190	     40.03886260	    102.72946287
     10.01666670	    -14.85465687	     -0.09465358	      1.32310500	     -0.55693410	      0.93314549	     -0.17221042	     18.22907299	     -1.16921073	     -4.32747853	      3.41882675	     -4.22168925	    -18.59479935	      0.00000000	     17.16309707	     -0.74709465	     -9.47013420	      0.00000000	      2.31770956	      0.36303991	      0.00000000	     -1.86926822	      0.38523816	     -6.47128260	      1.03448388	     -8.34445054	     -2.26764596	     29.95999603	     97.03456398	     -4.54398521	    -12.83156071	      3.80741548	     40.24139454	    102.77304819
     10.03333330	    -14.83843202	     -0.14257614	      1.80201930	     -0.55719454	      0.93303354	     -0.17231364	     17.46003578	     -1.11207665	     -4.27202480	      2.55380960	     -4.15989646	    -18.38649063	      0.00000000	     16.86400359	     -0.80277413	     -9.12431861	      0.00000000	      2.38998408	      0.39692629	      0.00000000	     -1.62511519	      0.31989713	     -6.53184694	      0.60533916	     -8.17691565	     -2.41782217	     29.75327228	     97.01412028	     -4.59712228	    -12.93987494	      3.71892853	     40.54082540	    102.82315208
     10.05000000	    -14.63462596	     -0.26638962	      2.32963888	     -0.55664328	      0.93366825	     -0.17315174	     16.10115658	     -0.96784882	     -4.53216040	      0.73310090	     -4.52512663	    -17.78237349	      0.00000000	     16.52049509	     -0.86469309	     -8.69707885	      0.00000000	      2.84767644	      0.70321027	      0.00000000	     -1.75836811	      0.41918129	     -6.80810367	      0.56973099	     -7.97185337	     -3.00262979	     29.29132086	     96.93783916	     -4.76415632	    -13.01111966	      3.54345037	     41.14706030	    102.99799312
     10.06666670	    -14.68445098	     -0.26729371	      2.62616014	     -0.55781465	      0.93306143	     -0.17324986	     15.56982433	     -0.97243732	     -4.57755409	      0.00000000	     -4.36103158	    -17.81460669	      0.00000000	     16.47388801	     -0.86868977	     -8.72827665	      0.00000000	      2.88930132	      0.74975493	      0.00000000	     -1.54759464	      0.25626168	     -6.69304399	      0.56711793	     -7.77519131	     -3.06519696	     29.25526858	     96.93692526	     -4.97418993	    -13.12534061	      3.45006006	     41.09631240	    103.02814736
     10.08333330	    -14.58937837	     -0.23581191	      2.83429036	     -0.55746356	      0.93343713	     -0.17343950	     15.27348304	     -1.03204883	     -5.16473842	      0.00000000	     -4.07652699	    -17.46775214	      0.00000000	     16.22756631	     -0.83101936	     -8.97563897	      0.00000000	      3.40506025	      1.55851544	      0.00000000	     -1.45583603	      0.12455569	     -6.97346050	      0.64235239	     -7.28045297	     -3.95407148	     29.05917555	     96.90454118	     -5.36111539	    -13.14982963	      2.71233045	     41.46775296	    103.35131535
     10.10000000	    -14.63447357	     -0.23316735	      3.08661307	     -0.55861369	      0.93280984	     -0.17341380	     15.22552740	     -1.04154913	     -5.49086407	      0.00000000	     -4.04162758	    -17.60634461	      0.00000000	     16.25276002	     -0.80854657	     -8.98701700	      0.00000000	      3.33807720	      1.56513151	      0.00000000	     -1.28378312	     -0.02479191	     -6.89924739	      0.72119899	     -7.12538780	     -3.96030754	     29.06943686	     96.92320213	     -4.99365571	    -13.36775216	      2.56673733	     41.69812071	    103.39754045
     10.11666670	    -14.60695779	     -0.26536828	      3.26948133	     -0.55815249	      0.93285938	     -0.17361625	     15.11526759	     -1.01840553	     -5.64122541	      0.00000000	     -4.10305117	    -17.64484429	      0.00000000	     16.18195169	     -0.82852466	     -8.99970251	      0.00000000	      3.29424961	      1.61828445	      0.00000000	     -1.04213974	     -0.03608973	     -6.92391195	      0.79167442	     -7.03955104	     -3.95909048	     29.08147785	     96.93051132	     -4.73063578	    -13.33728505	      2.52695220	     41.86448369	    103.41712888
     10.13333330	    -14.61571541	     -0.38355223	      3.68212765	     -0.55906141	      0.93236816	     -0.17395740	     15.07019309	     -0.96450441	     -6.28274312	      0.00000000	     -4.32815072	    -17.83033372	      0.00000000	     16.26748959	     -0.85832680	     -8.88370053	      0.00000000	      3.12869565	      1.94679935	      0.00000000	     -1.01023927	     -0.01638006	     -6.84239572	      0.75425529	     -6.96732083	     -3.99261896	     28.92490813	     96.95546454	     -4.34377036	    -13.28853544	      2.39290111	     42.20807233	    103.48936003
     10.15000000	    -14.58976620	     -0.43330434	      3.83845359	     -0.55884803	      0.93247113	     -0.17408387	     15.02979106	     -0.93017473	     -6.28649505	      0.00000000	     -4.33004103	    -17.84158373	      0.00000000	     16.26634836	     -0.87956715	     -8.89494606	      0.00000000	      3.13834352	      1.96302103	      0.00000000	     -0.97072459	     -0.03272526	     -6.77275458	      0.80818633	     -6.94834758	     -3.99438399	     28.93396638	     96.95804695	     -4.38703095	    -13.23897590	      2.39530699	     42.20924652	    103.49688418
     10.16666670	    -14.51009745	     -0.69684170	      4.12124406	     -0.55938303	      0.93226638	     -0.17454904	     14.93087534	     -0.70287863	     -6.63749129	      0.00000000	     -4.15372565	    -18.21086982	      0.00000000	     16.31901170	     -1.04884229	     -8.58120599	      0.00000000	      3.41244460	      2.48746114	      0.00000000	     -0.94337863	      0.27650700	     -6.71878678	      0.80002926	     -6.97186396	     -4.07049704	     28.70945170	     96.99381257	     -4.31917313	    -12.88688720	      2.27850886	     42.27402067	    103.58451032
     10.18333330	    -14.46846137	     -0.73474686	      4.20580219	     -0.55924183	      0.93247437	     -0.17466524	     14.90565272	     -0.66788022	     -6.65222916	      0.00000000	     -4.16265355	    -18.22448940	      0.00000000	     16.38616409	     -1.04652876	     -8.55441961	      0.00000000	      3.44139881	      2.53817382	      0.00000000	     -0.95403015	      0.24518355	     -6.65717223	      0.84776128	     -6.94451821	     -4.07254096	     28.70861114	     96.99798145	     -4.37537561	    -12.84560824	      2.27227134	     42.24570367	    103.59318265
     10.20000000	    -14.42838293	     -0.82699187	      4.37002734	     -0.55983466	      0.93223151	     -0.17479657	     14.86419352	     -0.60078220	     -6.90504906	      0.00000000	     -4.47302549	    -18.60464566	      0.00000000	     16.44413344	     -1.08465115	     -8.76498749	      0.00000000	      4.22197897	      4.10284598	      0.00000000	     -0.88230934	      0.32296428	     -6.91595725	      1.15336394	     -6.77524059	     -4.36977113	     28.03930103	     97.21869363	     -4.33673305	    -12.42394788	      1.41197793	     41.48487992	    104.02881383
     10.21666670	    -14.41785710	     -0.92245846	      4.45225594	     -0.55947163	      0.93239458	     -0.17506224	     14.86698510	     -0.51578648	     -6.88542929	      0.00000000	     -4.23454037	    -18.75965718	      0.00000000	     16.56110242	     -1.11599394	     -8.40108397	      0.00000000	      4.65603334	      4.32747872	      0.00000000	     -0.88205094	      0.43439236	     -6.87769023	      1.13782070	     -6.79903325	     -4.38391015	     27.97923385	     97.26184839	     -4.35516488	    -12.28643842	      1.33720580	     41.46075822	    104.10341977
     10.23333330	    -14.37680828	     -0.97920502	      4.24197449	     -0.55951916	      0.93235169	     -0.17494143	     14.84285016	     -0.39943693	     -6.83850996	      0.00000000	     -4.03370772	    -18.92719839	      0.00000000	     16.60085571	     -1.18609082	     -8.33474509	      0.00000000	      5.13026805	      4.54566770	      0.00000000	     -0.87037266	      0.49076650	     -6.75326935	      1.17685613	     -6.84588933	     -4.39906250	     27.89924734	     97.33039514	     -4.48110322	    -12.11389650	      1.18600572	     41.27437574	    104.21345943
     10.25000000	    -14.33803697	     -0.93172543	      3.90691609	     -0.55870254	      0.93276653	     -0.17478164	     14.84058523	     -0.36162407	     -6.85589900	      0.00000000	     -4.00240130	    -18.96283778	      0.00000000	     16.55397686	     -1.17556734	     -8.24814559	      0.00000000	      5.20518710	      4.61697276	      0.00000000	     -0.87239751	      0.46758265	     -6.57490326	      1.25235629	     -6.84353370	     -4.39667665	     27.90266448	     97.34483153	     -4.68321984	    -12.04815940	      1.16577285	     41.16631645	    104.23562057
     10.26666670	    -14.27917330	     -0.77502566	      3.36161957	     -0.55848071	      0.93270218	     -0.17409507	     14.81653896	     -0.38583365	     -6.44922517	      0.00000000	     -3.93899629	    -18.92101649	      0.00000000	     16.38951437	     -1.13201455	     -8.46022684	      0.00000000	      5.73537394	      4.51697267	      0.00000000	     -0.84198386	      0.35470304	     -6.24647259	      1.29657577	     -6.88249276	     -4.37798583	     27.80233790	     97.40440992	     -4.85221815	    -11.89043810	      0.99105326	     40.90321504	    104.30482109
     10.28333330	    -14.21271009	     -0.54954700	      2.84515021	     -0.55756063	      0.93322427	     -0.17324032	     14.78524450	     -0.48654169	     -6.16818746	      0.00000000	     -4.25712896	    -18.81849650	      0.00000000	     16.09262268	     -1.10396599	     -8.90939583	      0.00000000	      5.55302184	      4.23191853	      0.00000000	     -0.88861785	      0.07843333	     -5.74714807	      1.39651286	     -6.84811742	     -4.32946890	     27.65748483	     97.50543410	     -5.03518908	    -11.71055479	      0.70348203	     40.36249552	    104.40827614
     10.30000000	    -14.15553376	     -0.26727042	      2.34199383	     -0.55745725	      0.93323801	     -0.17242167	     14.75429761	     -0.66582696	     -5.97634446	      0.00000000	     -4.51969218	    -18.68830233	      0.00000000	     15.77651787	     -0.99504826	     -9.20297403	      0.00000000	      5.31906864	      3.62937730	      0.00000000	     -0.87949273	     -0.15781854	     -5.30240174	      1.40871995	     -6.80985569	     -4.29162972	     27.51546424	     97.60865114	     -5.27341390	    -11.53600277	      0.45015614	     39.75712323	    104.51478335
     10.31666670	    -14.11956783	     -0.05834443	      1.97498852	     -0.55649329	      0.93356442	     -0.17184524	     14.74320224	     -0.80668843	     -5.75486032	      0.00000000	     -4.74120171	    -18.53328389	      0.00000000	     15.51586994	     -0.92691856	     -9.37702026	      0.00000000	      4.93333985	      2.87505650	      0.00000000	     -0.86595618	     -0.38426682	     -4.96010377	      1.42576189	     -6.78657528	     -4.27532882	     27.38783115	     97.71783620	     -5.39262816	    -11.36888822	      0.21005649	     39.12200332	    104.63036262
     10.33333330	    -14.08986215	      0.05369817	      1.74421381	     -0.55621267	      0.93355440	     -0.17144271	     14.71843803	     -0.87479084	     -5.83343309	      0.00000000	     -4.83123926	    -18.49853831	      0.00000000	     15.29105698	     -0.91407358	     -9.47756762	      0.00000000	      4.83041530	      2.66227963	      0.00000000	     -0.81468639	     -0.50839359	     -4.78929914	      1.37641396	     -6.81172195	     -4.28049502	     27.36413787	     97.73531004	     -5.71880208	    -11.25254441	      0.21308398	     38.90994355	    104.65481999
     10.35000000	    -14.07307317	      0.22743078	      1.35378647	     -0.55555167	      0.93381935	     -0.17094295	     14.77076923	     -0.99136625	     -5.49865580	      0.00000000	     -4.93055302	    -18.22098963	      0.00000000	     15.11920439	     -0.84040790	     -9.38639380	      0.00000000	      4.10716673	      1.13390462	      0.00000000	     -0.73304637	     -0.65368955	     -4.31815568	      1.29392205	     -6.85280624	     -4.29302686	     27.19296380	     97.92991134	     -5.42191201	    -10.99835917	     -0.15935750	     37.81521516	    104.85676492
     10.36666670	    -14.06892035	      0.33244066	      1.15168554	     -0.55545393	      0.93373707	     -0.17062228	     14.81121926	     -1.06683912	     -5.55296078	      0.00000000	     -5.03347764	    -18.15230560	      0.00000000	     15.00275726	     -0.79327241	     -9.47286987	      0.00000000	      4.06547346	      1.00172051	      0.00000000	     -0.73906971	     -0.73570865	     -4.19154330	      1.34308254	     -6.83523509	     -4.30071152	     27.22452577	     97.94230732	     -5.64282620	    -10.97793744	     -0.14992331	     37.66729358	    104.87851901
     10.38333330	    -14.02840111	      0.49110868	      0.86508263	     -0.55474761	      0.93405034	     -0.17018863	     14.81702891	     -1.18757800	     -5.42216127	      0.00000000	     -5.21142698	    -17.93362646	      0.00000000	     14.84411610	     -0.69902191	     -9.71241265	      0.00000000	      3.93144008	      0.65986135	      0.00000000	     -0.71422456	     -0.88431143	     -4.08865819	      1.35709073	     -6.82484408	     -4.31686860	     27.24711082	     97.96277463	     -5.82633874	    -10.96229276	     -0.15394969	     37.44472977	    104.91020308
     10.40000000	    -14.01164969	      0.49369293	      0.87249310	     -0.55493982	      0.93394563	     -0.17011443	     14.87622480	     -1.18849996	     -5.41346181	      0.00000000	     -5.20760625	    -17.93016543	      0.00000000	     14.80238157	     -0.69594510	     -9.71256327	      0.00000000	      3.92886177	      0.65440540	      0.00000000	     -0.71577540	     -0.88632749	     -4.09155448	      1.35363177	     -6.82486968	     -4.31717984	     27.24635760	     97.96315387	     -5.82404841	    -10.96231997	     -0.15432150	     37.44214201	    104.91070258
     10.41666670	    -14.03803270	      0.82823308	      0.48984730	     -0.55450017	      0.93425346	     -0.16914682	     15.04021835	     -1.44527239	     -4.47833825	      0.00000000	     -4.67144330	    -17.54664241	      0.00000000	     14.74509708	     -0.44659129	     -9.82151144	      0.00000000	      3.69229563	      0.00522518	      0.00000000	     -0.66996047	     -1.32479966	     -3.94561941	      1.40630280	     -6.72551907	     -4.33500844	     27.35032762	     97.99819535	     -5.81801989	    -11.04085091	     -0.20178414	     37.10475800	    104.95316184
     10.43333330	    -14.01829403	      0.86920108	      0.45339256	     -0.55455040	      0.93400465	     -0.16918719	     15.07305309	     -1.48634483	     -4.34259972	      0.00000000	     -4.51712299	    -17.47253467	      0.00000000	     14.70720060	     -0.40171991	     -9.83465273	      0.00000000	      3.62700996	     -0.15843191	      0.00000000	     -0.68003475	     -1.31340723	     -3.98622047	      1.10972622	     -6.70090391	     -4.35342939	     27.31806523	     98.00817580	     -5.91646243	    -11.02943812	     -0.20570329	     36.98936896	    104.96856690
     10.45000000	    -14.18383757	      0.90176732	      0.48577975	     -0.55387123	      0.93381269	     -0.16901639	     15.26695814	     -1.52349078	     -4.20384245	      0.00000000	     -3.70024934	    -16.64532947	      0.00000000	     14.86227778	     -0.36265546	     -9.30760331	      0.00000000	      3.09291116	     -1.28507095	      0.00000000	     -0.30994310	     -1.36493539	     -3.94304825	      0.53632899	     -6.68775475	     -4.84111334	     28.22800514	     98.07165118	     -5.72113093	    -10.99841417	     -0.21911103	     36.33530474	    105.14352670
     10.46666670	    -14.01897053	      0.91820005	      0.70071213	     -0.53402331	      0.93611087	     -0.16285191	     14.71088672	     -1.49774415	     -4.00080602	      0.00000000	     -3.72569383	    -16.52028446	      0.00000000	     14.36509237	     -0.42659084	     -9.16071237	      0.00000000	      2.97591416	     -1.15677555	      0.00000000	      0.03213410	     -1.52549659	     -4.10601918	     -0.19530380	     -6.47198365	     -4.86889811	     28.08708100	     98.07694968	     -6.13971404	    -11.09943128	     -0.22004249	     36.18131880	    105.15660857
     10.48333330	    -13.80191503	      0.95594120	      0.69694259	     -0.53379780	      0.93611419	     -0.16280312	     14.08993907	     -1.44639761	     -4.06287580	      0.00000000	     -3.26031462	    -16.33698826	      0.00000000	     13.77331216	     -0.48733923	     -9.28180267	      0.00000000	      3.51018732	     -0.90783581	      0.00000000	      0.21668893	     -1.70422282	     -4.34933733	     -0.72577358	     -6.25536033	     -5.19817861	     28.36081419	     98.05760808	     -6.68715147	    -11.24392169	     -0.25497813	     35.88623236	    105.18693121
     10.50000000	    -13.67159018	      0.90205061	      0.68792697	     -0.53460244	      0.93586320	     -0.16273895	     13.63776913	     -1.28353792	     -3.96797691	      0.00000000	     -3.26281462	    -16.26824319	      0.00000000	     13.35742810	     -0.65940447	     -9.27879590	      0.00000000	      3.46949201	     -0.85914646	      0.00000000	      0.60622637	     -1.79612256	     -4.40983452	     -1.16679957	     -6.14235869	     -5.22485732	     28.29333969	     98.05711536	     -6.96316619	    -11.29907268	     -0.27200336	     35.79773721	    105.18766194
     10.51666670	    -13.37130774	      0.87025541	      0.61258039	     -0.53424987	      0.93624167	     -0.16283694	     13.06206145	     -1.15685798	     -3.79930624	      0.00000000	     -2.83987707	    -16.15666649	      0.00000000	     12.72442435	     -0.75061624	     -9.49253124	      0.00000000	      4.04592612	     -0.47074593	      0.00000000	      0.60464335	     -1.66033633	     -4.56488015	     -1.55758503	     -5.96104609	     -5.71940080	     28.69086906	     97.99177820	     -7.11142140	    -11.29707030	     -0.36842747	     35.75185555	    105.18408084
     10.53333330	    -13.27039381	      0.82415273	      0.58889028	     -0.53466328	      0.93605876	     -0.16286028	     12.82803137	     -1.01721995	     -3.76064205	      0.00000000	     -2.86827131	    -16.15716251	      0.00000000	     12.45342472	     -0.85542408	     -9.48347713	      0.00000000	      4.01081530	     -0.43902852	      0.00000000	      0.83184514	     -1.78987594	     -4.59671217	     -1.78232808	     -5.90355751	     -5.74938275	     28.66689508	     97.98822446	     -7.26073979	    -11.28069832	     -0.36972613	     35.70666654	    105.18402143
     10.55000000	    -13.17386210	      0.82806799	      0.61461233	     -0.53432196	      0.93595122	     -0.16303882	     12.44073162	     -0.95071859	     -3.71295120	      0.00000000	     -2.86810653	    -16.21037592	      0.00000000	     12.19452728	     -0.85930469	     -9.50988399	      0.00000000	      4.03945011	     -0.40904631	      0.00000000	      1.12150612	     -1.74965251	     -4.70955490	     -1.99120543	     -5.81091538	     -5.78637297	     28.66194378	     97.98087818	     -7.23051381	    -11.30291050	     -0.38506688	     35.74708115	    105.18189287
     10.56666670	    -13.10495312	      0.82047751	      0.56564533	     -0.53426013	      0.93553853	     -0.16325119	     12.28149406	     -0.89318632	     -3.65515483	      0.16021161	     -2.77276535	    -16.29336717	      0.00000000	     12.03719512	     -0.87441974	     -9.49494019	      0.00000000	      4.13238813	     -0.38340752	      0.00000000	      1.28784538	     -1.73254918	     -4.68817370	     -1.83306575	     -5.75176096	     -5.80998924	     28.71210723	     97.97519746	     -7.10323389	    -11.25693324	     -0.38054104	     35.81650477	    105.18138038
     10.58333330	    -12.78780480	      0.78868374	      0.35559319	     -0.53452380	      0.93581750	     -0.16319807	     12.22458686	     -0.81394766	     -3.42533569	      1.03841073	     -2.16623169	    -16.82988908	      0.00000000	     11.65079766	     -0.94116842	     -9.63833590	      0.00000000	      4.41416555	     -0.18840695	      0.00000000	      0.87568378	     -1.54112543	     -4.58498056	     -1.56156875	     -5.75244766	     -6.00018516	     28.53853933	     97.93765494	     -6.91867512	    -11.06993064	     -0.32486011	     35.97181024	    105.18748450
     10.60000000	    -12.69418159	      0.77549227	      0.41385984	     -0.53506063	      0.93541096	     -0.16339674	     12.11826031	     -0.80717357	     -3.32446612	      1.18762623	     -2.10419082	    -16.85385600	      0.00000000	     11.56429420	     -0.92488355	     -9.68885914	      0.00000000	      4.51141612	     -0.19516876	      0.00000000	      1.06256546	     -1.50423852	     -4.57517237	     -1.43726417	     -5.72976833	     -6.01900911	     28.54988429	     97.93339616	     -6.76012544	    -11.09222267	     -0.33447808	     36.05414456	    105.18596380
     10.61666670	    -12.47902289	      0.72334157	      0.23438510	     -0.53543001	      0.93556652	     -0.16313147	     12.15872336	     -0.70012371	     -2.80942940	      1.71300639	     -1.33504549	    -17.25815953	      0.00000000	     11.34732277	     -1.00770628	     -9.74103341	      0.00000000	      5.14114604	     -0.07134179	      0.00000000	      0.88030057	     -1.38251153	     -4.32211315	     -1.17107345	     -5.70612272	     -6.16204243	     28.22656792	     97.90603256	     -6.48518207	    -11.04372935	     -0.29378248	     36.26513905	    105.19089686
     10.63333330	    -12.38874909	      0.70439434	      0.37104921	     -0.53567068	      0.93559818	     -0.16336753	     12.15672986	     -0.73372726	     -2.73932458	      1.73814686	     -1.33569691	    -17.26006424	      0.00000000	     11.31493133	     -1.00571956	     -9.79102300	      0.00000000	      5.13651979	     -0.05802025	      0.00000000	      0.94443674	     -1.34443602	     -4.31399912	     -1.13743381	     -5.69370282	     -6.17488725	     28.19709866	     97.90331961	     -6.40834933	    -11.05909813	     -0.29462235	     36.30511040	    105.19087693
     10.65000000	    -12.20095965	      0.53978451	      0.29000158	     -0.53558418	      0.93606985	     -0.16326348	     12.06913270	     -0.53745932	     -2.26308055	      1.72039997	     -1.08888792	    -17.56480098	      0.00000000	     11.18454266	     -1.20514076	     -9.80506972	      0.00000000	      4.96438865	      0.17973796	      0.00000000	      0.74050412	     -1.11280349	     -4.18286303	     -0.92779351	     -5.67635075	     -6.33494001	     27.74289998	     97.87167065	     -6.14177698	    -11.03352255	     -0.20831638	     36.47361443	    105.20472161
     10.66666670	    -12.10738864	      0.50566488	      0.38883430	     -0.53579158	      0.93617868	     -0.16364109	     12.07813254	     -0.53838118	     -2.20017768	      1.73340546	     -1.13617214	    -17.57663808	      0.00000000	     11.11642345	     -1.20318078	     -9.87991593	      0.00000000	      4.98299827	      0.15519795	      0.00000000	      0.78477421	     -1.07917419	     -4.24283340	     -0.90689654	     -5.66334321	     -6.35658277	     27.69189807	     97.86686242	     -6.04379093	    -11.02742346	     -0.19359361	     36.51449040	    105.20704120
     10.68333330	    -11.82532877	      0.48949818	      0.05459517	     -0.53514642	      0.93686009	     -0.16324089	     11.84994648	     -0.47228262	     -1.77119168	      1.67412912	     -1.29387785	    -17.91424597	      0.00000000	     10.79010381	     -1.27849306	    -10.15126270	      0.00000000	      4.92755163	     -0.02117263	      0.00000000	      0.51685941	     -0.97656897	     -4.32842399	     -0.66651400	     -5.53736689	     -6.61687366	     27.33710679	     97.80768201	     -6.18810249	    -10.99430218	     -0.02587034	     36.50844247	    105.23663457
     10.70000000	    -11.79472820	      0.53286523	     -0.11438549	     -0.53458729	      0.93707955	     -0.16317552	     11.79511989	     -0.47020186	     -1.75705979	      1.75140234	     -1.28492298	    -17.94562188	      0.00000000	     10.72596565	     -1.24542901	    -10.11566859	      0.00000000	      4.89163912	     -0.02566531	      0.00000000	      0.60264739	     -1.02849559	     -4.27640988	     -0.46966889	     -5.51982862	     -6.62894372	     27.39182695	     97.80395522	     -6.12701119	    -10.98319324	     -0.01669854	     36.53650705	    105.23721655
     10.71666670	    -11.62404436	      0.70608104	     -0.45059174	     -0.53467421	      0.93739947	     -0.16256004	     11.80343644	     -0.61914617	     -1.27743950	      1.98524372	     -1.33392513	    -17.98132773	      0.00000000	     10.50128755	     -1.13024299	    -10.40391207	      0.00000000	      4.77339191	     -0.47884003	      0.00000000	      0.33053350	     -1.19853162	     -3.96079707	     -0.05924756	     -5.38230587	     -6.66816718	     27.41880248	     97.78963722	     -6.11039240	    -10.95183875	      0.03919429	     36.54601441	    105.23753470
     10.73333330	    -11.57531343	      0.73254878	     -0.55441050	     -0.53453543	      0.93744382	     -0.16252272	     11.78890545	     -0.65071395	     -1.26796349	      1.96323495	     -1.33605985	    -18.00085122	      0.00000000	     10.43671075	     -1.11492026	    -10.35926415	      0.00000000	      4.75352326	     -0.49975964	      0.00000000	      0.35923315	     -1.17082863	     -3.90008569	     -0.06449835	     -5.36155337	     -6.66941267	     27.40012466	     97.78855196	     -6.13587502	    -10.97729384	      0.03801760	     36.54575683	    105.23652102
     10.75000000	    -11.44627511	      0.77673407	     -0.62946503	     -0.53412035	      0.93771890	     -0.16225219	     11.67452206	     -0.71081609	     -1.14488841	      1.96929131	     -1.40855748	    -17.97580004	      0.00000000	     10.27470814	     -1.06685464	    -10.32825987	      0.00000000	      4.78033398	     -0.63965600	      0.00000000	      0.46486540	     -1.18020830	     -3.70815575	     -0.07986366	     -5.35008895	     -6.67823094	     27.33394471	     97.78583397	     -6.25014315	    -10.97989708	      0.04924542	     36.52997823	    105.23481254
     10.76666670	    -11.41637495	      0.76902369	     -0.62048291	     -0.53446237	      0.93763809	     -0.16220388	     11.72075410	     -0.71835085	     -1.14048694	      1.94304432	     -1.41343467	    -17.97432783	      0.00000000	     10.24773050	     -1.06560000	    -10.33130555	      0.00000000	      4.78666286	     -0.64753135	      0.00000000	      0.46571816	     -1.18058497	     -3.70857767	     -0.08669410	     -5.35151763	     -6.67908848	     27.32783619	     97.78567164	     -6.24648309	    -10.97873499	      0.04992821	     36.53182885	    105.23471351
     10.78333330	    -11.25214983	      0.77294498	     -0.67829342	     -0.53473329	      0.93774879	     -0.16209046	     11.44233429	     -0.73648850	     -0.88594938	      1.55395215	     -2.08074131	    -18.20177749	      0.00000000	     10.04990212	     -1.04617517	    -10.16438472	      0.00000000	      5.24334401	     -1.11355748	      0.00000000	      0.38222012	     -1.21970721	     -3.10015025	     -0.15052228	     -5.43031187	     -6.85332701	     26.51422562	     97.74395687	     -5.80728371	    -10.92220742	      0.23646628	     36.62400787	    105.22436488
     10.80000000	    -11.21604289	      0.78332248	     -0.64627754	     -0.53500239	      0.93777976	     -0.16224641	     11.50110316	     -0.77426173	     -0.87103984	      1.50582941	     -2.05955570	    -18.22137770	      0.00000000	     10.03021452	     -1.02187999	    -10.17171554	      0.00000000	      5.28228895	     -1.11939985	      0.00000000	      0.44482438	     -1.15640107	     -3.04349097	      0.04475929	     -5.39568685	     -6.85310257	     26.58296289	     97.74204822	     -5.76146680	    -10.90791985	      0.25175753	     36.62935425	    105.22497528
     10.81666670	    -11.17856607	      0.75571170	     -0.69592676	     -0.53550901	      0.93772253	     -0.16213344	     11.56091555	     -0.73407083	     -0.81758721	      1.44009625	     -2.02110255	    -18.22689740	      0.00000000	      9.97387033	     -1.06108610	    -10.14015922	      0.00000000	      5.36042332	     -1.09286943	      0.00000000	      0.55513348	     -1.12186360	     -3.02494933	      0.29419298	     -5.34583015	     -6.84947676	     26.67614125	     97.74054758	     -5.65868692	    -10.86376353	      0.27860249	     36.64462286	    105.22607244
     10.83333330	    -11.16446830	      0.73613221	     -0.68985965	     -0.53592201	      0.93766997	     -0.16240145	     11.61530139	     -0.72180520	     -0.73095847	      1.39851735	     -1.97032630	    -18.21662231	      0.00000000	      9.96642795	     -1.08019865	    -10.13903220	      0.00000000	      5.40687168	     -1.05202661	      0.00000000	      0.58566121	     -0.99515975	     -2.99268458	      0.49336841	     -5.29499512	     -6.84194086	     26.74959980	     97.74011920	     -5.61828119	    -10.84888762	      0.30305902	     36.62650864	    105.22728952
