PathFileType  4	(X/Y/Z) /Users/callumsherry/opencap-sandboxes/opencap-core-sandbox/diagnostics/openpose_swapped
DataRate	CameraRate	NumFrames	NumMarkers	Units	OrigDataRate	OrigDataStartFrame	OrigNumFrames
60.0	60.0	651	20	m	60.0	1	651
Frame#	Time	Neck			RShoulder			RElbow			RWrist			LShoulder			LElbow			LWrist			midHip			RHip			RKnee			RAnkle			LHip			LKnee			LAnkle			LBigToe			LSmallToe			LHeel			RBigToe			RSmallToe			RHeel			
		X1	Y1	Z1	X2	Y2	Z2	X3	Y3	Z3	X4	Y4	Z4	X5	Y5	Z5	X6	Y6	Z6	X7	Y7	Z7	X8	Y8	Z8	X9	Y9	Z9	X10	Y10	Z10	X11	Y11	Z11	X12	Y12	Z12	X13	Y13	Z13	X14	Y14	Z14	X15	Y15	Z15	X16	Y16	Z16	X17	Y17	Z17	X18	Y18	Z18	X19	Y19	Z19	X20	Y20	Z20	

1	0.0000000	-0.6297900	1.4677000	-0.1715400	-0.6370000	1.4666400	0.0086900	-0.6668400	1.1917300	0.0756000	-0.5724400	0.9470200	0.0917400	-0.6479600	1.4744000	-0.3501200	-0.6306700	1.2112900	-0.4215900	-0.5836100	0.9519000	-0.4297500	-0.5775100	0.8916600	-0.1630000	-0.5933000	0.8916000	-0.0367900	-0.5914200	0.4813500	-0.0420000	-0.6443700	0.1195000	-0.0428400	-0.5684200	0.8962600	-0.2953700	-0.6395800	0.4688500	-0.2914400	-0.6766200	0.1031600	-0.3069100	-0.4850000	0.0535400	-0.3177400	-0.5124500	0.0529200	-0.3622200	-0.7214600	0.0553300	-0.2993200	-0.5092100	0.0428300	-0.0298100	-0.5256300	0.0563300	0.0265500	-0.7054600	0.0825000	-0.0788600
2	0.0166667	-0.6295600	1.4676500	-0.1714700	-0.6371400	1.4666600	0.0087500	-0.6669600	1.1916800	0.0756200	-0.5714100	0.9471300	0.0919400	-0.6481500	1.4744400	-0.3502300	-0.6306800	1.2112600	-0.4215900	-0.5838800	0.9519600	-0.4298800	-0.5776000	0.8916500	-0.1630100	-0.5938300	0.8915000	-0.0366500	-0.5903000	0.4873600	-0.0416900	-0.6443200	0.1195500	-0.0428500	-0.5669000	0.8963200	-0.2947600	-0.6393700	0.4633500	-0.2910500	-0.6766800	0.1031000	-0.3069000	-0.4848800	0.0539300	-0.3176700	-0.4925300	0.0613200	-0.3648600	-0.7202800	0.0494400	-0.2986600	-0.5090900	0.0429500	-0.0297800	-0.5254100	0.0564400	0.0265000	-0.7052700	0.0825500	-0.0788500
3	0.0333333	-0.6298200	1.4676700	-0.1715400	-0.6369500	1.4666000	0.0086900	-0.6669800	1.1917600	0.0756000	-0.5724200	0.9471200	0.0917300	-0.6480100	1.4743900	-0.3501300	-0.6307000	1.2112800	-0.4215900	-0.5835400	0.9519400	-0.4297600	-0.5776200	0.8916400	-0.1630300	-0.5934000	0.8916000	-0.0368100	-0.5904900	0.4871900	-0.0417100	-0.6444000	0.1195200	-0.0428700	-0.5685800	0.8962400	-0.2954200	-0.6394700	0.4744800	-0.2910100	-0.6766900	0.1031600	-0.3069100	-0.4849500	0.0536100	-0.3177300	-0.5315600	0.0504600	-0.3690400	-0.7201400	0.0547800	-0.2980600	-0.5304200	0.0336100	-0.0352500	-0.5257400	0.0563000	0.0265500	-0.7054600	0.0825200	-0.0789000
4	0.0500000	-0.6296000	1.4676300	-0.1714800	-0.6371000	1.4666400	0.0087500	-0.6670700	1.1917400	0.0756000	-0.5713400	0.9472600	0.0919500	-0.6482200	1.4744300	-0.3502500	-0.6307100	1.2112600	-0.4216000	-0.5838900	0.9519700	-0.4298900	-0.5776700	0.8916300	-0.1630300	-0.5939000	0.8915000	-0.0366600	-0.5904400	0.4873100	-0.0416800	-0.6444100	0.1195500	-0.0428800	-0.5669700	0.8963000	-0.2948000	-0.6396100	0.4689300	-0.2907000	-0.6768000	0.1031200	-0.3069200	-0.4849100	0.0539700	-0.3176800	-0.5114300	0.0589100	-0.3716600	-0.7202600	0.0547600	-0.2980400	-0.5302400	0.0337500	-0.0352100	-0.5254600	0.0564200	0.0264800	-0.7053500	0.0825600	-0.0788900
5	0.0666667	-0.6298500	1.4676500	-0.1715400	-0.6369300	1.4665700	0.0087000	-0.6670300	1.1917700	0.0756000	-0.5723700	0.9471600	0.0917400	-0.6676500	1.4759300	-0.3573200	-0.6307300	1.2112900	-0.4216000	-0.5835800	0.9519400	-0.4297600	-0.5776300	0.8916400	-0.1630300	-0.5933800	0.8916000	-0.0368100	-0.5905500	0.4871600	-0.0417000	-0.6444100	0.1195500	-0.0428800	-0.5686100	0.8962400	-0.2954300	-0.6395500	0.4688600	-0.2914000	-0.6767300	0.1031500	-0.3069100	-0.4849300	0.0536000	-0.3177500	-0.5127300	0.0582100	-0.3722100	-0.7201900	0.0547800	-0.2980500	-0.5304500	0.0336100	-0.0352400	-0.5257500	0.0563000	0.0265600	-0.7054600	0.0825500	-0.0789000
6	0.0833333	-0.6294800	1.4675900	-0.1714800	-0.6376900	1.4624400	0.0086500	-0.6671200	1.1916600	0.0756800	-0.5548700	0.9489300	0.0865800	-0.6481600	1.4744300	-0.3502300	-0.6307500	1.2112800	-0.4216100	-0.5839000	0.9569700	-0.4298800	-0.5776300	0.8916600	-0.1630300	-0.5938800	0.8915200	-0.0366900	-0.5896100	0.4825400	-0.0413100	-0.6443800	0.1194500	-0.0429000	-0.5668800	0.8963200	-0.2947600	-0.6392700	0.4633700	-0.2909900	-0.6769000	0.1030800	-0.3069200	-0.4846700	0.0541100	-0.3177000	-0.5114200	0.0589400	-0.3717000	-0.7202800	0.0546800	-0.2980400	-0.5301400	0.0337200	-0.0352300	-0.5251700	0.0564500	0.0264800	-0.7063100	0.0768400	-0.0783400
7	0.1000000	-0.6297300	1.4676300	-0.1715300	-0.6368300	1.4665700	0.0086700	-0.6671500	1.1917800	0.0756700	-0.5560000	0.9488100	0.0863300	-0.6479400	1.4743700	-0.3501000	-0.6307400	1.2113400	-0.4216100	-0.5835600	0.9569900	-0.4297500	-0.5775700	0.8916600	-0.1630100	-0.5934300	0.8916200	-0.0368400	-0.5896400	0.4823600	-0.0413500	-0.6444200	0.1194300	-0.0429100	-0.5487100	0.8987400	-0.2883400	-0.6391800	0.4635900	-0.2910100	-0.6767300	0.1030900	-0.3068800	-0.4844100	0.0537600	-0.3177000	-0.4932800	0.0664600	-0.3647000	-0.7201400	0.0547100	-0.2980100	-0.5303700	0.0335600	-0.0352700	-0.5254300	0.0563300	0.0265700	-0.7066300	0.0768600	-0.0784000
8	0.1166667	-0.6294700	1.4675900	-0.1714900	-0.6377300	1.4624700	0.0086500	-0.6671900	1.1917300	0.0756800	-0.5549600	0.9489100	0.0865600	-0.6480900	1.4744000	-0.3502400	-0.6307500	1.2113000	-0.4216000	-0.5839300	0.9570100	-0.4298900	-0.5776000	0.8916700	-0.1630200	-0.5939000	0.8915400	-0.0367000	-0.5895400	0.4825200	-0.0413100	-0.6443900	0.1194600	-0.0429000	-0.5668100	0.8963300	-0.2947200	-0.6393100	0.4633500	-0.2910300	-0.6767600	0.1031000	-0.3068800	-0.4843600	0.0541700	-0.3176300	-0.4919800	0.0671700	-0.3641600	-0.7201100	0.0547400	-0.2979800	-0.5301700	0.0337100	-0.0352500	-0.5250900	0.0564700	0.0264900	-0.7065100	0.0769000	-0.0783600
9	0.1333333	-0.6297400	1.4676400	-0.1715400	-0.6368500	1.4665800	0.0086700	-0.6671600	1.1917700	0.0756700	-0.5560200	0.9488100	0.0863400	-0.6479700	1.4743600	-0.3501200	-0.6307700	1.2113300	-0.4216200	-0.5835500	0.9569900	-0.4297500	-0.5776000	0.8916500	-0.1630200	-0.5934300	0.8916100	-0.0368400	-0.5903500	0.4872200	-0.0417500	-0.6443800	0.1194700	-0.0429100	-0.5685600	0.8913400	-0.2952700	-0.6393100	0.4635500	-0.2910500	-0.6766400	0.1031200	-0.3068600	-0.4844500	0.0537100	-0.3177300	-0.4932600	0.0664400	-0.3647200	-0.7199500	0.0547500	-0.2979600	-0.5303600	0.0335600	-0.0352800	-0.5082400	0.0633600	0.0212700	-0.7055300	0.0824500	-0.0789700
10	0.1500000	-0.6295400	1.4676100	-0.1714700	-0.6370900	1.4666400	0.0087500	-0.6671400	1.1917300	0.0756800	-0.5549600	0.9489100	0.0865600	-0.6481500	1.4744100	-0.3502200	-0.6308300	1.2113000	-0.4216100	-0.5839800	0.9570000	-0.4298900	-0.5776900	0.8916500	-0.1630100	-0.5940000	0.8915000	-0.0366900	-0.5895000	0.4825100	-0.0413200	-0.6444100	0.1194500	-0.0429000	-0.5669400	0.8963100	-0.2947000	-0.6393500	0.4633300	-0.2910200	-0.6768000	0.1030800	-0.3069000	-0.4843400	0.0542200	-0.3176400	-0.5112100	0.0589700	-0.3716800	-0.7202200	0.0546300	-0.2980100	-0.5302200	0.0336900	-0.0352200	-0.5251500	0.0564500	0.0265000	-0.7054300	0.0824600	-0.0789300
11	0.1666667	-0.6297500	1.4676500	-0.1715200	-0.6369000	1.4665800	0.0087000	-0.6671100	1.1917700	0.0756800	-0.5559600	0.9488400	0.0863500	-0.6479100	1.4743600	-0.3500900	-0.6308100	1.2113400	-0.4216100	-0.5835300	0.9569900	-0.4297300	-0.5776000	0.8916300	-0.1629900	-0.5934200	0.8915900	-0.0368300	-0.5896500	0.4823000	-0.0413700	-0.6444400	0.1194100	-0.0429100	-0.5488000	0.8987100	-0.2883000	-0.6393200	0.4635200	-0.2910300	-0.6766100	0.1031300	-0.3068400	-0.4844600	0.0537700	-0.3177600	-0.5125000	0.0582800	-0.3722400	-0.7199500	0.0546600	-0.2979400	-0.5091500	0.0427800	-0.0297800	-0.5254100	0.0563400	0.0266000	-0.7055700	0.0823500	-0.0789600
12	0.1833333	-0.6294900	1.4676100	-0.1714500	-0.6370600	1.4666500	0.0087600	-0.6671700	1.1917600	0.0756800	-0.5548400	0.9489500	0.0865800	-0.6480800	1.4744000	-0.3501900	-0.6308200	1.2113000	-0.4216100	-0.5839700	0.9569900	-0.4298900	-0.5776400	0.8916500	-0.1630000	-0.5940000	0.8914900	-0.0366700	-0.5895500	0.4824700	-0.0413300	-0.6444400	0.1194100	-0.0429100	-0.5471600	0.8987600	-0.2876700	-0.6393100	0.4633200	-0.2910200	-0.6767000	0.1031200	-0.3068600	-0.4844100	0.0542400	-0.3176700	-0.5112300	0.0590200	-0.3716900	-0.7201100	0.0546700	-0.2979600	-0.5089700	0.0429200	-0.0297500	-0.5251000	0.0564900	0.0265100	-0.7054700	0.0823700	-0.0789500
13	0.2000000	-0.6297900	1.4676700	-0.1715100	-0.6538600	1.4678500	0.0137300	-0.6670800	1.1918000	0.0756500	-0.5559500	0.9488400	0.0863500	-0.6479500	1.4743700	-0.3501000	-0.6307800	1.2112800	-0.4216200	-0.5833500	0.9570100	-0.4297600	-0.5775200	0.8916200	-0.1630200	-0.5933700	0.8915500	-0.0368500	-0.5896000	0.4822500	-0.0413900	-0.6443300	0.1194300	-0.0429300	-0.5486200	0.8938400	-0.2882700	-0.6393200	0.4635200	-0.2910100	-0.6766600	0.1031200	-0.3068100	-0.4844400	0.0537800	-0.3177400	-0.4933400	0.0665000	-0.3646900	-0.7201100	0.0547500	-0.2979100	-0.5090400	0.0427400	-0.0298100	-0.5253600	0.0562700	0.0266000	-0.7065800	0.0767200	-0.0783800
14	0.2166667	-0.6295000	1.4675900	-0.1714600	-0.6378400	1.4624600	0.0086900	-0.6676300	1.1872900	0.0757800	-0.5548200	0.9489300	0.0865600	-0.6480700	1.4743900	-0.3502000	-0.6307600	1.2112700	-0.4216100	-0.5838000	0.9519700	-0.4299000	-0.5775400	0.8916800	-0.1630400	-0.5766200	0.8935700	-0.0416300	-0.5900800	0.4874000	-0.0417700	-0.6443200	0.1194500	-0.0429700	-0.5666700	0.8963500	-0.2947300	-0.6392800	0.4633700	-0.2910100	-0.6766800	0.1031500	-0.3068600	-0.4845600	0.0541800	-0.3176400	-0.5114400	0.0589400	-0.3716700	-0.7201300	0.0548500	-0.2979700	-0.5088700	0.0429000	-0.0297500	-0.5250300	0.0564600	0.0264900	-0.7064100	0.0767000	-0.0784200
15	0.2333333	-0.6298100	1.4676100	-0.1715400	-0.6376300	1.4623900	0.0086300	-0.6677200	1.1873300	0.0758000	-0.5559300	0.9488300	0.0863200	-0.6480400	1.4743300	-0.3501400	-0.6307700	1.2113100	-0.4216300	-0.5833600	0.9519300	-0.4297200	-0.5774900	0.8917000	-0.1630300	-0.5760500	0.8936900	-0.0418100	-0.5903300	0.4872100	-0.0418700	-0.6442500	0.1194700	-0.0429500	-0.5485500	0.8988000	-0.2883400	-0.6391400	0.4635800	-0.2909600	-0.6766300	0.1031300	-0.3068600	-0.4845100	0.0537100	-0.3177000	-0.4933700	0.0664700	-0.3646700	-0.7201000	0.0548400	-0.2979900	-0.5090500	0.0427100	-0.0298100	-0.5082100	0.0633000	0.0212800	-0.7064000	0.0766600	-0.0784000
16	0.2500000	-0.6295400	1.4675700	-0.1714800	-0.6378100	1.4624600	0.0086700	-0.6672200	1.1917600	0.0756800	-0.5547900	0.9489500	0.0865700	-0.6481500	1.4743500	-0.3502400	-0.6307800	1.2112600	-0.4216300	-0.5838200	0.9519200	-0.4298900	-0.5775200	0.8917200	-0.1630300	-0.5766400	0.8935800	-0.0416300	-0.5901700	0.4874300	-0.0418200	-0.6442600	0.1194900	-0.0429500	-0.5469400	0.8988300	-0.2877100	-0.6391300	0.4634000	-0.2909700	-0.6767200	0.1031100	-0.3068800	-0.4843900	0.0542200	-0.3176100	-0.4920700	0.0671800	-0.3641400	-0.7201900	0.0548400	-0.2979900	-0.5088000	0.0428800	-0.0297800	-0.5078400	0.0634600	0.0211800	-0.7063200	0.0767100	-0.0783900
17	0.2666667	-0.6297900	1.4676100	-0.1715400	-0.6376200	1.4624000	0.0086200	-0.6671700	1.1918100	0.0756800	-0.5342200	0.9511800	0.0907400	-0.6480200	1.4743300	-0.3501400	-0.6307400	1.2113100	-0.4216200	-0.5833400	0.9519300	-0.4297200	-0.5774700	0.8917100	-0.1630200	-0.5760000	0.8937000	-0.0418100	-0.5903500	0.4872100	-0.0418500	-0.6442500	0.1194800	-0.0429600	-0.5485200	0.8988100	-0.2883300	-0.6390900	0.4636000	-0.2909600	-0.6766300	0.1031200	-0.3068600	-0.4844500	0.0537200	-0.3176900	-0.4933000	0.0664900	-0.3646600	-0.7201200	0.0548100	-0.2980000	-0.5090100	0.0427200	-0.0298100	-0.5081900	0.0633000	0.0212800	-0.7064000	0.0766800	-0.0784100
18	0.2833333	-0.6500200	1.4691600	-0.1775700	-0.6379300	1.4624800	0.0086500	-0.6669800	1.1916800	0.0756900	-0.5547600	0.9488800	0.0865800	-0.6679600	1.4759300	-0.3574600	-0.6306200	1.2112800	-0.4215800	-0.5838000	0.9519400	-0.4298900	-0.5776200	0.8917000	-0.1630500	-0.5767700	0.8935500	-0.0416300	-0.5909800	0.4814700	-0.0421300	-0.6443700	0.1193400	-0.0429200	-0.5667300	0.8963900	-0.2947500	-0.6393800	0.4686500	-0.2913400	-0.6766900	0.1030600	-0.3069000	-0.4853900	0.0483900	-0.3185000	-0.5116300	0.0529900	-0.3724000	-0.7203900	0.0493500	-0.2986800	-0.5061600	0.0389600	-0.0291600	-0.5078100	0.0634600	0.0211900	-0.7065800	0.0767200	-0.0783500
19	0.3000000	-0.6299200	1.4676200	-0.1715500	-0.6377200	1.4624000	0.0086100	-0.6670400	1.1917900	0.0756900	-0.5341700	0.9511200	0.0907400	-0.6677700	1.4759000	-0.3573400	-0.6306700	1.2113100	-0.4216000	-0.5833200	0.9519300	-0.4297200	-0.5775300	0.8916800	-0.1630300	-0.5760800	0.8936600	-0.0418100	-0.5911400	0.4812900	-0.0422200	-0.6443300	0.1193800	-0.0429200	-0.5485800	0.8988100	-0.2883500	-0.6390700	0.4636200	-0.2909800	-0.6765900	0.1030600	-0.3068800	-0.4843400	0.0428200	-0.3179300	-0.4936100	0.0605500	-0.3654000	-0.7202900	0.0493400	-0.2986800	-0.5064200	0.0388200	-0.0292100	-0.5081500	0.0633300	0.0212900	-0.7066700	0.0767100	-0.0783500
20	0.3166667	-0.6296600	1.4675700	-0.1714800	-0.6379400	1.4624600	0.0086500	-0.6671000	1.1917600	0.0756800	-0.5330200	0.9512400	0.0909800	-0.6678800	1.4759200	-0.3574300	-0.6306600	1.2112700	-0.4215900	-0.5838200	0.9519200	-0.4299000	-0.5775400	0.8917000	-0.1630400	-0.5767100	0.8935500	-0.0416300	-0.5899800	0.4766700	-0.0417400	-0.6443600	0.1193700	-0.0429200	-0.5293300	0.9009300	-0.2912500	-0.6390200	0.4634300	-0.2909900	-0.6766400	0.1030700	-0.3068900	-0.4843100	0.0433300	-0.3178500	-0.4924200	0.0612400	-0.3649000	-0.7203300	0.0494000	-0.2986600	-0.5061600	0.0390000	-0.0291700	-0.5077800	0.0635100	0.0211800	-0.7066100	0.0767700	-0.0783700
21	0.3333333	-0.6299300	1.4676200	-0.1715500	-0.6377700	1.4624000	0.0086000	-0.6670400	1.1917700	0.0756800	-0.5341000	0.9511300	0.0907500	-0.6677500	1.4759000	-0.3573300	-0.6306600	1.2113300	-0.4216000	-0.5833100	0.9519400	-0.4297200	-0.5775300	0.8916800	-0.1630400	-0.5760700	0.8936600	-0.0418200	-0.5911700	0.4813200	-0.0422300	-0.6442600	0.1194600	-0.0429500	-0.5308800	0.9009100	-0.2918600	-0.6394400	0.4688100	-0.2913500	-0.6766500	0.1030800	-0.3068800	-0.4843400	0.0428100	-0.3179100	-0.4935600	0.0605900	-0.3654000	-0.7203800	0.0493600	-0.2986600	-0.5063200	0.0388600	-0.0292400	-0.5080500	0.0633900	0.0212500	-0.7065600	0.0767600	-0.0783900
22	0.3500000	-0.6297300	1.4675900	-0.1714600	-0.6549200	1.4636900	0.0136900	-0.6668900	1.1917800	0.0756500	-0.5329700	0.9512600	0.0909700	-0.6679500	1.4759300	-0.3574300	-0.6307400	1.2112700	-0.4215900	-0.5838600	0.9519100	-0.4299000	-0.5776000	0.8916400	-0.1630200	-0.5940500	0.8914400	-0.0366800	-0.5910100	0.4815300	-0.0421600	-0.6443400	0.1194300	-0.0429400	-0.5470700	0.8988000	-0.2877100	-0.6394300	0.4686100	-0.2913100	-0.6767200	0.1031300	-0.3069000	-0.4844200	0.0432600	-0.3178300	-0.4925100	0.0611900	-0.3648900	-0.7204100	0.0494600	-0.2986800	-0.5060600	0.0389800	-0.0291800	-0.5076700	0.0635200	0.0211500	-0.7065900	0.0768300	-0.0783800
23	0.3666667	-0.6504100	1.4692000	-0.1776000	-0.6547600	1.4636100	0.0136500	-0.6668400	1.1917500	0.0756700	-0.5341500	0.9511500	0.0907300	-0.6678500	1.4758900	-0.3573400	-0.6307200	1.2113300	-0.4216100	-0.5833400	0.9519400	-0.4296900	-0.5776100	0.8916000	-0.1630200	-0.5934300	0.8915200	-0.0369000	-0.5912500	0.4811700	-0.0422000	-0.6443200	0.1193700	-0.0429000	-0.5486200	0.8987700	-0.2883100	-0.6392800	0.4635400	-0.2909800	-0.6765500	0.1031700	-0.3068800	-0.4843900	0.0481200	-0.3172200	-0.4937000	0.0605500	-0.3653600	-0.7200500	0.0548700	-0.2980500	-0.5064300	0.0387400	-0.0291900	-0.5081300	0.0632900	0.0213100	-0.7066200	0.0767100	-0.0783300
24	0.3833333	-0.6297400	1.4675800	-0.1714600	-0.6548900	1.4636700	0.0137000	-0.6669000	1.1917200	0.0756600	-0.5547100	0.9489500	0.0865700	-0.6679400	1.4759200	-0.3574200	-0.6307100	1.2112700	-0.4216000	-0.5838700	0.9519100	-0.4298900	-0.5776600	0.8916000	-0.1630400	-0.5941600	0.8913900	-0.0367000	-0.5910400	0.4814100	-0.0421300	-0.6442400	0.1194500	-0.0429300	-0.5471500	0.8987500	-0.2877400	-0.6392300	0.4633400	-0.2909800	-0.6766300	0.1031200	-0.3068900	-0.4843300	0.0433100	-0.3178000	-0.4925300	0.0611800	-0.3648900	-0.7201800	0.0548300	-0.2980400	-0.5060400	0.0389700	-0.0291800	-0.5076100	0.0635100	0.0211500	-0.7064400	0.0768300	-0.0783700
25	0.4000000	-0.6300200	1.4676200	-0.1715200	-0.6547400	1.4636000	0.0136600	-0.6665800	1.1917600	0.0755700	-0.5558300	0.9488400	0.0863300	-0.6678500	1.4758900	-0.3573300	-0.6305600	1.2113500	-0.4216300	-0.5833400	0.9569800	-0.4297100	-0.5776800	0.8916500	-0.1630300	-0.5935100	0.8915900	-0.0369100	-0.5911000	0.4813000	-0.0422500	-0.6441200	0.1194800	-0.0429700	-0.5683700	0.8963500	-0.2953100	-0.6395600	0.4688100	-0.2913300	-0.6765800	0.1031300	-0.3068700	-0.4841600	0.0482300	-0.3172700	-0.4934300	0.0606500	-0.3654000	-0.7200100	0.0548000	-0.2980500	-0.5062400	0.0388400	-0.0292500	-0.5079800	0.0634200	0.0212400	-0.7064900	0.0768300	-0.0783800
26	0.4166667	-0.6500700	1.4691500	-0.1775500	-0.6548900	1.4636800	0.0136900	-0.6665900	1.1917800	0.0755600	-0.5546900	0.9490000	0.0865600	-0.6679300	1.4759000	-0.3574200	-0.6306000	1.2112900	-0.4216300	-0.5838900	0.9569600	-0.4299100	-0.5776800	0.8917200	-0.1630500	-0.5769200	0.8935800	-0.0416400	-0.5909200	0.4815200	-0.0421700	-0.6441200	0.1194800	-0.0429600	-0.5668700	0.8964000	-0.2947400	-0.6394300	0.4686700	-0.2913500	-0.6765800	0.1031200	-0.3068900	-0.4841400	0.0487700	-0.3172200	-0.4922700	0.0612700	-0.3649500	-0.7200700	0.0547900	-0.2980600	-0.5059800	0.0390200	-0.0292000	-0.5075700	0.0635900	0.0211200	-0.7063800	0.0768900	-0.0783900
27	0.4333333	-0.6503800	1.4692000	-0.1776200	-0.6547300	1.4636200	0.0136500	-0.6666200	1.1918800	0.0755700	-0.5341400	0.9512000	0.0907300	-0.6678900	1.4759000	-0.3573800	-0.6306100	1.2113600	-0.4216400	-0.5833200	0.9569900	-0.4297000	-0.5776500	0.8917000	-0.1630300	-0.5935200	0.8916400	-0.0369200	-0.5911500	0.4812700	-0.0422500	-0.6441200	0.1194700	-0.0429600	-0.5485700	0.8988600	-0.2882800	-0.6394600	0.4688500	-0.2913200	-0.6765000	0.1031900	-0.3068700	-0.4840200	0.0483100	-0.3172100	-0.4929700	0.0665900	-0.3646600	-0.7199500	0.0548400	-0.2980700	-0.5062600	0.0388700	-0.0292400	-0.5079400	0.0634400	0.0212400	-0.7064200	0.0768200	-0.0783700
28	0.4500000	-0.6500900	1.4691500	-0.1775600	-0.6548900	1.4636900	0.0136900	-0.6666200	1.1918600	0.0755500	-0.5330700	0.9513200	0.0909600	-0.6679500	1.4759000	-0.3574400	-0.6306000	1.2112900	-0.4216300	-0.5838700	0.9569700	-0.4299000	-0.5776900	0.8917100	-0.1630400	-0.5942600	0.8915100	-0.0367100	-0.5909500	0.4815000	-0.0421700	-0.6441200	0.1194800	-0.0429700	-0.5471600	0.8988400	-0.2877300	-0.6393500	0.4686700	-0.2913200	-0.6765500	0.1031600	-0.3068800	-0.4840800	0.0488200	-0.3171800	-0.4919600	0.0671700	-0.3642500	-0.7200200	0.0548200	-0.2980500	-0.5059600	0.0390700	-0.0291900	-0.5075400	0.0636300	0.0211200	-0.7063900	0.0769200	-0.0783900
29	0.4666667	-0.6503600	1.4691900	-0.1776200	-0.6547300	1.4636200	0.0136400	-0.6666600	1.1918700	0.0755600	-0.5341400	0.9512100	0.0907300	-0.6678500	1.4758900	-0.3573700	-0.6306100	1.2113500	-0.4216400	-0.5833200	0.9569800	-0.4297000	-0.5776600	0.8917000	-0.1630300	-0.5935100	0.8916500	-0.0369400	-0.5912000	0.4812500	-0.0422400	-0.6441100	0.1194400	-0.0429700	-0.5485500	0.8988600	-0.2882800	-0.6394800	0.4688400	-0.2913200	-0.6765500	0.1031400	-0.3068900	-0.4841200	0.0482800	-0.3172500	-0.4929900	0.0665800	-0.3646800	-0.7199400	0.0548000	-0.2980700	-0.5062200	0.0388600	-0.0292300	-0.5079400	0.0634200	0.0212600	-0.7064200	0.0768000	-0.0783800
30	0.4833333	-0.6501500	1.4691600	-0.1775700	-0.6549200	1.4636700	0.0136900	-0.6666600	1.1919000	0.0755000	-0.5329400	0.9513900	0.0909800	-0.6680300	1.4759100	-0.3574500	-0.6306100	1.2113300	-0.4216400	-0.5651200	0.9589100	-0.4222600	-0.5777300	0.8916600	-0.1630500	-0.5942900	0.8914600	-0.0367100	-0.5910700	0.4814600	-0.0421800	-0.6440800	0.1195000	-0.0429600	-0.5669700	0.8963300	-0.2947800	-0.6395100	0.4686800	-0.2913900	-0.6766500	0.1030700	-0.3069000	-0.4840500	0.0434600	-0.3178200	-0.4923300	0.0612400	-0.3649200	-0.7201400	0.0547600	-0.2980800	-0.5059600	0.0389700	-0.0292000	-0.5075700	0.0635600	0.0211200	-0.7062400	0.0769400	-0.0783600
31	0.5000000	-0.6504000	1.4691800	-0.1776300	-0.6547100	1.4635900	0.0136400	-0.6666400	1.1918800	0.0755400	-0.5340100	0.9512500	0.0907600	-0.6679200	1.4758900	-0.3573800	-0.6305900	1.2113900	-0.4216400	-0.5645900	0.9589200	-0.4220500	-0.5776400	0.8916800	-0.1630500	-0.5762200	0.8936700	-0.0418800	-0.5913800	0.4812000	-0.0422500	-0.6440600	0.1195200	-0.0429700	-0.5485300	0.8988400	-0.2882900	-0.6395900	0.4688400	-0.2913500	-0.6766100	0.1030700	-0.3069000	-0.4840600	0.0429000	-0.3178800	-0.4932200	0.0607000	-0.3653200	-0.7202200	0.0493600	-0.2987200	-0.5062700	0.0387900	-0.0292400	-0.5079900	0.0633700	0.0212500	-0.7062200	0.0769400	-0.0783600
32	0.5166667	-0.6501400	1.4691300	-0.1775700	-0.6548800	1.4636500	0.0136800	-0.6666500	1.1918600	0.0755400	-0.5330000	0.9513300	0.0909700	-0.6679900	1.4758800	-0.3574500	-0.6305700	1.2113100	-0.4216300	-0.5651800	0.9588600	-0.4222600	-0.5776700	0.8916800	-0.1630500	-0.5769900	0.8935300	-0.0416300	-0.5910900	0.4814600	-0.0421600	-0.6440700	0.1195200	-0.0429600	-0.5472400	0.8988000	-0.2877700	-0.6394200	0.4687000	-0.2913500	-0.6766400	0.1030700	-0.3069200	-0.4840400	0.0434700	-0.3178000	-0.4923600	0.0612300	-0.3649300	-0.7201200	0.0547400	-0.2981000	-0.5059500	0.0389700	-0.0291900	-0.5075300	0.0635400	0.0211300	-0.7061900	0.0769900	-0.0783700
33	0.5333333	-0.6504200	1.4691800	-0.1776300	-0.6546900	1.4636000	0.0136400	-0.6667000	1.1918900	0.0755600	-0.5339600	0.9512600	0.0907700	-0.6679500	1.4758900	-0.3573900	-0.6306000	1.2113800	-0.4216400	-0.5645400	0.9539300	-0.4220200	-0.5776500	0.8916400	-0.1630400	-0.5934900	0.8916000	-0.0369500	-0.5914200	0.4811800	-0.0422400	-0.6440700	0.1195000	-0.0429500	-0.5485300	0.8988100	-0.2882700	-0.6396300	0.4688200	-0.2913500	-0.6765800	0.1031100	-0.3069000	-0.4840500	0.0482900	-0.3172200	-0.4932000	0.0607400	-0.3653000	-0.7200200	0.0547500	-0.2981000	-0.5062700	0.0387900	-0.0292400	-0.5079700	0.0633500	0.0212600	-0.7062100	0.0769100	-0.0783300
34	0.5500000	-0.6501900	1.4691600	-0.1775600	-0.6549700	1.4636800	0.0137000	-0.6666900	1.1918900	0.0755400	-0.5329700	0.9513700	0.0909900	-0.6680400	1.4759000	-0.3574400	-0.6306100	1.2113100	-0.4216300	-0.5651700	0.9538700	-0.4222400	-0.5776800	0.8916800	-0.1630400	-0.5943100	0.8914800	-0.0367000	-0.5912200	0.4814300	-0.0421300	-0.6440600	0.1195200	-0.0429500	-0.5472600	0.8987900	-0.2877900	-0.6393500	0.4686900	-0.2913600	-0.6765800	0.1031100	-0.3069300	-0.4840300	0.0434900	-0.3177900	-0.4924000	0.0612200	-0.3649300	-0.7200900	0.0547900	-0.2981200	-0.5060000	0.0389400	-0.0291800	-0.5075500	0.0635200	0.0211400	-0.7061800	0.0769800	-0.0783700
35	0.5666667	-0.6504900	1.4692100	-0.1776200	-0.6547900	1.4636200	0.0136600	-0.6667700	1.1918900	0.0755700	-0.5339400	0.9512500	0.0907900	-0.6679800	1.4759100	-0.3573800	-0.6306800	1.2113900	-0.4216400	-0.5645400	0.9589000	-0.4220200	-0.5776500	0.8916700	-0.1630400	-0.5934700	0.8916200	-0.0369500	-0.5914100	0.4811300	-0.0422400	-0.6440000	0.1194800	-0.0429400	-0.5484800	0.8988400	-0.2882600	-0.6395000	0.4688200	-0.2913300	-0.6765700	0.1031200	-0.3069100	-0.4840900	0.0429100	-0.3178900	-0.4932300	0.0607300	-0.3653000	-0.7200600	0.0547800	-0.2981200	-0.5063000	0.0387700	-0.0292400	-0.5079500	0.0633500	0.0212700	-0.7060100	0.0767600	-0.0783000
36	0.5833333	-0.6501900	1.4691700	-0.1775600	-0.6549400	1.4636900	0.0136900	-0.6666900	1.1918900	0.0755300	-0.5329700	0.9513600	0.0909900	-0.6680600	1.4759100	-0.3574300	-0.6306500	1.2113200	-0.4216200	-0.5651500	0.9588400	-0.4222500	-0.5776400	0.8916800	-0.1630400	-0.5769900	0.8935200	-0.0416200	-0.5911000	0.4813800	-0.0421400	-0.6440300	0.1195000	-0.0429400	-0.5472500	0.8988000	-0.2877900	-0.6392900	0.4686800	-0.2913300	-0.6766200	0.1030900	-0.3069300	-0.4851500	0.0485500	-0.3184400	-0.4925300	0.0611900	-0.3649600	-0.7201700	0.0547900	-0.2981200	-0.5059700	0.0389800	-0.0291800	-0.5075200	0.0635500	0.0211300	-0.7060400	0.0768100	-0.0783400
37	0.6000000	-0.6504100	1.4692100	-0.1776300	-0.6547300	1.4636400	0.0136500	-0.6665600	1.1919700	0.0755000	-0.5339100	0.9513000	0.0907600	-0.6679300	1.4759100	-0.3574000	-0.6307300	1.2113900	-0.4216300	-0.5645600	0.9539200	-0.4220100	-0.5775900	0.8916600	-0.1630500	-0.5760300	0.8936800	-0.0419100	-0.5912100	0.4811400	-0.0422900	-0.6439700	0.1195200	-0.0429600	-0.5485000	0.8988100	-0.2882300	-0.6392800	0.4635300	-0.2909500	-0.6766100	0.1032000	-0.3069000	-0.4840900	0.0483200	-0.3172200	-0.4932400	0.0607500	-0.3652800	-0.7201200	0.0548600	-0.2981000	-0.5061200	0.0388800	-0.0293000	-0.5077800	0.0634400	0.0212000	-0.7060800	0.0767900	-0.0782900
38	0.6166667	-0.6501600	1.4691600	-0.1775800	-0.6549300	1.4637100	0.0136900	-0.6664600	1.1919900	0.0754600	-0.5329100	0.9514100	0.0909600	-0.6679800	1.4758800	-0.3574600	-0.6306800	1.2112800	-0.4216200	-0.5651700	0.9538400	-0.4222300	-0.5776400	0.8916700	-0.1630400	-0.5768600	0.8935300	-0.0416500	-0.5898100	0.4766000	-0.0417700	-0.6439600	0.1195800	-0.0429600	-0.5474200	0.8987500	-0.2877700	-0.6390200	0.4634200	-0.2909600	-0.6767100	0.1031000	-0.3069300	-0.4841400	0.0434300	-0.3177900	-0.4926000	0.0611300	-0.3649700	-0.7203300	0.0548100	-0.2981200	-0.5058600	0.0390500	-0.0292200	-0.5074000	0.0636200	0.0210900	-0.7060800	0.0769900	-0.0783600
39	0.6333333	-0.6504600	1.4692100	-0.1776300	-0.6547600	1.4636600	0.0136500	-0.6665600	1.1919800	0.0755100	-0.5339100	0.9512800	0.0907600	-0.6679500	1.4758900	-0.3574100	-0.6307300	1.2113700	-0.4216500	-0.5645100	0.9538900	-0.4219900	-0.5775800	0.8916400	-0.1630200	-0.5760000	0.8936500	-0.0419000	-0.5902800	0.4762900	-0.0418500	-0.6439700	0.1195600	-0.0429600	-0.5484700	0.8988100	-0.2881800	-0.6393300	0.4635200	-0.2909700	-0.6766300	0.1031600	-0.3069100	-0.4841300	0.0482400	-0.3172100	-0.4932100	0.0607400	-0.3652600	-0.7203400	0.0494300	-0.2987500	-0.5062300	0.0388300	-0.0293000	-0.5078500	0.0634100	0.0212200	-0.7060400	0.0769100	-0.0783100
40	0.6500000	-0.6501700	1.4691700	-0.1775800	-0.6549800	1.4637200	0.0136800	-0.6664900	1.1919800	0.0754700	-0.5330000	0.9513700	0.0909500	-0.6679700	1.4758800	-0.3574400	-0.6306900	1.2112800	-0.4216200	-0.5651700	0.9538200	-0.4222300	-0.5775800	0.8916600	-0.1630200	-0.5768400	0.8935100	-0.0416200	-0.5898600	0.4766100	-0.0417600	-0.6439900	0.1195700	-0.0429600	-0.5473600	0.8987500	-0.2877600	-0.6393300	0.4686600	-0.2913500	-0.6766500	0.1031400	-0.3069300	-0.4841500	0.0434500	-0.3178100	-0.4926700	0.0611000	-0.3649800	-0.7203900	0.0494600	-0.2987600	-0.5058600	0.0390500	-0.0292300	-0.5074200	0.0636100	0.0210800	-0.7061100	0.0769700	-0.0783600
41	0.6666667	-0.6504400	1.4692000	-0.1776300	-0.6547600	1.4636500	0.0136400	-0.6666200	1.1919800	0.0755000	-0.5339500	0.9512800	0.0907600	-0.6679400	1.4759000	-0.3574100	-0.6307400	1.2113700	-0.4216600	-0.5645400	0.9539000	-0.4220000	-0.5775700	0.8916200	-0.1630300	-0.5759700	0.8936400	-0.0419100	-0.5913400	0.4811400	-0.0422400	-0.6439600	0.1195800	-0.0429600	-0.5484200	0.8987900	-0.2881800	-0.6393600	0.4634900	-0.2909700	-0.6766400	0.1032000	-0.3069200	-0.4840400	0.0483100	-0.3172200	-0.4931600	0.0607800	-0.3652500	-0.7201100	0.0548600	-0.2981100	-0.5062000	0.0388300	-0.0293000	-0.5078400	0.0634100	0.0212100	-0.7061300	0.0769200	-0.0783200
42	0.6833333	-0.6501500	1.4691500	-0.1775700	-0.6549500	1.4637000	0.0136800	-0.6665000	1.1919500	0.0754700	-0.5330700	0.9513800	0.0909300	-0.6679300	1.4758700	-0.3574100	-0.6305500	1.2112800	-0.4216000	-0.5651700	0.9538400	-0.4222300	-0.5776500	0.8916400	-0.1630500	-0.5769800	0.8934900	-0.0416600	-0.5898000	0.4766900	-0.0417700	-0.6441700	0.1195400	-0.0430000	-0.5473900	0.8987200	-0.2877900	-0.6390500	0.4634400	-0.2910000	-0.6769000	0.1030400	-0.3069700	-0.4841700	0.0434300	-0.3178500	-0.5118300	0.0528500	-0.3725500	-0.7206600	0.0493800	-0.2987700	-0.5060100	0.0390000	-0.0292300	-0.5076100	0.0635700	0.0210600	-0.7054200	0.0825500	-0.0789900
43	0.7000000	-0.6504600	1.4691900	-0.1776200	-0.6547600	1.4636400	0.0136400	-0.6667000	1.1919200	0.0755200	-0.5556600	0.9489500	0.0863300	-0.6679500	1.4758800	-0.3573900	-0.6305900	1.2113800	-0.4216200	-0.5645300	0.9539200	-0.4219800	-0.5776400	0.8916100	-0.1630500	-0.5761000	0.8936200	-0.0419400	-0.5903700	0.4763100	-0.0418100	-0.6441100	0.1195400	-0.0429900	-0.5483900	0.8987800	-0.2881700	-0.6393400	0.4635200	-0.2909600	-0.6768600	0.1030500	-0.3069600	-0.4841900	0.0428100	-0.3179200	-0.5123100	0.0525000	-0.3727800	-0.7205600	0.0493500	-0.2987800	-0.5064000	0.0387900	-0.0293100	-0.5080400	0.0633800	0.0212100	-0.7052200	0.0824900	-0.0789300
44	0.7166667	-0.6501900	1.4691400	-0.1775800	-0.6549600	1.4636900	0.0136700	-0.6666300	1.1919400	0.0754900	-0.5547700	0.9490500	0.0865100	-0.6679500	1.4758500	-0.3574200	-0.6305300	1.2112700	-0.4216000	-0.5651700	0.9538300	-0.4222200	-0.5776700	0.8916100	-0.1630500	-0.5770200	0.8934500	-0.0416700	-0.5898300	0.4766300	-0.0417300	-0.6441700	0.1195500	-0.0430000	-0.5474300	0.8987000	-0.2878100	-0.6390100	0.4634300	-0.2909800	-0.6769000	0.1030200	-0.3070000	-0.4842400	0.0433700	-0.3178700	-0.5118500	0.0528200	-0.3725700	-0.7206700	0.0493700	-0.2988000	-0.5060300	0.0390100	-0.0292300	-0.5076200	0.0635700	0.0210600	-0.7054100	0.0825400	-0.0790100
45	0.7333333	-0.6504400	1.4691800	-0.1776300	-0.6547400	1.4636300	0.0136400	-0.6667500	1.1919300	0.0755300	-0.5556400	0.9489500	0.0863400	-0.6679100	1.4758800	-0.3573900	-0.6305800	1.2113900	-0.4216200	-0.5645100	0.9539300	-0.4219800	-0.5776400	0.8916100	-0.1630500	-0.5761400	0.8936100	-0.0419400	-0.5903800	0.4762900	-0.0418100	-0.6441900	0.1195000	-0.0429900	-0.5482800	0.8987900	-0.2881500	-0.6393800	0.4634900	-0.2909500	-0.6768500	0.1030600	-0.3069700	-0.4841400	0.0428200	-0.3179000	-0.4930900	0.0607500	-0.3652700	-0.7205200	0.0493700	-0.2987900	-0.5064200	0.0387900	-0.0293100	-0.5080500	0.0633800	0.0212100	-0.7053200	0.0824700	-0.0789300
46	0.7500000	-0.6501700	1.4691500	-0.1775800	-0.6549800	1.4637100	0.0136600	-0.6665700	1.1919500	0.0754800	-0.5547700	0.9490600	0.0865200	-0.6679200	1.4758400	-0.3574100	-0.6305300	1.2113000	-0.4216000	-0.5651400	0.9588300	-0.4222500	-0.5776400	0.8916300	-0.1630500	-0.5770400	0.8934600	-0.0416500	-0.5908900	0.4814800	-0.0421300	-0.6441700	0.1195400	-0.0430000	-0.5474100	0.8987200	-0.2878200	-0.6390500	0.4634400	-0.2909800	-0.6768700	0.1030200	-0.3070000	-0.4842000	0.0433700	-0.3178500	-0.4927600	0.0610000	-0.3650700	-0.7206200	0.0493900	-0.2988100	-0.5060100	0.0390100	-0.0292300	-0.5075900	0.0635700	0.0210600	-0.7064700	0.0769500	-0.0784300
47	0.7666667	-0.6504600	1.4691800	-0.1776200	-0.6547500	1.4636400	0.0136400	-0.6666600	1.1918800	0.0755600	-0.5557300	0.9488800	0.0863300	-0.6679700	1.4758900	-0.3574200	-0.6306000	1.2114100	-0.4216200	-0.5833100	0.9570000	-0.4296600	-0.5775200	0.8916200	-0.1630200	-0.5760700	0.8936100	-0.0419400	-0.5915000	0.4811700	-0.0422400	-0.6442400	0.1195000	-0.0430100	-0.5480600	0.8988300	-0.2880700	-0.6394700	0.4634600	-0.2909700	-0.6768000	0.1030800	-0.3069700	-0.4842400	0.0428100	-0.3178900	-0.5124100	0.0525000	-0.3727600	-0.7204600	0.0493800	-0.2988000	-0.5063700	0.0388100	-0.0293100	-0.5080100	0.0634000	0.0212000	-0.7063900	0.0768900	-0.0783700
48	0.7833333	-0.6501600	1.4691400	-0.1775600	-0.6549500	1.4636900	0.0136800	-0.6664400	1.1919300	0.0754900	-0.5549100	0.9489800	0.0864900	-0.6679300	1.4758400	-0.3574100	-0.6305000	1.2112900	-0.4215800	-0.5839600	0.9569200	-0.4299100	-0.5775400	0.8916500	-0.1630200	-0.5770000	0.8934800	-0.0416500	-0.5908900	0.4815400	-0.0421400	-0.6442600	0.1195300	-0.0430200	-0.5472600	0.8987500	-0.2877600	-0.6390800	0.4634200	-0.2910100	-0.6768500	0.1030100	-0.3069900	-0.4842600	0.0433700	-0.3178500	-0.5120700	0.0527300	-0.3726000	-0.7206200	0.0493600	-0.2988100	-0.5059400	0.0390400	-0.0292300	-0.5075700	0.0635900	0.0210500	-0.7065500	0.0769700	-0.0784600
49	0.8000000	-0.6504600	1.4691900	-0.1776100	-0.6548700	1.4636100	0.0136700	-0.6666600	1.1918300	0.0755600	-0.5556600	0.9488800	0.0863100	-0.6679300	1.4759100	-0.3574000	-0.6306100	1.2114200	-0.4216100	-0.5832600	0.9570000	-0.4296600	-0.5774700	0.8916700	-0.1630300	-0.5760400	0.8936500	-0.0419500	-0.5901000	0.4764000	-0.0419200	-0.6442700	0.1195400	-0.0430200	-0.5479100	0.8988900	-0.2880800	-0.6395000	0.4634800	-0.2909900	-0.6768100	0.1030300	-0.3069700	-0.4842700	0.0427900	-0.3178800	-0.5123700	0.0525300	-0.3727600	-0.7204800	0.0493000	-0.2987800	-0.5063900	0.0387900	-0.0293200	-0.5080600	0.0633800	0.0212200	-0.7053200	0.0825300	-0.0789600
50	0.8166667	-0.6502100	1.4691400	-0.1775700	-0.6550400	1.4636500	0.0137100	-0.6665500	1.1918300	0.0754800	-0.5550200	0.9489700	0.0864300	-0.6679500	1.4758300	-0.3574100	-0.6305600	1.2112800	-0.4215900	-0.5839400	0.9569000	-0.4299300	-0.5775300	0.8916700	-0.1630300	-0.5770800	0.8934900	-0.0416200	-0.5894400	0.4768000	-0.0418400	-0.6443300	0.1195800	-0.0430400	-0.5472600	0.8987700	-0.2878300	-0.6391200	0.4634300	-0.2910400	-0.6768700	0.1030300	-0.3069900	-0.4844200	0.0487000	-0.3172500	-0.5121200	0.0527800	-0.3726400	-0.7206600	0.0493400	-0.2987800	-0.5060500	0.0389900	-0.0292100	-0.5077600	0.0635500	0.0210600	-0.7055600	0.0825800	-0.0790700
51	0.8333333	-0.6504800	1.4691700	-0.1776200	-0.6547800	1.4635900	0.0136800	-0.6668100	1.1917800	0.0755600	-0.5558300	0.9488600	0.0862700	-0.6679600	1.4758900	-0.3574200	-0.6306400	1.2114100	-0.4216300	-0.5832800	0.9570100	-0.4296800	-0.5775600	0.8916200	-0.1630400	-0.5760800	0.8936200	-0.0419200	-0.5900500	0.4764100	-0.0419400	-0.6443200	0.1195200	-0.0430400	-0.5480500	0.8988300	-0.2881100	-0.6396500	0.4634300	-0.2910100	-0.6768700	0.1030500	-0.3069900	-0.4843900	0.0427800	-0.3179500	-0.5124100	0.0525600	-0.3727700	-0.7204900	0.0493300	-0.2987900	-0.5064300	0.0387900	-0.0293200	-0.5081200	0.0634000	0.0212100	-0.7053400	0.0824800	-0.0789700
52	0.8500000	-0.6502300	1.4691300	-0.1775800	-0.6550200	1.4636500	0.0137000	-0.6665500	1.1918500	0.0754600	-0.5550400	0.9489700	0.0864200	-0.6680000	1.4758200	-0.3574200	-0.6305900	1.2112700	-0.4216100	-0.5839300	0.9569200	-0.4299300	-0.5776000	0.8916200	-0.1630400	-0.5770900	0.8934500	-0.0416100	-0.5893400	0.4767800	-0.0418600	-0.6255300	0.1265400	-0.0482100	-0.5474300	0.8987100	-0.2878800	-0.6391800	0.4634200	-0.2910800	-0.6768900	0.1030000	-0.3070100	-0.4844500	0.0433300	-0.3179100	-0.5122500	0.0527000	-0.3726600	-0.7206400	0.0493300	-0.2988000	-0.5059300	0.0390100	-0.0292300	-0.5076400	0.0635700	0.0210500	-0.7055800	0.0825400	-0.0790600
53	0.8666667	-0.6505100	1.4691600	-0.1776200	-0.6548000	1.4635800	0.0136800	-0.6668000	1.1917800	0.0755600	-0.5557800	0.9488700	0.0862900	-0.6679600	1.4758700	-0.3574400	-0.6306600	1.2114000	-0.4216400	-0.5832800	0.9570300	-0.4296700	-0.5775700	0.8916100	-0.1630400	-0.5760800	0.8936100	-0.0419300	-0.5901300	0.4763900	-0.0419500	-0.6255100	0.1265100	-0.0482100	-0.5480400	0.8988300	-0.2880900	-0.6396100	0.4634300	-0.2910100	-0.6768500	0.1030100	-0.3069700	-0.4845600	0.0426900	-0.3179400	-0.5124600	0.0525300	-0.3727400	-0.7205000	0.0493000	-0.2987800	-0.5063400	0.0387900	-0.0293500	-0.5080600	0.0633900	0.0211800	-0.7052900	0.0825000	-0.0789600
54	0.8833333	-0.6502200	1.4691400	-0.1775700	-0.6550400	1.4636500	0.0137100	-0.6666900	1.1918000	0.0754800	-0.5552500	0.9488100	0.0863600	-0.6679700	1.4758200	-0.3574400	-0.6306400	1.2112500	-0.4216200	-0.5839900	0.9568900	-0.4299100	-0.5777700	0.8916700	-0.1630500	-0.5945600	0.8914700	-0.0367000	-0.6126400	0.4757500	-0.0477800	-0.6442400	0.1194200	-0.0429900	-0.5476500	0.8987300	-0.2879100	-0.6389000	0.4635400	-0.2910000	-0.6766100	0.1030700	-0.3069200	-0.4854900	0.0483900	-0.3185200	-0.4929300	0.0609900	-0.3651300	-0.7204400	0.0493700	-0.2987100	-0.5058100	0.0390000	-0.0292100	-0.5076000	0.0635400	0.0210700	-0.7066000	0.0767500	-0.0784500
55	0.9000000	-0.6505000	1.4691700	-0.1776300	-0.6548000	1.4636000	0.0136700	-0.6669500	1.1917100	0.0755600	-0.5559700	0.9487000	0.0862300	-0.6679900	1.4759000	-0.3574700	-0.6307700	1.2114000	-0.4216700	-0.5833300	0.9570300	-0.4296600	-0.5777400	0.8916400	-0.1630400	-0.5935400	0.8916000	-0.0370100	-0.6134200	0.4753200	-0.0478600	-0.6442400	0.1193700	-0.0429900	-0.5481800	0.8988500	-0.2880900	-0.6394300	0.4635100	-0.2909500	-0.6766200	0.1030800	-0.3069100	-0.4854300	0.0478200	-0.3185400	-0.4929600	0.0609000	-0.3651600	-0.7203400	0.0493200	-0.2987100	-0.5062900	0.0387400	-0.0293200	-0.5080300	0.0633400	0.0212300	-0.7063200	0.0766800	-0.0783400
56	0.9166667	-0.6502500	1.4691200	-0.1775800	-0.6550300	1.4636200	0.0137200	-0.6666000	1.1917800	0.0754700	-0.5552000	0.9488100	0.0863700	-0.6680700	1.4758100	-0.3574600	-0.6306600	1.2112400	-0.4216300	-0.5839800	0.9568900	-0.4299200	-0.5777600	0.8916500	-0.1630400	-0.5945800	0.8914400	-0.0366700	-0.6126200	0.4757600	-0.0477800	-0.6442400	0.1194100	-0.0429900	-0.5476700	0.8987200	-0.2879100	-0.6388700	0.4635400	-0.2910000	-0.6766300	0.1030500	-0.3069400	-0.4854700	0.0483900	-0.3185100	-0.4929300	0.0609800	-0.3651300	-0.7204900	0.0493400	-0.2987400	-0.5058300	0.0390000	-0.0292000	-0.5076100	0.0635300	0.0210700	-0.7065800	0.0767300	-0.0784600
57	0.9333333	-0.6504800	1.4691600	-0.1776500	-0.6547200	1.4635900	0.0136700	-0.6669900	1.1917100	0.0756000	-0.5559600	0.9487100	0.0862400	-0.6680100	1.4758900	-0.3575100	-0.6308200	1.2113600	-0.4216700	-0.5833600	0.9570200	-0.4296600	-0.5776500	0.8916400	-0.1630700	-0.5761000	0.8936500	-0.0419700	-0.6133700	0.4753500	-0.0478800	-0.6442800	0.1193400	-0.0429700	-0.5480500	0.8988400	-0.2881000	-0.6396500	0.4687400	-0.2912900	-0.6765800	0.1031600	-0.3069300	-0.4855000	0.0478000	-0.3185300	-0.4929700	0.0609100	-0.3651400	-0.7202300	0.0494200	-0.2987500	-0.5063900	0.0387000	-0.0292900	-0.5080800	0.0633200	0.0212500	-0.7063300	0.0766600	-0.0783300
58	0.9500000	-0.6502100	1.4691100	-0.1776100	-0.6549500	1.4636200	0.0137000	-0.6666500	1.1918100	0.0754900	-0.5552300	0.9488100	0.0863600	-0.6680200	1.4757900	-0.3574800	-0.6307000	1.2111900	-0.4216300	-0.5840800	0.9568800	-0.4299100	-0.5777100	0.8916300	-0.1630500	-0.5772200	0.8934800	-0.0416200	-0.6125100	0.4758500	-0.0478100	-0.6443000	0.1193800	-0.0429800	-0.5476600	0.8986800	-0.2879400	-0.6391100	0.4687800	-0.2913600	-0.6765500	0.1031000	-0.3069600	-0.4854600	0.0483900	-0.3185100	-0.4929500	0.0609500	-0.3651400	-0.7203400	0.0494200	-0.2987800	-0.5058700	0.0389400	-0.0291600	-0.5076200	0.0634800	0.0210900	-0.7066700	0.0766700	-0.0784500
59	0.9666667	-0.6504900	1.4691500	-0.1776500	-0.6547100	1.4635600	0.0136700	-0.6670100	1.1917000	0.0756000	-0.5559300	0.9487300	0.0862500	-0.6680400	1.4759000	-0.3575200	-0.6308300	1.2113600	-0.4216700	-0.5834400	0.9570100	-0.4296500	-0.5777100	0.8916000	-0.1630700	-0.5761500	0.8936300	-0.0419600	-0.6133900	0.4754500	-0.0479100	-0.6443300	0.1193300	-0.0429700	-0.5481000	0.8988100	-0.2880900	-0.6394400	0.4635300	-0.2909500	-0.6765300	0.1031800	-0.3069200	-0.4854400	0.0478200	-0.3185500	-0.4928800	0.0609300	-0.3651400	-0.7201400	0.0494500	-0.2987400	-0.5064600	0.0386800	-0.0293100	-0.5081000	0.0633200	0.0212400	-0.7063600	0.0766300	-0.0783100
60	0.9833333	-0.6502200	1.4691200	-0.1776100	-0.6550100	1.4636200	0.0136900	-0.6666400	1.1918000	0.0754800	-0.5552600	0.9488300	0.0863600	-0.6680100	1.4758100	-0.3574700	-0.6306600	1.2112100	-0.4216100	-0.5841300	0.9568700	-0.4299200	-0.5776900	0.8916200	-0.1630700	-0.5772100	0.8934600	-0.0416200	-0.6125000	0.4758800	-0.0478100	-0.6443000	0.1193800	-0.0429600	-0.5476700	0.8986800	-0.2879700	-0.6387500	0.4636100	-0.2910200	-0.6765000	0.1031100	-0.3069400	-0.4844300	0.0433100	-0.3179000	-0.4929900	0.0609400	-0.3651700	-0.7202700	0.0494500	-0.2987500	-0.5058700	0.0389600	-0.0291800	-0.5076400	0.0635000	0.0210800	-0.7067000	0.0766800	-0.0784300
61	1.0000000	-0.6504700	1.4691300	-0.1776600	-0.6547300	1.4635500	0.0136600	-0.6668200	1.1917300	0.0755300	-0.5559300	0.9487200	0.0862500	-0.6680200	1.4759000	-0.3575100	-0.6307000	1.2113200	-0.4216700	-0.5834000	0.9570100	-0.4296700	-0.5776900	0.8915600	-0.1630700	-0.5760200	0.8935900	-0.0420000	-0.6135200	0.4754000	-0.0478800	-0.6442300	0.1194400	-0.0430000	-0.5481600	0.8938900	-0.2879600	-0.6398700	0.4687500	-0.2912500	-0.6765900	0.1030600	-0.3069100	-0.4841500	0.0428400	-0.3179400	-0.4928200	0.0609200	-0.3651400	-0.7201500	0.0492900	-0.2987300	-0.5064600	0.0387400	-0.0293300	-0.5080900	0.0633900	0.0212300	-0.7052100	0.0823800	-0.0789000
62	1.0166667	-0.6502200	1.4691000	-0.1776100	-0.6550300	1.4635800	0.0137000	-0.6664500	1.1918400	0.0754200	-0.5552800	0.9488200	0.0863500	-0.6680500	1.4757900	-0.3574600	-0.6305700	1.2111400	-0.4216400	-0.5840000	0.9568800	-0.4299300	-0.5777000	0.8915800	-0.1630600	-0.5771300	0.8934500	-0.0416400	-0.6125700	0.4758100	-0.0477900	-0.6442100	0.1194500	-0.0429900	-0.5478500	0.8937400	-0.2878700	-0.6391700	0.4688300	-0.2913100	-0.6766000	0.1029800	-0.3069200	-0.4841500	0.0434200	-0.3179500	-0.4928800	0.0609200	-0.3652100	-0.7203200	0.0492600	-0.2987200	-0.5058600	0.0390100	-0.0292100	-0.5076200	0.0635600	0.0210500	-0.7066400	0.0767400	-0.0784600
63	1.0333333	-0.6504700	1.4691300	-0.1776500	-0.6547500	1.4635300	0.0136600	-0.6668400	1.1917100	0.0755600	-0.5558500	0.9487100	0.0862600	-0.6679600	1.4759100	-0.3574900	-0.6307100	1.2113100	-0.4216900	-0.5833300	0.9570400	-0.4296700	-0.5776900	0.8915500	-0.1630600	-0.5760600	0.8935800	-0.0420000	-0.6135300	0.4753400	-0.0478700	-0.6442900	0.1193600	-0.0430000	-0.5481000	0.8938800	-0.2879100	-0.6399000	0.4687100	-0.2912500	-0.6765700	0.1030500	-0.3069000	-0.4841500	0.0428300	-0.3179600	-0.5118600	0.0527200	-0.3726400	-0.7200800	0.0492700	-0.2987100	-0.5064600	0.0387400	-0.0293600	-0.5080900	0.0634000	0.0212000	-0.7062600	0.0766600	-0.0783300
64	1.0500000	-0.6502200	1.4690900	-0.1776200	-0.6550300	1.4635900	0.0136700	-0.6664000	1.1918600	0.0754200	-0.5552300	0.9488100	0.0863500	-0.6680000	1.4757700	-0.3574500	-0.6305800	1.2111400	-0.4216400	-0.5839700	0.9569000	-0.4299200	-0.5777000	0.8915700	-0.1630400	-0.5772000	0.8934200	-0.0416200	-0.6125000	0.4758500	-0.0478000	-0.6442800	0.1194000	-0.0430000	-0.5478400	0.8937400	-0.2878600	-0.6391600	0.4688200	-0.2913400	-0.6765500	0.1029700	-0.3069200	-0.4841800	0.0434100	-0.3179800	-0.5120500	0.0526900	-0.3727300	-0.7202900	0.0492600	-0.2987300	-0.5058800	0.0390200	-0.0292100	-0.5076700	0.0635700	0.0210400	-0.7067100	0.0766600	-0.0784700
65	1.0666667	-0.6504500	1.4691200	-0.1776500	-0.6547300	1.4635200	0.0136500	-0.6668300	1.1917200	0.0755600	-0.5558400	0.9487100	0.0862700	-0.6679000	1.4759100	-0.3574900	-0.6307000	1.2113000	-0.4216900	-0.5833000	0.9570400	-0.4296600	-0.5777100	0.8915400	-0.1630600	-0.5760700	0.8935600	-0.0419900	-0.6134900	0.4753700	-0.0478700	-0.6442700	0.1193600	-0.0429900	-0.5481100	0.8938600	-0.2879100	-0.6399300	0.4687100	-0.2912600	-0.6765500	0.1030700	-0.3069000	-0.4840700	0.0428900	-0.3179300	-0.5118300	0.0527700	-0.3726200	-0.7200700	0.0492800	-0.2987200	-0.5065100	0.0387200	-0.0293700	-0.5081200	0.0633800	0.0212100	-0.7062400	0.0766500	-0.0783100
66	1.0833333	-0.6501600	1.4690800	-0.1776200	-0.6550200	1.4635800	0.0136700	-0.6664000	1.1918300	0.0754200	-0.5552300	0.9488600	0.0863500	-0.6679800	1.4757800	-0.3574500	-0.6305900	1.2111600	-0.4216400	-0.5839500	0.9569000	-0.4299300	-0.5776300	0.8915600	-0.1630500	-0.5770300	0.8934100	-0.0416200	-0.6124600	0.4758000	-0.0477800	-0.6442100	0.1194200	-0.0429700	-0.5477900	0.8985800	-0.2880000	-0.6392100	0.4687800	-0.2914300	-0.6764500	0.1030700	-0.3068800	-0.4842300	0.0488800	-0.3172800	-0.5122300	0.0526500	-0.3727700	-0.7202700	0.0493600	-0.2987000	-0.5058800	0.0389700	-0.0292000	-0.5076000	0.0635000	0.0210800	-0.7066700	0.0766800	-0.0784500
67	1.1000000	-0.6504400	1.4691100	-0.1776600	-0.6546500	1.4635200	0.0136400	-0.6668500	1.1916900	0.0755800	-0.5557700	0.9487400	0.0862800	-0.6680000	1.4759200	-0.3575400	-0.6307000	1.2113400	-0.4216800	-0.5833300	0.9570600	-0.4296700	-0.5776800	0.8915300	-0.1630600	-0.5759600	0.8935600	-0.0419900	-0.6135000	0.4752800	-0.0478600	-0.6442500	0.1193500	-0.0429800	-0.5480100	0.8987200	-0.2880000	-0.6400000	0.4686600	-0.2913300	-0.6764400	0.1031700	-0.3068500	-0.4840900	0.0428700	-0.3179100	-0.5119000	0.0527400	-0.3726600	-0.7200000	0.0493700	-0.2986500	-0.5064200	0.0387000	-0.0293600	-0.5080100	0.0633500	0.0212400	-0.7062400	0.0766700	-0.0782900
68	1.1166667	-0.6501700	1.4690700	-0.1776200	-0.6549800	1.4635700	0.0136700	-0.6663300	1.1918400	0.0754200	-0.5552300	0.9488500	0.0863500	-0.6680200	1.4757600	-0.3574600	-0.6305600	1.2111600	-0.4216200	-0.5839700	0.9569000	-0.4299300	-0.5776700	0.8915400	-0.1630500	-0.5771300	0.8934000	-0.0416100	-0.6123700	0.4757900	-0.0477800	-0.6442300	0.1193900	-0.0429700	-0.5479000	0.8936800	-0.2879200	-0.6391000	0.4688300	-0.2914100	-0.6763900	0.1031100	-0.3068700	-0.4841800	0.0434300	-0.3179300	-0.5122300	0.0526100	-0.3727900	-0.7202000	0.0493800	-0.2986800	-0.5057700	0.0390200	-0.0291900	-0.5075900	0.0635100	0.0210700	-0.7067600	0.0766500	-0.0784500
69	1.1333333	-0.6504300	1.4691100	-0.1776500	-0.6546500	1.4635200	0.0136600	-0.6668100	1.1916700	0.0755900	-0.5557200	0.9487500	0.0862900	-0.6679500	1.4759300	-0.3575300	-0.6307100	1.2113500	-0.4216800	-0.5833400	0.9570600	-0.4296800	-0.5776900	0.8915300	-0.1630700	-0.5759500	0.8935600	-0.0420000	-0.6135000	0.4752800	-0.0478600	-0.6442300	0.1193500	-0.0429700	-0.5479800	0.8987300	-0.2880000	-0.6399700	0.4686900	-0.2913300	-0.6764600	0.1031600	-0.3068500	-0.4841000	0.0428800	-0.3179100	-0.5119100	0.0527500	-0.3726400	-0.7200300	0.0493500	-0.2986400	-0.5063800	0.0387200	-0.0293900	-0.5079600	0.0633500	0.0212200	-0.7045900	0.0708900	-0.0787900
70	1.1500000	-0.6501900	1.4690800	-0.1776200	-0.6550000	1.4635800	0.0136700	-0.6663100	1.1918400	0.0754300	-0.5552100	0.9488600	0.0863500	-0.6680100	1.4757600	-0.3574400	-0.6305500	1.2111500	-0.4216300	-0.5839200	0.9568900	-0.4299400	-0.5777000	0.8915500	-0.1630600	-0.5772100	0.8934100	-0.0416000	-0.6123000	0.4758500	-0.0478000	-0.6442000	0.1194200	-0.0429900	-0.5478900	0.8985600	-0.2880400	-0.6390300	0.4688800	-0.2914300	-0.6764000	0.1031000	-0.3068600	-0.4841900	0.0434400	-0.3179300	-0.5123100	0.0525900	-0.3727900	-0.7202000	0.0493800	-0.2986600	-0.5057000	0.0390400	-0.0292100	-0.5075300	0.0635200	0.0210400	-0.7052100	0.0708600	-0.0789900
71	1.1666667	-0.6504800	1.4691000	-0.1776700	-0.6546200	1.4635100	0.0136500	-0.6667600	1.1916300	0.0756000	-0.5557200	0.9487300	0.0863000	-0.6680100	1.4759300	-0.3575500	-0.6307200	1.2113400	-0.4216900	-0.5833000	0.9570600	-0.4296800	-0.5777300	0.8915300	-0.1630700	-0.5760800	0.8935500	-0.0420000	-0.6134200	0.4753000	-0.0478800	-0.6442200	0.1193600	-0.0429700	-0.5479900	0.8938700	-0.2878800	-0.6398500	0.4687500	-0.2913000	-0.6765300	0.1031600	-0.3068800	-0.4841200	0.0428900	-0.3178900	-0.5119200	0.0527700	-0.3726000	-0.7200800	0.0493400	-0.2986800	-0.5063200	0.0387200	-0.0293800	-0.5078600	0.0633500	0.0212300	-0.7045900	0.0708800	-0.0787800
72	1.1833333	-0.6502100	1.4690700	-0.1776300	-0.6549200	1.4635700	0.0136700	-0.6661800	1.1918400	0.0754200	-0.5552300	0.9488600	0.0863400	-0.6680800	1.4757500	-0.3574600	-0.6305200	1.2111500	-0.4216200	-0.5839200	0.9568700	-0.4299300	-0.5777000	0.8915600	-0.1630600	-0.5772200	0.8934100	-0.0416100	-0.6122400	0.4758300	-0.0478100	-0.6441900	0.1194300	-0.0429900	-0.5479100	0.8985800	-0.2880500	-0.6389100	0.4689400	-0.2914100	-0.6764600	0.1030800	-0.3068900	-0.4842300	0.0434400	-0.3179200	-0.5123800	0.0525800	-0.3727900	-0.7202800	0.0493500	-0.2987000	-0.5056900	0.0390500	-0.0291900	-0.5074800	0.0635300	0.0210500	-0.7051900	0.0708400	-0.0790000
73	1.2000000	-0.6504200	1.4691000	-0.1776900	-0.6545400	1.4635300	0.0136400	-0.6666800	1.1916900	0.0755700	-0.5557200	0.9486900	0.0863200	-0.6679600	1.4759200	-0.3575900	-0.6310100	1.2065400	-0.4218700	-0.5834300	0.9570400	-0.4296500	-0.5778700	0.8914600	-0.1630500	-0.5933900	0.8914400	-0.0370700	-0.6133100	0.4752500	-0.0479100	-0.6442200	0.1193200	-0.0429700	-0.5679100	0.8912800	-0.2948600	-0.6399400	0.4686300	-0.2913100	-0.6765800	0.1031900	-0.3068700	-0.4852900	0.0479400	-0.3185200	-0.5120600	0.0528000	-0.3725700	-0.7200900	0.0494400	-0.2986700	-0.5064600	0.0386000	-0.0293400	-0.5079900	0.0632700	0.0212700	-0.7046400	0.0708400	-0.0787600
74	1.2166667	-0.6501600	1.4690700	-0.1776500	-0.6549300	1.4636000	0.0136700	-0.6660300	1.1918800	0.0753700	-0.5552900	0.9488000	0.0863500	-0.6679800	1.4757200	-0.3574700	-0.6308600	1.2063600	-0.4218000	-0.5840500	0.9568600	-0.4299000	-0.5777700	0.8915100	-0.1630600	-0.5773200	0.8933600	-0.0415900	-0.6111700	0.4709100	-0.0474000	-0.6442300	0.1193500	-0.0429700	-0.5677700	0.8911700	-0.2949800	-0.6389100	0.4688400	-0.2914200	-0.6764800	0.1031000	-0.3068900	-0.4856000	0.0483800	-0.3185900	-0.5126100	0.0525200	-0.3728000	-0.7202300	0.0494900	-0.2986600	-0.5057900	0.0389100	-0.0291100	-0.5076400	0.0634100	0.0211100	-0.7053000	0.0707800	-0.0789900
75	1.2333333	-0.6503900	1.4690900	-0.1776800	-0.6376600	1.4623100	0.0086400	-0.6666600	1.1916900	0.0755800	-0.5557000	0.9487000	0.0863200	-0.6679100	1.4759200	-0.3575800	-0.6311300	1.2065400	-0.4218800	-0.5834500	0.9570300	-0.4296500	-0.5777900	0.8915100	-0.1630800	-0.5760800	0.8935200	-0.0420200	-0.6134500	0.4752400	-0.0479000	-0.6442300	0.1193100	-0.0429700	-0.5677400	0.8913500	-0.2948700	-0.6398400	0.4686500	-0.2912900	-0.6766100	0.1031800	-0.3068700	-0.4854200	0.0478500	-0.3185600	-0.5120600	0.0527800	-0.3725800	-0.7201800	0.0494100	-0.2986600	-0.5064900	0.0385800	-0.0293200	-0.5080100	0.0632600	0.0212900	-0.7045400	0.0708400	-0.0787600
76	1.2500000	-0.6501800	1.4690700	-0.1776500	-0.6380700	1.4623800	0.0086600	-0.6660500	1.1919600	0.0753800	-0.5552500	0.9488700	0.0863500	-0.6680000	1.4757100	-0.3574700	-0.6309300	1.2063300	-0.4218100	-0.5840700	0.9568200	-0.4299100	-0.5777900	0.8915300	-0.1630700	-0.5773600	0.8933900	-0.0416100	-0.6111300	0.4709500	-0.0474200	-0.6442000	0.1193600	-0.0429600	-0.5678000	0.8911900	-0.2950100	-0.6388100	0.4688800	-0.2914200	-0.6764800	0.1030900	-0.3068800	-0.4855500	0.0484100	-0.3186100	-0.5125800	0.0525400	-0.3728300	-0.7203100	0.0494400	-0.2986800	-0.5057800	0.0389200	-0.0291100	-0.5076300	0.0634100	0.0211100	-0.7052800	0.0707700	-0.0789800
77	1.2666667	-0.6504300	1.4690900	-0.1776900	-0.6545600	1.4635400	0.0136400	-0.6666900	1.1916900	0.0755700	-0.5556200	0.9487600	0.0863300	-0.6679300	1.4759300	-0.3576000	-0.6311000	1.2065300	-0.4218700	-0.5834900	0.9570400	-0.4296700	-0.5778500	0.8914900	-0.1630800	-0.5761300	0.8935100	-0.0420100	-0.6124000	0.4703500	-0.0475000	-0.6442100	0.1193000	-0.0429600	-0.5677900	0.8913300	-0.2948500	-0.6398900	0.4686300	-0.2913000	-0.6766200	0.1031500	-0.3068700	-0.4854500	0.0478200	-0.3185900	-0.5120400	0.0527600	-0.3725800	-0.7201200	0.0494100	-0.2986400	-0.5064600	0.0385900	-0.0293300	-0.5079600	0.0632800	0.0212900	-0.7045300	0.0708500	-0.0787400
78	1.2833333	-0.6501300	1.4690500	-0.1776300	-0.6379900	1.4623100	0.0086800	-0.6488400	1.1923000	0.0699200	-0.5550700	0.9489500	0.0863800	-0.6679500	1.4756900	-0.3574400	-0.6308300	1.2063400	-0.4217600	-0.5840300	0.9568300	-0.4299000	-0.5777300	0.8915300	-0.1630400	-0.5773300	0.8934100	-0.0415700	-0.6110600	0.4709700	-0.0474000	-0.6442900	0.1193400	-0.0429900	-0.5480700	0.8936700	-0.2879800	-0.6387000	0.4689400	-0.2914000	-0.6765700	0.1030200	-0.3069100	-0.4854500	0.0484500	-0.3185900	-0.5125400	0.0525500	-0.3728300	-0.7204000	0.0493800	-0.2987000	-0.5058700	0.0388800	-0.0291100	-0.5078100	0.0633400	0.0210800	-0.7053400	0.0708100	-0.0790100
79	1.3000000	-0.6503700	1.4690700	-0.1776700	-0.6375800	1.4622300	0.0086500	-0.6495200	1.1920900	0.0701200	-0.5553300	0.9488600	0.0863900	-0.6678800	1.4759300	-0.3575900	-0.6310600	1.2065700	-0.4218300	-0.5834700	0.9570400	-0.4296500	-0.5777900	0.8915200	-0.1630600	-0.5760500	0.8935500	-0.0420000	-0.6124700	0.4703400	-0.0474600	-0.6442800	0.1192700	-0.0429800	-0.5479800	0.8938400	-0.2878200	-0.6398400	0.4686900	-0.2912800	-0.6766900	0.1031200	-0.3068900	-0.4852800	0.0478900	-0.3185400	-0.5119300	0.0528200	-0.3725500	-0.7202200	0.0493500	-0.2986700	-0.5065400	0.0385400	-0.0293400	-0.5081100	0.0632000	0.0212600	-0.7044900	0.0708700	-0.0787500
80	1.3166667	-0.6501200	1.4690600	-0.1776300	-0.6380400	1.4623100	0.0086800	-0.6488000	1.1923500	0.0699100	-0.5549700	0.9490000	0.0863900	-0.6679600	1.4757000	-0.3574200	-0.6308200	1.2063700	-0.4217600	-0.5840100	0.9568200	-0.4298900	-0.5777200	0.8915300	-0.1630400	-0.5772900	0.8934200	-0.0415800	-0.6110700	0.4709700	-0.0473900	-0.6442800	0.1193200	-0.0429800	-0.5480800	0.8936800	-0.2880000	-0.6386900	0.4689500	-0.2914000	-0.6765500	0.1030200	-0.3069000	-0.4854100	0.0484600	-0.3185900	-0.5125800	0.0525300	-0.3728300	-0.7203900	0.0493600	-0.2987100	-0.5057900	0.0388900	-0.0291100	-0.5077900	0.0633200	0.0210900	-0.7053500	0.0707800	-0.0790000
81	1.3333333	-0.6503600	1.4690700	-0.1776700	-0.6375800	1.4622300	0.0086300	-0.6495100	1.1920700	0.0701300	-0.5336800	0.9511700	0.0908000	-0.6678800	1.4759600	-0.3575800	-0.6310600	1.2065700	-0.4218400	-0.5834500	0.9570600	-0.4296500	-0.5777800	0.8915200	-0.1630600	-0.5760200	0.8935600	-0.0420000	-0.6125400	0.4703300	-0.0474500	-0.6442800	0.1192700	-0.0429900	-0.5480200	0.8938400	-0.2878000	-0.6399200	0.4686800	-0.2912700	-0.6766800	0.1031000	-0.3068900	-0.4852900	0.0479100	-0.3185400	-0.5119600	0.0528300	-0.3725400	-0.7201300	0.0493100	-0.2986800	-0.5065300	0.0385400	-0.0293600	-0.5080900	0.0632100	0.0212600	-0.7044600	0.0709000	-0.0787400
82	1.3500000	-0.6501500	1.4690700	-0.1776200	-0.6380500	1.4623100	0.0086700	-0.6487200	1.1923800	0.0699000	-0.5549700	0.9490200	0.0863700	-0.6680000	1.4757000	-0.3574100	-0.6304800	1.2111500	-0.4215800	-0.5652500	0.9587500	-0.4222600	-0.5776900	0.8915600	-0.1630300	-0.5772700	0.8934400	-0.0415700	-0.6110300	0.4709500	-0.0474000	-0.6442100	0.1193600	-0.0429900	-0.5480500	0.8985900	-0.2880800	-0.6385500	0.4690000	-0.2913800	-0.6765500	0.1029900	-0.3069000	-0.4853900	0.0484600	-0.3185600	-0.5125600	0.0525100	-0.3728200	-0.7204100	0.0493400	-0.2987200	-0.5057500	0.0389000	-0.0291100	-0.5077600	0.0633200	0.0210700	-0.7053600	0.0708000	-0.0790200
83	1.3666667	-0.6503700	1.4690900	-0.1776600	-0.6375800	1.4622400	0.0086400	-0.6495300	1.1920700	0.0701400	-0.5553300	0.9488600	0.0863800	-0.6679000	1.4759800	-0.3575700	-0.6307200	1.2113800	-0.4216700	-0.5834500	0.9571000	-0.4296600	-0.5777600	0.8915600	-0.1630500	-0.5759800	0.8935900	-0.0420000	-0.6125200	0.4703000	-0.0474500	-0.6442500	0.1193100	-0.0429900	-0.5479300	0.8987700	-0.2878700	-0.6398900	0.4686800	-0.2912600	-0.6767100	0.1030800	-0.3068900	-0.4852700	0.0479000	-0.3185200	-0.5119200	0.0528300	-0.3725300	-0.7202000	0.0493100	-0.2986800	-0.5065600	0.0385300	-0.0293700	-0.5080600	0.0632200	0.0212500	-0.7044200	0.0709200	-0.0787400
84	1.3833333	-0.6501500	1.4690800	-0.1776200	-0.6549800	1.4635500	0.0136800	-0.6486600	1.1923400	0.0698800	-0.5550800	0.9489900	0.0863500	-0.6679700	1.4756800	-0.3573900	-0.6305100	1.2111700	-0.4215700	-0.5839600	0.9568600	-0.4298900	-0.5777100	0.8915600	-0.1630300	-0.5773000	0.8934500	-0.0415600	-0.6109800	0.4709700	-0.0474100	-0.6442000	0.1193900	-0.0429900	-0.5480800	0.8986000	-0.2881000	-0.6385800	0.4690000	-0.2914100	-0.6765600	0.1029700	-0.3068900	-0.4842900	0.0434200	-0.3179300	-0.5125600	0.0524800	-0.3728500	-0.7204500	0.0493300	-0.2987000	-0.5057600	0.0389000	-0.0291200	-0.5077500	0.0633200	0.0210700	-0.7053500	0.0708200	-0.0790300
85	1.4000000	-0.6503900	1.4691000	-0.1776500	-0.6375800	1.4622400	0.0086400	-0.6496100	1.1918800	0.0701700	-0.5554100	0.9487900	0.0863900	-0.6679500	1.4760200	-0.3575500	-0.6307200	1.2114000	-0.4216600	-0.5833800	0.9571400	-0.4296600	-0.5778400	0.8915500	-0.1630400	-0.5934100	0.8914800	-0.0370400	-0.6126200	0.4703000	-0.0474500	-0.6443200	0.1193100	-0.0429700	-0.5479400	0.8987700	-0.2878400	-0.6396900	0.4633600	-0.2908800	-0.6766800	0.1031200	-0.3069100	-0.4852300	0.0478700	-0.3185200	-0.5119000	0.0528000	-0.3725200	-0.7201300	0.0493300	-0.2986900	-0.5067100	0.0385400	-0.0293500	-0.5081900	0.0632100	0.0212800	-0.7043800	0.0709800	-0.0787400
86	1.4166667	-0.6501700	1.4690900	-0.1776000	-0.6549600	1.4635300	0.0136900	-0.6659100	1.1918900	0.0753600	-0.5551700	0.9489200	0.0863400	-0.6680700	1.4757100	-0.3573600	-0.6304500	1.2111900	-0.4215700	-0.5839000	0.9568800	-0.4299000	-0.5777400	0.8915300	-0.1630100	-0.5946800	0.8913400	-0.0366100	-0.6111400	0.4709700	-0.0473700	-0.6443400	0.1193200	-0.0429500	-0.5481200	0.8937100	-0.2880000	-0.6383600	0.4637100	-0.2910400	-0.6764900	0.1030300	-0.3069000	-0.4853700	0.0484300	-0.3185700	-0.5126000	0.0524600	-0.3728500	-0.7202900	0.0494200	-0.2987100	-0.5060000	0.0388600	-0.0290500	-0.5251200	0.0562400	0.0264300	-0.7054400	0.0708200	-0.0790300
87	1.4333333	-0.6504000	1.4690800	-0.1776500	-0.6375900	1.4622300	0.0086300	-0.6668200	1.1915200	0.0756300	-0.5554200	0.9487600	0.0863800	-0.6679500	1.4760100	-0.3575700	-0.6306800	1.2114100	-0.4216700	-0.5834000	0.9571400	-0.4296700	-0.5778100	0.8915100	-0.1630300	-0.5933700	0.8914500	-0.0370500	-0.6126900	0.4702700	-0.0474300	-0.6443800	0.1192500	-0.0429500	-0.5479500	0.8938600	-0.2877200	-0.6396700	0.4633400	-0.2908600	-0.6766900	0.1031000	-0.3069200	-0.4852100	0.0478900	-0.3185000	-0.5118700	0.0528200	-0.3725100	-0.7201600	0.0493100	-0.2987200	-0.5068300	0.0384800	-0.0293300	-0.5082600	0.0631700	0.0213100	-0.7044100	0.0709400	-0.0787100
88	1.4500000	-0.6502000	1.4690800	-0.1776100	-0.6549900	1.4635300	0.0136800	-0.6658500	1.1918800	0.0753400	-0.5552900	0.9488900	0.0863200	-0.6681200	1.4757000	-0.3573700	-0.6303900	1.2112000	-0.4215700	-0.5839000	0.9568800	-0.4299000	-0.5777700	0.8915000	-0.1629900	-0.5947600	0.8913200	-0.0365900	-0.6110400	0.4709800	-0.0473900	-0.6443500	0.1193000	-0.0429400	-0.5481500	0.8936900	-0.2879900	-0.6383100	0.4637000	-0.2910000	-0.6764900	0.1030200	-0.3069100	-0.4853100	0.0484600	-0.3185600	-0.5125600	0.0524800	-0.3728600	-0.7203700	0.0493800	-0.2987500	-0.5059800	0.0388800	-0.0290600	-0.5079900	0.0632600	0.0211200	-0.7055100	0.0707900	-0.0790100
89	1.4666667	-0.6504200	1.4690900	-0.1776500	-0.6544700	1.4634500	0.0136400	-0.6668100	1.1915100	0.0756500	-0.5554600	0.9487200	0.0863800	-0.6679800	1.4760400	-0.3575800	-0.6306700	1.2114300	-0.4216600	-0.5834300	0.9571600	-0.4296700	-0.5778300	0.8915000	-0.1630200	-0.5933800	0.8914200	-0.0370400	-0.6127300	0.4702500	-0.0474300	-0.6443400	0.1192700	-0.0429500	-0.5479600	0.8938600	-0.2877000	-0.6397400	0.4633100	-0.2908600	-0.6767300	0.1031100	-0.3069100	-0.4852000	0.0479100	-0.3185000	-0.5118800	0.0528300	-0.3725000	-0.7202000	0.0493100	-0.2987200	-0.5068400	0.0384800	-0.0293600	-0.5082600	0.0631700	0.0213100	-0.7043500	0.0709600	-0.0787000
90	1.4833333	-0.6501400	1.4691300	-0.1776100	-0.6381000	1.4623800	0.0086600	-0.6660100	1.1920000	0.0753200	-0.5553600	0.9489500	0.0862900	-0.6680700	1.4757300	-0.3573400	-0.6304500	1.2112200	-0.4215800	-0.5838600	0.9568500	-0.4299000	-0.5778300	0.8915200	-0.1630300	-0.5947200	0.8913700	-0.0366200	-0.6120700	0.4759400	-0.0477900	-0.6443400	0.1193400	-0.0429300	-0.5680200	0.8912000	-0.2950800	-0.6381900	0.4637200	-0.2910000	-0.6765000	0.1030200	-0.3069200	-0.4843100	0.0434100	-0.3179100	-0.5126100	0.0524400	-0.3728300	-0.7203500	0.0494200	-0.2987400	-0.5059600	0.0389200	-0.0290600	-0.5078700	0.0633300	0.0211400	-0.7055700	0.0708000	-0.0790300
91	1.5000000	-0.6503100	1.4691100	-0.1776200	-0.6374900	1.4622800	0.0086500	-0.6670200	1.1916200	0.0756300	-0.5554700	0.9488400	0.0863800	-0.6678700	1.4760700	-0.3575400	-0.6307400	1.2114300	-0.4216800	-0.5834100	0.9571200	-0.4296700	-0.5779000	0.8915400	-0.1630700	-0.5933900	0.8914800	-0.0370900	-0.6138600	0.4751900	-0.0478200	-0.6443900	0.1192600	-0.0429400	-0.5677400	0.8963000	-0.2948500	-0.6397200	0.4633300	-0.2908400	-0.6767200	0.1031200	-0.3069100	-0.4841600	0.0428700	-0.3178500	-0.5118500	0.0528300	-0.3724600	-0.7201600	0.0493300	-0.2987000	-0.5068300	0.0385400	-0.0293600	-0.5081200	0.0632700	0.0213300	-0.7043900	0.0709500	-0.0786900
92	1.5166667	-0.6501200	1.4691300	-0.1775900	-0.6380600	1.4623900	0.0086800	-0.6659600	1.1919900	0.0753100	-0.5553800	0.9489800	0.0862900	-0.6680800	1.4757200	-0.3573100	-0.6304200	1.2112000	-0.4215800	-0.5838500	0.9568200	-0.4299000	-0.5777700	0.8915200	-0.1630300	-0.5773700	0.8934400	-0.0415600	-0.6120400	0.4759600	-0.0478000	-0.6443600	0.1193400	-0.0429400	-0.5679500	0.8912000	-0.2950900	-0.6381200	0.4637300	-0.2910000	-0.6764400	0.1030000	-0.3069100	-0.4843000	0.0434100	-0.3179100	-0.5125900	0.0524200	-0.3728200	-0.7202900	0.0494300	-0.2987400	-0.5059400	0.0389300	-0.0290300	-0.5079000	0.0633100	0.0211500	-0.7055600	0.0708100	-0.0790400
93	1.5333333	-0.6503300	1.4691200	-0.1776300	-0.6543700	1.4635200	0.0136600	-0.6669400	1.1916600	0.0756100	-0.5554700	0.9488400	0.0863900	-0.6679000	1.4760900	-0.3575500	-0.6307400	1.2114300	-0.4216800	-0.5834300	0.9571200	-0.4296800	-0.5778900	0.8915300	-0.1630700	-0.5933900	0.8914700	-0.0370900	-0.6139200	0.4751800	-0.0478000	-0.6443600	0.1192800	-0.0429500	-0.5677000	0.8962900	-0.2948300	-0.6396900	0.4633200	-0.2908300	-0.6767300	0.1031100	-0.3069100	-0.4841800	0.0428800	-0.3178700	-0.5118500	0.0528500	-0.3724700	-0.7201400	0.0493300	-0.2986900	-0.5067900	0.0385400	-0.0293700	-0.5080700	0.0632700	0.0213300	-0.7043100	0.0709700	-0.0786800
94	1.5500000	-0.6501000	1.4691400	-0.1776000	-0.6380600	1.4624000	0.0086600	-0.6658600	1.1920300	0.0752900	-0.5554500	0.9489900	0.0862800	-0.6680500	1.4757200	-0.3573000	-0.6304100	1.2112100	-0.4215900	-0.5838100	0.9568500	-0.4299100	-0.5777400	0.8915500	-0.1630300	-0.5773700	0.8934700	-0.0415600	-0.6121500	0.4759700	-0.0477700	-0.6443000	0.1193600	-0.0429500	-0.5678200	0.8961600	-0.2951800	-0.6380800	0.4638100	-0.2910000	-0.6764600	0.1030000	-0.3069100	-0.4842600	0.0434500	-0.3179000	-0.4934000	0.0606900	-0.3653300	-0.7203500	0.0494000	-0.2987500	-0.5059100	0.0389500	-0.0290300	-0.5079000	0.0633100	0.0211500	-0.7055000	0.0708100	-0.0790600
95	1.5666667	-0.6503000	1.4691100	-0.1776400	-0.6374500	1.4622900	0.0086200	-0.6670200	1.1915800	0.0756400	-0.5554900	0.9488300	0.0863900	-0.6678700	1.4761000	-0.3575800	-0.6307300	1.2114300	-0.4216900	-0.5834600	0.9571500	-0.4297000	-0.5779000	0.8915600	-0.1630800	-0.5933900	0.8915000	-0.0370900	-0.6140300	0.4751700	-0.0477800	-0.6443200	0.1192900	-0.0429500	-0.5677100	0.8963100	-0.2948500	-0.6397200	0.4633700	-0.2908400	-0.6767700	0.1031100	-0.3069200	-0.4851400	0.0479400	-0.3184800	-0.5118300	0.0528600	-0.3724500	-0.7202200	0.0493100	-0.2987100	-0.5068400	0.0385300	-0.0293700	-0.5080800	0.0632700	0.0213300	-0.7041900	0.0709700	-0.0786800
96	1.5833333	-0.6500900	1.4691400	-0.1776100	-0.6380300	1.4624000	0.0086600	-0.6658100	1.1920300	0.0753000	-0.5554700	0.9490100	0.0862800	-0.6680700	1.4757000	-0.3573100	-0.6303900	1.2112000	-0.4215800	-0.5838300	0.9568400	-0.4299100	-0.5777600	0.8915400	-0.1630400	-0.5946400	0.8914200	-0.0366400	-0.6121000	0.4759700	-0.0477800	-0.6442700	0.1193700	-0.0429500	-0.5678600	0.8961400	-0.2952100	-0.6381400	0.4637900	-0.2910200	-0.6764200	0.1030100	-0.3069000	-0.4842700	0.0434400	-0.3179100	-0.5125800	0.0524400	-0.3728400	-0.7203100	0.0494300	-0.2987500	-0.5059400	0.0389500	-0.0290200	-0.5079200	0.0633200	0.0211500	-0.7054800	0.0708200	-0.0790600
97	1.6000000	-0.6503300	1.4691300	-0.1776400	-0.6544600	1.4635300	0.0136500	-0.6672500	1.1915900	0.0757100	-0.5552800	0.9489200	0.0864100	-0.6678100	1.4761200	-0.3575900	-0.6306700	1.2114400	-0.4216900	-0.5835100	0.9571700	-0.4297000	-0.5778900	0.8916000	-0.1630700	-0.5933700	0.8915300	-0.0370900	-0.6139100	0.4752100	-0.0478200	-0.6443100	0.1193400	-0.0429700	-0.5677200	0.8963400	-0.2948200	-0.6400900	0.4685400	-0.2911800	-0.6766700	0.1031600	-0.3069400	-0.4853300	0.0479100	-0.3184600	-0.4928300	0.0610600	-0.3649300	-0.7199900	0.0493800	-0.2987400	-0.5068400	0.0385700	-0.0293900	-0.5080400	0.0633500	0.0213000	-0.7041600	0.0710100	-0.0786900
98	1.6166667	-0.6501700	1.4691600	-0.1775900	-0.6550800	1.4636300	0.0137000	-0.6660600	1.1920300	0.0753600	-0.5553000	0.9490700	0.0862800	-0.6680800	1.4757000	-0.3573000	-0.6304100	1.2112000	-0.4215900	-0.5838600	0.9568200	-0.4299100	-0.5777500	0.8915600	-0.1630300	-0.5773500	0.8935000	-0.0415700	-0.6119600	0.4760300	-0.0478100	-0.6442600	0.1194200	-0.0429700	-0.5678600	0.8961600	-0.2952200	-0.6381000	0.4638100	-0.2910100	-0.6763200	0.1030600	-0.3069200	-0.4855500	0.0484300	-0.3185200	-0.4935900	0.0606500	-0.3653300	-0.7201700	0.0495000	-0.2987700	-0.5059300	0.0389700	-0.0290200	-0.5079100	0.0633600	0.0211300	-0.7055300	0.0708400	-0.0790900
99	1.6333333	-0.6503200	1.4691300	-0.1776300	-0.6544300	1.4635300	0.0136500	-0.6673000	1.1915400	0.0757200	-0.5552200	0.9489000	0.0864200	-0.6677900	1.4761300	-0.3575800	-0.6307500	1.2114200	-0.4217000	-0.5835100	0.9571500	-0.4297000	-0.5778600	0.8915900	-0.1630800	-0.5760600	0.8935600	-0.0420000	-0.5920200	0.4810600	-0.0422700	-0.6443100	0.1193200	-0.0429700	-0.5676800	0.8963200	-0.2948200	-0.6398000	0.4633300	-0.2908200	-0.6767000	0.1031600	-0.3069400	-0.4853900	0.0478900	-0.3184600	-0.5120000	0.0528300	-0.3724300	-0.7200600	0.0493600	-0.2987400	-0.5068400	0.0385600	-0.0293800	-0.5080100	0.0633500	0.0213000	-0.7041200	0.0710000	-0.0786900
100	1.6500000	-0.6501600	1.4691700	-0.1775900	-0.6551100	1.4636400	0.0136900	-0.6660500	1.1920300	0.0753600	-0.5552900	0.9490700	0.0862800	-0.6680800	1.4756900	-0.3572700	-0.6304000	1.2111900	-0.4215900	-0.5838300	0.9568100	-0.4299000	-0.5777100	0.8915600	-0.1630300	-0.5772800	0.8935100	-0.0415600	-0.5900400	0.4819200	-0.0422700	-0.6442400	0.1194200	-0.0429700	-0.5678000	0.8961600	-0.2952200	-0.6380400	0.4638200	-0.2910100	-0.6763300	0.1030700	-0.3069100	-0.4855500	0.0484200	-0.3185300	-0.5127300	0.0524300	-0.3728400	-0.7201900	0.0495100	-0.2987600	-0.5059000	0.0389900	-0.0290100	-0.5079000	0.0633600	0.0211300	-0.7055400	0.0708300	-0.0791000
101	1.6666667	-0.6503100	1.4691300	-0.1776200	-0.6544700	1.4635300	0.0136700	-0.6673200	1.1915000	0.0757200	-0.5551600	0.9488800	0.0864300	-0.6678100	1.4761400	-0.3575900	-0.6307200	1.2114300	-0.4217000	-0.5835300	0.9571600	-0.4297000	-0.5778200	0.8916100	-0.1630900	-0.5760000	0.8935600	-0.0420200	-0.5920100	0.4810600	-0.0422700	-0.6443000	0.1193300	-0.0429700	-0.5676200	0.8963400	-0.2948100	-0.6397900	0.4633400	-0.2908000	-0.6767300	0.1031400	-0.3069400	-0.4853400	0.0479100	-0.3184700	-0.5119700	0.0528400	-0.3724300	-0.7201300	0.0493100	-0.2987400	-0.5068200	0.0385700	-0.0294000	-0.5079800	0.0633700	0.0213000	-0.7040900	0.0710000	-0.0786800
102	1.6833333	-0.6502200	1.4692100	-0.1775900	-0.6551000	1.4636700	0.0137000	-0.6661000	1.1920300	0.0753700	-0.5555100	0.9489800	0.0862200	-0.6682000	1.4757100	-0.3572800	-0.6304300	1.2111700	-0.4216100	-0.5838100	0.9568500	-0.4299000	-0.5775900	0.8916100	-0.1630200	-0.5770700	0.8935700	-0.0415600	-0.6119000	0.4759700	-0.0478200	-0.6441800	0.1194200	-0.0429400	-0.5479800	0.8986400	-0.2882300	-0.6382100	0.4637500	-0.2910700	-0.6763000	0.1031100	-0.3068900	-0.4847600	0.0542000	-0.3177500	-0.4935100	0.0607400	-0.3653200	-0.7201200	0.0495300	-0.2987300	-0.5059900	0.0389700	-0.0290200	-0.5078900	0.0633500	0.0211400	-0.7055100	0.0708300	-0.0790900
103	1.7000000	-0.6503400	1.4691400	-0.1776300	-0.6544500	1.4635300	0.0136600	-0.6673300	1.1914700	0.0757500	-0.5552000	0.9488200	0.0864200	-0.6678800	1.4761500	-0.3576200	-0.6307500	1.2113900	-0.4217100	-0.5835800	0.9572200	-0.4297300	-0.5777600	0.8916200	-0.1630800	-0.5758700	0.8935700	-0.0419800	-0.6139900	0.4750500	-0.0478100	-0.6442900	0.1193300	-0.0429600	-0.5676100	0.8963400	-0.2948100	-0.6401800	0.4632000	-0.2909200	-0.6767600	0.1031300	-0.3069500	-0.4847200	0.0536100	-0.3177200	-0.5120300	0.0528600	-0.3724300	-0.7200600	0.0493100	-0.2987000	-0.5070200	0.0384800	-0.0294200	-0.5079600	0.0633600	0.0213200	-0.7040700	0.0710200	-0.0786800
104	1.7166667	-0.6502000	1.4692000	-0.1775800	-0.6551000	1.4636600	0.0137000	-0.6660500	1.1920500	0.0753800	-0.5553700	0.9489900	0.0862500	-0.6682000	1.4757000	-0.3572600	-0.6303700	1.2111900	-0.4215800	-0.5838700	0.9568300	-0.4299100	-0.5775600	0.8916000	-0.1630200	-0.5770100	0.8935600	-0.0415500	-0.6118900	0.4759700	-0.0478300	-0.6442200	0.1194100	-0.0429500	-0.5479800	0.8986400	-0.2882300	-0.6382100	0.4637300	-0.2910800	-0.6763100	0.1030300	-0.3069100	-0.4848200	0.0541500	-0.3177700	-0.4935500	0.0607000	-0.3653300	-0.7201900	0.0494700	-0.2987600	-0.5060700	0.0389000	-0.0290100	-0.5079200	0.0633300	0.0211500	-0.7056000	0.0708500	-0.0791200
105	1.7333333	-0.6503300	1.4691400	-0.1776300	-0.6544000	1.4635300	0.0136700	-0.6674000	1.1915100	0.0757600	-0.5552100	0.9488100	0.0864200	-0.6678800	1.4761700	-0.3576200	-0.6307600	1.2114200	-0.4217000	-0.5836300	0.9572100	-0.4297200	-0.5777300	0.8916300	-0.1630800	-0.5758400	0.8935700	-0.0419800	-0.6140300	0.4750400	-0.0477900	-0.6442600	0.1193500	-0.0429600	-0.5478900	0.8987900	-0.2878000	-0.6400600	0.4632200	-0.2908800	-0.6768000	0.1031000	-0.3069500	-0.4846200	0.0536300	-0.3177100	-0.4928400	0.0610900	-0.3649300	-0.7201700	0.0492600	-0.2987300	-0.5070500	0.0384700	-0.0294200	-0.5079600	0.0633700	0.0213300	-0.7039900	0.0710400	-0.0786600
106	1.7500000	-0.6502100	1.4692000	-0.1775800	-0.6550700	1.4636600	0.0137000	-0.6660000	1.1920500	0.0753800	-0.5555800	0.9489600	0.0862100	-0.6681900	1.4756700	-0.3572400	-0.6303600	1.2112100	-0.4215900	-0.5838200	0.9568300	-0.4299100	-0.5775400	0.8915900	-0.1630400	-0.5769700	0.8935700	-0.0415900	-0.6118600	0.4760300	-0.0478400	-0.6442200	0.1194700	-0.0429700	-0.5676500	0.8962000	-0.2952800	-0.6381600	0.4637600	-0.2910800	-0.6762800	0.1030900	-0.3068900	-0.4846400	0.0541800	-0.3177300	-0.4933700	0.0607600	-0.3653000	-0.7201300	0.0495300	-0.2987300	-0.5060200	0.0389800	-0.0289900	-0.5079400	0.0633600	0.0211500	-0.7072600	0.0766700	-0.0786300
107	1.7666667	-0.6503100	1.4691200	-0.1776400	-0.6544700	1.4635200	0.0136600	-0.6673800	1.1914900	0.0757700	-0.5553400	0.9488100	0.0864000	-0.6677600	1.4761600	-0.3576200	-0.6307300	1.2114000	-0.4217300	-0.5835600	0.9572500	-0.4297100	-0.5777000	0.8916300	-0.1631100	-0.5758000	0.8935600	-0.0420100	-0.6140500	0.4751000	-0.0478000	-0.6442600	0.1193700	-0.0429600	-0.5676000	0.8963300	-0.2948200	-0.6400500	0.4632200	-0.2908700	-0.6767400	0.1031600	-0.3069300	-0.4844900	0.0536900	-0.3176600	-0.4927200	0.0611500	-0.3649000	-0.7200500	0.0493000	-0.2987000	-0.5069400	0.0385600	-0.0294000	-0.5078800	0.0634200	0.0213300	-0.7055300	0.0768100	-0.0781400
108	1.7833333	-0.6501800	1.4691900	-0.1775900	-0.6550600	1.4636600	0.0137000	-0.6660100	1.1920900	0.0753800	-0.5555500	0.9489900	0.0862100	-0.6681300	1.4756400	-0.3572600	-0.6303100	1.2111700	-0.4216000	-0.5837500	0.9568600	-0.4299000	-0.5775100	0.8915800	-0.1630400	-0.5769200	0.8935800	-0.0416100	-0.6118000	0.4760800	-0.0478500	-0.6441900	0.1194700	-0.0429400	-0.5676300	0.8961900	-0.2952800	-0.6381100	0.4637800	-0.2910800	-0.6762200	0.1030700	-0.3068800	-0.4846200	0.0542100	-0.3177100	-0.4933600	0.0607800	-0.3652900	-0.7200900	0.0495100	-0.2987300	-0.5059900	0.0389800	-0.0289800	-0.5079000	0.0633400	0.0211700	-0.7072400	0.0766500	-0.0786100
109	1.8000000	-0.6503700	1.4691200	-0.1776200	-0.6545400	1.4634900	0.0137000	-0.6674300	1.1914100	0.0757800	-0.5553700	0.9488000	0.0864200	-0.6677700	1.4761800	-0.3576300	-0.6308400	1.2114100	-0.4217100	-0.5836300	0.9572800	-0.4297100	-0.5778400	0.8915400	-0.1630700	-0.5759800	0.8934700	-0.0419600	-0.5909300	0.4761300	-0.0418800	-0.6442400	0.1194100	-0.0429700	-0.5679100	0.8913000	-0.2946700	-0.6401600	0.4631500	-0.2908400	-0.6767700	0.1030600	-0.3069200	-0.4840900	0.0483300	-0.3171700	-0.4925200	0.0611100	-0.3649200	-0.7200400	0.0492400	-0.2987100	-0.5068400	0.0385800	-0.0294100	-0.5078200	0.0634200	0.0213200	-0.7055300	0.0769000	-0.0781400
110	1.8166667	-0.6502900	1.4692000	-0.1775700	-0.6552500	1.4636400	0.0137400	-0.6660700	1.1920900	0.0754000	-0.5556900	0.9490000	0.0862300	-0.6681800	1.4756500	-0.3572400	-0.6304600	1.2112000	-0.4215900	-0.5837500	0.9569000	-0.4299100	-0.5776000	0.8915000	-0.1630000	-0.5944300	0.8914700	-0.0366100	-0.6117000	0.4760600	-0.0478900	-0.6441800	0.1194800	-0.0429600	-0.5480300	0.8937000	-0.2881500	-0.6381200	0.4637600	-0.2910700	-0.6762200	0.1030000	-0.3068700	-0.4842700	0.0487500	-0.3172400	-0.4932000	0.0607300	-0.3653200	-0.7200100	0.0495400	-0.2987400	-0.5059400	0.0389900	-0.0289900	-0.5078600	0.0633200	0.0211600	-0.7073200	0.0767100	-0.0786100
111	1.8333333	-0.6504100	1.4691200	-0.1776200	-0.6546100	1.4635000	0.0137000	-0.6674200	1.1914200	0.0757900	-0.5554400	0.9487700	0.0864400	-0.6677400	1.4761800	-0.3576300	-0.6308500	1.2114200	-0.4217100	-0.5836400	0.9573200	-0.4297500	-0.5778400	0.8915400	-0.1630600	-0.5933200	0.8913900	-0.0370100	-0.6139700	0.4750100	-0.0478100	-0.6442800	0.1194000	-0.0429700	-0.5678600	0.8913300	-0.2946800	-0.6401100	0.4631800	-0.2908400	-0.6767800	0.1030600	-0.3069300	-0.4841200	0.0482900	-0.3172000	-0.4917300	0.0562400	-0.3643500	-0.7200100	0.0492700	-0.2987100	-0.5068900	0.0385500	-0.0294400	-0.5078500	0.0633800	0.0213200	-0.7056000	0.0769200	-0.0781100
112	1.8500000	-0.6503100	1.4692300	-0.1775700	-0.6552900	1.4636800	0.0137200	-0.6660200	1.1920700	0.0753900	-0.5557600	0.9489500	0.0862200	-0.6681900	1.4756500	-0.3572200	-0.6304500	1.2112200	-0.4215900	-0.5837800	0.9568800	-0.4299300	-0.5775900	0.8914800	-0.1630000	-0.5943700	0.8914600	-0.0366100	-0.6116600	0.4760400	-0.0478800	-0.6442000	0.1194700	-0.0429500	-0.5677400	0.8911900	-0.2951700	-0.6381400	0.4637500	-0.2910800	-0.6761800	0.1029900	-0.3068700	-0.4842400	0.0487800	-0.3172600	-0.4922900	0.0558900	-0.3647500	-0.7199500	0.0495500	-0.2987300	-0.5059200	0.0389800	-0.0289900	-0.5079100	0.0632900	0.0211600	-0.7073900	0.0767300	-0.0786200
113	1.8666667	-0.6504400	1.4691300	-0.1776200	-0.6546800	1.4635200	0.0136900	-0.6675400	1.1914100	0.0758100	-0.5554300	0.9487500	0.0864400	-0.6677700	1.4762000	-0.3576400	-0.6308200	1.2114300	-0.4217200	-0.5837400	0.9573000	-0.4297500	-0.5778900	0.8915600	-0.1630600	-0.5933400	0.8914000	-0.0370000	-0.6130500	0.4700700	-0.0473600	-0.6442700	0.1193500	-0.0429500	-0.5679000	0.8962800	-0.2947500	-0.6400100	0.4632600	-0.2908600	-0.6768000	0.1030900	-0.3069400	-0.4841100	0.0482700	-0.3171900	-0.4926200	0.0610700	-0.3649100	-0.7200400	0.0492500	-0.2987200	-0.5068700	0.0385700	-0.0294500	-0.5078000	0.0634200	0.0213100	-0.7055200	0.0768400	-0.0780800
114	1.8833333	-0.6502500	1.4692800	-0.1775600	-0.6552400	1.4637800	0.0137200	-0.6662000	1.1921900	0.0753900	-0.5554800	0.9490900	0.0862700	-0.6681100	1.4756800	-0.3571800	-0.6303000	1.2113100	-0.4215500	-0.5838500	0.9567600	-0.4299500	-0.5776200	0.8915600	-0.1629900	-0.5942800	0.8915600	-0.0366100	-0.5897400	0.4818900	-0.0422900	-0.6444000	0.1193800	-0.0430000	-0.5678500	0.8912800	-0.2951800	-0.6380500	0.4637800	-0.2911100	-0.6762900	0.1029600	-0.3069200	-0.4843700	0.0432400	-0.3179700	-0.5124400	0.0524000	-0.3728800	-0.7201000	0.0495200	-0.2987800	-0.5273300	0.0296100	-0.0344600	-0.5081300	0.0632200	0.0210900	-0.7077800	0.0766800	-0.0786900
115	1.9000000	-0.6502700	1.4691700	-0.1776200	-0.6546100	1.4636200	0.0136800	-0.6676600	1.1915000	0.0758300	-0.5551300	0.9488800	0.0865400	-0.6675400	1.4762500	-0.3576200	-0.6308400	1.2114800	-0.4216800	-0.5838600	0.9572300	-0.4297800	-0.5778200	0.8916700	-0.1630500	-0.5931800	0.8915000	-0.0369500	-0.5921400	0.4807900	-0.0421700	-0.6445100	0.1193100	-0.0430000	-0.5679200	0.8964000	-0.2947600	-0.6400400	0.4632500	-0.2908600	-0.6770500	0.1029800	-0.3070200	-0.4842200	0.0427400	-0.3179200	-0.5119600	0.0527000	-0.3724800	-0.7203800	0.0491600	-0.2988000	-0.5068900	0.0385300	-0.0294700	-0.5079300	0.0633600	0.0212600	-0.7059700	0.0768400	-0.0781600
116	1.9166667	-0.6502500	1.4693100	-0.1775800	-0.6552400	1.4638400	0.0136900	-0.6662400	1.1922900	0.0754100	-0.5336700	0.9514500	0.0907200	-0.6680700	1.4756700	-0.3571700	-0.6303800	1.2112600	-0.4215600	-0.5839100	0.9568000	-0.4299900	-0.5775500	0.8915800	-0.1629800	-0.5942500	0.8915700	-0.0365800	-0.5899300	0.4818300	-0.0422300	-0.6443500	0.1194300	-0.0430000	-0.5676500	0.8962500	-0.2952700	-0.6382900	0.4690300	-0.2914300	-0.6762600	0.1029100	-0.3069400	-0.4844100	0.0431800	-0.3179500	-0.4933200	0.0605900	-0.3653300	-0.7200700	0.0495100	-0.2988100	-0.5274000	0.0295700	-0.0344500	-0.5081100	0.0632200	0.0210900	-0.7077700	0.0767300	-0.0787100
117	1.9333333	-0.6501800	1.4691700	-0.1776300	-0.6544500	1.4636200	0.0137000	-0.6677700	1.1915500	0.0758600	-0.5333300	0.9511900	0.0910000	-0.6674800	1.4762600	-0.3576500	-0.6306800	1.2114600	-0.4216900	-0.5837900	0.9572400	-0.4298100	-0.5778400	0.8916100	-0.1630500	-0.5932600	0.8913900	-0.0369200	-0.5909000	0.4758800	-0.0416600	-0.6445600	0.1193100	-0.0430000	-0.5680200	0.8913800	-0.2946800	-0.6205800	0.4734600	-0.2948400	-0.6773600	0.0970000	-0.3077200	-0.4841100	0.0427600	-0.3178500	-0.4927600	0.0609200	-0.3649300	-0.7205200	0.0491000	-0.2988600	-0.5068700	0.0385200	-0.0294700	-0.5079400	0.0633700	0.0212700	-0.7060500	0.0769100	-0.0781900
118	1.9500000	-0.6298300	1.4677400	-0.1714800	-0.6543500	1.4680100	0.0138100	-0.6662200	1.1924000	0.0754600	-0.5496000	0.9497800	0.0962200	-0.6680400	1.4756800	-0.3571600	-0.6301500	1.2113300	-0.4215400	-0.5837600	0.9568500	-0.4299500	-0.5774000	0.8915100	-0.1629600	-0.5940600	0.8914800	-0.0365700	-0.5889200	0.4766300	-0.0416200	-0.6444000	0.1193500	-0.0429700	-0.5674800	0.8961900	-0.2952700	-0.6184000	0.4741000	-0.2951300	-0.6765900	0.0969700	-0.3075700	-0.4843600	0.0431500	-0.3179400	-0.4932900	0.0605700	-0.3652900	-0.7203200	0.0494500	-0.2987700	-0.5059700	0.0389200	-0.0289900	-0.5081700	0.0632300	0.0211100	-0.7078400	0.0769300	-0.0787600
119	1.9666667	-0.6298200	1.4675900	-0.1715200	-0.6544600	1.4635900	0.0137200	-0.6680200	1.1917400	0.0759800	-0.5490400	0.9495500	0.0964900	-0.6674600	1.4762900	-0.3576100	-0.6304400	1.2114300	-0.4217300	-0.5834400	0.9572800	-0.4297800	-0.5777600	0.8916200	-0.1631000	-0.5933400	0.8913500	-0.0369700	-0.5911700	0.4754800	-0.0414200	-0.6445800	0.1191800	-0.0429500	-0.5497700	0.8984400	-0.2983100	-0.6204200	0.4735200	-0.2949900	-0.6774600	0.0968400	-0.3076700	-0.4841000	0.0426400	-0.3179000	-0.4919200	0.0558900	-0.3643300	-0.7207500	0.0488900	-0.2987700	-0.5068400	0.0385800	-0.0294500	-0.5080200	0.0634200	0.0212800	-0.7059300	0.0770100	-0.0781700
120	1.9833333	-0.6501700	1.4692900	-0.1775700	-0.6550500	1.4637900	0.0137100	-0.6840000	1.1922000	0.0810800	-0.5495400	0.9497600	0.0963000	-0.6679800	1.4756300	-0.3571600	-0.6117900	1.2113000	-0.4243600	-0.5834900	0.9567000	-0.4299900	-0.5775200	0.8914400	-0.1630100	-0.5943700	0.8914300	-0.0366100	-0.6061100	0.4669900	-0.0359200	-0.6444700	0.1192100	-0.0429400	-0.5674300	0.8961200	-0.2953500	-0.6179500	0.4741500	-0.2953200	-0.6765600	0.0968700	-0.3076400	-0.4839800	0.0432000	-0.3179900	-0.4920700	0.0556700	-0.3647300	-0.7204500	0.0494100	-0.2988600	-0.5059000	0.0390500	-0.0289600	-0.5081700	0.0633500	0.0211100	-0.7078700	0.0768300	-0.0787700
121	2.0000000	-0.6502100	1.4690500	-0.1776700	-0.6543200	1.4634500	0.0136800	-0.6680200	1.1916900	0.0760000	-0.5494100	0.9495300	0.0966000	-0.6675200	1.4762100	-0.3576900	-0.6119200	1.2067000	-0.4244900	-0.5835900	0.9573500	-0.4299100	-0.5775000	0.8863500	-0.1631500	-0.5932500	0.8912100	-0.0368900	-0.6082500	0.4660000	-0.0357200	-0.6446400	0.1191700	-0.0429100	-0.5499400	0.8983500	-0.2984200	-0.6003000	0.4787400	-0.2988300	-0.6775400	0.0967800	-0.3077300	-0.4838600	0.0428200	-0.3178900	-0.4926900	0.0607800	-0.3649300	-0.7209800	0.0488400	-0.2988700	-0.5068900	0.0387000	-0.0294400	-0.5079400	0.0636100	0.0212800	-0.7059600	0.0769000	-0.0781300
122	2.0166667	-0.6500000	1.4691800	-0.1776100	-0.6378100	1.4623900	0.0086700	-0.6831600	1.1866600	0.0813500	-0.5503200	0.9495100	0.0963400	-0.6680200	1.4755800	-0.3571300	-0.6304400	1.2062100	-0.4320300	-0.5836000	0.9568400	-0.4300700	-0.5771200	0.8863100	-0.1630200	-0.5941300	0.8914400	-0.0365300	-0.6064400	0.4720800	-0.0361700	-0.6444500	0.1192600	-0.0428700	-0.5494800	0.8983400	-0.2988700	-0.5981700	0.4793100	-0.2991100	-0.6766100	0.0968300	-0.3076600	-0.4837100	0.0433800	-0.3179400	-0.4919300	0.0557400	-0.3647500	-0.7219100	0.0550600	-0.2995400	-0.5060300	0.0390400	-0.0289500	-0.5081800	0.0634000	0.0211200	-0.7078800	0.0768400	-0.0786900
123	2.0333333	-0.6293800	1.4672900	-0.1715500	-0.6368800	1.4619200	0.0086800	-0.6848300	1.1856400	0.0819000	-0.5722200	0.9370000	0.0925600	-0.6475600	1.4745400	-0.3504400	-0.6313500	1.2014300	-0.4324700	-0.5838400	0.9574000	-0.4300000	-0.5778200	0.8862500	-0.1631500	-0.5935300	0.8855200	-0.0368900	-0.6088600	0.4709300	-0.0359800	-0.6445400	0.1192000	-0.0428400	-0.5680000	0.8910000	-0.2949800	-0.5800000	0.4839100	-0.3027000	-0.6773700	0.0970100	-0.3077200	-0.4835400	0.0429400	-0.3179300	-0.4917000	0.0559300	-0.3644300	-0.7220900	0.0548600	-0.2994400	-0.5067600	0.0387400	-0.0294900	-0.5078800	0.0636300	0.0212300	-0.7059700	0.0769900	-0.0780500
124	2.0500000	-0.6293400	1.4673300	-0.1714200	-0.6148000	1.4554400	0.0139600	-0.6833600	1.1862700	0.0815700	-0.5502300	0.9396100	0.0966200	-0.6481700	1.4737900	-0.3498800	-0.6309000	1.2010500	-0.4324700	-0.5836400	0.9566600	-0.4301800	-0.5774100	0.8860200	-0.1631400	-0.5944300	0.8856200	-0.0366600	-0.6053400	0.4670300	-0.0357900	-0.6445300	0.1192000	-0.0428100	-0.5494000	0.8929500	-0.2991200	-0.5777900	0.4844700	-0.3029700	-0.6763900	0.0969500	-0.3076000	-0.4837700	0.0433200	-0.3181000	-0.5111100	0.0474400	-0.3723700	-0.7216400	0.0553200	-0.2994100	-0.5057700	0.0392100	-0.0290000	-0.5081400	0.0634800	0.0210800	-0.7082000	0.0769600	-0.0786000
125	2.0666667	-0.6283200	1.4622600	-0.1711300	-0.6144800	1.4550700	0.0139800	-0.6852700	1.1852000	0.0821300	-0.5497800	0.9447200	0.0969600	-0.6284400	1.4682700	-0.3531300	-0.6316100	1.2010500	-0.4327100	-0.5838900	0.9571300	-0.4301300	-0.5783700	0.8858600	-0.1632800	-0.5942300	0.8804000	-0.0366700	-0.5892900	0.4705300	-0.0407300	-0.6448300	0.1191200	-0.0428600	-0.5687300	0.8855300	-0.2952300	-0.5607700	0.4888100	-0.3066600	-0.6773600	0.0969600	-0.3077300	-0.4836300	0.0428100	-0.3180500	-0.4920100	0.0499100	-0.3652400	-0.7220900	0.0548700	-0.2993800	-0.5066100	0.0388600	-0.0295700	-0.5078100	0.0637300	0.0211900	-0.7264900	0.0694700	-0.0728200
126	2.0833333	-0.6287600	1.4578200	-0.1712400	-0.6145000	1.4551000	0.0139600	-0.7017400	1.1808500	0.0874900	-0.5501000	0.9450400	0.0967400	-0.6295200	1.4629400	-0.3528800	-0.6310800	1.2007000	-0.4326800	-0.5839800	0.9564800	-0.4303600	-0.5779300	0.8805500	-0.1630300	-0.5948400	0.8803300	-0.0363700	-0.5821800	0.4681100	-0.0297800	-0.6448700	0.1192400	-0.0428700	-0.5681000	0.8801800	-0.2956300	-0.5585800	0.4893300	-0.3070100	-0.6778000	0.1022800	-0.3082300	-0.4846100	0.0374400	-0.3188900	-0.4940000	0.0542200	-0.3662500	-0.7216000	0.0555700	-0.2993000	-0.5272200	0.0299300	-0.0345200	-0.5081500	0.0635400	0.0210800	-0.7089000	0.0771500	-0.0786800
127	2.1000000	-0.6282400	1.4573400	-0.1712800	-0.6123900	1.4497500	0.0142600	-0.6853800	1.1803900	0.0824000	-0.5490700	0.9406600	0.0974400	-0.6281100	1.4633500	-0.3533500	-0.6314400	1.1911100	-0.4329200	-0.5842800	0.9519500	-0.4303600	-0.5780400	0.8752600	-0.1632300	-0.5936700	0.8743800	-0.0367200	-0.5847500	0.4666100	-0.0296000	-0.6451600	0.1190000	-0.0429100	-0.5684600	0.8749200	-0.2951900	-0.5619200	0.4772800	-0.3179900	-0.6568800	0.1048300	-0.3113900	-0.4849500	0.0477700	-0.3187000	-0.5130300	0.0461700	-0.3734300	-0.7215300	0.0553400	-0.2992600	-0.5278400	0.0297000	-0.0350900	-0.5077700	0.0638700	0.0211500	-0.7315300	0.0673400	-0.0842400
128	2.1166667	-0.6281500	1.4573800	-0.1711800	-0.6133700	1.4456600	0.0141900	-0.6828900	1.1759100	0.0821100	-0.5442100	0.9414000	0.1070300	-0.6284400	1.4624900	-0.3528100	-0.6311000	1.1906500	-0.4328500	-0.5845000	0.9460600	-0.4412200	-0.5777600	0.8697800	-0.1630900	-0.5947200	0.8696700	-0.0359800	-0.5811600	0.4572300	-0.0295400	-0.6450700	0.1189800	-0.0428200	-0.5680100	0.8695000	-0.2956900	-0.5594800	0.4777700	-0.3183100	-0.6573200	0.1099800	-0.3119500	-0.4850000	0.0482800	-0.3187000	-0.5123900	0.0522000	-0.3729100	-0.7214800	0.0557600	-0.2993500	-0.5272700	0.0299500	-0.0345600	-0.5082100	0.0635700	0.0210500	-0.7290400	0.0693900	-0.0734400
129	2.1333333	-0.6283100	1.4525400	-0.1714100	-0.6131000	1.4453300	0.0142000	-0.6608800	1.1753800	0.0870500	-0.5433600	0.9353900	0.1073900	-0.6083700	1.4570500	-0.3465000	-0.6317400	1.1906600	-0.4330900	-0.5850500	0.9464700	-0.4411900	-0.5783400	0.8698300	-0.1632600	-0.5938000	0.8639400	-0.0364400	-0.5844900	0.4607900	-0.0294500	-0.6452400	0.1189600	-0.0428700	-0.5892300	0.8667700	-0.3023800	-0.5423600	0.4823900	-0.3216700	-0.6583500	0.1098900	-0.3121000	-0.4839800	0.0426500	-0.3180600	-0.5119600	0.0412400	-0.3727400	-0.7217800	0.0553200	-0.2993000	-0.5064200	0.0391000	-0.0296000	-0.5078400	0.0638500	0.0212000	-0.7349300	0.0733300	-0.0837300
130	2.1500000	-0.6276400	1.4479200	-0.1710100	-0.5970000	1.4443100	0.0091300	-0.6597900	1.1715000	0.0868100	-0.5439700	0.9312300	0.1074400	-0.6093200	1.4562800	-0.3459300	-0.6313700	1.1904400	-0.4329200	-0.5849500	0.9458100	-0.4415800	-0.5987000	0.8669000	-0.1695400	-0.5943300	0.8641500	-0.0362100	-0.5812600	0.4570900	-0.0292200	-0.6448600	0.1190900	-0.0427800	-0.6095800	0.8639100	-0.3106500	-0.5404700	0.4826900	-0.3221000	-0.6575900	0.1098300	-0.3120500	-0.5048800	0.0284600	-0.3263100	-0.5137500	0.0457400	-0.3737900	-0.7216400	0.0557200	-0.2993400	-0.4882100	0.0466300	-0.0341600	-0.5080700	0.0635200	0.0210600	-0.7120500	0.0828600	-0.0781300
131	2.1666667	-0.6270300	1.4472400	-0.1710200	-0.5952600	1.4387400	0.0094800	-0.6607600	1.1652800	0.0873400	-0.5433800	0.9306300	0.1077300	-0.6076300	1.4474200	-0.3463800	-0.6315900	1.1806800	-0.4332500	-0.5847900	0.9409300	-0.4413700	-0.5997600	0.8615000	-0.1693300	-0.6114800	0.8611800	-0.0313500	-0.5607300	0.4567400	-0.0229300	-0.6449600	0.1190100	-0.0428000	-0.6301700	0.8558800	-0.3062600	-0.5437000	0.4815900	-0.3229200	-0.6585000	0.1099200	-0.3121300	-0.5047500	0.0280700	-0.3262000	-0.5324800	0.0380200	-0.3702700	-0.7452000	0.0528700	-0.2961900	-0.5062500	0.0389800	-0.0295700	-0.5076100	0.0637000	0.0211900	-0.7346400	0.0731500	-0.0837300
132	2.1833333	-0.6266300	1.4378000	-0.1708000	-0.5953500	1.4294300	0.0097200	-0.6767200	1.1654600	0.0926500	-0.5442500	0.9201800	0.1078600	-0.6082500	1.4463800	-0.3458200	-0.6308100	1.1801900	-0.4331200	-0.5849700	0.9351300	-0.4419200	-0.5988000	0.8558900	-0.1693300	-0.5941700	0.8533000	-0.0359300	-0.5578900	0.4523100	-0.0233600	-0.6450400	0.1136400	-0.0421900	-0.6081100	0.8532500	-0.2996800	-0.5615100	0.4765800	-0.3305400	-0.6781900	0.1022300	-0.3083600	-0.4849600	0.0373200	-0.3187700	-0.5132900	0.0462400	-0.3629900	-0.7455200	0.0531300	-0.2962300	-0.5055500	0.0392300	-0.0290500	-0.5079200	0.0634000	0.0210600	-0.7088300	0.0770300	-0.0786500
133	2.2000000	-0.6094600	1.4220700	-0.1749200	-0.6168500	1.4258000	0.0046700	-0.6786900	1.1594100	0.0932700	-0.5604300	0.9128700	0.1140700	-0.6073900	1.4328300	-0.3466300	-0.6314800	1.1748800	-0.4334800	-0.5849200	0.9304000	-0.4417400	-0.5991800	0.8507800	-0.1694200	-0.5937400	0.8526200	-0.0362800	-0.5599300	0.4508900	-0.0230700	-0.6453300	0.1135200	-0.0422500	-0.6104800	0.8526200	-0.3101100	-0.5428200	0.4709400	-0.3232400	-0.6791100	0.1021900	-0.3085500	-0.4865100	0.0417400	-0.3195100	-0.5130400	0.0464500	-0.3627200	-0.7462000	0.0523300	-0.2962600	-0.4887000	0.0462000	-0.0346600	-0.5052400	0.0595600	0.0217000	-0.7314400	0.0671000	-0.0842500
134	2.2166667	-0.5888100	1.4160200	-0.1685200	-0.5957700	1.4151400	0.0098700	-0.6763600	1.1500400	0.0934100	-0.5609400	0.9023900	0.1141800	-0.5904600	1.4304300	-0.3490900	-0.6500800	1.1641300	-0.4413900	-0.6040800	0.9274700	-0.4499700	-0.5986300	0.8454500	-0.1692300	-0.5943000	0.8423300	-0.0359300	-0.5752300	0.4471000	-0.0180300	-0.6453000	0.1135400	-0.0422900	-0.6091600	0.8474500	-0.3106400	-0.5609900	0.4656100	-0.3308600	-0.6794900	0.1012000	-0.3196800	-0.4870300	0.0419500	-0.3196200	-0.5325700	0.0379700	-0.3705600	-0.7454600	0.0528600	-0.2963200	-0.4880300	0.0465600	-0.0341500	-0.5057100	0.0593100	0.0215400	-0.7337600	0.0672800	-0.0849500
135	2.2333333	-0.5889600	1.4109900	-0.1687800	-0.5959700	1.4103600	0.0098100	-0.6783600	1.1488200	0.0937700	-0.5604300	0.9016800	0.1146200	-0.5891000	1.4214400	-0.3496100	-0.6506300	1.1639900	-0.4416600	-0.6044200	0.9177100	-0.4500200	-0.5993600	0.8401100	-0.1694500	-0.5939400	0.8418500	-0.0362100	-0.5376400	0.4568100	-0.0176500	-0.6457200	0.1133600	-0.0423400	-0.6108300	0.8419700	-0.3102800	-0.5448900	0.4753800	-0.3346400	-0.6806200	0.1012600	-0.3198500	-0.5063900	0.0329600	-0.3270100	-0.5136000	0.0459700	-0.3734200	-0.7460300	0.0523600	-0.2962900	-0.4883300	0.0464700	-0.0346200	-0.5052900	0.0596200	0.0216500	-0.7353100	0.0729600	-0.0838000
136	2.2500000	-0.5883600	1.4063600	-0.1684000	-0.5965700	1.4061000	0.0097200	-0.6763100	1.1396000	0.0937500	-0.5607600	0.8915600	0.1148300	-0.5892600	1.4157500	-0.3487200	-0.6494000	1.1588600	-0.4413800	-0.6041700	0.9165900	-0.4503800	-0.5994500	0.8396300	-0.1694800	-0.6165600	0.8388800	-0.0413900	-0.5346900	0.4474400	-0.0176800	-0.6456200	0.1134400	-0.0424000	-0.6307300	0.8387700	-0.3183800	-0.5425000	0.4759800	-0.3350100	-0.6577700	0.1098600	-0.3121100	-0.5065600	0.0332200	-0.3270700	-0.5325200	0.0380200	-0.3705600	-0.7453900	0.0531800	-0.2962200	-0.4876600	0.0467900	-0.0341300	-0.5058500	0.0593200	0.0214800	-0.7376800	0.0731100	-0.0844900
137	2.2666667	-0.5885900	1.4012300	-0.1686800	-0.5953200	1.3961300	0.0100700	-0.6776600	1.1282500	0.0944100	-0.5761600	0.8837200	0.1208400	-0.6060100	1.4079000	-0.3462800	-0.6501400	1.1534700	-0.4416000	-0.6038800	0.9066500	-0.4503700	-0.5999900	0.8396600	-0.1697400	-0.6159400	0.8383400	-0.0418700	-0.5366400	0.4523100	-0.0171100	-0.6456900	0.1134500	-0.0424500	-0.6111400	0.8364500	-0.3104600	-0.5451100	0.4697400	-0.3355400	-0.6803900	0.1014400	-0.3199000	-0.5064400	0.0329500	-0.3269600	-0.5325600	0.0379800	-0.3702300	-0.7440400	0.0589300	-0.2954800	-0.4881600	0.0465900	-0.0346300	-0.5054400	0.0596400	0.0216100	-0.7353800	0.0732600	-0.0838700
138	2.2833333	-0.6083300	1.3926400	-0.1745300	-0.5783900	1.3854000	0.0054000	-0.6764400	1.1138700	0.0946200	-0.5765100	0.8735600	0.1210400	-0.5885400	1.3964500	-0.3489600	-0.6496400	1.1430400	-0.4417600	-0.6037300	0.8951200	-0.4508400	-0.5994100	0.8394500	-0.1696800	-0.6167200	0.8341100	-0.0415300	-0.5344900	0.4536200	-0.0173700	-0.6451700	0.1135400	-0.0423600	-0.6096000	0.8364900	-0.3110000	-0.5424100	0.4650300	-0.3352200	-0.6790400	0.1013600	-0.3197500	-0.5050700	0.0394600	-0.3260500	-0.5325500	0.0380000	-0.3704800	-0.7239700	0.0612100	-0.3003000	-0.4874800	0.0469300	-0.0341800	-0.5055800	0.0594300	0.0214900	-0.7336800	0.0672700	-0.0849600
139	2.3000000	-0.6074200	1.3824200	-0.1745300	-0.5770400	1.3752600	0.0056600	-0.6783300	1.1120800	0.0950000	-0.5765400	0.8674000	0.1213500	-0.5868600	1.3872100	-0.3497200	-0.6502300	1.1275200	-0.4422400	-0.5852300	0.8820100	-0.4535200	-0.6004200	0.8342900	-0.1695200	-0.6166600	0.8333900	-0.0415700	-0.5362400	0.4523700	-0.0172300	-0.6455900	0.1133600	-0.0424200	-0.6116400	0.8310400	-0.3102200	-0.5240500	0.4752200	-0.3378900	-0.6800000	0.1014500	-0.3199300	-0.5050500	0.0391600	-0.3260400	-0.5315000	0.0443900	-0.3693800	-0.7244100	0.0608600	-0.3003000	-0.4878900	0.0468100	-0.0346900	-0.5052100	0.0597400	0.0215800	-0.7349700	0.0728200	-0.0838300
140	2.3166667	-0.5882500	1.3673900	-0.1684500	-0.5780500	1.3616900	0.0058500	-0.6761300	1.1024300	0.0951200	-0.5764600	0.8523500	0.1215600	-0.5871300	1.3765000	-0.3490600	-0.6498600	1.1168800	-0.4422300	-0.5848900	0.8705700	-0.4539000	-0.5997100	0.8233200	-0.1692900	-0.6167700	0.8229200	-0.0412400	-0.5337000	0.4534400	-0.0175500	-0.6454400	0.1133800	-0.0424300	-0.6295300	0.8175300	-0.3071800	-0.5210000	0.4706800	-0.3376200	-0.6787800	0.1015400	-0.3197100	-0.5049600	0.0395600	-0.3260500	-0.5313000	0.0444700	-0.3696300	-0.7237500	0.0615500	-0.3002600	-0.4873400	0.0469900	-0.0342200	-0.5056400	0.0594000	0.0213900	-0.7372900	0.0727700	-0.0844500
141	2.3333333	-0.5881400	1.3520900	-0.1684600	-0.5561900	1.3410800	0.0115200	-0.6769200	1.0857600	0.0959500	-0.5761300	0.8364700	0.1225200	-0.5875100	1.3580200	-0.3503900	-0.6308800	1.1071000	-0.4451000	-0.5844100	0.8603800	-0.4538100	-0.6220000	0.8201200	-0.1757700	-0.6348400	0.8139500	-0.0365100	-0.5360400	0.4464000	-0.0176800	-0.6457600	0.1133400	-0.0424300	-0.6314300	0.8171700	-0.3065100	-0.5051700	0.4802600	-0.3412600	-0.6582700	0.1100100	-0.3123200	-0.5052400	0.0390700	-0.3261600	-0.5317700	0.0442600	-0.3694400	-0.7224400	0.0670000	-0.2992700	-0.4875100	0.0469300	-0.0348100	-0.5050300	0.0597800	0.0214300	-0.7557900	0.0652900	-0.0785700
142	2.3500000	-0.5870600	1.3377000	-0.1679100	-0.5560800	1.3313700	0.0117300	-0.6757000	1.0712300	0.0962400	-0.5768200	0.8312000	0.1224800	-0.5877900	1.3471700	-0.3497100	-0.6300100	1.0965800	-0.4452700	-0.6035200	0.8511800	-0.4620700	-0.6210400	0.8092800	-0.1756900	-0.6355900	0.8093000	-0.0362200	-0.5120100	0.4537700	-0.0123100	-0.6456700	0.1133300	-0.0423700	-0.6292000	0.8117500	-0.3073000	-0.5218300	0.4650500	-0.3382600	-0.6571600	0.1101300	-0.3120800	-0.5051900	0.0394300	-0.3260700	-0.5314800	0.0444200	-0.3696100	-0.7429100	0.0598300	-0.2953300	-0.4871700	0.0471300	-0.0342900	-0.5056100	0.0594500	0.0213400	-0.7579500	0.0654600	-0.0791900
143	2.3666667	-0.5685300	1.3270200	-0.1719900	-0.5588800	1.3214300	0.0019500	-0.6535000	1.0609500	0.1013700	-0.5761600	0.8201800	0.1229200	-0.5674300	1.3325600	-0.3531200	-0.6300700	1.0858700	-0.4455400	-0.6037600	0.8411600	-0.4621500	-0.6221600	0.8146900	-0.1760300	-0.6352800	0.8089200	-0.0363900	-0.5138500	0.4527600	-0.0119800	-0.6456600	0.1134400	-0.0423800	-0.6522000	0.8082400	-0.3141000	-0.5049900	0.4692800	-0.3414200	-0.6584900	0.1099300	-0.3123000	-0.5053300	0.0390200	-0.3261000	-0.5318700	0.0441900	-0.3694000	-0.7438200	0.0591000	-0.2953600	-0.4873900	0.0470300	-0.0348200	-0.5049400	0.0598200	0.0214300	-0.7353400	0.0731100	-0.0837600
144	2.3833333	-0.5678300	1.3175800	-0.1718300	-0.5379200	1.3113900	0.0070200	-0.6513100	1.0463600	0.1017000	-0.5764700	0.8095300	0.1229900	-0.5497900	1.3261000	-0.3557000	-0.6296800	1.0700300	-0.4457300	-0.6034900	0.8348200	-0.4625700	-0.6216400	0.8090000	-0.1757800	-0.6583100	0.8058400	-0.0417700	-0.5116100	0.4592300	-0.0125100	-0.6456000	0.1134400	-0.0423500	-0.6508300	0.8028300	-0.3145200	-0.5033200	0.4698600	-0.3415900	-0.6777900	0.0961500	-0.3190200	-0.5042100	0.0342300	-0.3254200	-0.5308000	0.0392700	-0.3690100	-0.7428700	0.0597500	-0.2953500	-0.4870900	0.0471600	-0.0343500	-0.5076100	0.0635900	0.0207600	-0.7580100	0.0652500	-0.0791800
145	2.4000000	-0.5670500	1.3073800	-0.1716600	-0.5372500	1.3012800	0.0073700	-0.6530600	1.0347100	0.1024000	-0.5754300	0.7986000	0.1236900	-0.5461700	1.3122500	-0.3457100	-0.6302200	1.0644100	-0.4460200	-0.6032500	0.8194200	-0.4625000	-0.6446900	0.7948600	-0.1827300	-0.6407500	0.7967800	-0.0471900	-0.4964200	0.4627500	-0.0175400	-0.6460600	0.1134500	-0.0423600	-0.6526700	0.7916900	-0.3142400	-0.5044400	0.4695200	-0.3416400	-0.6787800	0.0960100	-0.3193100	-0.5054800	0.0388600	-0.3259900	-0.5120300	0.0414600	-0.3619400	-0.7211500	0.0610700	-0.2986100	-0.4875300	0.0469800	-0.0348700	-0.5286700	0.0547100	0.0157800	-0.7564900	0.0653500	-0.0784500
146	2.4166667	-0.5675100	1.2928700	-0.1716600	-0.5410400	1.2820700	-0.0019900	-0.6274700	1.0267200	0.1068400	-0.5921900	0.7856100	0.1296300	-0.5472400	1.2970400	-0.3453500	-0.6485100	1.0477000	-0.4542000	-0.6030900	0.8075500	-0.4629200	-0.6217300	0.7976200	-0.1759000	-0.6404200	0.7864400	-0.0468100	-0.4937200	0.4640300	-0.0178300	-0.6458500	0.1133900	-0.0422900	-0.6504300	0.7858800	-0.3143900	-0.5032800	0.4697600	-0.3419700	-0.6552200	0.1048900	-0.3114700	-0.5072700	0.0328200	-0.3270300	-0.5314400	0.0330600	-0.3697700	-0.6959900	0.0769900	-0.2900700	-0.4870200	0.0472100	-0.0343300	-0.5076400	0.0635700	0.0207500	-0.7588900	0.0657200	-0.0790000
147	2.4333333	-0.5669900	1.2777100	-0.1717400	-0.5209200	1.2669700	0.0033100	-0.6515000	1.0078600	0.1032500	-0.5908900	0.7639900	0.1304800	-0.5466000	1.2832800	-0.3463100	-0.6480600	1.0265400	-0.4545300	-0.6030900	0.7865000	-0.4631400	-0.6218800	0.7869600	-0.1760700	-0.6387500	0.7749500	-0.0468200	-0.4754300	0.4794000	-0.0123500	-0.6459700	0.1133300	-0.0422800	-0.6519500	0.7799500	-0.3142200	-0.4857700	0.4688200	-0.3447600	-0.6564600	0.1048500	-0.3117800	-0.5073200	0.0326600	-0.3269900	-0.5313500	0.0389400	-0.3687300	-0.6971300	0.0761900	-0.2902700	-0.4872900	0.0470900	-0.0348100	-0.5071400	0.0639200	0.0208800	-0.7565900	0.0655000	-0.0783800
148	2.4500000	-0.5487500	1.2629500	-0.1752800	-0.5196300	1.2481500	0.0036000	-0.6266700	0.9952600	0.1077800	-0.5905700	0.7484500	0.1307600	-0.5291000	1.2719400	-0.3486700	-0.6287400	1.0220800	-0.4572800	-0.6024500	0.7745400	-0.4635400	-0.6210200	0.7759200	-0.1758300	-0.6395400	0.7691200	-0.0467300	-0.4741700	0.4749800	-0.0127500	-0.6456700	0.1132400	-0.0422300	-0.6495700	0.7693900	-0.3146100	-0.4835400	0.4641600	-0.3443400	-0.6770000	0.0964300	-0.3191500	-0.5072400	0.0329500	-0.3269000	-0.5312000	0.0390700	-0.3689200	-0.7192700	0.0678800	-0.2979200	-0.4870600	0.0472100	-0.0342700	-0.5077600	0.0636100	0.0208000	-0.7553600	0.0596200	-0.0795200
149	2.4666667	-0.5472600	1.2430000	-0.1751800	-0.5195700	1.2376000	0.0039900	-0.6276400	0.9785600	0.1087600	-0.5903600	0.7370900	0.1312600	-0.5092300	1.2575700	-0.3523700	-0.6287600	1.0115700	-0.4575400	-0.6225400	0.7610600	-0.4719400	-0.6444300	0.7671500	-0.1828000	-0.6402200	0.7682800	-0.0470000	-0.4751700	0.4686700	-0.0121000	-0.6458800	0.1131200	-0.0422400	-0.6520900	0.7636500	-0.3143000	-0.4840800	0.4637100	-0.3444300	-0.6787300	0.0962000	-0.3194800	-0.5072800	0.0326900	-0.3269700	-0.5319500	0.0327800	-0.3694600	-0.7212700	0.0731200	-0.2986100	-0.4872600	0.0471100	-0.0347600	-0.5071900	0.0639600	0.0209100	-0.7533900	0.0591400	-0.0788800
150	2.4833333	-0.5473600	1.2332700	-0.1751500	-0.5189200	1.2281000	0.0040200	-0.6263500	0.9638900	0.1090300	-0.5909900	0.7259600	0.1313400	-0.4924000	1.2421500	-0.3550800	-0.6277100	0.9901300	-0.4575800	-0.6223100	0.7490500	-0.4725900	-0.6439600	0.7615800	-0.1829300	-0.6407000	0.7629600	-0.0470700	-0.4894600	0.4546600	-0.0071200	-0.6444100	0.1074100	-0.0426200	-0.6505600	0.7634300	-0.3149300	-0.4842400	0.4578100	-0.3557000	-0.6770200	0.1025700	-0.3185200	-0.5072300	0.0330300	-0.3268800	-0.5121700	0.0414000	-0.3620200	-0.6966200	0.0836800	-0.2906700	-0.4874400	0.0470100	-0.0342500	-0.5078500	0.0634600	0.0208700	-0.7297700	0.0692800	-0.0732300
151	2.5000000	-0.5467400	1.2183900	-0.1751000	-0.5188300	1.2134800	0.0045000	-0.6509400	0.9497400	0.1049400	-0.5900600	0.7150600	0.1318500	-0.5069600	1.2284100	-0.3523600	-0.6274300	0.9845600	-0.4578100	-0.6426500	0.7403000	-0.4806700	-0.6445800	0.7559700	-0.1829500	-0.6398700	0.7571200	-0.0470100	-0.4914000	0.4535200	-0.0066900	-0.6445000	0.1074300	-0.0425900	-0.6526400	0.7522100	-0.3146000	-0.4844500	0.4577300	-0.3549500	-0.6788600	0.1080400	-0.3193400	-0.5074000	0.0328000	-0.3269200	-0.5126800	0.0411400	-0.3619000	-0.6988300	0.0888500	-0.2913200	-0.4874900	0.0469100	-0.0346700	-0.5073000	0.0637300	0.0210300	-0.7277700	0.0692700	-0.0726400
152	2.5166667	-0.5478800	1.2039200	-0.1752200	-0.5395600	1.1988600	-0.0004200	-0.6490800	0.9398800	0.1049000	-0.5901000	0.7042700	0.1319000	-0.4914900	1.2131700	-0.3552500	-0.6265100	0.9687400	-0.4582500	-0.6418800	0.7230700	-0.4814600	-0.6667000	0.7513500	-0.1896300	-0.6633500	0.7486100	-0.0524700	-0.4684200	0.4607100	-0.0015800	-0.6439600	0.1073100	-0.0425100	-0.6919000	0.7399500	-0.3189300	-0.4833900	0.4580100	-0.3552800	-0.6772900	0.1082400	-0.3190800	-0.5074000	0.0329600	-0.3269300	-0.5121700	0.0414000	-0.3620900	-0.6975200	0.0897700	-0.2912100	-0.4875300	0.0468200	-0.0341700	-0.5058800	0.0590200	0.0215100	-0.7309000	0.0635800	-0.0726000
153	2.5333333	-0.5299700	1.1934500	-0.1792600	-0.5392300	1.1788900	0.0001700	-0.6094900	0.9323800	0.1042100	-0.5893300	0.6880900	0.1327400	-0.4902000	1.1991000	-0.3562400	-0.6074300	0.9545600	-0.4611900	-0.6423100	0.7123700	-0.4816200	-0.6668200	0.7408200	-0.1897200	-0.6635700	0.7468300	-0.0528100	-0.4717200	0.4647100	-0.0017700	-0.6439400	0.1073300	-0.0425000	-0.6522300	0.7408400	-0.3148600	-0.4673800	0.4625800	-0.3593900	-0.6788300	0.1080000	-0.3194000	-0.5075000	0.0326400	-0.3270400	-0.5318800	0.0327300	-0.3694600	-0.6989400	0.0888300	-0.2912800	-0.4875800	0.0467600	-0.0346500	-0.5052300	0.0593800	0.0216000	-0.7258800	0.0573100	-0.0725400
154	2.5500000	-0.5301400	1.1790900	-0.1790500	-0.5222400	1.1694700	-0.0044700	-0.6249600	0.9159100	0.1104000	-0.5899500	0.6713000	0.1325600	-0.4908300	1.1881700	-0.3556600	-0.6263000	0.9417800	-0.4694500	-0.6213800	0.6983900	-0.4844100	-0.6662500	0.7401700	-0.1893700	-0.6410400	0.7461200	-0.0466900	-0.4727600	0.4653400	-0.0027200	-0.6438200	0.1073400	-0.0424700	-0.6505800	0.7355200	-0.3150900	-0.4849600	0.4466800	-0.3671100	-0.6772700	0.1082400	-0.3191200	-0.5077200	0.0326600	-0.3270500	-0.5318900	0.0328100	-0.3697100	-0.6972500	0.0900900	-0.2911000	-0.4873700	0.0468500	-0.0341800	-0.5056600	0.0590500	0.0214700	-0.7280900	0.0577500	-0.0731000
155	2.5666667	-0.5281500	1.1638000	-0.1789100	-0.5017600	1.1596000	0.0007200	-0.6259900	0.9042000	0.1108800	-0.5883100	0.6608200	0.1337100	-0.4894100	1.1789300	-0.3562700	-0.6267100	0.9358300	-0.4696600	-0.6217900	0.6879100	-0.4844900	-0.6441800	0.7330900	-0.1823500	-0.6394400	0.7355300	-0.0462200	-0.4730600	0.4590100	-0.0020100	-0.6441000	0.1073800	-0.0424900	-0.6521300	0.7185800	-0.3143900	-0.4851900	0.4464600	-0.3670800	-0.6788900	0.1080900	-0.3194700	-0.5078400	0.0324900	-0.3270400	-0.5324000	0.0325200	-0.3695400	-0.6990800	0.0890900	-0.2913400	-0.4874100	0.0468600	-0.0347400	-0.5072700	0.0635800	0.0209500	-0.7291800	0.0633400	-0.0719500
156	2.5833333	-0.5114900	1.1545700	-0.1827800	-0.5203100	1.1442300	-0.0040200	-0.6074800	0.8964300	0.1051700	-0.5889800	0.6497900	0.1338000	-0.4890900	1.1638300	-0.3556200	-0.6266300	0.9252100	-0.4699200	-0.6212800	0.6757300	-0.4849000	-0.6430800	0.7220300	-0.1819300	-0.6400300	0.7299300	-0.0462300	-0.4748400	0.4593500	-0.0031200	-0.6440600	0.1072700	-0.0424900	-0.6699800	0.7151800	-0.3110100	-0.4846400	0.4465900	-0.3673600	-0.6776200	0.1081000	-0.3191200	-0.5075300	0.0326900	-0.3270000	-0.5318700	0.0328300	-0.3697300	-0.7186800	0.0821300	-0.2872200	-0.4873500	0.0469100	-0.0342100	-0.5078800	0.0632500	0.0208800	-0.7314500	0.0636400	-0.0725000
157	2.6000000	-0.5103100	1.1441400	-0.1828500	-0.5007900	1.1352300	0.0011100	-0.6077600	0.8847700	0.1056600	-0.5889200	0.6435900	0.1339100	-0.4874900	1.1545200	-0.3561500	-0.6265800	0.9141700	-0.4701000	-0.6418900	0.6667100	-0.4935900	-0.6443600	0.7167400	-0.1825700	-0.6629900	0.7192300	-0.0522900	-0.4727800	0.4587500	-0.0020900	-0.6443100	0.1073200	-0.0425600	-0.6720300	0.7090700	-0.3109000	-0.4853500	0.4462800	-0.3672500	-0.6793600	0.1079900	-0.3194100	-0.5074700	0.0326100	-0.3270200	-0.5323000	0.0325600	-0.3695700	-0.7222400	0.0870500	-0.2881000	-0.4873300	0.0468300	-0.0346800	-0.5051000	0.0594900	0.0215300	-0.7296700	0.0632600	-0.0719800
158	2.6166667	-0.5282000	1.1244400	-0.1785300	-0.5007100	1.1209000	0.0014900	-0.6059500	0.8701700	0.1060600	-0.5889800	0.6278500	0.1341800	-0.4707900	1.1395500	-0.3586600	-0.6259200	0.9033700	-0.4702400	-0.6414200	0.6602300	-0.4937700	-0.6652600	0.7065800	-0.1888400	-0.6623500	0.7099500	-0.0517900	-0.4519200	0.4598000	-0.0070200	-0.6442500	0.1072000	-0.0425800	-0.6698100	0.7037400	-0.3113000	-0.4668800	0.4516600	-0.3703900	-0.6777500	0.1082100	-0.3191200	-0.5072100	0.0329300	-0.3268900	-0.5317300	0.0329400	-0.3696800	-0.7178200	0.0877500	-0.2865300	-0.4872900	0.0468400	-0.0341500	-0.5057400	0.0590500	0.0214700	-0.7280500	0.0629400	-0.0737300
159	2.6333333	-0.5102000	1.1192200	-0.1826800	-0.5004300	1.1104500	0.0017300	-0.6068500	0.8632700	0.1061400	-0.5888700	0.6271200	0.1344500	-0.4700500	1.1304700	-0.3594800	-0.6258000	0.8922700	-0.4704900	-0.6423600	0.6550100	-0.4940100	-0.6433500	0.7109100	-0.1823700	-0.6424100	0.7126200	-0.0569300	-0.4554400	0.4638300	-0.0073900	-0.6445600	0.1073400	-0.0426300	-0.6715500	0.6978500	-0.3110700	-0.4846500	0.4517700	-0.3666400	-0.6793500	0.1079500	-0.3194500	-0.4860500	0.0476000	-0.3186200	-0.5321400	0.0326200	-0.3694800	-0.7207500	0.0809000	-0.2874900	-0.4872600	0.0468500	-0.0347000	-0.5051700	0.0594800	0.0214700	-0.7264400	0.0626100	-0.0732000
160	2.6500000	-0.4929300	1.1105400	-0.1866600	-0.4833300	1.1017300	-0.0032100	-0.6062100	0.8541700	0.1066500	-0.5889500	0.6164800	0.1343700	-0.4704100	1.1198700	-0.3589800	-0.6248300	0.8815300	-0.4705300	-0.6415900	0.6431800	-0.4944500	-0.6428100	0.7053500	-0.1824200	-0.6431500	0.7129400	-0.0569400	-0.4531600	0.4646600	-0.0076800	-0.6443200	0.1072300	-0.0426400	-0.6692900	0.6982500	-0.3114900	-0.4660500	0.4569000	-0.3699500	-0.6778100	0.1082400	-0.3191500	-0.4858500	0.0478400	-0.3185000	-0.5315800	0.0330400	-0.3695700	-0.7192400	0.0819900	-0.2872900	-0.4874100	0.0467800	-0.0341600	-0.5058500	0.0590400	0.0214300	-0.7281000	0.0629700	-0.0737700
161	2.6666667	-0.4923100	1.1051700	-0.1868200	-0.5038400	1.0904800	-0.0077200	-0.6072800	0.8472100	0.1067200	-0.5881200	0.6054500	0.1348700	-0.4691500	1.1153600	-0.3598500	-0.6251200	0.8598700	-0.4819100	-0.6412300	0.6381300	-0.4940000	-0.6435900	0.6997800	-0.1823000	-0.6617100	0.6980600	-0.0516700	-0.4384800	0.4684800	-0.0125000	-0.6446600	0.1073300	-0.0427200	-0.6713900	0.6865700	-0.3111000	-0.4659500	0.4462700	-0.3698700	-0.6793000	0.1080800	-0.3194600	-0.4860300	0.0477100	-0.3185400	-0.5128000	0.0410700	-0.3619300	-0.7225600	0.0868100	-0.2881400	-0.4873600	0.0468400	-0.0346800	-0.5270800	0.0501100	0.0164000	-0.7516400	0.0529000	-0.0794200
162	2.6833333	-0.4930700	1.1003400	-0.1866400	-0.4833800	1.0916900	-0.0029000	-0.6058600	0.8376600	0.1068400	-0.5880100	0.6000800	0.1350400	-0.4709700	1.1096000	-0.3593600	-0.6249500	0.8595400	-0.4818400	-0.6406500	0.6315200	-0.4941300	-0.6425300	0.6993200	-0.1820000	-0.6621700	0.6987000	-0.0515600	-0.4372000	0.4746200	-0.0132200	-0.6443200	0.1072100	-0.0427000	-0.6684600	0.6814900	-0.3112200	-0.4477600	0.4570600	-0.3630000	-0.6775300	0.1082100	-0.3190700	-0.4852800	0.0480600	-0.3183100	-0.5117600	0.0415700	-0.3619200	-0.7190300	0.0818900	-0.2872000	-0.4873400	0.0469300	-0.0341700	-0.5277200	0.0497200	0.0163200	-0.7282000	0.0628800	-0.0737800
163	2.7000000	-0.4916500	1.0951600	-0.1867800	-0.4824900	1.0859600	-0.0027000	-0.6075200	0.8361000	0.1069500	-0.5873400	0.5888800	0.1355600	-0.4694500	1.1053900	-0.3599300	-0.6247700	0.8593800	-0.4818200	-0.6206500	0.6255700	-0.4965500	-0.6437300	0.6943500	-0.1824700	-0.6620500	0.6977000	-0.0516300	-0.4210300	0.4837800	-0.0177700	-0.6444100	0.1073300	-0.0427900	-0.6510700	0.6843300	-0.3143500	-0.4660800	0.4517500	-0.3702800	-0.6793600	0.1080100	-0.3194600	-0.4856300	0.0478600	-0.3184800	-0.5139400	0.0456100	-0.3625900	-0.7227800	0.0866000	-0.2880900	-0.4871000	0.0469700	-0.0346500	-0.5271000	0.0501200	0.0163600	-0.7266000	0.0624500	-0.0733100
164	2.7166667	-0.4924800	1.0954400	-0.1865800	-0.4819400	1.0819600	-0.0026500	-0.6059000	0.8324000	0.1071100	-0.5875200	0.5837600	0.1356300	-0.4705700	1.1045600	-0.3592600	-0.6247600	0.8489600	-0.4820400	-0.6398100	0.6202100	-0.5053500	-0.6428600	0.6938600	-0.1823200	-0.6627200	0.6925000	-0.0518900	-0.4188200	0.4744400	-0.0179000	-0.6442600	0.1071900	-0.0428000	-0.6684600	0.6759800	-0.3114700	-0.4474800	0.4571900	-0.3630700	-0.6776400	0.1082000	-0.3190900	-0.4850700	0.0481100	-0.3182800	-0.5115700	0.0416400	-0.3619200	-0.7192800	0.0818200	-0.2871800	-0.4874600	0.0467600	-0.0342300	-0.5277100	0.0496500	0.0162700	-0.7532700	0.0529800	-0.0799800
165	2.7333333	-0.4907700	1.0901800	-0.1865900	-0.4664300	1.0824200	-0.0073500	-0.6069000	0.8361100	0.1067200	-0.5872500	0.5781000	0.1357200	-0.4695700	1.1051700	-0.3598600	-0.6245100	0.8488700	-0.4819900	-0.6399100	0.6155800	-0.5051100	-0.6435700	0.6886500	-0.1822100	-0.6626900	0.6916900	-0.0518300	-0.4205200	0.4736500	-0.0177700	-0.6441500	0.1073800	-0.0428300	-0.6710200	0.6752100	-0.3110200	-0.4475400	0.4571200	-0.3630000	-0.6793300	0.1079100	-0.3194500	-0.4872100	0.0417300	-0.3194000	-0.5122400	0.0411200	-0.3618800	-0.7210300	0.0807400	-0.2873700	-0.4870700	0.0469800	-0.0347600	-0.5269700	0.0501500	0.0162700	-0.7265300	0.0623500	-0.0733300
166	2.7500000	-0.4919000	1.0905700	-0.1865100	-0.4817000	1.0819000	-0.0026600	-0.6055900	0.8317400	0.1065500	-0.5875200	0.5783100	0.1354900	-0.4703800	1.1045100	-0.3593400	-0.6049900	0.8515300	-0.4736800	-0.6390300	0.6148500	-0.5053400	-0.6647500	0.6839400	-0.1887300	-0.6632100	0.6922800	-0.0519300	-0.4174100	0.4799800	-0.0176100	-0.6438400	0.1073500	-0.0428900	-0.6684800	0.6758400	-0.3114800	-0.4472100	0.4573100	-0.3630800	-0.6776000	0.1082100	-0.3190900	-0.4868500	0.0419500	-0.3192200	-0.5130600	0.0460000	-0.3625700	-0.7191500	0.0818000	-0.2871700	-0.4872800	0.0469200	-0.0343100	-0.5274900	0.0497800	0.0162000	-0.7528900	0.0530200	-0.0800600
167	2.7666667	-0.4909600	1.0951700	-0.1868100	-0.4661800	1.0869800	-0.0075900	-0.5895400	0.8332700	0.1008900	-0.5878400	0.5831700	0.1353200	-0.4688700	1.1052700	-0.3600300	-0.6051100	0.8565000	-0.4735500	-0.6396300	0.6212900	-0.5052800	-0.6435200	0.6942200	-0.1824300	-0.6624300	0.6917300	-0.0518500	-0.4210000	0.4735500	-0.0178000	-0.6440800	0.1074600	-0.0428800	-0.6507200	0.6790600	-0.3145200	-0.4473500	0.4572500	-0.3630000	-0.6793800	0.1079300	-0.3194600	-0.4873400	0.0417500	-0.3193800	-0.5138400	0.0455100	-0.3625300	-0.7210200	0.0807600	-0.2873600	-0.4869300	0.0471100	-0.0347600	-0.5289300	0.0545600	0.0156700	-0.7513600	0.0526500	-0.0795300
168	2.7833333	-0.4757600	1.1012200	-0.1907700	-0.4656100	1.0920800	-0.0080100	-0.6122200	0.8358000	0.0959900	-0.6056500	0.5904800	0.1407600	-0.4700400	1.1095800	-0.3594500	-0.6246600	0.8595500	-0.4709300	-0.6393400	0.6260500	-0.5051400	-0.6427800	0.6939000	-0.1822600	-0.6628700	0.6925200	-0.0519500	-0.4204700	0.4793000	-0.0184600	-0.6437400	0.1073900	-0.0428600	-0.6680500	0.6761400	-0.3113000	-0.4471600	0.4571600	-0.3629300	-0.6774500	0.1082700	-0.3190700	-0.4870400	0.0419100	-0.3192300	-0.5130900	0.0460600	-0.3625700	-0.7189700	0.0818700	-0.2871700	-0.4872100	0.0469800	-0.0342600	-0.5295000	0.0541400	0.0156500	-0.7277000	0.0628900	-0.0738700
169	2.8000000	-0.4908900	1.1049400	-0.1868400	-0.4668900	1.0970000	-0.0078100	-0.6133000	0.8454000	0.0957300	-0.5887900	0.6048800	0.1348300	-0.4692000	1.1152900	-0.3599400	-0.6248900	0.8654500	-0.4710100	-0.6197900	0.6368400	-0.5073700	-0.6439200	0.6943100	-0.1824500	-0.6627600	0.6918600	-0.0518800	-0.4226700	0.4782300	-0.0182000	-0.6443000	0.1072900	-0.0427900	-0.6710600	0.6809600	-0.3112000	-0.4473800	0.4573400	-0.3628700	-0.6791600	0.1079200	-0.3194600	-0.4875300	0.0417500	-0.3193800	-0.5139400	0.0455500	-0.3625300	-0.7208800	0.0806900	-0.2874800	-0.4866800	0.0473000	-0.0348000	-0.5288600	0.0546100	0.0156300	-0.7266600	0.0622400	-0.0732900
170	2.8166667	-0.4926700	1.1105300	-0.1867900	-0.4816700	1.1010800	-0.0031300	-0.6127100	0.8521200	0.0956000	-0.5898800	0.6106100	0.1342400	-0.4704100	1.1197400	-0.3593000	-0.6253000	0.8762800	-0.4707600	-0.5996800	0.6457600	-0.4992900	-0.6433600	0.6941200	-0.1823100	-0.6628900	0.6928600	-0.0519900	-0.4193200	0.4740800	-0.0180800	-0.6439000	0.1071800	-0.0427800	-0.6692600	0.6869800	-0.3113400	-0.4475600	0.4571900	-0.3628500	-0.6774200	0.1082700	-0.3190200	-0.4872300	0.0418700	-0.3192700	-0.5133000	0.0460900	-0.3625700	-0.7188200	0.0819100	-0.2871300	-0.4698700	0.0543400	-0.0392900	-0.5293600	0.0542500	0.0156000	-0.7288800	0.0574600	-0.0731500
171	2.8333333	-0.4916100	1.1201000	-0.1869200	-0.4667700	1.1113100	-0.0080800	-0.6130400	0.8624200	0.0952900	-0.5892900	0.6215400	0.1342700	-0.4691000	1.1303300	-0.3596400	-0.6246300	0.8873200	-0.4702700	-0.6003900	0.6521700	-0.4993500	-0.6436500	0.7056300	-0.1826200	-0.6430400	0.7122700	-0.0568600	-0.4222200	0.4732400	-0.0179800	-0.6442200	0.1073000	-0.0428200	-0.6515400	0.6956000	-0.3144900	-0.4476200	0.4571300	-0.3627100	-0.6793700	0.1078600	-0.3193900	-0.4875900	0.0417100	-0.3194000	-0.5140600	0.0455300	-0.3625500	-0.7230800	0.0862700	-0.2881300	-0.4866000	0.0474200	-0.0347800	-0.5288200	0.0547700	0.0156300	-0.7264700	0.0622800	-0.0733400
172	2.8500000	-0.4928200	1.1305400	-0.1869700	-0.4818200	1.1210400	-0.0036300	-0.6124800	0.8791400	0.0947300	-0.5889400	0.6277500	0.1341700	-0.4700900	1.1395500	-0.3589900	-0.6049200	0.8953300	-0.4619000	-0.6002300	0.6623900	-0.4993800	-0.6651600	0.7063500	-0.1889600	-0.6626200	0.7098900	-0.0519800	-0.4422000	0.4735400	-0.0238700	-0.6442900	0.1070200	-0.0427400	-0.6492700	0.6965700	-0.3149500	-0.4652300	0.4572600	-0.3590100	-0.6774700	0.1082600	-0.3190000	-0.4872000	0.0418400	-0.3191900	-0.5132400	0.0460900	-0.3625200	-0.7188500	0.0818800	-0.2872200	-0.4871800	0.0471900	-0.0342900	-0.5295900	0.0542300	0.0156500	-0.7289700	0.0573400	-0.0731200
173	2.8666667	-0.4920500	1.1447200	-0.1871100	-0.4840500	1.1358600	-0.0038700	-0.6138700	0.8889700	0.0944500	-0.5888800	0.6435400	0.1337300	-0.4695800	1.1501500	-0.3595200	-0.6049400	0.9114600	-0.4616100	-0.6002900	0.6690700	-0.4986500	-0.6665600	0.7126100	-0.1892700	-0.6630500	0.7143000	-0.0520200	-0.4462500	0.4779500	-0.0241300	-0.6447200	0.1071400	-0.0427100	-0.6521500	0.7068800	-0.3144500	-0.4652600	0.4573900	-0.3591300	-0.6801100	0.1017200	-0.3200900	-0.4880900	0.0414900	-0.3195200	-0.5144000	0.0454300	-0.3626000	-0.7207400	0.0808000	-0.2874400	-0.4867300	0.0473500	-0.0347600	-0.5289900	0.0546100	0.0157000	-0.7279400	0.0569900	-0.0726400
174	2.8833333	-0.4928700	1.1548400	-0.1869400	-0.4832600	1.1455200	-0.0041700	-0.6131300	0.8951200	0.0942500	-0.5893400	0.6440500	0.1335200	-0.4543400	1.1646500	-0.3617600	-0.5866700	0.9296700	-0.4640000	-0.6002000	0.6793700	-0.4986400	-0.6428700	0.7218400	-0.1821900	-0.6400400	0.7301400	-0.0464800	-0.4606600	0.4740400	-0.0193600	-0.6445300	0.1070600	-0.0427200	-0.6492800	0.7133800	-0.3146400	-0.4657400	0.4573800	-0.3590300	-0.6773400	0.1082600	-0.3190300	-0.4875700	0.0417500	-0.3193100	-0.5323300	0.0382800	-0.3593900	-0.6977600	0.0896100	-0.2912000	-0.4874800	0.0470400	-0.0342100	-0.5298100	0.0540900	0.0157800	-0.7291500	0.0576800	-0.0731400
175	2.9000000	-0.4921600	1.1694800	-0.1871500	-0.4843300	1.1646900	-0.0045300	-0.6141700	0.9104400	0.0939000	-0.5889500	0.6598700	0.1331000	-0.4536700	1.1796700	-0.3622600	-0.6057400	0.9382800	-0.4613800	-0.6009700	0.6915000	-0.4982900	-0.6657800	0.7296400	-0.1892400	-0.6619800	0.7366000	-0.0522700	-0.4607200	0.4683100	-0.0186200	-0.6445400	0.1073300	-0.0427000	-0.6317900	0.7222700	-0.3182500	-0.4666400	0.4628400	-0.3592900	-0.6799200	0.1015600	-0.3202100	-0.4880500	0.0417100	-0.3195300	-0.5144500	0.0455600	-0.3626300	-0.7218100	0.0732300	-0.2986900	-0.4894600	0.0513500	-0.0353600	-0.5074500	0.0638100	0.0208700	-0.7275000	0.0571500	-0.0727000
176	2.9166667	-0.4950500	1.1848000	-0.1874500	-0.4844500	1.1749800	-0.0049200	-0.6138700	0.9219000	0.0938200	-0.5890700	0.6714400	0.1326600	-0.4558000	1.1892100	-0.3618600	-0.6064900	0.9488700	-0.4612500	-0.6010100	0.7127100	-0.4982800	-0.6668700	0.7401500	-0.1897300	-0.6644900	0.7425100	-0.0528000	-0.4437400	0.4787900	-0.0242400	-0.6443500	0.1071700	-0.0427000	-0.6497400	0.7360800	-0.3151700	-0.4841700	0.4691800	-0.3551400	-0.6773100	0.1081700	-0.3191000	-0.4857400	0.0478900	-0.3183900	-0.5134300	0.0462900	-0.3626200	-0.7193300	0.0744300	-0.2983400	-0.4898300	0.0511800	-0.0348400	-0.5078300	0.0634100	0.0209100	-0.7288400	0.0576200	-0.0731200
177	2.9333333	-0.5112700	1.1943100	-0.1836200	-0.5222100	1.1890000	-0.0051500	-0.6146000	0.9370600	0.0930300	-0.5898500	0.6985900	0.1321400	-0.4718200	1.2041100	-0.3593600	-0.6064100	0.9648700	-0.4609900	-0.6012300	0.7250100	-0.4978900	-0.6444100	0.7556400	-0.1830700	-0.6398000	0.7567800	-0.0470500	-0.4583100	0.4790600	-0.0180200	-0.6447100	0.1073100	-0.0427100	-0.6518500	0.7410000	-0.3149600	-0.4844000	0.4690300	-0.3548900	-0.6788200	0.1022200	-0.3190000	-0.4862000	0.0479100	-0.3186200	-0.5144700	0.0456800	-0.3627000	-0.7223400	0.0674600	-0.2993800	-0.4869100	0.0473200	-0.0347700	-0.5072600	0.0639000	0.0208600	-0.7276400	0.0569900	-0.0727200
178	2.9500000	-0.4958100	1.2190300	-0.1876000	-0.5013200	1.2138600	-0.0008500	-0.6136300	0.9535300	0.0926300	-0.5907700	0.7149400	0.1318800	-0.4560400	1.2229300	-0.3613800	-0.6068800	0.9759600	-0.4607400	-0.6007700	0.7353600	-0.4977300	-0.6442800	0.7610000	-0.1831400	-0.6635000	0.7592200	-0.0529900	-0.4594800	0.4791600	-0.0191300	-0.6447100	0.1070300	-0.0426800	-0.6500800	0.7527300	-0.3151600	-0.4846100	0.4632400	-0.3552000	-0.6782100	0.1018700	-0.3198000	-0.4855700	0.0480200	-0.3184000	-0.5132600	0.0464600	-0.3625700	-0.7193200	0.0744700	-0.2983400	-0.4873600	0.0471300	-0.0342200	-0.5079000	0.0634500	0.0209100	-0.7292600	0.0574300	-0.0730800
179	2.9666667	-0.5108500	1.2327400	-0.1835600	-0.5022800	1.2234100	-0.0007800	-0.5914900	0.9707000	0.0967200	-0.5907400	0.7205100	0.1317600	-0.4718100	1.2379500	-0.3587100	-0.6070300	0.9918200	-0.4605400	-0.6014500	0.7525400	-0.4973300	-0.6669200	0.7581300	-0.1899500	-0.6630700	0.7582900	-0.0529400	-0.4585300	0.4786400	-0.0179300	-0.6447600	0.1072800	-0.0426400	-0.6526400	0.7576200	-0.3150300	-0.5026300	0.4587400	-0.3520000	-0.6790700	0.0960000	-0.3195700	-0.5059500	0.0392200	-0.3261200	-0.5133000	0.0520400	-0.3618600	-0.7225900	0.0672500	-0.2993100	-0.4869500	0.0471800	-0.0346700	-0.5052300	0.0596200	0.0214700	-0.7277500	0.0569800	-0.0726900
180	2.9833333	-0.5130300	1.2433900	-0.1836000	-0.5010600	1.2332900	-0.0011500	-0.6137300	0.9854200	0.0919500	-0.5909200	0.7369300	0.1314400	-0.4740500	1.2565700	-0.3582800	-0.6075700	1.0129800	-0.4600700	-0.6014800	0.7629900	-0.4864400	-0.6429700	0.7668800	-0.1829400	-0.6215100	0.7720100	-0.0522100	-0.4742600	0.4641500	-0.0127000	-0.6443600	0.1071700	-0.0426400	-0.6297300	0.7672400	-0.3187400	-0.5034300	0.4690600	-0.3517700	-0.6770400	0.0965300	-0.3190300	-0.4852800	0.0480300	-0.3184600	-0.5114600	0.0419000	-0.3619100	-0.7202300	0.0685100	-0.2989200	-0.4876600	0.0468600	-0.0342100	-0.5079500	0.0633100	0.0209400	-0.7285300	0.0575900	-0.0731600
181	3.0000000	-0.5292600	1.2624400	-0.1797100	-0.5025100	1.2520900	-0.0013200	-0.6148800	1.0004600	0.0913200	-0.5910400	0.7530100	0.1308300	-0.4747700	1.2718200	-0.3588500	-0.6072700	1.0187100	-0.4599600	-0.6023100	0.7750800	-0.4860300	-0.6441100	0.7783800	-0.1829900	-0.6399800	0.7793100	-0.0470100	-0.4764200	0.4736500	-0.0126400	-0.6445100	0.1076400	-0.0426900	-0.6325600	0.7773600	-0.3183300	-0.5228400	0.4641400	-0.3492900	-0.6788300	0.0961200	-0.3194700	-0.4857700	0.0479200	-0.3187400	-0.5121400	0.0413100	-0.3620600	-0.6996500	0.0763500	-0.2915900	-0.4872000	0.0471100	-0.0346600	-0.5074700	0.0639000	0.0209200	-0.7261100	0.0626100	-0.0734400
182	3.0166667	-0.5322100	1.2782400	-0.1801500	-0.5026400	1.2717300	-0.0019100	-0.6145300	1.0116200	0.0911300	-0.5922300	0.7689100	0.1301300	-0.4760300	1.2859500	-0.3582000	-0.5885200	1.0359700	-0.4517700	-0.6020000	0.7960100	-0.4857600	-0.6431900	0.7833100	-0.1827000	-0.6401400	0.7805500	-0.0470900	-0.5119400	0.4587300	-0.0126000	-0.6442700	0.1073500	-0.0427000	-0.6302800	0.7837300	-0.3185700	-0.4858100	0.4745100	-0.3451700	-0.6768700	0.0965500	-0.3190400	-0.4848400	0.0481800	-0.3184200	-0.5105000	0.0482600	-0.3611900	-0.7188200	0.0624400	-0.2983800	-0.4878200	0.0468700	-0.0342200	-0.5080000	0.0634800	0.0208800	-0.7270500	0.0631200	-0.0738700
183	3.0333333	-0.5302000	1.2966800	-0.1800100	-0.5041600	1.2907700	-0.0022000	-0.6158200	1.0270100	0.0906900	-0.5923400	0.7852700	0.1297000	-0.4751800	1.3008100	-0.3583700	-0.5889000	1.0517600	-0.4515000	-0.5831800	0.8166600	-0.4877300	-0.6215000	0.7932300	-0.1761600	-0.6167300	0.7942300	-0.0413500	-0.5138100	0.4582100	-0.0123600	-0.6442700	0.1076400	-0.0426600	-0.6324500	0.7887100	-0.3181500	-0.5022700	0.4700300	-0.3409200	-0.6567700	0.1047300	-0.3118800	-0.4859800	0.0479000	-0.3187600	-0.5126500	0.0522400	-0.3619100	-0.6981300	0.0704800	-0.2910600	-0.4872200	0.0471400	-0.0346700	-0.5051400	0.0597300	0.0215000	-0.7256900	0.0625500	-0.0734900
184	3.0500000	-0.5318800	1.3117100	-0.1800100	-0.5026200	1.3055600	-0.0026500	-0.6147200	1.0477000	0.0900900	-0.5932600	0.7961800	0.1292000	-0.5119300	1.3201500	-0.3618800	-0.6092900	1.0711800	-0.4486100	-0.5824700	0.8319700	-0.4763100	-0.6212100	0.8032600	-0.1761000	-0.6176500	0.8058800	-0.0415200	-0.5125900	0.4587600	-0.0126100	-0.6444000	0.1072900	-0.0427000	-0.6303700	0.7950300	-0.3183700	-0.5042100	0.4749300	-0.3411100	-0.6546900	0.1052700	-0.3114700	-0.4853500	0.0478800	-0.3185200	-0.5124900	0.0464900	-0.3626800	-0.7180800	0.0626500	-0.2983800	-0.4876800	0.0468300	-0.0341300	-0.5056800	0.0592000	0.0215400	-0.7280900	0.0577300	-0.0732800
185	3.0666667	-0.5310200	1.3212300	-0.1800400	-0.5045100	1.3240700	-0.0029800	-0.6149000	1.0628000	0.0894600	-0.5929700	0.8069400	0.1290200	-0.5121200	1.3305300	-0.3625900	-0.6084700	1.0820000	-0.4483800	-0.6030400	0.8360100	-0.4738600	-0.6217500	0.8094500	-0.1760400	-0.6167600	0.8055000	-0.0414200	-0.5362200	0.4575300	-0.0174600	-0.6443900	0.1078300	-0.0427100	-0.6331700	0.8053400	-0.3180200	-0.5218100	0.4702600	-0.3376600	-0.6582000	0.1099000	-0.3125300	-0.5057100	0.0392600	-0.3261300	-0.5127100	0.0522900	-0.3620100	-0.7223800	0.0670500	-0.2994400	-0.4871700	0.0471700	-0.0346300	-0.5050600	0.0598100	0.0215400	-0.7273600	0.0690800	-0.0729300
186	3.0833333	-0.5508200	1.3368200	-0.1765700	-0.5201400	1.3346500	0.0015000	-0.6154700	1.0742900	0.0893000	-0.5931300	0.8282500	0.1283500	-0.4974300	1.3440200	-0.3655000	-0.6098500	1.0975100	-0.4482600	-0.5834900	0.8487500	-0.4654200	-0.6212400	0.8250700	-0.1760100	-0.6174400	0.8221400	-0.0417900	-0.5346400	0.4585600	-0.0178500	-0.6447500	0.1135000	-0.0420100	-0.6500700	0.8145600	-0.3145600	-0.5229200	0.4700800	-0.3375200	-0.6565300	0.1102400	-0.3120200	-0.5050600	0.0391700	-0.3258600	-0.5128100	0.0465500	-0.3627000	-0.7217400	0.0621900	-0.2998600	-0.4881000	0.0467700	-0.0341700	-0.5054300	0.0594000	0.0216800	-0.7301000	0.0638400	-0.0725000
187	3.1000000	-0.5501200	1.3555400	-0.1768800	-0.5219700	1.3443200	0.0014200	-0.6343800	1.0883100	0.0941600	-0.5928000	0.8391900	0.1281200	-0.4963600	1.3587900	-0.3657500	-0.6098200	1.1080700	-0.4480100	-0.5839700	0.8606200	-0.4648500	-0.6003000	0.8290500	-0.1696000	-0.6164000	0.8272900	-0.0415100	-0.5379500	0.4628300	-0.0182000	-0.6451500	0.1136800	-0.0420900	-0.6314100	0.8222600	-0.3068900	-0.5423200	0.4704200	-0.3344000	-0.6585100	0.1097100	-0.3124200	-0.5058700	0.0391100	-0.3262200	-0.5333600	0.0375300	-0.3704600	-0.6985300	0.0702700	-0.2910500	-0.4874300	0.0471100	-0.0346900	-0.5069200	0.0641000	0.0210700	-0.7291800	0.0631400	-0.0722700
188	3.1166667	-0.5347200	1.3701300	-0.1807700	-0.5211700	1.3636800	0.0005800	-0.6167400	1.1002600	0.0883200	-0.5929600	0.8546600	0.1273800	-0.4976100	1.3773200	-0.3648700	-0.6105800	1.1239500	-0.4476000	-0.6031100	0.8784100	-0.4619100	-0.5999000	0.8339300	-0.1696500	-0.6349300	0.8307400	-0.0368100	-0.5589700	0.4570500	-0.0239600	-0.6452200	0.1132800	-0.0421000	-0.6290900	0.8339400	-0.3070600	-0.5423800	0.4760100	-0.3337100	-0.6568500	0.1100900	-0.3119300	-0.5049400	0.0391700	-0.3259700	-0.5309400	0.0446500	-0.3694500	-0.7200900	0.0562600	-0.2989900	-0.4882300	0.0466500	-0.0341500	-0.5075700	0.0634700	0.0211600	-0.7304700	0.0634800	-0.0726100
189	3.1333333	-0.5503500	1.3893900	-0.1770100	-0.5212700	1.3818100	0.0004700	-0.6170300	1.1202500	0.0875000	-0.5933500	0.8657500	0.1270800	-0.5145000	1.3928900	-0.3620300	-0.6099300	1.1442800	-0.4472900	-0.6042300	0.8902000	-0.4617500	-0.6006100	0.8402600	-0.1696200	-0.6167500	0.8431500	-0.0417600	-0.5617900	0.4611600	-0.0241400	-0.6452700	0.1136100	-0.0421100	-0.6317700	0.8389900	-0.3067400	-0.5611300	0.4715000	-0.3303700	-0.6587200	0.1095700	-0.3124000	-0.5055700	0.0393000	-0.3261800	-0.5131300	0.0518900	-0.3728000	-0.7228600	0.0548400	-0.2994700	-0.4878400	0.0468800	-0.0346900	-0.5071900	0.0639600	0.0210800	-0.7290600	0.0628900	-0.0723200
190	3.1500000	-0.5518400	1.4042400	-0.1770500	-0.5217100	1.3969600	-0.0004000	-0.6395400	1.1350400	0.0825500	-0.5932900	0.8767100	0.1268000	-0.5327100	1.4032800	-0.3585100	-0.6109800	1.1548900	-0.4470900	-0.5850200	0.9130900	-0.4533100	-0.6000500	0.8553600	-0.1697000	-0.6351500	0.8470800	-0.0370800	-0.5591200	0.4680500	-0.0240600	-0.6447800	0.1187900	-0.0427200	-0.6288500	0.8504500	-0.3070200	-0.5616300	0.4769800	-0.3297200	-0.6567600	0.1103000	-0.3119000	-0.5047500	0.0393100	-0.3259200	-0.5120000	0.0526200	-0.3726300	-0.7218400	0.0620300	-0.2997900	-0.4884200	0.0466400	-0.0341800	-0.5077500	0.0635600	0.0211400	-0.7302600	0.0635400	-0.0726600
191	3.1666667	-0.5507000	1.4131100	-0.1769900	-0.5229200	1.4103000	-0.0002200	-0.6403700	1.1451000	0.0820700	-0.5939500	0.8927100	0.1265400	-0.5330700	1.4132800	-0.3591200	-0.6108800	1.1600100	-0.4471700	-0.5857300	0.9195900	-0.4532100	-0.6004800	0.8563000	-0.1696300	-0.6346200	0.8522300	-0.0367500	-0.5625700	0.4724100	-0.0243200	-0.6447900	0.1192200	-0.0427000	-0.6311200	0.8498300	-0.3066600	-0.5617700	0.4825100	-0.3299800	-0.6588100	0.1097300	-0.3124200	-0.4856000	0.0480500	-0.3187600	-0.5130200	0.0519400	-0.3728000	-0.7250700	0.0603300	-0.3003700	-0.4879700	0.0469100	-0.0346500	-0.5072600	0.0641200	0.0211400	-0.7271200	0.0689400	-0.0729400
192	3.1833333	-0.5524200	1.4143400	-0.1770700	-0.5211600	1.4152700	-0.0003700	-0.6165500	1.1565100	0.0865900	-0.5938700	0.9034700	0.1262200	-0.5347800	1.4273600	-0.3588800	-0.6122700	1.1702300	-0.4470600	-0.5856600	0.9240400	-0.4530000	-0.6001500	0.8610100	-0.1698200	-0.6353900	0.8582900	-0.0371800	-0.5826500	0.4784600	-0.0303900	-0.6445900	0.1189800	-0.0426300	-0.6286800	0.8509700	-0.3069600	-0.5628100	0.4880200	-0.3293700	-0.6784300	0.1018200	-0.3195500	-0.4845900	0.0480600	-0.3184200	-0.4916400	0.0561000	-0.3644700	-0.7200800	0.0561000	-0.2992800	-0.4909700	0.0508000	-0.0347900	-0.5057400	0.0703400	0.0216900	-0.7277600	0.0690700	-0.0730400
193	3.2000000	-0.5514600	1.4324600	-0.1772200	-0.5228300	1.4244800	-0.0003700	-0.6172700	1.1613100	0.0862700	-0.5934200	0.9089100	0.1259700	-0.5337400	1.4418200	-0.3590200	-0.6312500	1.1798000	-0.4444100	-0.5865900	0.9353600	-0.4528800	-0.6007300	0.8671000	-0.1697000	-0.6351000	0.8630600	-0.0369400	-0.5666700	0.4826000	-0.0355400	-0.6443900	0.1195700	-0.0426200	-0.6311400	0.8608500	-0.3066700	-0.5610100	0.4943300	-0.3179500	-0.6572500	0.1046100	-0.3118400	-0.4844000	0.0431100	-0.3181500	-0.4924300	0.0555800	-0.3647600	-0.7226800	0.0548100	-0.2997000	-0.5081000	0.0437000	-0.0301700	-0.5074500	0.0640400	0.0212300	-0.7262400	0.0687200	-0.0727700
194	3.2166667	-0.5536700	1.4429400	-0.1774000	-0.5380200	1.4354200	0.0040100	-0.6336200	1.1665000	0.0920000	-0.5772000	0.9258300	0.1197000	-0.5343200	1.4509700	-0.3584400	-0.6314400	1.1804600	-0.4442700	-0.6048100	0.9380500	-0.4501300	-0.5998900	0.8717500	-0.1696000	-0.6170800	0.8665300	-0.0422200	-0.5879200	0.4883700	-0.0417400	-0.6437800	0.1192700	-0.0425900	-0.6098800	0.8693500	-0.3102600	-0.5818900	0.4945800	-0.3145800	-0.6775000	0.0963600	-0.3189200	-0.5044800	0.0392500	-0.3258900	-0.4930300	0.0546800	-0.3659400	-0.7197400	0.0559500	-0.2992100	-0.5088200	0.0432200	-0.0296200	-0.5078500	0.0634900	0.0213700	-0.7002300	0.0732200	-0.0673900
195	3.2333333	-0.5521900	1.4517700	-0.1773500	-0.5391400	1.4445800	0.0040700	-0.6173600	1.1717400	0.0858900	-0.5776400	0.9364300	0.1193300	-0.5338000	1.4517600	-0.3589700	-0.6307800	1.1905600	-0.4442400	-0.6055200	0.9443900	-0.4499900	-0.6004700	0.8727200	-0.1695500	-0.6347800	0.8739400	-0.0371600	-0.5897600	0.4937600	-0.0411800	-0.6211500	0.1223800	-0.0374300	-0.6313300	0.8663900	-0.3064600	-0.5815800	0.5006300	-0.3140800	-0.6590700	0.1097700	-0.3123400	-0.4854200	0.0480700	-0.3188400	-0.4941900	0.0541400	-0.3662100	-0.7230800	0.0546800	-0.2995900	-0.5079300	0.0434100	-0.0301700	-0.5072800	0.0638000	0.0212300	-0.6994400	0.0725500	-0.0670200
196	3.2500000	-0.5537400	1.4572100	-0.1774200	-0.5384000	1.4541300	0.0035400	-0.6402100	1.1817300	0.0812800	-0.5783100	0.9420000	0.1193000	-0.5353400	1.4608100	-0.3586400	-0.6314600	1.1959400	-0.4439500	-0.6048600	0.9489600	-0.4498400	-0.6004100	0.8773300	-0.1697300	-0.6354300	0.8750400	-0.0373700	-0.6080400	0.4945900	-0.0367400	-0.6440700	0.1190300	-0.0425600	-0.6294900	0.8674200	-0.3066800	-0.6212500	0.4906700	-0.3064900	-0.6762000	0.1090300	-0.3073300	-0.4842200	0.0482700	-0.3184400	-0.4917100	0.0612900	-0.3650300	-0.7198100	0.0561200	-0.2989900	-0.4886600	0.0463400	-0.0341500	-0.5077200	0.0633400	0.0212400	-0.7007300	0.0730500	-0.0673400
197	3.2666667	-0.5525500	1.4659100	-0.1773800	-0.5412300	1.4592200	0.0034400	-0.6177500	1.1918400	0.0850800	-0.5773700	0.9470700	0.1190400	-0.5345300	1.4657800	-0.3587700	-0.6307000	1.2060800	-0.4438500	-0.6053800	0.9602200	-0.4496400	-0.6006300	0.8782000	-0.1697200	-0.6349700	0.8742900	-0.0372100	-0.6329300	0.4881100	-0.0419300	-0.6446300	0.1193600	-0.0424400	-0.6313800	0.8770700	-0.3064100	-0.6196300	0.4913100	-0.2951300	-0.6570500	0.1106600	-0.3108700	-0.4855700	0.0481800	-0.3188000	-0.4933800	0.0605000	-0.3653900	-0.6981700	0.0584700	-0.2911900	-0.5080700	0.0433300	-0.0301400	-0.5074600	0.0637100	0.0212100	-0.7267900	0.0688800	-0.0725000
198	3.2833333	-0.5552900	1.4715900	-0.1779100	-0.5397900	1.4639800	0.0033100	-0.6167200	1.1970300	0.0854000	-0.5778400	0.9470500	0.1191100	-0.5355000	1.4702000	-0.3585800	-0.6312900	1.2113300	-0.4434800	-0.6047300	0.9598500	-0.4494000	-0.6000500	0.8827200	-0.1695600	-0.6176400	0.8829700	-0.0423500	-0.6310100	0.4885300	-0.0425300	-0.6446400	0.1189600	-0.0424700	-0.6079700	0.8807700	-0.2991900	-0.6427200	0.4850700	-0.3031500	-0.6756400	0.1093100	-0.3071700	-0.4843100	0.0483100	-0.3183200	-0.4919800	0.0612600	-0.3649800	-0.6951100	0.0714400	-0.2905200	-0.5087000	0.0429600	-0.0296000	-0.5080500	0.0631200	0.0212800	-0.7013800	0.0730000	-0.0671800
199	3.3000000	-0.5696600	1.4724200	-0.1737300	-0.5422000	1.4689000	0.0032100	-0.6170600	1.2067300	0.0845900	-0.5773400	0.9521300	0.1188200	-0.5345700	1.4749200	-0.3586400	-0.6113100	1.2117000	-0.4357800	-0.5864600	0.9728400	-0.4415600	-0.6002300	0.8837300	-0.1695400	-0.6171700	0.8871000	-0.0423600	-0.6345300	0.4931500	-0.0426900	-0.6445100	0.1132300	-0.0430000	-0.6102100	0.8853000	-0.2988100	-0.6423600	0.4910300	-0.3027200	-0.6774700	0.1087300	-0.3075700	-0.4852200	0.0482900	-0.3187200	-0.4932700	0.0605500	-0.3653000	-0.6991800	0.0640900	-0.2916800	-0.5080800	0.0431900	-0.0300200	-0.5248300	0.0564500	0.0265600	-0.6999200	0.0723600	-0.0668900
200	3.3166667	-0.5713300	1.4774700	-0.1738100	-0.5409700	1.4692300	0.0029700	-0.6173400	1.2070400	0.0849500	-0.5558300	0.9594000	0.1229300	-0.5358100	1.4748900	-0.3582900	-0.6124200	1.2119800	-0.4357200	-0.6049800	0.9704200	-0.4492500	-0.6002900	0.8882000	-0.1695400	-0.6175500	0.8832200	-0.0424600	-0.6317700	0.4884700	-0.0427600	-0.6447600	0.1127400	-0.0431400	-0.6081700	0.8863600	-0.2990200	-0.6436300	0.4963700	-0.3030700	-0.6756000	0.1092700	-0.3070900	-0.4847000	0.0480400	-0.3184400	-0.4921500	0.0611800	-0.3650200	-0.6959800	0.0654600	-0.2912100	-0.5064100	0.0387900	-0.0289700	-0.5254800	0.0559100	0.0266300	-0.7008600	0.0727200	-0.0672300
201	3.3333333	-0.5693200	1.4767300	-0.1736100	-0.5420700	1.4689300	0.0031800	-0.6173900	1.2067400	0.0846800	-0.5550100	0.9543900	0.1229500	-0.5353200	1.4751100	-0.3588200	-0.6118800	1.2166100	-0.4358300	-0.5863800	0.9731500	-0.4415800	-0.6007400	0.8889000	-0.1694800	-0.6176800	0.8877500	-0.0422000	-0.6341600	0.4878700	-0.0425200	-0.6445400	0.1132200	-0.0431300	-0.6104300	0.8854300	-0.2987100	-0.6620500	0.4862400	-0.2990000	-0.6768700	0.1030600	-0.3070300	-0.4858500	0.0479600	-0.3188300	-0.4936200	0.0603900	-0.3653800	-0.6975700	0.0584500	-0.2910700	-0.5060000	0.0389500	-0.0294400	-0.5252400	0.0562800	0.0265800	-0.6997200	0.0724000	-0.0670000
202	3.3500000	-0.5716000	1.4774600	-0.1738800	-0.5412900	1.4691800	0.0029800	-0.6178600	1.2023400	0.0851800	-0.5548800	0.9541400	0.1230200	-0.5539700	1.4763800	-0.3653300	-0.6126500	1.2168200	-0.4358000	-0.6047100	0.9704300	-0.4492600	-0.6001500	0.8881900	-0.1694500	-0.6178400	0.8887200	-0.0423800	-0.6324300	0.4883600	-0.0428500	-0.6445400	0.1128600	-0.0431600	-0.6078100	0.8862900	-0.2988000	-0.6411400	0.4917300	-0.2915100	-0.6752500	0.0977300	-0.3071600	-0.4846900	0.0479300	-0.3184700	-0.4919500	0.0611700	-0.3650300	-0.6942500	0.0598500	-0.2905000	-0.5091500	0.0425800	-0.0295100	-0.5256400	0.0558500	0.0266700	-0.7003000	0.0729000	-0.0672200
203	3.3666667	-0.5704500	1.4724000	-0.1739000	-0.5426500	1.4688500	0.0031300	-0.6174700	1.2021300	0.0847400	-0.5547500	0.9499600	0.1232300	-0.5536300	1.4764800	-0.3658600	-0.6117400	1.2165100	-0.4359600	-0.6052300	0.9712000	-0.4495200	-0.6003400	0.8836100	-0.1694600	-0.6172200	0.8822100	-0.0421400	-0.6344600	0.4878300	-0.0424000	-0.6444400	0.1132600	-0.0432000	-0.6101500	0.8800000	-0.2987500	-0.6623200	0.4859600	-0.2990200	-0.6766400	0.1031100	-0.3069400	-0.4856400	0.0480600	-0.3188200	-0.4934000	0.0605100	-0.3653700	-0.6972100	0.0586100	-0.2909700	-0.5085000	0.0429700	-0.0299800	-0.5251800	0.0563700	0.0265600	-0.6996100	0.0724600	-0.0670900
204	3.3833333	-0.5723600	1.4730000	-0.1741300	-0.5404600	1.4641600	0.0032800	-0.6172800	1.2021300	0.0851000	-0.5549500	0.9495400	0.1233700	-0.5362400	1.4703700	-0.3586700	-0.6121200	1.2117200	-0.4357300	-0.5861200	0.9668100	-0.4519800	-0.5997300	0.8828200	-0.1695200	-0.6174300	0.8830900	-0.0423900	-0.6320400	0.4883400	-0.0426800	-0.6447200	0.1128200	-0.0432600	-0.6073100	0.8809600	-0.2989100	-0.6626700	0.4858200	-0.2989700	-0.6747800	0.1038400	-0.3064700	-0.4842800	0.0482600	-0.3182500	-0.4917300	0.0613500	-0.3648600	-0.6941600	0.0600300	-0.2905000	-0.5089400	0.0428200	-0.0295400	-0.5254200	0.0560100	0.0265900	-0.7255100	0.0630500	-0.0734000
205	3.4000000	-0.5701300	1.4721500	-0.1737700	-0.5414400	1.4637900	0.0034900	-0.6168300	1.1921000	0.0850300	-0.5549300	0.9497000	0.1233400	-0.5355900	1.4705100	-0.3590000	-0.6113800	1.2115200	-0.4358200	-0.5864800	0.9676500	-0.4522300	-0.6003700	0.8834100	-0.1695300	-0.6171800	0.8820400	-0.0421800	-0.6338100	0.4880600	-0.0421000	-0.6445200	0.1133400	-0.0432500	-0.6105100	0.8848400	-0.2988300	-0.6618100	0.4803500	-0.2987100	-0.6776900	0.1086700	-0.3074200	-0.4852000	0.0483000	-0.3187700	-0.4935600	0.0604900	-0.3653500	-0.6992000	0.0641900	-0.2915200	-0.5083100	0.0431000	-0.0300700	-0.5251700	0.0564400	0.0265100	-0.7246300	0.0628900	-0.0733400
206	3.4166667	-0.5721900	1.4728000	-0.1741700	-0.5609400	1.4614300	-0.0017300	-0.6002400	1.1922000	0.0800000	-0.5549400	0.9492400	0.1234200	-0.5360600	1.4703200	-0.3585600	-0.6317700	1.2063800	-0.4436900	-0.5854500	0.9617200	-0.4522600	-0.6000600	0.8826300	-0.1696800	-0.6173400	0.8829400	-0.0424600	-0.6306400	0.4885100	-0.0424900	-0.6443600	0.1190400	-0.0426900	-0.6080100	0.8756300	-0.2991700	-0.6425700	0.4850300	-0.3024700	-0.6762000	0.1090300	-0.3071000	-0.4841400	0.0482200	-0.3183800	-0.4917500	0.0612500	-0.3649200	-0.7174800	0.0572900	-0.2872900	-0.5063300	0.0388900	-0.0290400	-0.5081200	0.0631600	0.0212700	-0.7254000	0.0633800	-0.0734700
207	3.4333333	-0.5532800	1.4616400	-0.1776100	-0.5619400	1.4608200	-0.0015900	-0.6395800	1.1813600	0.0807400	-0.5546600	0.9493000	0.1234000	-0.5355700	1.4702800	-0.3589800	-0.6310500	1.2010500	-0.4441200	-0.5857200	0.9622600	-0.4525900	-0.6006100	0.8779800	-0.1695500	-0.6175500	0.8817200	-0.0422400	-0.6319700	0.4829300	-0.0415700	-0.6442900	0.1194500	-0.0426500	-0.5914700	0.8715100	-0.3027800	-0.6417400	0.4853000	-0.3028600	-0.6777500	0.1085800	-0.3075500	-0.4844100	0.0431700	-0.3183000	-0.4934800	0.0604100	-0.3654900	-0.6990400	0.0644200	-0.2914100	-0.5055500	0.0391600	-0.0295000	-0.5075900	0.0635600	0.0212000	-0.7248500	0.0631400	-0.0733700
208	3.4500000	-0.5720200	1.4633400	-0.1740700	-0.5597900	1.4559900	-0.0014100	-0.6407800	1.1764900	0.0811900	-0.5544700	0.9389300	0.1237800	-0.5356600	1.4610400	-0.3586400	-0.6326700	1.2007900	-0.4440300	-0.5856200	0.9561100	-0.4525100	-0.6001800	0.8720700	-0.1697200	-0.6176500	0.8723400	-0.0422900	-0.5887400	0.4937900	-0.0415500	-0.6442900	0.1190600	-0.0425900	-0.6096000	0.8697400	-0.3102200	-0.6220400	0.4789900	-0.3066800	-0.6763100	0.1091300	-0.3071400	-0.5041100	0.0394200	-0.3259000	-0.5114200	0.0527900	-0.3725200	-0.7162000	0.0636200	-0.2863900	-0.5059500	0.0388800	-0.0290700	-0.5054300	0.0591900	0.0217900	-0.7270100	0.0692000	-0.0728300
209	3.4666667	-0.5702100	1.4578800	-0.1738700	-0.5412900	1.4497300	0.0035500	-0.6394900	1.1711800	0.0810500	-0.5543400	0.9390700	0.1237200	-0.5348700	1.4608800	-0.3590300	-0.6307000	1.1906500	-0.4441800	-0.5672100	0.9535900	-0.4554500	-0.6003100	0.8725300	-0.1695600	-0.6170400	0.8711500	-0.0419100	-0.5896800	0.4827000	-0.0410800	-0.6443200	0.1194700	-0.0425200	-0.6120900	0.8683900	-0.3101200	-0.6013300	0.4894800	-0.3108900	-0.6778200	0.1086200	-0.3076700	-0.4845900	0.0430000	-0.3182900	-0.5129100	0.0520300	-0.3729800	-0.6985600	0.0702300	-0.2908400	-0.5056600	0.0391400	-0.0294700	-0.5075600	0.0636800	0.0212500	-0.7266500	0.0690300	-0.0727100
210	3.4833333	-0.5552700	1.4525500	-0.1778500	-0.5388300	1.4449100	0.0036200	-0.6228200	1.1714100	0.0760000	-0.5546000	0.9383600	0.1237700	-0.5362000	1.4564000	-0.3590000	-0.6323000	1.1856000	-0.4442500	-0.5669500	0.9524800	-0.4552300	-0.5998000	0.8717700	-0.1695400	-0.5952500	0.8749300	-0.0366700	-0.5653000	0.4998100	-0.0357300	-0.6442100	0.1191300	-0.0425800	-0.6098500	0.8643000	-0.3101000	-0.5815500	0.4890600	-0.3143600	-0.6555900	0.1049700	-0.3112700	-0.5041300	0.0282000	-0.3260700	-0.5106700	0.0417100	-0.3726700	-0.7192500	0.0562700	-0.2990300	-0.5061700	0.0390300	-0.0290000	-0.5076600	0.0634300	0.0213800	-0.7267900	0.0692500	-0.0729200
211	3.5000000	-0.5532200	1.4470800	-0.1776700	-0.5393900	1.4352800	0.0040900	-0.6165400	1.1614100	0.0859500	-0.5706400	0.9267800	0.1296100	-0.5348200	1.4515600	-0.3591300	-0.6306700	1.1850400	-0.4444000	-0.5669300	0.9430600	-0.4556600	-0.6001200	0.8673900	-0.1695000	-0.6167800	0.8710300	-0.0419700	-0.5841200	0.4841800	-0.0298000	-0.6440500	0.1194800	-0.0424500	-0.6122000	0.8631000	-0.3102900	-0.5814500	0.4831500	-0.3259200	-0.6585100	0.1097200	-0.3124300	-0.4868800	0.0419400	-0.3197700	-0.4947500	0.0538200	-0.3663300	-0.7228900	0.0549100	-0.2996800	-0.5056900	0.0394400	-0.0295200	-0.5072500	0.0639800	0.0213100	-0.7011500	0.0784600	-0.0665900
212	3.5166667	-0.5547800	1.4382000	-0.1780000	-0.5231300	1.4297500	-0.0010000	-0.6002300	1.1616200	0.0808700	-0.5704900	0.9158800	0.1301100	-0.5183300	1.4455000	-0.3620100	-0.6313700	1.1800600	-0.4443000	-0.5850100	0.9347900	-0.4636400	-0.5998200	0.8613000	-0.1696500	-0.6170500	0.8614800	-0.0420000	-0.5425000	0.4892000	-0.0300600	-0.6447000	0.1188900	-0.0425800	-0.6096700	0.8589100	-0.3104600	-0.5630400	0.4824000	-0.3299400	-0.6565000	0.1105200	-0.3118300	-0.4840500	0.0480700	-0.3184400	-0.4930300	0.0545400	-0.3658000	-0.6965600	0.0658700	-0.2913300	-0.4909800	0.0507900	-0.0347800	-0.5074400	0.0636900	0.0213200	-0.7275500	0.0689900	-0.0729100
213	3.5333333	-0.5514400	1.4185000	-0.1772400	-0.5238100	1.4199400	-0.0005200	-0.5989400	1.1517200	0.0808700	-0.5708000	0.9111300	0.1301900	-0.5176800	1.4317000	-0.3626400	-0.6112600	1.1701700	-0.4471800	-0.5849300	0.9251400	-0.4641600	-0.5999600	0.8566000	-0.1697000	-0.6164100	0.8547100	-0.0418300	-0.5603500	0.4792100	-0.0237600	-0.6446400	0.1193100	-0.0425400	-0.6120200	0.8524000	-0.3105300	-0.5620500	0.4824700	-0.3301900	-0.6581900	0.1099100	-0.3122900	-0.4853000	0.0482400	-0.3188600	-0.4936900	0.0602900	-0.3655000	-0.6999000	0.0644000	-0.2918400	-0.4903600	0.0509800	-0.0351900	-0.5073100	0.0639200	0.0212500	-0.7273800	0.0689100	-0.0728900
214	3.5500000	-0.5533000	1.4095500	-0.1775200	-0.5220100	1.4106000	-0.0004700	-0.6155500	1.1409600	0.0871400	-0.5708500	0.9002000	0.1305800	-0.5351600	1.4225400	-0.3593600	-0.6122600	1.1600500	-0.4472600	-0.5650700	0.9259400	-0.4663700	-0.5997700	0.8556200	-0.1699100	-0.6166100	0.8553600	-0.0421300	-0.5595500	0.4732300	-0.0244800	-0.6450400	0.1188800	-0.0426600	-0.6095000	0.8533800	-0.3107000	-0.5627200	0.4821000	-0.3303600	-0.6566400	0.1104600	-0.3118200	-0.4844000	0.0480800	-0.3183900	-0.5113500	0.0527400	-0.3724200	-0.6955400	0.0716100	-0.2904800	-0.4908900	0.0507600	-0.0348300	-0.5075900	0.0635400	0.0212300	-0.7305800	0.0636800	-0.0724400
215	3.5666667	-0.5500400	1.4036400	-0.1768200	-0.5233700	1.3967500	-0.0001600	-0.5982200	1.1310300	0.0815000	-0.5703700	0.8798700	0.1309400	-0.5333300	1.4082700	-0.3593800	-0.6104900	1.1495400	-0.4475200	-0.5654500	0.9162400	-0.4670900	-0.6001800	0.8507900	-0.1697300	-0.6167900	0.8434100	-0.0417800	-0.5378100	0.4742400	-0.0180200	-0.6452900	0.1140000	-0.0420300	-0.6119800	0.8466500	-0.3106700	-0.5425800	0.4760400	-0.3337900	-0.6584700	0.1098000	-0.3122000	-0.4855800	0.0481500	-0.3188500	-0.5321400	0.0441500	-0.3698000	-0.7197700	0.0623800	-0.2870700	-0.4881400	0.0466900	-0.0346200	-0.5073900	0.0637600	0.0212100	-0.7342400	0.0692200	-0.0717800
216	3.5833333	-0.5529500	1.3903900	-0.1773400	-0.5217200	1.3871800	-0.0000600	-0.6165900	1.1157100	0.0879300	-0.5702600	0.8688400	0.1315200	-0.5155200	1.3930100	-0.3617100	-0.6117700	1.1393800	-0.4476200	-0.5649700	0.9047900	-0.4670600	-0.5998600	0.8393600	-0.1697100	-0.6347100	0.8368200	-0.0367200	-0.5352200	0.4744200	-0.0183500	-0.6455200	0.1133500	-0.0420300	-0.6299600	0.8341400	-0.3180400	-0.5433000	0.4703600	-0.3344300	-0.6570700	0.1103900	-0.3118700	-0.4844200	0.0479800	-0.3184300	-0.5315100	0.0383900	-0.3700700	-0.7180900	0.0695200	-0.2873000	-0.4907100	0.0506700	-0.0348400	-0.5073600	0.0634200	0.0212300	-0.7310600	0.0639700	-0.0724100
217	3.6000000	-0.5504600	1.3749400	-0.1769100	-0.5225900	1.3634800	0.0009300	-0.6151600	1.0998700	0.0880400	-0.5700800	0.8582600	0.1315900	-0.4977900	1.3778100	-0.3655900	-0.6092100	1.1186600	-0.4480400	-0.5834400	0.8819100	-0.4758900	-0.5992700	0.8292900	-0.1696200	-0.6161200	0.8272500	-0.0413600	-0.5154200	0.4690700	-0.0124400	-0.6448600	0.1138200	-0.0419700	-0.6126500	0.8246600	-0.3217200	-0.5230900	0.4645500	-0.3384000	-0.6584400	0.1097800	-0.3122900	-0.5050000	0.0284500	-0.3265100	-0.5130300	0.0407900	-0.3731600	-0.6998900	0.0762700	-0.2915300	-0.4880300	0.0466300	-0.0346600	-0.5052800	0.0595800	0.0216800	-0.7298100	0.0636900	-0.0723600
218	3.6166667	-0.5528700	1.3518500	-0.1772800	-0.5205700	1.3444500	0.0013200	-0.5922900	1.0806200	0.0936000	-0.5699500	0.8420100	0.1323900	-0.5162200	1.3642700	-0.3726700	-0.5917400	1.1037200	-0.4508100	-0.5646100	0.8722300	-0.4784300	-0.5992500	0.8229700	-0.1695500	-0.6160900	0.8232300	-0.0413800	-0.5308900	0.4647100	-0.0074800	-0.6445600	0.1135500	-0.0420900	-0.6106000	0.8148800	-0.3217800	-0.5048600	0.4693500	-0.3417000	-0.6567600	0.1103200	-0.3120100	-0.5057700	0.0330100	-0.3268700	-0.5315800	0.0382100	-0.3701000	-0.6969500	0.0774600	-0.2912200	-0.4879900	0.0466900	-0.0342600	-0.5051600	0.0593800	0.0216300	-0.7072700	0.0772700	-0.0783000
219	3.6333333	-0.5327400	1.3355800	-0.1804500	-0.5214000	1.3343400	0.0014900	-0.5970600	1.0699100	0.0834300	-0.5923700	0.8234600	0.1286200	-0.5323100	1.3456300	-0.3702200	-0.5897900	1.0879800	-0.4511300	-0.5644000	0.8570300	-0.4791600	-0.6024900	0.8177100	-0.1802400	-0.6160600	0.8163100	-0.0414600	-0.5335500	0.4584300	-0.0070800	-0.6435100	0.1080800	-0.0426100	-0.6128100	0.8133000	-0.3218800	-0.5031000	0.4749700	-0.3412500	-0.6581700	0.1099000	-0.3124500	-0.4857900	0.0480300	-0.3189700	-0.5140000	0.0457500	-0.3631200	-0.7228500	0.0671100	-0.2994100	-0.4875600	0.0468600	-0.0346500	-0.5051700	0.0596400	0.0215600	-0.7066900	0.0769300	-0.0783200
220	3.6500000	-0.5504100	1.3221400	-0.1764300	-0.5191400	1.3154700	0.0018300	-0.5752700	1.0557400	0.0887300	-0.5918400	0.8017500	0.1292600	-0.5139900	1.3304500	-0.3623300	-0.5904200	1.0776900	-0.4512600	-0.5832800	0.8425300	-0.4875100	-0.6206600	0.7981000	-0.1760500	-0.6165100	0.8015800	-0.0414100	-0.5082000	0.4599800	-0.0016500	-0.6441400	0.1073600	-0.0427000	-0.6295600	0.7953600	-0.3183400	-0.4854100	0.4745800	-0.3451700	-0.6770900	0.1027600	-0.3184200	-0.4844700	0.0479300	-0.3184400	-0.5108700	0.0477000	-0.3717700	-0.7189300	0.0740800	-0.2982300	-0.4880200	0.0466900	-0.0341600	-0.5055800	0.0591900	0.0216200	-0.7095400	0.0713100	-0.0778800
221	3.6666667	-0.5317800	1.3115500	-0.1801500	-0.5058500	1.3056900	-0.0028200	-0.5911400	1.0341300	0.0945200	-0.5690400	0.7948500	0.1336600	-0.5125300	1.3205800	-0.3624600	-0.6083400	1.0606500	-0.4595800	-0.5834500	0.8325200	-0.4881400	-0.6205200	0.7984900	-0.1757700	-0.6165400	0.8001400	-0.0410100	-0.5086200	0.4549100	-0.0007500	-0.6439400	0.1077400	-0.0426200	-0.6318800	0.7884900	-0.3183900	-0.4840500	0.4693800	-0.3448300	-0.6565800	0.1106600	-0.3111900	-0.4855500	0.0480400	-0.3188100	-0.5124500	0.0412400	-0.3623400	-0.7217700	0.0728500	-0.2987100	-0.4875200	0.0469100	-0.0346300	-0.5054600	0.0595400	0.0215000	-0.7094500	0.0711700	-0.0777100
222	3.6833333	-0.5339100	1.2929200	-0.1806600	-0.5244100	1.2870400	-0.0076300	-0.5983800	1.0233600	0.0853700	-0.5683600	0.7833900	0.1343400	-0.5122300	1.3060300	-0.3623400	-0.6088500	1.0452300	-0.4597700	-0.6026900	0.8177900	-0.4964300	-0.6024500	0.7845000	-0.1804100	-0.6163800	0.7842600	-0.0414100	-0.4859000	0.4555700	0.0037100	-0.6442300	0.1070800	-0.0426200	-0.6290000	0.7788700	-0.3185000	-0.5037000	0.4635900	-0.3523900	-0.6772800	0.1083000	-0.3190100	-0.5060500	0.0328500	-0.3267500	-0.5122700	0.0462400	-0.3624600	-0.7185600	0.0745400	-0.2981500	-0.4875500	0.0467900	-0.0342500	-0.5053500	0.0591400	0.0215300	-0.7271800	0.0574400	-0.0730200
223	3.7000000	-0.5505600	1.2776000	-0.1862100	-0.5249500	1.2673200	-0.0071000	-0.5742100	1.0093100	0.0898600	-0.5677500	0.7574800	0.1350500	-0.5114800	1.2868600	-0.3628300	-0.6075500	1.0290000	-0.4601500	-0.6025700	0.7910700	-0.4973900	-0.6023500	0.7743300	-0.1802700	-0.6158900	0.7722000	-0.0410000	-0.4892900	0.4602100	0.0037700	-0.6436600	0.1075800	-0.0424900	-0.6314400	0.7665100	-0.3186700	-0.4854600	0.4632500	-0.3562200	-0.6787600	0.1078400	-0.3193900	-0.5074100	0.0329900	-0.3271400	-0.5128200	0.0410900	-0.3623600	-0.6988500	0.0824900	-0.2909900	-0.4871900	0.0468800	-0.0346400	-0.5053400	0.0593800	0.0214900	-0.7265200	0.0575500	-0.0728800
224	3.7166667	-0.5332000	1.2584400	-0.1805300	-0.5235100	1.2529900	-0.0070500	-0.5743500	0.9939500	0.0908100	-0.5677600	0.7459900	0.1355600	-0.5120400	1.2719100	-0.3628600	-0.6089100	1.0180800	-0.4603100	-0.5824800	0.7769000	-0.4996100	-0.6428400	0.7665100	-0.1828800	-0.6388600	0.7691000	-0.0468600	-0.4869300	0.4605100	0.0034900	-0.6443200	0.1070300	-0.0425700	-0.6297200	0.7619000	-0.3188500	-0.4853500	0.4577500	-0.3559700	-0.6780300	0.1021700	-0.3197900	-0.5063200	0.0328200	-0.3267100	-0.5108900	0.0417300	-0.3617300	-0.6954800	0.0838700	-0.2904400	-0.4873600	0.0468500	-0.0343600	-0.5050900	0.0591800	0.0214400	-0.7303500	0.0635100	-0.0723700
225	3.7333333	-0.5121700	1.2427900	-0.1836600	-0.5079000	1.2378300	-0.0114200	-0.5735000	0.9685600	0.0911700	-0.5675500	0.7306200	0.1358800	-0.5102000	1.2523600	-0.3630700	-0.6267300	0.9901500	-0.4690100	-0.6010800	0.7580100	-0.5086200	-0.6424800	0.7564400	-0.1827000	-0.6383000	0.7630400	-0.0465000	-0.4901800	0.4545600	0.0037500	-0.6438800	0.1076300	-0.0425400	-0.6318000	0.7551000	-0.3186600	-0.4848800	0.4574200	-0.3561100	-0.6575200	0.1102300	-0.3125300	-0.5077200	0.0328900	-0.3271500	-0.5325100	0.0325100	-0.3698800	-0.6994400	0.0887400	-0.2915200	-0.4872200	0.0469600	-0.0347500	-0.5051800	0.0595000	0.0214500	-0.7299700	0.0639700	-0.0723500
226	3.7500000	-0.5147400	1.2334400	-0.1841500	-0.5071200	1.2236800	-0.0112400	-0.5973200	0.9504500	0.0876300	-0.5670000	0.7198700	0.1368700	-0.5095000	1.2379200	-0.3626500	-0.6275500	0.9742000	-0.4691700	-0.6010700	0.7514400	-0.5086000	-0.6437100	0.7551700	-0.1829300	-0.6395400	0.7529900	-0.0467000	-0.4878700	0.4550600	0.0031600	-0.6441300	0.1072500	-0.0425300	-0.6496800	0.7478200	-0.3148300	-0.4849500	0.4520700	-0.3559100	-0.6561100	0.1107900	-0.3121700	-0.5068200	0.0325600	-0.3268200	-0.5306600	0.0331600	-0.3693000	-0.6963300	0.0901400	-0.2908800	-0.4871300	0.0469700	-0.0342900	-0.5050200	0.0592200	0.0214800	-0.7301400	0.0639200	-0.0723100
227	3.7666667	-0.4950500	1.2139900	-0.1876800	-0.5068800	1.2038700	-0.0107200	-0.6131100	0.9380400	0.0930100	-0.5656500	0.7041500	0.1368100	-0.4911900	1.2229700	-0.3661200	-0.6062100	0.9702000	-0.4719000	-0.6013000	0.7359300	-0.5091900	-0.6428900	0.7505200	-0.1824300	-0.6391900	0.7516900	-0.0464500	-0.4899600	0.4543200	0.0035900	-0.6434300	0.1076900	-0.0424000	-0.6515700	0.7461800	-0.3147800	-0.4654500	0.4465500	-0.3593000	-0.6793500	0.1016800	-0.3201000	-0.5075600	0.0329000	-0.3271100	-0.5131300	0.0408200	-0.3623600	-0.6996800	0.0888200	-0.2914500	-0.4871000	0.0469200	-0.0346200	-0.5052700	0.0593800	0.0215000	-0.7290700	0.0636100	-0.0722200
228	3.7833333	-0.5334100	1.1940500	-0.1903200	-0.5063600	1.1849200	-0.0106000	-0.5903500	0.9249500	0.0987000	-0.5648900	0.6816900	0.1376100	-0.4916200	1.1989600	-0.3663100	-0.6074900	0.9491400	-0.4723400	-0.6008100	0.7182100	-0.5088300	-0.6438400	0.7384100	-0.1824900	-0.6400300	0.7414200	-0.0464400	-0.4874200	0.4549200	0.0030800	-0.6440400	0.1071600	-0.0425000	-0.6499000	0.7309400	-0.3145000	-0.4650600	0.4520200	-0.3588000	-0.6553900	0.1170600	-0.3114600	-0.4868100	0.0414900	-0.3193000	-0.5110200	0.0416900	-0.3616300	-0.7182000	0.0822300	-0.2871400	-0.4870200	0.0469500	-0.0342500	-0.5049700	0.0591700	0.0214500	-0.7299700	0.0633400	-0.0722700
229	3.8000000	-0.5127700	1.1835200	-0.1936000	-0.5063300	1.1695000	-0.0099800	-0.5889800	0.9088300	0.0985300	-0.5418300	0.6660300	0.1425200	-0.4907800	1.1887600	-0.3667100	-0.6056600	0.9431800	-0.4726700	-0.6004300	0.7023400	-0.5101400	-0.6427300	0.7282900	-0.1816700	-0.6392800	0.7352400	-0.0458000	-0.4538000	0.4594200	0.0032100	-0.6434900	0.1075800	-0.0423800	-0.6515800	0.7181900	-0.3144700	-0.4464500	0.4570900	-0.3620100	-0.6784200	0.1080600	-0.3193800	-0.4880300	0.0417200	-0.3196600	-0.5131900	0.0409400	-0.3623100	-0.7210600	0.0808800	-0.2877000	-0.4871900	0.0469900	-0.0346500	-0.5051200	0.0595000	0.0214500	-0.7265500	0.0576300	-0.0728000
230	3.8166667	-0.4958900	1.1650600	-0.1877100	-0.5044100	1.1502100	-0.0095600	-0.5722300	0.8999800	0.0936800	-0.5639500	0.6549100	0.1384800	-0.4903400	1.1784700	-0.3661600	-0.6269600	0.9199600	-0.4812700	-0.5999200	0.6848500	-0.5208700	-0.6430500	0.7159800	-0.1820700	-0.6394100	0.7203200	-0.0459100	-0.4645100	0.4559700	0.0086000	-0.6441200	0.1070600	-0.0424900	-0.6489200	0.7080500	-0.3146200	-0.4476700	0.4572800	-0.3629100	-0.6773800	0.1084700	-0.3191100	-0.4869600	0.0415500	-0.3192300	-0.5112400	0.0415800	-0.3616100	-0.7416100	0.0728300	-0.2948200	-0.4870800	0.0470300	-0.0342500	-0.5049100	0.0592700	0.0214500	-0.7304300	0.0636100	-0.0722600
231	3.8333333	-0.4925000	1.1544700	-0.1871300	-0.5053900	1.1398400	-0.0093900	-0.5712100	0.8845500	0.0937100	-0.5809000	0.6408300	0.1443500	-0.4888400	1.1638100	-0.3664600	-0.6248700	0.9087700	-0.4813600	-0.5996600	0.6690400	-0.5215000	-0.6423900	0.7113000	-0.1819500	-0.6389500	0.7133100	-0.0458500	-0.4663900	0.4556100	0.0092600	-0.6436300	0.1075700	-0.0423800	-0.6514500	0.7009000	-0.3144100	-0.4473700	0.4572900	-0.3629100	-0.6784600	0.1080600	-0.3194200	-0.4880500	0.0419100	-0.3195600	-0.5132700	0.0409300	-0.3622500	-0.7212300	0.0808300	-0.2877400	-0.4871000	0.0469800	-0.0346900	-0.5049900	0.0595300	0.0214500	-0.7272300	0.0579300	-0.0727700
232	3.8500000	-0.4955100	1.1404300	-0.1877000	-0.4879300	1.1263000	-0.0139700	-0.5716500	0.8682900	0.0945900	-0.5808200	0.6291200	0.1448200	-0.4893000	1.1489600	-0.3663800	-0.6067800	0.8948800	-0.4841000	-0.5999200	0.6624200	-0.5214500	-0.6431900	0.7048200	-0.1818900	-0.6395400	0.7141400	-0.0461400	-0.4628900	0.4512300	0.0091700	-0.6209400	0.1161500	-0.0368200	-0.6689900	0.6931400	-0.3107900	-0.4474800	0.4573500	-0.3628100	-0.6775500	0.1085500	-0.3191000	-0.4870100	0.0417900	-0.3191800	-0.5114100	0.0416600	-0.3615900	-0.7420200	0.0729100	-0.2948000	-0.4871900	0.0469200	-0.0343200	-0.5047600	0.0592700	0.0214600	-0.7276700	0.0576900	-0.0727600
233	3.8666667	-0.4917700	1.1201500	-0.1869600	-0.4894600	1.1111600	-0.0136600	-0.5702600	0.8577800	0.0943600	-0.5806700	0.6185200	0.1449100	-0.4878000	1.1292700	-0.3667100	-0.6242200	0.8814700	-0.4819500	-0.5993300	0.6573600	-0.5219200	-0.6426300	0.7000100	-0.1820700	-0.6617800	0.6978600	-0.0516300	-0.4640200	0.4567600	0.0100300	-0.6434700	0.1075500	-0.0423400	-0.6512400	0.6949300	-0.3145900	-0.4470000	0.4572500	-0.3627700	-0.6786500	0.1080600	-0.3194300	-0.4878700	0.0421200	-0.3195000	-0.5132700	0.0410200	-0.3622100	-0.7448900	0.0715900	-0.2954900	-0.4872300	0.0469100	-0.0347000	-0.5050300	0.0594900	0.0214800	-0.7270100	0.0577800	-0.0727600
234	3.8833333	-0.4779200	1.1113800	-0.1915300	-0.4873000	1.1015600	-0.0135300	-0.5712800	0.8521400	0.0952000	-0.5795900	0.6018300	0.1456800	-0.4883500	1.1192200	-0.3666800	-0.6055700	0.8677900	-0.4845100	-0.5986000	0.6399800	-0.5212600	-0.6426700	0.6882200	-0.1820900	-0.6619900	0.6877000	-0.0515500	-0.4627300	0.4618100	0.0091300	-0.6207200	0.1162400	-0.0367500	-0.6484700	0.6852900	-0.3143600	-0.4470000	0.4574400	-0.3627400	-0.6777200	0.1085100	-0.3191600	-0.4852500	0.0477500	-0.3183300	-0.5129300	0.0463200	-0.3623400	-0.7421500	0.0728700	-0.2947800	-0.4871300	0.0470100	-0.0343600	-0.5047700	0.0593000	0.0214300	-0.7274600	0.0575800	-0.0726500
235	3.9000000	-0.5099600	1.0990400	-0.1929700	-0.4882000	1.0912000	-0.0131200	-0.5867400	0.8290800	0.1008000	-0.5561700	0.5859000	0.1500000	-0.4877300	1.1090700	-0.3672200	-0.6036200	0.8619400	-0.4846300	-0.5979000	0.6297200	-0.5220700	-0.6424800	0.6835300	-0.1822800	-0.6620100	0.6862100	-0.0515700	-0.4647600	0.4615900	0.0096700	-0.6200300	0.1167700	-0.0366400	-0.6505100	0.6783100	-0.3148300	-0.4468400	0.4570700	-0.3627600	-0.6786200	0.1081400	-0.3194000	-0.4861700	0.0480900	-0.3187000	-0.5149200	0.0457700	-0.3630500	-0.7205000	0.0864900	-0.2869800	-0.4874700	0.0468500	-0.0347500	-0.5051400	0.0594600	0.0214700	-0.7265200	0.0577600	-0.0725900
236	3.9166667	-0.4962400	1.0901300	-0.1974900	-0.4863300	1.0813700	-0.0131100	-0.5708800	0.8205600	0.0958400	-0.5558800	0.5800300	0.1509200	-0.4878000	1.0944700	-0.3670700	-0.6057200	0.8459100	-0.4848200	-0.5978700	0.6173500	-0.5219000	-0.6431300	0.6822600	-0.1825200	-0.6628200	0.6810000	-0.0519300	-0.4628500	0.4619900	0.0091300	-0.6205900	0.1162600	-0.0367100	-0.6479100	0.6687900	-0.3146800	-0.4471800	0.4571200	-0.3627500	-0.6776500	0.1086000	-0.3191500	-0.4849400	0.0479600	-0.3183200	-0.5115000	0.0528000	-0.3614900	-0.7422300	0.0728400	-0.2948000	-0.4874500	0.0469800	-0.0343300	-0.5071000	0.0633500	0.0209400	-0.7021700	0.0673600	-0.0664900
237	3.9333333	-0.4726900	1.0759900	-0.1905100	-0.4704000	1.0668200	-0.0174200	-0.5696000	0.8154100	0.0956200	-0.5556900	0.5696400	0.1510600	-0.4697200	1.0900100	-0.3701900	-0.6235100	0.8377700	-0.4827700	-0.5980900	0.6066100	-0.5227900	-0.6423300	0.6774500	-0.1819600	-0.6622600	0.6747200	-0.0513800	-0.4635500	0.4676200	0.0100300	-0.6199200	0.1168300	-0.0366300	-0.6702900	0.6634500	-0.3112200	-0.4466300	0.4572900	-0.3627300	-0.6787000	0.1080500	-0.3193900	-0.4857800	0.0483600	-0.3186200	-0.5134600	0.0521700	-0.3621200	-0.7447900	0.0715600	-0.2953900	-0.4877800	0.0467500	-0.0347200	-0.5053600	0.0594000	0.0215200	-0.7014500	0.0675800	-0.0664900
238	3.9500000	-0.4759300	1.0713800	-0.1912800	-0.4695100	1.0623400	-0.0175900	-0.5703000	0.8097800	0.0960200	-0.5554000	0.5688200	0.1513300	-0.4702000	1.0850700	-0.3699700	-0.6054800	0.8299600	-0.4848200	-0.5980300	0.6005300	-0.5225900	-0.6659700	0.6607700	-0.1889100	-0.6640100	0.6689700	-0.0518200	-0.4633600	0.4669200	0.0087300	-0.6205900	0.1162100	-0.0367300	-0.6685900	0.6587200	-0.3108100	-0.4473400	0.4521300	-0.3633600	-0.6778000	0.1084600	-0.3191400	-0.4845400	0.0481500	-0.3182300	-0.5110600	0.0529800	-0.3613900	-0.7425600	0.0725900	-0.2948100	-0.4873200	0.0470200	-0.0343500	-0.5070600	0.0633000	0.0209000	-0.7021700	0.0672800	-0.0664900
239	3.9666667	-0.4914500	1.0598200	-0.1967300	-0.4708100	1.0524300	-0.0172500	-0.5926400	0.8012200	0.0911300	-0.5555200	0.5587200	0.1514000	-0.4695700	1.0749500	-0.3704400	-0.6031400	0.8294500	-0.4850400	-0.5974800	0.5953300	-0.5230400	-0.6654300	0.6559100	-0.1889100	-0.6864300	0.6582300	-0.0570900	-0.4640400	0.4619200	0.0097200	-0.6199300	0.1167900	-0.0366700	-0.6706000	0.6517500	-0.3112700	-0.4471200	0.4518100	-0.3634100	-0.6787400	0.1079900	-0.3193900	-0.4855300	0.0484300	-0.3185500	-0.5144000	0.0459300	-0.3629300	-0.7448800	0.0715300	-0.2953800	-0.4874700	0.0469100	-0.0347100	-0.5052900	0.0594500	0.0214800	-0.7263800	0.0577700	-0.0725900
240	3.9833333	-0.4780000	1.0563700	-0.2013800	-0.4689800	1.0524800	-0.0175000	-0.5707000	0.7992800	0.0960500	-0.5549800	0.5580200	0.1515100	-0.4695800	1.0699600	-0.3702300	-0.6049300	0.8238000	-0.4847300	-0.5975500	0.5893800	-0.5228000	-0.6672900	0.6600900	-0.1895900	-0.6873300	0.6530700	-0.0576600	-0.4611900	0.4680500	0.0094600	-0.6206000	0.1161600	-0.0367400	-0.6689200	0.6532000	-0.3110700	-0.4474900	0.4521000	-0.3634400	-0.6776600	0.1084300	-0.3191600	-0.4846400	0.0480900	-0.3181900	-0.5122700	0.0466000	-0.3622100	-0.7423000	0.0726300	-0.2947700	-0.4872400	0.0470900	-0.0343300	-0.5049600	0.0592800	0.0214600	-0.7271200	0.0573700	-0.0725700
241	4.0000000	-0.4748400	1.0559100	-0.2006700	-0.4701800	1.0521600	-0.0174300	-0.5692500	0.7994900	0.0954600	-0.5553300	0.5583700	0.1513000	-0.4690400	1.0650100	-0.3705300	-0.6225400	0.8157900	-0.4826300	-0.5970300	0.5844200	-0.5231400	-0.6657000	0.6558900	-0.1889600	-0.6862900	0.6582100	-0.0572300	-0.4471500	0.4720300	0.0049300	-0.6200500	0.1167100	-0.0366600	-0.6712100	0.6517700	-0.3112600	-0.4476800	0.4624200	-0.3633100	-0.6784800	0.1079800	-0.3193900	-0.4856000	0.0483400	-0.3185400	-0.5126400	0.0413200	-0.3622100	-0.7212900	0.0806900	-0.2877100	-0.4876800	0.0467600	-0.0346800	-0.5054900	0.0593700	0.0215200	-0.7265300	0.0577600	-0.0725900
242	4.0166667	-0.4782000	1.0562700	-0.2014200	-0.4689000	1.0524300	-0.0175600	-0.5540300	0.8018100	0.0903700	-0.5548500	0.5580000	0.1515200	-0.4697500	1.0651100	-0.3703100	-0.6242300	0.8156900	-0.4823800	-0.5968400	0.5837200	-0.5223600	-0.6665900	0.6550100	-0.1891900	-0.6864500	0.6592500	-0.0573900	-0.4450000	0.4725900	0.0042700	-0.6206100	0.1162000	-0.0367500	-0.6691100	0.6531100	-0.3109900	-0.4488000	0.4574000	-0.3640000	-0.6777700	0.1083600	-0.3191700	-0.4845500	0.0480200	-0.3182000	-0.5103700	0.0420300	-0.3615000	-0.7192100	0.0817400	-0.2871000	-0.4873700	0.0469500	-0.0343500	-0.5050900	0.0592100	0.0214300	-0.7271400	0.0573200	-0.0725600
243	4.0333333	-0.4911300	1.0549300	-0.1967800	-0.4702300	1.0522300	-0.0174500	-0.5755800	0.8036100	0.0853200	-0.5550300	0.5584200	0.1513400	-0.4690400	1.0650600	-0.3705200	-0.6220100	0.8159000	-0.4823900	-0.5964800	0.5844400	-0.5229300	-0.6654000	0.6558500	-0.1889000	-0.6860200	0.6582300	-0.0572100	-0.4472800	0.4720200	0.0049100	-0.6200400	0.1166900	-0.0367200	-0.6710800	0.6517500	-0.3112200	-0.4469900	0.4572700	-0.3628500	-0.6785500	0.1079600	-0.3193800	-0.4856000	0.0483000	-0.3185700	-0.5125400	0.0413500	-0.3622200	-0.7211600	0.0808000	-0.2876700	-0.4877300	0.0467500	-0.0346900	-0.5055800	0.0593400	0.0214800	-0.7265200	0.0577300	-0.0726600
244	4.0500000	-0.4946100	1.0554600	-0.1975100	-0.4692100	1.0526400	-0.0175000	-0.5935100	0.8008200	0.0914700	-0.5545000	0.5581800	0.1515400	-0.4698700	1.0700400	-0.3702200	-0.6046400	0.8292700	-0.4738200	-0.5969300	0.5893300	-0.5224300	-0.6436400	0.6595500	-0.1823800	-0.6623600	0.6639800	-0.0514600	-0.4451500	0.4723900	0.0042100	-0.6212900	0.1098900	-0.0373400	-0.6684400	0.6530500	-0.3109400	-0.4478800	0.4522400	-0.3634300	-0.6776400	0.1084200	-0.3192000	-0.4846100	0.0479900	-0.3182300	-0.5102700	0.0420600	-0.3614900	-0.7190100	0.0818600	-0.2871000	-0.4874600	0.0469300	-0.0343400	-0.5052500	0.0591700	0.0214000	-0.7273600	0.0573200	-0.0726300
245	4.0666667	-0.4914600	1.0696500	-0.1967700	-0.4707100	1.0621400	-0.0176100	-0.5928100	0.8066700	0.0910700	-0.5549400	0.5588500	0.1513900	-0.4864000	1.0741400	-0.3674300	-0.6029500	0.8299700	-0.4739800	-0.5967200	0.5903400	-0.5229500	-0.6651100	0.6670200	-0.1888500	-0.6633000	0.6681300	-0.0516400	-0.4473300	0.4718500	0.0047700	-0.6201800	0.1166600	-0.0367600	-0.6707100	0.6520600	-0.3112400	-0.4476500	0.4627200	-0.3633000	-0.6784600	0.1079900	-0.3193600	-0.4877300	0.0421400	-0.3196800	-0.5143000	0.0458700	-0.3630200	-0.7209600	0.0808400	-0.2876300	-0.4877700	0.0466300	-0.0346800	-0.5057300	0.0592500	0.0215000	-0.7267900	0.0579200	-0.0726900
246	4.0833333	-0.4761400	1.0716100	-0.1912700	-0.4691800	1.0670800	-0.0177100	-0.5940200	0.8168600	0.0910000	-0.5552100	0.5690400	0.1514800	-0.4703600	1.0803100	-0.3699800	-0.6049700	0.8354200	-0.4737700	-0.5969300	0.5949800	-0.5218500	-0.6430800	0.6709900	-0.1822300	-0.6620300	0.6696600	-0.0516700	-0.4624500	0.4620300	0.0089900	-0.6441900	0.1070500	-0.0425200	-0.6467300	0.6632700	-0.3030000	-0.4480100	0.4627200	-0.3632600	-0.6776000	0.1085400	-0.3191500	-0.4864500	0.0419100	-0.3192600	-0.5121500	0.0465400	-0.3623400	-0.7189200	0.0818900	-0.2869800	-0.4873800	0.0468600	-0.0343200	-0.5052900	0.0591400	0.0213900	-0.7268300	0.0628500	-0.0733800
247	4.1000000	-0.4919400	1.0847200	-0.1967200	-0.4712900	1.0769500	-0.0178200	-0.5702600	0.8207900	0.0950100	-0.5561500	0.5747900	0.1508000	-0.4698700	1.0946000	-0.3701200	-0.6033900	0.8461500	-0.4737200	-0.5967200	0.6069100	-0.5221800	-0.6425000	0.6720500	-0.1820200	-0.6628400	0.6689200	-0.0515300	-0.4496600	0.4707700	0.0041000	-0.6434300	0.1075700	-0.0424200	-0.6707300	0.6631700	-0.3109900	-0.4479000	0.4625000	-0.3632900	-0.6783700	0.1081200	-0.3193200	-0.4875400	0.0421700	-0.3196200	-0.5127700	0.0412300	-0.3623100	-0.7208700	0.0809300	-0.2876100	-0.4876300	0.0467200	-0.0346900	-0.5056200	0.0593200	0.0214400	-0.7269900	0.0579800	-0.0728100
248	4.1166667	-0.4775900	1.0914400	-0.1914000	-0.4865500	1.0861600	-0.0131900	-0.5947500	0.8331900	0.0908400	-0.5555000	0.5803100	0.1510300	-0.4876300	1.0993000	-0.3668700	-0.6053900	0.8515100	-0.4735600	-0.5778300	0.6216100	-0.5128000	-0.6436700	0.6822600	-0.1823100	-0.6627300	0.6811500	-0.0517300	-0.4644700	0.4671600	0.0085100	-0.6442100	0.1069900	-0.0424700	-0.6685800	0.6649300	-0.3107100	-0.4474700	0.4680100	-0.3627500	-0.6775500	0.1085200	-0.3191700	-0.4866200	0.0418100	-0.3192400	-0.5106700	0.0418500	-0.3615600	-0.7189100	0.0818000	-0.2870300	-0.4872300	0.0470300	-0.0343900	-0.5050300	0.0592700	0.0213500	-0.7276300	0.0573600	-0.0727500
249	4.1333333	-0.4743500	1.1105600	-0.1908400	-0.4873000	1.0962600	-0.0133200	-0.5711800	0.8466800	0.0943600	-0.5558100	0.5917400	0.1505200	-0.4705100	1.1098700	-0.3701200	-0.6033700	0.8623500	-0.4733200	-0.5780200	0.6335800	-0.5133000	-0.6432700	0.6894900	-0.1824300	-0.6625100	0.6917900	-0.0517700	-0.4669200	0.4665800	0.0090800	-0.6435100	0.1074900	-0.0424100	-0.6711100	0.6749600	-0.3112200	-0.4472900	0.4678500	-0.3625900	-0.6784500	0.1081400	-0.3192900	-0.4856100	0.0483100	-0.3185400	-0.5128300	0.0412800	-0.3622100	-0.7210200	0.0809100	-0.2876500	-0.4876000	0.0467800	-0.0346800	-0.5055200	0.0593600	0.0214600	-0.7267900	0.0577900	-0.0728400
250	4.1500000	-0.4785500	1.1209300	-0.1916600	-0.4875700	1.1113900	-0.0137700	-0.5718400	0.8582200	0.0950700	-0.5563000	0.6127200	0.1497400	-0.4885300	1.1193700	-0.3667200	-0.6054400	0.8728400	-0.4729800	-0.5785500	0.6441300	-0.5122900	-0.6632100	0.6955000	-0.1778600	-0.6627300	0.6987000	-0.0515400	-0.4854900	0.4610400	0.0032800	-0.6440900	0.1070400	-0.0424600	-0.6695800	0.6816100	-0.3105800	-0.4473100	0.4734500	-0.3620300	-0.6776700	0.1085500	-0.3191300	-0.4846200	0.0479800	-0.3182300	-0.5106000	0.0420000	-0.3615200	-0.7193200	0.0817700	-0.2870600	-0.4870500	0.0471400	-0.0345000	-0.5048100	0.0593500	0.0212900	-0.7272600	0.0571900	-0.0727000
251	4.1666667	-0.4917100	1.1299300	-0.1869200	-0.4887900	1.1256000	-0.0137600	-0.5704800	0.8685200	0.0939300	-0.5570000	0.6239500	0.1492600	-0.4880500	1.1292000	-0.3669300	-0.6038700	0.8841100	-0.4729400	-0.5981200	0.6468600	-0.5109500	-0.6620500	0.6967700	-0.1774600	-0.6815200	0.7055100	-0.0463700	-0.4709100	0.4650500	-0.0010900	-0.6432600	0.1076500	-0.0424000	-0.6919000	0.6877000	-0.3072800	-0.4476300	0.4680600	-0.3624300	-0.6787700	0.1079700	-0.3192500	-0.4876700	0.0420100	-0.3195900	-0.5132400	0.0410200	-0.3623100	-0.7443900	0.0716300	-0.2953600	-0.4876500	0.0467800	-0.0348800	-0.5054000	0.0593800	0.0213700	-0.7263700	0.0577600	-0.0727900
252	4.1833333	-0.4960400	1.1450800	-0.1877500	-0.5036000	1.1398200	-0.0092700	-0.5722600	0.8789100	0.0942800	-0.5568800	0.6347100	0.1493400	-0.4898000	1.1442700	-0.3666400	-0.6060300	0.9001900	-0.4727600	-0.5992000	0.6625200	-0.5101400	-0.6635500	0.7069400	-0.1778500	-0.6816300	0.7068100	-0.0465400	-0.4842800	0.4669600	0.0036200	-0.6208000	0.1162600	-0.0368200	-0.6700600	0.6984100	-0.3103600	-0.4659000	0.4630500	-0.3593000	-0.6788000	0.1021400	-0.3198500	-0.4870400	0.0414800	-0.3193000	-0.5127600	0.0462000	-0.3623100	-0.7423400	0.0725200	-0.2948100	-0.5085800	0.0377500	-0.0400200	-0.5049700	0.0592800	0.0213000	-0.7266800	0.0573400	-0.0726900
253	4.2000000	-0.5086200	1.1588000	-0.1828200	-0.5055300	1.1497400	-0.0093100	-0.5881400	0.8925100	0.0989400	-0.5579200	0.6508200	0.1485500	-0.4889700	1.1637500	-0.3665000	-0.5849700	0.9188900	-0.4641400	-0.5988300	0.6690100	-0.5104400	-0.6622300	0.7189700	-0.1775300	-0.6821800	0.7217900	-0.0466500	-0.4879000	0.4606600	0.0038800	-0.6432500	0.1077500	-0.0424700	-0.6718400	0.7034100	-0.3108800	-0.4657500	0.4631600	-0.3593300	-0.6578400	0.1101300	-0.3123400	-0.4879000	0.0418400	-0.3196000	-0.5134400	0.0408800	-0.3622600	-0.7209500	0.0806800	-0.2877700	-0.5114500	0.0417000	-0.0409200	-0.5078700	0.0634900	0.0208700	-0.7259700	0.0578800	-0.0728900
254	4.2166667	-0.4964100	1.1700400	-0.1878100	-0.5040400	1.1646300	-0.0098100	-0.5730500	0.9100100	0.0932300	-0.5569500	0.6616000	0.1484200	-0.4911500	1.1787800	-0.3664100	-0.6068900	0.9326300	-0.4614200	-0.5991500	0.6796800	-0.5093800	-0.6644300	0.7293200	-0.1785200	-0.6826000	0.7282500	-0.0472300	-0.4874100	0.4658600	0.0028700	-0.6441700	0.1071900	-0.0425300	-0.6704500	0.7212400	-0.3107400	-0.4847000	0.4582700	-0.3560600	-0.6569000	0.1105000	-0.3122600	-0.4867800	0.0415400	-0.3193100	-0.5109100	0.0416500	-0.3615600	-0.7210600	0.0755400	-0.2880600	-0.5087300	0.0377700	-0.0399900	-0.5072100	0.0634600	0.0207500	-0.7268400	0.0572200	-0.0728800
255	4.2333333	-0.5301100	1.1882800	-0.1892400	-0.5067500	1.1795300	-0.0098900	-0.5892200	0.9190800	0.0980000	-0.5584000	0.6779300	0.1476000	-0.4913700	1.1932400	-0.3666700	-0.6053700	0.9435600	-0.4613900	-0.5992000	0.7022300	-0.5096800	-0.6851900	0.7321000	-0.1846600	-0.6822300	0.7383500	-0.0471700	-0.4714300	0.4757500	-0.0013300	-0.6433900	0.1077600	-0.0424800	-0.6730700	0.7312500	-0.3112300	-0.4844800	0.4632900	-0.3554300	-0.6794000	0.1014200	-0.3199900	-0.4856300	0.0372100	-0.3188700	-0.5131800	0.0408900	-0.3623000	-0.7243200	0.0732600	-0.3002400	-0.4882000	0.0466300	-0.0348000	-0.5056400	0.0593800	0.0214700	-0.7260600	0.0576000	-0.0729900
256	4.2500000	-0.5340300	1.2085400	-0.1903400	-0.5056400	1.1989600	-0.0104500	-0.5908400	0.9397700	0.0980200	-0.5587900	0.6938600	0.1472400	-0.4917800	1.2083100	-0.3660300	-0.6081100	0.9597900	-0.4610400	-0.5810500	0.7275500	-0.5001700	-0.6652500	0.7464800	-0.1787300	-0.6829100	0.7508400	-0.0472200	-0.4692600	0.4761800	-0.0019800	-0.6442000	0.1071900	-0.0425000	-0.6709500	0.7383800	-0.3109700	-0.4845300	0.4635300	-0.3552900	-0.6775300	0.0964300	-0.3192700	-0.4866600	0.0416900	-0.3192600	-0.5107000	0.0416200	-0.3614900	-0.7209200	0.0681600	-0.2988900	-0.5090400	0.0375700	-0.0399100	-0.5052900	0.0592100	0.0214100	-0.7269100	0.0570900	-0.0728800
257	4.2666667	-0.5111900	1.2233000	-0.1833000	-0.5228500	1.2182000	-0.0057800	-0.5898000	0.9507300	0.0972100	-0.5601100	0.7155200	0.1465200	-0.4910900	1.2278100	-0.3660900	-0.6059700	0.9759400	-0.4605900	-0.5812200	0.7448400	-0.5008600	-0.6638600	0.7581100	-0.1783700	-0.6606200	0.7588900	-0.0416900	-0.4720200	0.4755200	-0.0014200	-0.6435700	0.1077300	-0.0425200	-0.6733400	0.7482200	-0.3113600	-0.4853500	0.4632300	-0.3561100	-0.6781100	0.0961600	-0.3193200	-0.4858100	0.0371100	-0.3188400	-0.5131600	0.0408700	-0.3622400	-0.7222300	0.0674900	-0.2994600	-0.4886200	0.0463500	-0.0346900	-0.5061000	0.0591700	0.0216000	-0.7289400	0.0634600	-0.0724800
258	4.2833333	-0.5319200	1.2382400	-0.1801200	-0.5229900	1.2377400	-0.0063400	-0.5902600	0.9707900	0.0971900	-0.5606000	0.7259500	0.1463300	-0.4936500	1.2425900	-0.3660000	-0.6086000	0.9913300	-0.4603400	-0.5817400	0.7551600	-0.4998400	-0.6647600	0.7581800	-0.1787400	-0.6592900	0.7661300	-0.0417100	-0.4848200	0.4725400	0.0036600	-0.6443500	0.1071500	-0.0425200	-0.6714800	0.7552900	-0.3111600	-0.5026700	0.4641300	-0.3515100	-0.6556600	0.1051500	-0.3115700	-0.4850300	0.0366700	-0.3185800	-0.5109100	0.0415600	-0.3615800	-0.6978000	0.0775000	-0.2909900	-0.4874900	0.0469400	-0.0342800	-0.5074900	0.0634300	0.0209200	-0.7272100	0.0570100	-0.0729200
259	4.3000000	-0.5294800	1.2527100	-0.1795200	-0.5242400	1.2477300	-0.0065200	-0.5899400	0.9920900	0.0959100	-0.5836800	0.7388300	0.1417300	-0.5101300	1.2571400	-0.3630700	-0.5874100	1.0095900	-0.4521100	-0.5819600	0.7667300	-0.5002500	-0.6627400	0.7698000	-0.1782400	-0.6362500	0.7741600	-0.0360800	-0.4895500	0.4710900	0.0036400	-0.6433000	0.1077400	-0.0425700	-0.6734400	0.7598500	-0.3114800	-0.5035400	0.4694500	-0.3516200	-0.6558800	0.1048600	-0.3115800	-0.4859900	0.0369700	-0.3189400	-0.5131800	0.0408500	-0.3623100	-0.6981000	0.0769600	-0.2915700	-0.4883400	0.0464300	-0.0344500	-0.5084000	0.0633500	0.0211500	-0.7047300	0.0707800	-0.0789500
260	4.3166667	-0.5537100	1.2730400	-0.1869000	-0.5234100	1.2719200	-0.0071200	-0.5908400	1.0078300	0.0959800	-0.5608300	0.7632800	0.1450600	-0.5308200	1.2772100	-0.3701300	-0.6091400	1.0237300	-0.4597700	-0.6015400	0.7793600	-0.4965100	-0.6416800	0.7784500	-0.1715000	-0.6360700	0.7863300	-0.0359800	-0.4875700	0.4716800	0.0030800	-0.6440500	0.1073000	-0.0425400	-0.6713000	0.7721500	-0.3107400	-0.5231500	0.4642900	-0.3492800	-0.6549500	0.1053500	-0.3115000	-0.4849400	0.0367200	-0.3186500	-0.5105700	0.0417500	-0.3616000	-0.6951200	0.0772000	-0.2896400	-0.4877600	0.0467400	-0.0341800	-0.5076700	0.0632200	0.0210200	-0.7055000	0.0703500	-0.0788300
261	4.3333333	-0.5497400	1.2924200	-0.1862300	-0.5249300	1.2911400	-0.0076000	-0.5907200	1.0234600	0.0949800	-0.5616100	0.7795900	0.1443100	-0.4943500	1.2959500	-0.3659400	-0.6269100	1.0384300	-0.4572200	-0.6022100	0.8019300	-0.4970800	-0.6400900	0.7901700	-0.1713500	-0.6360600	0.7916300	-0.0358700	-0.5130000	0.4698300	-0.0020000	-0.6434400	0.1078900	-0.0425500	-0.6730800	0.7821800	-0.3112900	-0.5028500	0.4750500	-0.3412400	-0.6557600	0.1047600	-0.3115800	-0.5071900	0.0331500	-0.3271700	-0.5129600	0.0410600	-0.3624400	-0.6966000	0.0710500	-0.2909700	-0.5059100	0.0391200	-0.0293400	-0.5086100	0.0632500	0.0212100	-0.7086500	0.0712800	-0.0778900
262	4.3500000	-0.5345800	1.3072200	-0.1807900	-0.5245700	1.3105800	-0.0079700	-0.5915500	1.0386800	0.0951300	-0.5849300	0.7865300	0.1401000	-0.5127600	1.3111200	-0.3624600	-0.6102200	1.0603800	-0.4487500	-0.6027500	0.8183900	-0.4959100	-0.6233400	0.8084800	-0.1759200	-0.6357800	0.8092600	-0.0360800	-0.5315300	0.4702900	-0.0076500	-0.6439600	0.1074800	-0.0425800	-0.6514600	0.7923800	-0.3142700	-0.5031000	0.4756200	-0.3402200	-0.6350400	0.1127300	-0.3152900	-0.5063800	0.0328700	-0.3268200	-0.5300100	0.0334600	-0.3692700	-0.6957300	0.0714200	-0.2905500	-0.5078500	0.0437500	-0.0297100	-0.5078300	0.0634000	0.0210800	-0.7052600	0.0704000	-0.0788600
263	4.3666667	-0.5499900	1.3217000	-0.1859600	-0.5260900	1.3206300	-0.0082100	-0.5739300	1.0600700	0.0882300	-0.5697600	0.8103800	0.1334100	-0.5125600	1.3299400	-0.3627400	-0.6083200	1.0712400	-0.4486800	-0.5835200	0.8379600	-0.4881300	-0.6401200	0.8123200	-0.1713600	-0.6365500	0.8187100	-0.0363400	-0.5332700	0.4696300	-0.0071100	-0.6435800	0.1079100	-0.0426000	-0.6729500	0.8048200	-0.3111700	-0.5223300	0.4699800	-0.3377200	-0.6559900	0.1049000	-0.3116200	-0.5077700	0.0329100	-0.3272900	-0.5341600	0.0372300	-0.3707900	-0.6964800	0.0711600	-0.2910200	-0.5060400	0.0390800	-0.0293000	-0.5087400	0.0632000	0.0212300	-0.7051000	0.0710800	-0.0790100
264	4.3833333	-0.5720600	1.3372900	-0.1832900	-0.5409400	1.3353100	-0.0035600	-0.6152300	1.0688400	0.0895700	-0.5696900	0.8263200	0.1332700	-0.5326400	1.3407600	-0.3697300	-0.6106900	1.0871300	-0.4483000	-0.5840500	0.8483500	-0.4870600	-0.6415800	0.8224100	-0.1715700	-0.6359400	0.8199100	-0.0362300	-0.5304900	0.4651800	-0.0075000	-0.6444300	0.1073800	-0.0425200	-0.6707400	0.8062300	-0.3105700	-0.5230300	0.4701900	-0.3376500	-0.6571400	0.1103000	-0.3122300	-0.5070100	0.0325200	-0.3269100	-0.5318100	0.0379100	-0.3700600	-0.6961300	0.0715500	-0.2903700	-0.5056700	0.0394200	-0.0290600	-0.5251100	0.0561900	0.0264200	-0.7098700	0.0709900	-0.0776400
265	4.4000000	-0.5697700	1.3518700	-0.1829300	-0.5436300	1.3502900	-0.0041000	-0.6152200	1.0844100	0.0884900	-0.5701800	0.8423700	0.1323400	-0.5320100	1.3598000	-0.3699900	-0.6094900	1.1027900	-0.4481600	-0.5833500	0.8598600	-0.4767600	-0.6182600	0.8317200	-0.1651100	-0.6355900	0.8297900	-0.0363900	-0.5329300	0.4756700	-0.0070500	-0.6443000	0.1138400	-0.0419100	-0.6514700	0.8194800	-0.3035900	-0.5419500	0.4760500	-0.3339600	-0.6579300	0.1096800	-0.3123000	-0.5079100	0.0328000	-0.3273500	-0.5344200	0.0370800	-0.3708200	-0.7004300	0.0700600	-0.2927100	-0.5062100	0.0390500	-0.0294000	-0.5083500	0.0632900	0.0213100	-0.7288600	0.0641000	-0.0724000
266	4.4166667	-0.5726000	1.3716600	-0.1835500	-0.5419600	1.3646000	-0.0044400	-0.6154800	1.0947900	0.0886400	-0.5699800	0.8574700	0.1319900	-0.5331000	1.3746400	-0.3691300	-0.6120900	1.1183300	-0.4477900	-0.5832200	0.8706500	-0.4754800	-0.6015400	0.8392900	-0.1695800	-0.6350400	0.8359600	-0.0367000	-0.5535800	0.4702500	-0.0132400	-0.6452000	0.1134500	-0.0420100	-0.6510000	0.8310300	-0.3139700	-0.5421600	0.4763800	-0.3338400	-0.6791900	0.1015500	-0.3197900	-0.5068900	0.0325300	-0.3270300	-0.5306100	0.0332200	-0.3694300	-0.6978500	0.0651300	-0.2911600	-0.5056000	0.0394400	-0.0292400	-0.5074500	0.0634400	0.0211300	-0.7095900	0.0706100	-0.0775400
267	4.4333333	-0.5694600	1.3903300	-0.1827200	-0.5427500	1.3787900	-0.0045700	-0.6146900	1.1150500	0.0874600	-0.5708400	0.8687900	0.1314200	-0.5318500	1.3933600	-0.3591300	-0.6288900	1.1336100	-0.4449700	-0.5654100	0.8948200	-0.4677400	-0.6000400	0.8453600	-0.1695000	-0.6352400	0.8411000	-0.0366200	-0.5801400	0.4682200	-0.0186700	-0.6443300	0.1138200	-0.0420200	-0.6321700	0.8440800	-0.3071700	-0.5614200	0.4769800	-0.3298600	-0.6786400	0.0959300	-0.3191900	-0.5055500	0.0282800	-0.3266200	-0.5135600	0.0406400	-0.3733400	-0.6985800	0.0644700	-0.2919800	-0.4911600	0.0504900	-0.0351100	-0.5081400	0.0634700	0.0213000	-0.7283200	0.0632500	-0.0724500
268	4.4500000	-0.5538000	1.4042100	-0.1775800	-0.5427000	1.3978800	-0.0053700	-0.6164500	1.1257000	0.0876400	-0.5710300	0.8792200	0.1314000	-0.5343200	1.4036700	-0.3586800	-0.6122900	1.1545300	-0.4471700	-0.5850100	0.9133900	-0.4638800	-0.6020700	0.8556000	-0.1697900	-0.6355500	0.8577700	-0.0370300	-0.5595900	0.4846100	-0.0247200	-0.6447900	0.1188400	-0.0425900	-0.6498300	0.8480400	-0.3030300	-0.5617100	0.4828000	-0.3293500	-0.6572400	0.1103100	-0.3122100	-0.5044600	0.0392400	-0.3259000	-0.5123700	0.0462100	-0.3732300	-0.6979200	0.0652100	-0.2913000	-0.4881800	0.0467700	-0.0343100	-0.5073300	0.0635900	0.0210900	-0.7293200	0.0624700	-0.0722900
269	4.4666667	-0.5500000	1.4041900	-0.1767000	-0.5435400	1.4116600	-0.0054000	-0.6159500	1.1409800	0.0867900	-0.5714900	0.8901600	0.1307400	-0.5335000	1.4129300	-0.3591100	-0.6293600	1.1594000	-0.4447000	-0.5848800	0.9243100	-0.4643500	-0.6001500	0.8616100	-0.1696900	-0.6354800	0.8573300	-0.0371000	-0.5639700	0.4887100	-0.0246100	-0.6439600	0.1194600	-0.0426400	-0.6321700	0.8553000	-0.3070500	-0.5625700	0.4881000	-0.3295800	-0.6582000	0.1097800	-0.3122100	-0.5042200	0.0344200	-0.3256900	-0.5134000	0.0407000	-0.3733400	-0.7218000	0.0553300	-0.2996700	-0.5064900	0.0388300	-0.0294200	-0.5082900	0.0633700	0.0213400	-0.7263600	0.0692300	-0.0730800
270	4.4833333	-0.5541000	1.4141900	-0.1777000	-0.5418600	1.4164300	-0.0053200	-0.6165500	1.1512900	0.0871100	-0.5935800	0.8976200	0.1264800	-0.5359900	1.4275500	-0.3592100	-0.6317200	1.1694800	-0.4444700	-0.5849900	0.9245200	-0.4634200	-0.6015200	0.8662900	-0.1698200	-0.6349500	0.8584900	-0.0370500	-0.5834100	0.4897900	-0.0305200	-0.6446000	0.1189000	-0.0425600	-0.6296500	0.8562700	-0.3064100	-0.5815500	0.4943300	-0.3259000	-0.6794000	0.1017700	-0.3198900	-0.4845000	0.0479800	-0.3183700	-0.5120600	0.0463300	-0.3731500	-0.7217900	0.0555400	-0.2992200	-0.5059000	0.0391500	-0.0291500	-0.5246400	0.0563700	0.0265300	-0.7268900	0.0684400	-0.0728100
271	4.5000000	-0.5704100	1.4339600	-0.1830800	-0.5446400	1.4309400	-0.0059400	-0.6162000	1.1613800	0.0862400	-0.5942100	0.9084600	0.1258700	-0.5337600	1.4416200	-0.3590200	-0.6301600	1.1799300	-0.4444000	-0.6046700	0.9333600	-0.4615800	-0.5993000	0.8670600	-0.1695700	-0.6170400	0.8653700	-0.0420800	-0.6083400	0.4890000	-0.0356000	-0.6439400	0.1132600	-0.0430900	-0.6119100	0.8632500	-0.3106400	-0.6019100	0.4891400	-0.3222800	-0.6798500	0.1010900	-0.3198400	-0.4857100	0.0480300	-0.3189100	-0.4953700	0.0537200	-0.3664300	-0.7236000	0.0487100	-0.3007400	-0.5062900	0.0388600	-0.0294200	-0.5081600	0.0633300	0.0213500	-0.7003300	0.0676000	-0.0667200
272	4.5166667	-0.5555000	1.4429300	-0.1780200	-0.5387500	1.4353000	0.0039300	-0.6354900	1.1662300	0.0919900	-0.5939700	0.9236500	0.1255300	-0.5187100	1.4502100	-0.3618200	-0.6326500	1.1851600	-0.4444300	-0.6054000	0.9436400	-0.4604400	-0.6009100	0.8719500	-0.1696700	-0.6123900	0.8673500	-0.0316300	-0.6070800	0.4950900	-0.0365700	-0.6442600	0.1190700	-0.0424900	-0.6290500	0.8670800	-0.3063700	-0.5821200	0.5004200	-0.3142100	-0.6794700	0.1016400	-0.3197700	-0.5032600	0.0342400	-0.3252700	-0.5116600	0.0464800	-0.3732800	-0.7234700	0.0491800	-0.2999100	-0.5057300	0.0392800	-0.0292800	-0.5072200	0.0635300	0.0211400	-0.7001500	0.0725700	-0.0670600
273	4.5333333	-0.5714100	1.4533300	-0.1832400	-0.5401600	1.4447700	0.0038400	-0.6396300	1.1712100	0.0811500	-0.5777000	0.9363100	0.1192500	-0.5336500	1.4557700	-0.3588400	-0.6300000	1.1909300	-0.4442600	-0.5868000	0.9564000	-0.4531000	-0.5995700	0.8727400	-0.1696200	-0.6173500	0.8763000	-0.0424700	-0.6099900	0.4940100	-0.0362200	-0.6208000	0.1224400	-0.0373800	-0.6122900	0.8688900	-0.3105900	-0.6217200	0.4903500	-0.3068200	-0.6789100	0.1022700	-0.3084100	-0.5055000	0.0394200	-0.3263500	-0.5133700	0.0520500	-0.3731800	-0.6987600	0.0644900	-0.2919100	-0.5090000	0.0428600	-0.0299500	-0.5254000	0.0562800	0.0267200	-0.6989800	0.0734000	-0.0671000
274	4.5500000	-0.5561500	1.4617800	-0.1783500	-0.5605800	1.4515900	-0.0014500	-0.6405500	1.1815500	0.0813100	-0.5775100	0.9409600	0.1192600	-0.5189200	1.4597500	-0.3618300	-0.6323600	1.2009500	-0.4440600	-0.5869800	0.9617100	-0.4521100	-0.6011400	0.8826400	-0.1698200	-0.6172600	0.8828400	-0.0423100	-0.5900000	0.5102100	-0.0422100	-0.6219600	0.1217900	-0.0373300	-0.6291400	0.8727400	-0.3061200	-0.6418500	0.4856700	-0.3027000	-0.6766100	0.1091700	-0.3075300	-0.5044900	0.0393800	-0.3258300	-0.5110600	0.0528900	-0.3723300	-0.6979400	0.0650300	-0.2910200	-0.5081800	0.0433600	-0.0297400	-0.5246500	0.0563500	0.0265500	-0.7008200	0.0723200	-0.0669000
275	4.5666667	-0.5710400	1.4674800	-0.1832200	-0.5616600	1.4608600	-0.0017400	-0.6399100	1.1915300	0.0804800	-0.5944000	0.9398400	0.1246200	-0.5521800	1.4669000	-0.3657700	-0.6300300	1.2063200	-0.4438500	-0.6057600	0.9655900	-0.4502900	-0.5996700	0.8833900	-0.1695100	-0.6355400	0.8847900	-0.0375300	-0.6141600	0.4987600	-0.0468400	-0.6632000	0.1061100	-0.0377300	-0.6104100	0.8800800	-0.2995200	-0.6425200	0.4908000	-0.3029200	-0.6568100	0.1163300	-0.3110900	-0.4860300	0.0481400	-0.3187900	-0.4943600	0.0603800	-0.3655300	-0.6978700	0.0647500	-0.2917900	-0.5091400	0.0428000	-0.0298500	-0.5256900	0.0561700	0.0267900	-0.6996600	0.0665400	-0.0676100
276	4.5833333	-0.5759000	1.4729700	-0.1844800	-0.5612600	1.4613400	-0.0018000	-0.6416800	1.1971000	0.0806700	-0.5777900	0.9469800	0.1192300	-0.5549800	1.4720500	-0.3659600	-0.6327700	1.2115000	-0.4439300	-0.6062900	0.9756800	-0.4491700	-0.6014200	0.8933200	-0.1698900	-0.6176800	0.8935800	-0.0424800	-0.6312000	0.5002200	-0.0428300	-0.6642600	0.1054800	-0.0377600	-0.6293000	0.8835300	-0.3060700	-0.6428200	0.4966700	-0.3022900	-0.6767600	0.1091100	-0.3076000	-0.4851900	0.0479200	-0.3184100	-0.5112100	0.0528600	-0.3723500	-0.7207200	0.0556500	-0.2988900	-0.5082900	0.0431800	-0.0297500	-0.5247300	0.0562200	0.0265200	-0.7010000	0.0654800	-0.0674000
277	4.6000000	-0.5721600	1.4727400	-0.1835100	-0.5624400	1.4704800	-0.0018400	-0.6408000	1.2019300	0.0800000	-0.5782900	0.9472800	0.1188100	-0.5525600	1.4762500	-0.3657800	-0.6301500	1.2166500	-0.4437700	-0.6061500	0.9761800	-0.4500600	-0.5998000	0.8941400	-0.1698100	-0.6179600	0.8977300	-0.0429100	-0.6166200	0.5091500	-0.0478700	-0.6437400	0.1134500	-0.0431400	-0.6121500	0.8906600	-0.3105100	-0.6632700	0.4916500	-0.2994600	-0.6773800	0.1086600	-0.3075100	-0.4863000	0.0480000	-0.3187300	-0.5131200	0.0525700	-0.3623000	-0.7209300	0.0552300	-0.2997300	-0.5088700	0.0428400	-0.0299200	-0.5081900	0.0632600	0.0213800	-0.6988300	0.0667700	-0.0677200
278	4.6166667	-0.5560400	1.4760600	-0.1781900	-0.5416600	1.4690400	0.0029200	-0.6417100	1.2020600	0.0804300	-0.5777100	0.9471900	0.1191100	-0.5544700	1.4767400	-0.3654900	-0.6323100	1.2167200	-0.4437400	-0.6062200	0.9812400	-0.4490800	-0.6011300	0.8989800	-0.1701400	-0.6173200	0.8988000	-0.0427700	-0.6564400	0.4994100	-0.0491400	-0.6444400	0.1130400	-0.0431300	-0.5900500	0.8992900	-0.3024400	-0.6634200	0.4919200	-0.2992500	-0.6764500	0.1092100	-0.3075200	-0.4852700	0.0478500	-0.3183600	-0.5104900	0.0534100	-0.3615900	-0.6975200	0.0649600	-0.2912400	-0.5082000	0.0432700	-0.0297900	-0.5073000	0.0633900	0.0211700	-0.6997700	0.0723100	-0.0670000
279	4.6333333	-0.5688300	1.4768900	-0.1733700	-0.5584100	1.4701800	0.0078600	-0.6405600	1.2019500	0.0799100	-0.5781900	0.9473700	0.1188000	-0.5344400	1.4749400	-0.3586900	-0.6306400	1.2217400	-0.4438600	-0.6058400	0.9763700	-0.4499700	-0.5992400	0.8996100	-0.1699000	-0.6175700	0.9027800	-0.0431300	-0.6399000	0.5141900	-0.0538600	-0.6435600	0.1135600	-0.0432100	-0.5909900	0.8987900	-0.3032400	-0.6420700	0.4971500	-0.2918500	-0.6781000	0.1024100	-0.3081400	-0.4863800	0.0478500	-0.3187700	-0.5129700	0.0525500	-0.3622400	-0.6975300	0.0645400	-0.2920100	-0.5088300	0.0428100	-0.0299500	-0.5080600	0.0632900	0.0213500	-0.6985200	0.0669100	-0.0677300
280	4.6500000	-0.5723100	1.4772800	-0.1741900	-0.5406400	1.4640900	0.0034000	-0.6245000	1.2021000	0.0749600	-0.5775000	0.9471500	0.1191300	-0.5364300	1.4751600	-0.3584500	-0.6330000	1.2214600	-0.4439200	-0.6059500	0.9761300	-0.4490900	-0.6007500	0.8988900	-0.1700100	-0.6172600	0.8986500	-0.0427100	-0.6373400	0.5040100	-0.0544300	-0.6445300	0.1129400	-0.0431500	-0.5889000	0.8940300	-0.3022400	-0.6420400	0.4972400	-0.2917200	-0.6773400	0.1028500	-0.3082100	-0.5048500	0.0391400	-0.3257700	-0.5104100	0.0533800	-0.3615600	-0.6958700	0.0594000	-0.2905000	-0.5078400	0.0434200	-0.0298500	-0.5070000	0.0635400	0.0210900	-0.7000000	0.0658800	-0.0674800
281	4.6666667	-0.5695200	1.4723800	-0.1735700	-0.5414000	1.4637700	0.0034700	-0.6411600	1.1968600	0.0799900	-0.5779800	0.9473500	0.1189500	-0.5344700	1.4747400	-0.3586800	-0.6304900	1.2165100	-0.4438100	-0.6057300	0.9760600	-0.4500600	-0.5993300	0.8940700	-0.1694900	-0.6179300	0.8929800	-0.0424800	-0.6397800	0.5031700	-0.0537300	-0.6439000	0.1133700	-0.0431800	-0.6096500	0.8910000	-0.2992900	-0.6635400	0.4913800	-0.2992900	-0.6782500	0.1023700	-0.3080200	-0.5059700	0.0392600	-0.3262000	-0.5131500	0.0525300	-0.3622200	-0.6961900	0.0589900	-0.2912000	-0.5086100	0.0429400	-0.0299400	-0.5080900	0.0633300	0.0213200	-0.6990400	0.0666500	-0.0676600
282	4.6833333	-0.5732100	1.4727100	-0.1743800	-0.5405100	1.4637900	0.0034200	-0.6239800	1.1920600	0.0752900	-0.5553100	0.9495200	0.1233700	-0.5372800	1.4706500	-0.3588100	-0.6330700	1.2162000	-0.4439200	-0.5868200	0.9726300	-0.4518600	-0.6009500	0.8883900	-0.1697100	-0.6351000	0.8860500	-0.0373000	-0.6139800	0.5099000	-0.0489000	-0.6452600	0.1125000	-0.0430500	-0.6081100	0.8912900	-0.2985500	-0.6407700	0.4918300	-0.2913100	-0.6760000	0.0975600	-0.3075200	-0.4849900	0.0478800	-0.3183700	-0.5104700	0.0533600	-0.3615500	-0.6960400	0.0591600	-0.2905400	-0.5075100	0.0434900	-0.0297700	-0.5071400	0.0633800	0.0211200	-0.7009400	0.0653000	-0.0673700
283	4.7000000	-0.5689100	1.4676600	-0.1731700	-0.5415700	1.4595900	0.0033200	-0.6238100	1.1869200	0.0748200	-0.5554800	0.9493600	0.1231000	-0.5705800	1.4775900	-0.3625700	-0.6301500	1.2114700	-0.4436300	-0.5865100	0.9727100	-0.4527700	-0.5992200	0.8887200	-0.1694700	-0.6133900	0.8879400	-0.0320400	-0.6348700	0.5041700	-0.0426400	-0.6441100	0.1132500	-0.0432000	-0.6102500	0.8856200	-0.2992800	-0.6627400	0.4858400	-0.2990300	-0.6769600	0.1086400	-0.3072700	-0.4859700	0.0479900	-0.3187800	-0.5130100	0.0525900	-0.3622100	-0.6960000	0.0590700	-0.2912700	-0.5083400	0.0430200	-0.0297900	-0.5080900	0.0632900	0.0214000	-0.6994800	0.0664500	-0.0677400
284	4.7166667	-0.5722400	1.4679900	-0.1740100	-0.5405600	1.4595300	0.0031900	-0.6235800	1.1818700	0.0755600	-0.5771200	0.9414100	0.1193800	-0.5546000	1.4763800	-0.3553700	-0.6324700	1.2064100	-0.4438000	-0.5866800	0.9724300	-0.4519000	-0.6004700	0.8831400	-0.1696000	-0.5951200	0.8859100	-0.0366900	-0.6315500	0.4999000	-0.0427100	-0.6450200	0.1126400	-0.0430700	-0.6075700	0.8808400	-0.2986500	-0.6423800	0.4909200	-0.3025700	-0.6762500	0.1091900	-0.3074000	-0.4848300	0.0480000	-0.3183600	-0.5104800	0.0534200	-0.3615400	-0.6973100	0.0650700	-0.2910700	-0.5075700	0.0435100	-0.0297300	-0.5072200	0.0634000	0.0211500	-0.7006600	0.0655100	-0.0674700
285	4.7333333	-0.5686700	1.4674400	-0.1731100	-0.5412600	1.4592800	0.0032500	-0.6219900	1.1816000	0.0749900	-0.5775800	0.9414300	0.1190200	-0.5522500	1.4759900	-0.3554700	-0.6297500	1.2113000	-0.4434800	-0.5863500	0.9725000	-0.4529200	-0.5991000	0.8834400	-0.1693800	-0.5957600	0.8851000	-0.0368800	-0.6141600	0.5039800	-0.0472900	-0.6439800	0.1132600	-0.0430500	-0.6099800	0.8802500	-0.2994500	-0.6424900	0.4850100	-0.3026700	-0.6787700	0.1023100	-0.3080400	-0.4862000	0.0479800	-0.3188400	-0.5133900	0.0524800	-0.3622200	-0.6980700	0.0645000	-0.2918600	-0.5084100	0.0430900	-0.0298000	-0.5081200	0.0632900	0.0214100	-0.6994300	0.0665100	-0.0676100
286	4.7500000	-0.5721500	1.4632800	-0.1740900	-0.5391800	1.4542300	0.0036900	-0.6225600	1.1719200	0.0759600	-0.5550000	0.9388200	0.1238100	-0.5534200	1.4671600	-0.3552600	-0.6131000	1.2064200	-0.4360100	-0.5866600	0.9670900	-0.4521100	-0.6009100	0.8830200	-0.1696800	-0.5951800	0.8857800	-0.0367100	-0.5886700	0.5055900	-0.0418900	-0.6449100	0.1126700	-0.0429400	-0.6291300	0.8779300	-0.3060800	-0.6413600	0.4854300	-0.3025100	-0.6776700	0.1027900	-0.3082000	-0.5045800	0.0393000	-0.3258900	-0.5300200	0.0449700	-0.3692100	-0.6977800	0.0649200	-0.2909500	-0.5073200	0.0436700	-0.0297400	-0.5069300	0.0635600	0.0211300	-0.7011400	0.0719900	-0.0668700
287	4.7666667	-0.5691300	1.4626400	-0.1731800	-0.5408100	1.4499100	0.0036900	-0.5992700	1.1721800	0.0800300	-0.5551300	0.9389000	0.1235500	-0.5511100	1.4665500	-0.3553300	-0.6305400	1.2011800	-0.4439200	-0.5863300	0.9670500	-0.4530400	-0.5995000	0.8831400	-0.1692800	-0.6132600	0.8827100	-0.0317600	-0.5904300	0.4936200	-0.0409100	-0.6207600	0.1223200	-0.0374500	-0.6108700	0.8799500	-0.2995300	-0.6218300	0.4791500	-0.3067600	-0.6775600	0.1084900	-0.3072700	-0.5059200	0.0393000	-0.3263600	-0.5329800	0.0441000	-0.3698700	-0.7186800	0.0569600	-0.2877500	-0.4908900	0.0502900	-0.0349200	-0.5078500	0.0634300	0.0213800	-0.7000300	0.0676500	-0.0665700
288	4.7833333	-0.5720900	1.4536800	-0.1739500	-0.5388900	1.4448400	0.0039800	-0.6161300	1.1667200	0.0864200	-0.5713500	0.9322500	0.1296700	-0.5539600	1.4623100	-0.3556200	-0.6134900	1.1912300	-0.4363200	-0.5672900	0.9585200	-0.4548800	-0.6005200	0.8723400	-0.1694500	-0.5944400	0.8750900	-0.0364200	-0.6071900	0.4893600	-0.0361000	-0.6446700	0.1127100	-0.0429400	-0.6084200	0.8697700	-0.2987300	-0.6015600	0.4898200	-0.3108000	-0.6777600	0.1027400	-0.3083800	-0.5049600	0.0391200	-0.3259400	-0.5302900	0.0448100	-0.3692100	-0.6979000	0.0650700	-0.2909800	-0.5077300	0.0436800	-0.0297600	-0.5071800	0.0636600	0.0212000	-0.7012700	0.0667600	-0.0663400
289	4.8000000	-0.5685600	1.4529500	-0.1728600	-0.5399000	1.4401900	0.0041500	-0.5932100	1.1621100	0.0906400	-0.5717000	0.9265500	0.1293900	-0.5512900	1.4528200	-0.3556200	-0.6112100	1.1908500	-0.4362200	-0.5856900	0.9515100	-0.4532600	-0.5783300	0.8751400	-0.1629400	-0.5949500	0.8741200	-0.0365700	-0.5855400	0.4838700	-0.0297700	-0.6440600	0.1194000	-0.0425600	-0.6104900	0.8691800	-0.2994300	-0.5619700	0.4941200	-0.3180000	-0.6580100	0.1097400	-0.3120900	-0.5076300	0.0329500	-0.3273200	-0.5338500	0.0375900	-0.3707400	-0.6980500	0.0647100	-0.2920500	-0.5086000	0.0432100	-0.0298100	-0.5255200	0.0564700	0.0267800	-0.7246600	0.0634900	-0.0733600
290	4.8166667	-0.5519700	1.4424200	-0.1674100	-0.5386200	1.4308300	0.0045400	-0.5933600	1.1571300	0.0914900	-0.5712000	0.9213700	0.1301300	-0.5350300	1.4514100	-0.3482400	-0.6140300	1.1854700	-0.4365200	-0.5667200	0.9479100	-0.4550800	-0.5795000	0.8645100	-0.1630600	-0.6116200	0.8670700	-0.0313600	-0.5820300	0.4849800	-0.0301900	-0.6448000	0.1190000	-0.0425300	-0.6082600	0.8642200	-0.2984900	-0.5810400	0.4887900	-0.3255800	-0.6571900	0.1103400	-0.3122700	-0.5046900	0.0391800	-0.3259000	-0.5313200	0.0383700	-0.3701600	-0.7212200	0.0558500	-0.2988300	-0.5078700	0.0435500	-0.0297800	-0.5244100	0.0566700	0.0265200	-0.7270900	0.0686100	-0.0727100
291	4.8333333	-0.5675900	1.4339100	-0.1723700	-0.5382600	1.4255300	0.0047900	-0.5925200	1.1567700	0.0909000	-0.5716100	0.9063500	0.1304400	-0.5505400	1.4429500	-0.3553200	-0.6114800	1.1756000	-0.4364900	-0.5665700	0.9425200	-0.4560800	-0.5989300	0.8618400	-0.1690800	-0.6128700	0.8661300	-0.0315900	-0.5620300	0.4786300	-0.0237200	-0.6439700	0.1194500	-0.0426100	-0.6102400	0.8585300	-0.2995500	-0.5620800	0.4825000	-0.3294300	-0.6579800	0.1097900	-0.3120100	-0.5048400	0.0341700	-0.3257600	-0.5133600	0.0468600	-0.3725500	-0.6982200	0.0649600	-0.2919500	-0.5088300	0.0430500	-0.0298100	-0.5255300	0.0564200	0.0267900	-0.7260600	0.0695100	-0.0729900
292	4.8500000	-0.5503500	1.4138500	-0.1669600	-0.5377000	1.4118100	0.0050200	-0.6102900	1.1511600	0.0973100	-0.5706200	0.9003800	0.1310400	-0.5348800	1.4276600	-0.3485600	-0.6323400	1.1696400	-0.4442300	-0.5854600	0.9350000	-0.4633900	-0.6004100	0.8612500	-0.1694300	-0.6118900	0.8563100	-0.0311200	-0.5766700	0.4748900	-0.0188900	-0.6453600	0.1187900	-0.0425000	-0.6285100	0.8558700	-0.3061400	-0.5610600	0.4773800	-0.3296600	-0.6571500	0.1103200	-0.3121800	-0.5044700	0.0393300	-0.3258600	-0.5303700	0.0447200	-0.3692800	-0.7004600	0.0703400	-0.2918100	-0.5053800	0.0395300	-0.0292200	-0.5244300	0.0566200	0.0265000	-0.7282200	0.0686600	-0.0728100
293	4.8666667	-0.5474200	1.4040500	-0.1660000	-0.5382600	1.4019300	0.0053400	-0.5920600	1.1412700	0.0916200	-0.5707700	0.8900600	0.1309100	-0.5498700	1.4187500	-0.3455800	-0.6304800	1.1645200	-0.4444200	-0.5846700	0.9245900	-0.4644500	-0.5991000	0.8509000	-0.1691300	-0.6128000	0.8502600	-0.0311900	-0.5557400	0.4802700	-0.0126000	-0.6441200	0.1195200	-0.0425800	-0.6307500	0.8448400	-0.3069500	-0.5421600	0.4817100	-0.3335300	-0.6582700	0.1097500	-0.3120400	-0.5054900	0.0392900	-0.3262900	-0.5331000	0.0438300	-0.3698200	-0.7447200	0.0529200	-0.2965300	-0.5060300	0.0390600	-0.0292600	-0.5080400	0.0635300	0.0214500	-0.7268400	0.0697200	-0.0730300
294	4.8833333	-0.5498700	1.4038000	-0.1668500	-0.5366900	1.3925300	0.0055300	-0.5929700	1.1264400	0.0926300	-0.5701000	0.8744400	0.1319000	-0.5341800	1.4083900	-0.3483900	-0.6316100	1.1591000	-0.4445000	-0.5657600	0.9261200	-0.4660800	-0.6006200	0.8449100	-0.1696200	-0.6121900	0.8448800	-0.0309700	-0.5534300	0.4702100	-0.0132100	-0.6452800	0.1187900	-0.0424100	-0.6098100	0.8472500	-0.3099000	-0.5224900	0.4813400	-0.3372600	-0.6573300	0.1102200	-0.3123200	-0.5037400	0.0340500	-0.3252700	-0.5304100	0.0333700	-0.3693400	-0.7237100	0.0614200	-0.2995700	-0.4881200	0.0466500	-0.0344500	-0.5072600	0.0634800	0.0210700	-0.7287000	0.0689300	-0.0727500
295	4.9000000	-0.5473000	1.3893600	-0.1659700	-0.5175900	1.3773600	0.0106700	-0.5863200	1.1113600	0.1024800	-0.5704900	0.8631900	0.1316400	-0.5301400	1.3936400	-0.3481300	-0.6292300	1.1440100	-0.4446800	-0.5652200	0.9104600	-0.4672400	-0.5981900	0.8347600	-0.1688000	-0.6119700	0.8284800	-0.0307100	-0.5116100	0.4753700	-0.0018300	-0.6444100	0.1138900	-0.0419400	-0.5901000	0.8393200	-0.3032300	-0.5045600	0.4857400	-0.3410700	-0.6579700	0.1098900	-0.3120500	-0.5058000	0.0279800	-0.3266100	-0.5329500	0.0325300	-0.3699600	-0.7193700	0.0689000	-0.2879000	-0.4885900	0.0462400	-0.0343700	-0.5081900	0.0632500	0.0213300	-0.7273100	0.0700100	-0.0730600
296	4.9166667	-0.5500000	1.3703500	-0.1663600	-0.5162700	1.3581200	0.0114300	-0.5862800	1.0912100	0.1040400	-0.5857200	0.8450400	0.1384100	-0.5322500	1.3838900	-0.3481600	-0.6305700	1.1280400	-0.4449600	-0.5646800	0.8996200	-0.4667600	-0.6004200	0.8286000	-0.1692600	-0.6120500	0.8286900	-0.0304800	-0.5084000	0.4717500	-0.0019800	-0.6439500	0.1076000	-0.0424400	-0.6287400	0.8228900	-0.3064700	-0.5034800	0.4755100	-0.3411000	-0.6568500	0.1103700	-0.3124000	-0.5064000	0.0331000	-0.3267800	-0.5123300	0.0464100	-0.3624800	-0.6984400	0.0769000	-0.2911100	-0.4875700	0.0468100	-0.0344700	-0.5049800	0.0593600	0.0215000	-0.7073400	0.0765200	-0.0780600
297	4.9333333	-0.5476400	1.3510500	-0.1657700	-0.5167600	1.3346100	0.0119400	-0.5684300	1.0816700	0.0981000	-0.5859900	0.8351400	0.1386700	-0.5305900	1.3652300	-0.3487900	-0.6279000	1.1074700	-0.4449900	-0.5447100	0.8757800	-0.4706200	-0.5985700	0.8180400	-0.1688900	-0.6124900	0.8124100	-0.0303100	-0.5123300	0.4591200	-0.0018400	-0.6432700	0.1081600	-0.0425900	-0.6303800	0.8116800	-0.3072700	-0.4851000	0.4801100	-0.3447700	-0.6573000	0.1101900	-0.3121300	-0.5073800	0.0329800	-0.3272200	-0.5147000	0.0456900	-0.3630300	-0.6980500	0.0770400	-0.2919300	-0.4884100	0.0462300	-0.0344500	-0.5060300	0.0591300	0.0217400	-0.7065100	0.0774200	-0.0783700
298	4.9500000	-0.5488100	1.3361600	-0.1660500	-0.5154600	1.3248100	0.0122100	-0.5471600	1.0680700	0.1035800	-0.5846200	0.8136200	0.1397500	-0.5324300	1.3458600	-0.3487700	-0.6300400	1.0963800	-0.4452700	-0.5636300	0.8623500	-0.4781700	-0.5997200	0.8071700	-0.1689700	-0.6116500	0.8073100	-0.0299600	-0.4863900	0.4668400	0.0035400	-0.6444300	0.1072900	-0.0423700	-0.6282300	0.8008600	-0.3063400	-0.4850300	0.4749900	-0.3450900	-0.6562900	0.1106600	-0.3123700	-0.4866800	0.0418300	-0.3193200	-0.5118900	0.0465500	-0.3623900	-0.6981300	0.0772900	-0.2911000	-0.4878700	0.0466400	-0.0345300	-0.5051800	0.0592400	0.0214600	-0.7300200	0.0629900	-0.0721900
299	4.9666667	-0.5449600	1.3217200	-0.1650800	-0.5000500	1.3147100	0.0072900	-0.5616900	1.0511300	0.1089400	-0.5621100	0.7961000	0.1442400	-0.5464600	1.3316800	-0.3455500	-0.6272300	1.0809000	-0.4453400	-0.5631200	0.8515000	-0.4793900	-0.5983500	0.7965500	-0.1688400	-0.6129300	0.7956000	-0.0303000	-0.4894300	0.4706600	0.0037100	-0.6625900	0.1007600	-0.0372400	-0.6302000	0.7896100	-0.3073300	-0.5035700	0.4635700	-0.3523700	-0.6368100	0.1179000	-0.3157400	-0.4882700	0.0415200	-0.3198200	-0.5148100	0.0455800	-0.3628900	-0.6963900	0.0832300	-0.2910800	-0.4885700	0.0461400	-0.0345300	-0.5061300	0.0590200	0.0216900	-0.7293500	0.0640000	-0.0723600
300	4.9833333	-0.5470900	1.3071700	-0.1657800	-0.4997000	1.3006600	0.0076200	-0.5683300	1.0308900	0.1004600	-0.5612100	0.7799200	0.1451700	-0.4941600	1.3200300	-0.3444100	-0.6095500	1.0659300	-0.4482000	-0.5833200	0.8377500	-0.4872000	-0.5996300	0.7906100	-0.1687700	-0.6119400	0.7852800	-0.0298000	-0.4872600	0.4498800	0.0035700	-0.6446100	0.1071500	-0.0424000	-0.6283400	0.7838900	-0.3061100	-0.4840000	0.4584100	-0.3554500	-0.6549300	0.1169900	-0.3116000	-0.4868800	0.0418300	-0.3192900	-0.5105900	0.0418600	-0.3616400	-0.6967200	0.0834900	-0.2902000	-0.4876900	0.0466400	-0.0345100	-0.5052000	0.0591600	0.0213700	-0.7306200	0.0630700	-0.0722100
301	5.0000000	-0.5284700	1.2923400	-0.1691200	-0.4999900	1.2769200	0.0080200	-0.5836300	1.0088900	0.1059200	-0.5612900	0.7692900	0.1454600	-0.5086600	1.3105900	-0.3413900	-0.6072000	1.0558600	-0.4482500	-0.5821300	0.8270100	-0.4882500	-0.5981200	0.7851100	-0.1687800	-0.6122400	0.7735500	-0.0300900	-0.4882900	0.4488900	0.0043900	-0.6436400	0.1079200	-0.0425300	-0.6301100	0.7782400	-0.3072400	-0.4847600	0.4578000	-0.3559700	-0.6560700	0.1166100	-0.3113500	-0.5080800	0.0327600	-0.3272300	-0.5150600	0.0455700	-0.3629500	-0.6976700	0.0893900	-0.2915200	-0.4885700	0.0462000	-0.0344800	-0.5063400	0.0589700	0.0216800	-0.7273600	0.0703800	-0.0731100
302	5.0166667	-0.5305100	1.2775700	-0.1697300	-0.4983400	1.2576400	0.0086300	-0.5457900	1.0016000	0.1057200	-0.5763800	0.7506800	0.1523300	-0.5112700	1.2919500	-0.3416700	-0.6089700	1.0393200	-0.4487200	-0.5630100	0.8077900	-0.4899400	-0.5998700	0.7740500	-0.1691000	-0.6338300	0.7642600	-0.0353300	-0.4642400	0.4617700	0.0090900	-0.6448100	0.1070500	-0.0424400	-0.6286200	0.7673400	-0.3065300	-0.4844100	0.4528200	-0.3561100	-0.6561800	0.1108200	-0.3123500	-0.5065700	0.0330000	-0.3266800	-0.5122200	0.0463300	-0.3623900	-0.6981200	0.0893400	-0.2907700	-0.4876000	0.0466500	-0.0344700	-0.5053400	0.0590800	0.0213900	-0.7292700	0.0692400	-0.0728600
303	5.0333333	-0.5265200	1.2627600	-0.1686200	-0.4983000	1.2475600	0.0087700	-0.5610100	0.9848000	0.1112500	-0.5547400	0.7390100	0.1566700	-0.5077300	1.2725900	-0.3415700	-0.6063700	1.0188500	-0.4488400	-0.5622000	0.7859600	-0.4913900	-0.5981500	0.7632400	-0.1688100	-0.6342800	0.7580000	-0.0355100	-0.4646700	0.4559400	0.0102000	-0.6433100	0.1078800	-0.0425500	-0.6491700	0.7530800	-0.3037100	-0.4841200	0.4469800	-0.3562000	-0.6565700	0.1165200	-0.3113700	-0.4881600	0.0414100	-0.3198600	-0.5131900	0.0410700	-0.3622100	-0.7189700	0.0817200	-0.2876700	-0.4883600	0.0461900	-0.0343600	-0.5060000	0.0590100	0.0217200	-0.7272000	0.0703300	-0.0731700
304	5.0500000	-0.5281500	1.2431600	-0.1690600	-0.5173700	1.2377300	0.0041600	-0.5623900	0.9695300	0.1125500	-0.5537000	0.7280000	0.1573900	-0.5096600	1.2620700	-0.3415800	-0.6085100	1.0026900	-0.4494800	-0.5809800	0.7719700	-0.4990000	-0.5994700	0.7576500	-0.1687900	-0.6334100	0.7535300	-0.0348500	-0.4637200	0.4404800	0.0094600	-0.6444200	0.1072900	-0.0424800	-0.6278600	0.7507700	-0.3062100	-0.4656000	0.4519800	-0.3589900	-0.6566600	0.1109100	-0.3122800	-0.5064300	0.0330900	-0.3266500	-0.5123600	0.0463200	-0.3623900	-0.7214500	0.0875800	-0.2875700	-0.4875100	0.0466200	-0.0343600	-0.5051100	0.0591000	0.0214400	-0.7086000	0.0773200	-0.0781500
305	5.0666667	-0.5261800	1.2286000	-0.1683800	-0.4986600	1.2190900	0.0093800	-0.5610200	0.9541700	0.1123600	-0.5544500	0.7225600	0.1573400	-0.4892300	1.2425500	-0.3447600	-0.6055300	0.9870500	-0.4493900	-0.5807300	0.7608600	-0.5002200	-0.6162900	0.7489200	-0.1643000	-0.6340000	0.7420500	-0.0350100	-0.4663800	0.4440400	0.0096700	-0.6433500	0.1080100	-0.0426000	-0.6490400	0.7417200	-0.3033900	-0.4662500	0.4463300	-0.3599000	-0.6596600	0.1154900	-0.3128000	-0.4880900	0.0415700	-0.3197500	-0.5149000	0.0456200	-0.3628000	-0.7217800	0.0872500	-0.2885900	-0.4883800	0.0461800	-0.0343500	-0.5060400	0.0590100	0.0216800	-0.7271400	0.0707900	-0.0731900
306	5.0833333	-0.5269300	1.2088100	-0.1688300	-0.4965600	1.1996000	0.0100100	-0.5607600	0.9383700	0.1134500	-0.5527700	0.7011800	0.1584700	-0.4899700	1.2279100	-0.3445300	-0.6077000	0.9758700	-0.4499600	-0.5815100	0.7448400	-0.5000800	-0.6178600	0.7435500	-0.1643900	-0.6336200	0.7423700	-0.0348100	-0.4649400	0.4449900	0.0090700	-0.6444000	0.1072000	-0.0424400	-0.6475600	0.7362200	-0.3023500	-0.4652100	0.4465400	-0.3597300	-0.6585000	0.1158700	-0.3130200	-0.4866000	0.0419600	-0.3192200	-0.5122400	0.0463500	-0.3623200	-0.7221200	0.0873200	-0.2876800	-0.4876700	0.0466600	-0.0345700	-0.5050900	0.0591400	0.0213200	-0.7283800	0.0693800	-0.0728100
307	5.1000000	-0.5256400	1.1942000	-0.1681300	-0.4971600	1.1798700	0.0104400	-0.5600000	0.9277200	0.1131800	-0.5530100	0.6795100	0.1586600	-0.4878800	1.2134800	-0.3449600	-0.6048000	0.9654300	-0.4605700	-0.5810100	0.7388000	-0.5008500	-0.5980900	0.7360700	-0.1681100	-0.6338900	0.7317800	-0.0347700	-0.4636400	0.4455400	0.0105500	-0.6431500	0.1079100	-0.0425000	-0.6491800	0.7195600	-0.3032900	-0.4650600	0.4463000	-0.3591200	-0.6596500	0.1153900	-0.3128100	-0.4879400	0.0416300	-0.3196500	-0.5149000	0.0455600	-0.3627800	-0.7219600	0.0872400	-0.2886100	-0.4885500	0.0462300	-0.0345700	-0.5059400	0.0590800	0.0216100	-0.7290700	0.0648500	-0.0724100
308	5.1166667	-0.5270200	1.1837600	-0.1687600	-0.5162200	1.1693000	0.0057800	-0.5773800	0.9103300	0.1203600	-0.5513200	0.6636600	0.1597900	-0.4903500	1.1988600	-0.3451200	-0.6068400	0.9488900	-0.4610900	-0.5802100	0.7169900	-0.5003400	-0.6208000	0.7208900	-0.1748000	-0.6333500	0.7213500	-0.0343500	-0.4644500	0.4454900	0.0092500	-0.6443800	0.1072300	-0.0423900	-0.6479200	0.7134600	-0.3025200	-0.4456700	0.4468000	-0.3614300	-0.6586500	0.1158700	-0.3131500	-0.4862800	0.0422100	-0.3190100	-0.5105500	0.0418700	-0.3615500	-0.7458200	0.0781000	-0.2955700	-0.4876700	0.0467600	-0.0346100	-0.5071700	0.0633200	0.0207900	-0.7284800	0.0694100	-0.0728100
309	5.1333333	-0.5244900	1.1642200	-0.1677900	-0.5169800	1.1546400	0.0061800	-0.5761500	0.8946800	0.1203400	-0.5679900	0.6494200	0.1654600	-0.4872600	1.1792300	-0.3453300	-0.6046900	0.9383000	-0.4610300	-0.5793200	0.6949100	-0.5121900	-0.6379500	0.7119300	-0.1704700	-0.6344600	0.7203100	-0.0348200	-0.4793700	0.4411200	0.0157800	-0.6430800	0.1079600	-0.0424600	-0.6493400	0.7022500	-0.3033200	-0.4642600	0.4521000	-0.3585900	-0.6798300	0.1133900	-0.3196700	-0.4878300	0.0418600	-0.3195700	-0.5133600	0.0411000	-0.3620200	-0.7456000	0.0779100	-0.2964500	-0.4882600	0.0463900	-0.0345400	-0.5057400	0.0591900	0.0216300	-0.7269600	0.0702700	-0.0730700
310	5.1500000	-0.5251300	1.1488600	-0.1682300	-0.4954200	1.1359000	0.0114800	-0.5542500	0.8867800	0.1254200	-0.5503600	0.6419000	0.1603300	-0.4884200	1.1691800	-0.3449600	-0.6071800	0.9219400	-0.4615900	-0.5792700	0.6837500	-0.5115900	-0.6396500	0.7059700	-0.1704300	-0.6562700	0.7057700	-0.0397000	-0.4629000	0.4513800	0.0096200	-0.6212400	0.1162600	-0.0366800	-0.6692200	0.6922500	-0.3100300	-0.4457400	0.4521500	-0.3616800	-0.6570000	0.1221800	-0.3123200	-0.4865500	0.0420100	-0.3190900	-0.5108700	0.0417300	-0.3615900	-0.7459800	0.0779100	-0.2955000	-0.4871500	0.0469700	-0.0346600	-0.5045400	0.0594200	0.0213200	-0.7307700	0.0634600	-0.0720300
311	5.1666667	-0.5235800	1.1392700	-0.1674900	-0.4964700	1.1265200	0.0117200	-0.5745900	0.8632300	0.1210500	-0.5674300	0.6275400	0.1660100	-0.4674800	1.1597500	-0.3380600	-0.6041900	0.9064000	-0.4614400	-0.5984900	0.6688000	-0.5104900	-0.6373500	0.6951000	-0.1699600	-0.6342700	0.6980400	-0.0343700	-0.4451000	0.4504700	0.0149000	-0.6201000	0.1169100	-0.0368200	-0.6487300	0.6853900	-0.3032800	-0.4462400	0.4411100	-0.3621900	-0.6596200	0.1153900	-0.3129000	-0.4881400	0.0415500	-0.3196100	-0.5134800	0.0410300	-0.3620100	-0.7454700	0.0779300	-0.2963600	-0.4877600	0.0466900	-0.0345400	-0.5054600	0.0593600	0.0216200	-0.7294500	0.0643400	-0.0723200
312	5.1833333	-0.5082800	1.1248400	-0.1720300	-0.4942900	1.1113000	0.0122500	-0.5530800	0.8556200	0.1262100	-0.5494400	0.6151900	0.1611800	-0.4518000	1.1409700	-0.3412300	-0.6057400	0.8949800	-0.4618700	-0.5794700	0.6617000	-0.5122300	-0.5983500	0.6974000	-0.1683100	-0.6323200	0.6988700	-0.0339600	-0.4597800	0.4469900	0.0194400	-0.6213000	0.1161400	-0.0366900	-0.6467800	0.6852900	-0.3024600	-0.4453900	0.4468900	-0.3621900	-0.6565600	0.1108200	-0.3124100	-0.4867400	0.0419800	-0.3191000	-0.5108200	0.0417400	-0.3615500	-0.7455800	0.0780100	-0.2954300	-0.4869600	0.0471100	-0.0345900	-0.5046200	0.0594100	0.0213300	-0.7310100	0.0635100	-0.0720300
313	5.2000000	-0.5065000	1.1150500	-0.1715400	-0.4789500	1.1018400	0.0073900	-0.5521500	0.8447200	0.1258800	-0.5659200	0.5956200	0.1674700	-0.4674700	1.1258000	-0.3484800	-0.6033900	0.8846000	-0.4619000	-0.5789500	0.6611500	-0.5130000	-0.6376300	0.6893100	-0.1703300	-0.6342600	0.6921100	-0.0346500	-0.4595100	0.4413100	0.0204900	-0.6198400	0.1168700	-0.0368000	-0.6488100	0.6796800	-0.3036200	-0.4464700	0.4464300	-0.3626700	-0.6787700	0.1080400	-0.3190500	-0.4880000	0.0417300	-0.3197000	-0.5149900	0.0458500	-0.3628300	-0.7455400	0.0778400	-0.2963400	-0.4881400	0.0464500	-0.0344300	-0.5058000	0.0591400	0.0217100	-0.7261600	0.0584900	-0.0729400
314	5.2166667	-0.5077800	1.1044300	-0.1719200	-0.4784800	1.0917100	0.0077800	-0.5531400	0.8338100	0.1269900	-0.5655600	0.5838200	0.1677300	-0.4693800	1.1155800	-0.3484900	-0.5860700	0.8753800	-0.4649800	-0.5786300	0.6450400	-0.5123000	-0.6395900	0.6834800	-0.1710100	-0.6562300	0.6768800	-0.0397900	-0.4579500	0.4423700	0.0199300	-0.6209100	0.1161100	-0.0366400	-0.6470100	0.6686300	-0.3029000	-0.4450600	0.4521500	-0.3616400	-0.6775900	0.1083800	-0.3193300	-0.4864500	0.0421800	-0.3191800	-0.5121600	0.0465400	-0.3623600	-0.7458900	0.0778000	-0.2955200	-0.4873200	0.0468400	-0.0344900	-0.5048500	0.0592100	0.0214000	-0.7272600	0.0573400	-0.0726000
315	5.2333333	-0.5057400	1.0948800	-0.1713400	-0.4789900	1.0773300	0.0079700	-0.5516400	0.8184800	0.1268700	-0.5668400	0.5724800	0.1674800	-0.4670100	1.1104900	-0.3486800	-0.5838200	0.8650200	-0.4648100	-0.5782700	0.6386800	-0.5128800	-0.6194600	0.6757200	-0.1751000	-0.6387800	0.6730600	-0.0454600	-0.4592400	0.4414500	0.0206800	-0.6201000	0.1105000	-0.0372200	-0.6480600	0.6682000	-0.3037600	-0.4280100	0.4569200	-0.3549900	-0.6788800	0.1079300	-0.3190300	-0.4881300	0.0416700	-0.3198100	-0.5151700	0.0457900	-0.3628500	-0.7437200	0.0719600	-0.2955000	-0.4883600	0.0463300	-0.0342800	-0.5060500	0.0589800	0.0218100	-0.7255000	0.0583500	-0.0728700
316	5.2500000	-0.4891200	1.0854700	-0.1758700	-0.4770400	1.0676500	0.0082000	-0.5518800	0.8126900	0.1276600	-0.5655500	0.5615400	0.1681300	-0.4516200	1.1058400	-0.3516500	-0.6047400	0.8565800	-0.4624000	-0.5783800	0.6274700	-0.5122800	-0.6396500	0.6611000	-0.1707900	-0.6566800	0.6592800	-0.0395700	-0.4592500	0.4471800	0.0196600	-0.6213700	0.1096700	-0.0371300	-0.6470700	0.6569700	-0.3028400	-0.4446000	0.4522500	-0.3616800	-0.6775100	0.1083500	-0.3193200	-0.4865600	0.0421100	-0.3192600	-0.5106800	0.0418000	-0.3616900	-0.7438300	0.0720400	-0.2946600	-0.4874200	0.0468800	-0.0344100	-0.5050800	0.0591300	0.0214600	-0.7270300	0.0572000	-0.0725700
317	5.2666667	-0.4850500	1.0760500	-0.1650900	-0.4768900	1.0618900	0.0083800	-0.5509000	0.8025100	0.1270900	-0.5667400	0.5612600	0.1675700	-0.4660000	1.0954600	-0.3487000	-0.6020400	0.8467700	-0.4621500	-0.5970000	0.6121600	-0.5108100	-0.6390200	0.6662200	-0.1709400	-0.6576900	0.6584600	-0.0402500	-0.4588600	0.4523100	0.0207100	-0.6201700	0.1104200	-0.0372400	-0.6677200	0.6534800	-0.2998700	-0.4282300	0.4518500	-0.3555100	-0.6568800	0.1164700	-0.3114400	-0.4881000	0.0415600	-0.3198200	-0.5132900	0.0411700	-0.3621300	-0.7203100	0.0812100	-0.2877100	-0.4882600	0.0464300	-0.0343200	-0.5060000	0.0590100	0.0218100	-0.7255100	0.0581700	-0.0729000
318	5.2833333	-0.4858400	1.0704100	-0.1655800	-0.4765400	1.0575400	0.0085300	-0.5514300	0.8023000	0.1278000	-0.5647200	0.5561700	0.1684300	-0.4680300	1.0949400	-0.3486100	-0.5846900	0.8436700	-0.4647600	-0.5970100	0.6067300	-0.5104400	-0.6394400	0.6610100	-0.1707300	-0.6558600	0.6650200	-0.0395600	-0.4369900	0.4595600	0.0250200	-0.6206300	0.1047300	-0.0366400	-0.6665900	0.6531300	-0.2989800	-0.4265700	0.4523800	-0.3549900	-0.6553400	0.1169200	-0.3116900	-0.4838300	0.0375700	-0.3182300	-0.5098500	0.0420700	-0.3615300	-0.7204100	0.0812700	-0.2870000	-0.4873800	0.0469100	-0.0345100	-0.5050300	0.0591100	0.0214000	-0.7273000	0.0570700	-0.0726500
319	5.3000000	-0.4684400	1.0670600	-0.1690300	-0.4771800	1.0571800	0.0084900	-0.5341500	0.8047700	0.1210200	-0.5658500	0.5561200	0.1678400	-0.4483800	1.0863700	-0.3517100	-0.5822300	0.8440400	-0.4644100	-0.5766300	0.6050800	-0.5023300	-0.6382100	0.6606600	-0.1705000	-0.6567000	0.6533900	-0.0399600	-0.4380300	0.4585100	0.0256600	-0.6193500	0.1055500	-0.0367400	-0.6676200	0.6531600	-0.2996500	-0.4277700	0.4518500	-0.3554800	-0.6567700	0.1164900	-0.3114300	-0.4853800	0.0371100	-0.3188000	-0.5126800	0.0414500	-0.3619700	-0.7200900	0.0812400	-0.2877300	-0.4882300	0.0464800	-0.0343700	-0.5060400	0.0589900	0.0217300	-0.7276500	0.0525700	-0.0723000
320	5.3166667	-0.4695000	1.0666000	-0.1695400	-0.4767800	1.0572600	0.0084800	-0.5572000	0.8011300	0.1174700	-0.5647600	0.5559400	0.1683500	-0.4503200	1.0861500	-0.3516600	-0.5653100	0.8462300	-0.4566800	-0.5767600	0.6003400	-0.5019200	-0.6396100	0.6606500	-0.1708600	-0.6559900	0.6539700	-0.0396100	-0.4370900	0.4594500	0.0250200	-0.6206900	0.1046900	-0.0366500	-0.6667400	0.6527900	-0.2990500	-0.4087900	0.4519500	-0.3576500	-0.6556500	0.1168600	-0.3116500	-0.4837500	0.0377300	-0.3182500	-0.5098500	0.0421700	-0.3615400	-0.7207100	0.0812400	-0.2868900	-0.4874300	0.0468800	-0.0345200	-0.5051100	0.0590700	0.0213800	-0.7293800	0.0515000	-0.0719900
321	5.3333333	-0.4850000	1.0660400	-0.1649600	-0.4773100	1.0571100	0.0084700	-0.5399600	0.8036400	0.1109300	-0.5666300	0.5505100	0.1676200	-0.4486300	1.0863400	-0.3516500	-0.6015900	0.8360500	-0.4619900	-0.5767300	0.5999800	-0.5026500	-0.6384000	0.6604600	-0.1706100	-0.6569100	0.6532400	-0.0400800	-0.4601900	0.4572100	0.0204100	-0.6194400	0.1055000	-0.0367300	-0.6675000	0.6476500	-0.2995300	-0.4100700	0.4516300	-0.3581400	-0.6788100	0.1080400	-0.3190200	-0.4842000	0.0427500	-0.3180600	-0.5126900	0.0415400	-0.3620900	-0.7203300	0.0812000	-0.2876900	-0.4882800	0.0464800	-0.0343400	-0.5061100	0.0589700	0.0217600	-0.7275800	0.0524100	-0.0722800
322	5.3500000	-0.4857700	1.0656600	-0.1654500	-0.4768500	1.0573700	0.0085600	-0.5572400	0.8011900	0.1173700	-0.5646000	0.5561500	0.1682400	-0.4505800	1.0862200	-0.3516500	-0.5845900	0.8382800	-0.4541500	-0.5769100	0.6003400	-0.5019000	-0.6393300	0.6608300	-0.1708800	-0.6375400	0.6576800	-0.0447000	-0.4589800	0.4583300	0.0197500	-0.6216100	0.1094600	-0.0371900	-0.6665500	0.6529100	-0.2990700	-0.4086600	0.4521200	-0.3575500	-0.6775000	0.1083700	-0.3193000	-0.4859400	0.0426200	-0.3191200	-0.5100800	0.0421500	-0.3616400	-0.7437900	0.0720700	-0.2946500	-0.4876300	0.0468700	-0.0344800	-0.5053400	0.0590400	0.0214200	-0.7275000	0.0571200	-0.0726500
323	5.3666667	-0.4682500	1.0720500	-0.1691000	-0.4763800	1.0617200	0.0083400	-0.5569200	0.8014100	0.1165400	-0.5492500	0.5602100	0.1617500	-0.4491400	1.0960500	-0.3516900	-0.5826500	0.8492300	-0.4536300	-0.5771100	0.6057800	-0.5027500	-0.6382100	0.6607100	-0.1705100	-0.6574700	0.6581900	-0.0402400	-0.4603200	0.4570500	0.0202400	-0.6202800	0.1103100	-0.0372900	-0.6678200	0.6533200	-0.2997400	-0.4278600	0.4519300	-0.3554600	-0.6569200	0.1164400	-0.3114200	-0.4856100	0.0369200	-0.3189900	-0.5128300	0.0414200	-0.3621100	-0.7200800	0.0812700	-0.2876400	-0.4882700	0.0465000	-0.0343200	-0.5061200	0.0590000	0.0217800	-0.7259800	0.0581800	-0.0729200
324	5.3833333	-0.4689800	1.0812800	-0.1697000	-0.4755800	1.0664500	0.0082200	-0.5411400	0.8088900	0.1113700	-0.5485800	0.5654000	0.1618100	-0.4513700	1.1007900	-0.3517400	-0.5840700	0.8594200	-0.4534900	-0.5773500	0.6115600	-0.5016600	-0.6397900	0.6607500	-0.1706000	-0.6575400	0.6589400	-0.0395600	-0.4609500	0.4518200	0.0192100	-0.6216700	0.1094600	-0.0372000	-0.6667700	0.6529600	-0.2989000	-0.4267100	0.4524500	-0.3548400	-0.6554400	0.1168600	-0.3116900	-0.4860800	0.0424100	-0.3191500	-0.5101000	0.0420200	-0.3616900	-0.7203200	0.0813000	-0.2869500	-0.4875200	0.0468800	-0.0345000	-0.5052100	0.0590800	0.0213900	-0.7279000	0.0571700	-0.0726000
325	5.4000000	-0.4879600	1.0907000	-0.1754700	-0.4612100	1.0775300	0.0029300	-0.5580600	0.8223100	0.1160200	-0.5497500	0.5656800	0.1612700	-0.4496800	1.1061000	-0.3517400	-0.5822600	0.8602900	-0.4533900	-0.5769600	0.6223700	-0.5020700	-0.6390300	0.6663500	-0.1709300	-0.6586000	0.6639700	-0.0405400	-0.4442200	0.4507400	0.0151400	-0.6203400	0.1103600	-0.0373300	-0.6684200	0.6588000	-0.3002000	-0.4287600	0.4517200	-0.3553900	-0.6567600	0.1164700	-0.3114000	-0.4881800	0.0416800	-0.3197700	-0.5132500	0.0413000	-0.3620900	-0.7196700	0.0813600	-0.2876300	-0.4883900	0.0464400	-0.0342600	-0.5063400	0.0589800	0.0218000	-0.7260300	0.0583200	-0.0730000
326	5.4166667	-0.4892600	1.1001100	-0.1759600	-0.4612200	1.0876000	0.0028500	-0.5420500	0.8344000	0.1104600	-0.5487500	0.5765300	0.1616000	-0.4688300	1.1150100	-0.3487300	-0.5846600	0.8652900	-0.4537400	-0.5772300	0.6337900	-0.5011800	-0.6201900	0.6760600	-0.1751400	-0.6565500	0.6706600	-0.0399400	-0.4593500	0.4474300	0.0196200	-0.6215500	0.1096000	-0.0373000	-0.6462400	0.6682800	-0.3026800	-0.4271100	0.4523100	-0.3548600	-0.6551700	0.1169000	-0.3116400	-0.4866100	0.0423800	-0.3191300	-0.5104200	0.0419200	-0.3616700	-0.7199500	0.0814600	-0.2869700	-0.4876700	0.0468200	-0.0344100	-0.5053900	0.0591000	0.0214400	-0.7275700	0.0574100	-0.0727900
327	5.4333333	-0.4888500	1.1106700	-0.1755600	-0.4770800	1.0966800	0.0074800	-0.5414300	0.8402800	0.1096000	-0.5490500	0.5933000	0.1607600	-0.4499300	1.1211000	-0.3515800	-0.5830200	0.8815600	-0.4531100	-0.5775400	0.6393100	-0.5019400	-0.6376200	0.6835900	-0.1704800	-0.6351300	0.6801500	-0.0350200	-0.4600700	0.4573000	0.0202200	-0.6198200	0.1168300	-0.0368000	-0.6477100	0.6742300	-0.3030500	-0.4289000	0.4568900	-0.3549300	-0.6576100	0.1103000	-0.3120800	-0.4884200	0.0412500	-0.3199300	-0.5132800	0.0411100	-0.3621400	-0.7191300	0.0815900	-0.2875400	-0.4883900	0.0465400	-0.0342800	-0.5062300	0.0591200	0.0218500	-0.7260300	0.0584100	-0.0730300
328	5.4500000	-0.4872300	1.1202800	-0.1659900	-0.4769400	1.1067000	0.0074500	-0.5422000	0.8510800	0.1101600	-0.5325500	0.6128100	0.1546500	-0.4688300	1.1303000	-0.3485100	-0.5855000	0.8920500	-0.4532100	-0.5780800	0.6508700	-0.5010500	-0.6165000	0.6885200	-0.1641300	-0.6330700	0.6872000	-0.0341700	-0.4595000	0.4581800	0.0194300	-0.6213000	0.1160000	-0.0366500	-0.6466800	0.6797400	-0.3025900	-0.4634300	0.4525800	-0.3588800	-0.6559000	0.1108900	-0.3122400	-0.5092100	0.0267700	-0.3278300	-0.5303200	0.0331200	-0.3693800	-0.7193700	0.0817400	-0.2868200	-0.4874600	0.0469600	-0.0344900	-0.5051000	0.0592300	0.0214400	-0.7278400	0.0573100	-0.0726500
329	5.4666667	-0.5066400	1.1301000	-0.1716300	-0.4777800	1.1210200	0.0072200	-0.5585900	0.8594100	0.1147900	-0.5344400	0.6296200	0.1540400	-0.4673500	1.1449600	-0.3484000	-0.5834100	0.9032800	-0.4530100	-0.5592500	0.6708700	-0.4932800	-0.6162500	0.6992600	-0.1639900	-0.6342400	0.7032700	-0.0347200	-0.4795100	0.4518200	0.0157500	-0.6199000	0.1169600	-0.0367500	-0.6480600	0.6855900	-0.3031200	-0.4657500	0.4520300	-0.3593300	-0.6565100	0.1168000	-0.3112600	-0.4885300	0.0412000	-0.3198300	-0.5136200	0.0411400	-0.3622000	-0.7214700	0.0877000	-0.2882700	-0.4883800	0.0464600	-0.0342300	-0.5084300	0.0632200	0.0213200	-0.7248800	0.0637100	-0.0736300
330	5.4833333	-0.5067500	1.1443200	-0.1722100	-0.4787800	1.1362500	0.0068200	-0.5430600	0.8778000	0.1095300	-0.5337000	0.6452300	0.1538700	-0.4528100	1.1602100	-0.3512800	-0.5854300	0.9135100	-0.4530500	-0.5598100	0.6767300	-0.4922000	-0.6163800	0.7053500	-0.1638400	-0.6328000	0.7101200	-0.0339300	-0.4589200	0.4637300	0.0195600	-0.6211800	0.1161900	-0.0366700	-0.6466700	0.6965200	-0.3022900	-0.4641800	0.4524200	-0.3587500	-0.6556800	0.1226600	-0.3119500	-0.4867900	0.0418300	-0.3192400	-0.5106300	0.0417600	-0.3618100	-0.7211600	0.0880400	-0.2874400	-0.4878500	0.0467700	-0.0344800	-0.5073300	0.0633400	0.0209200	-0.7265100	0.0628500	-0.0733100
331	5.5000000	-0.5065300	1.1599000	-0.1719800	-0.4787700	1.1553000	0.0061100	-0.5820400	0.8936200	0.1092800	-0.5352400	0.6508200	0.1529800	-0.4688400	1.1744800	-0.3484600	-0.5842300	0.9301200	-0.4523900	-0.5591500	0.6825200	-0.4926500	-0.6167700	0.7212500	-0.1641200	-0.6344100	0.7254300	-0.0350300	-0.4641900	0.4613000	0.0101600	-0.6197400	0.1169400	-0.0368100	-0.6489700	0.7082500	-0.3031600	-0.4654900	0.4464200	-0.3588700	-0.6592400	0.1159800	-0.3126000	-0.4882600	0.0410100	-0.3198700	-0.5132200	0.0411900	-0.3621700	-0.7208600	0.0881800	-0.2881800	-0.4886000	0.0463800	-0.0342800	-0.5084300	0.0631200	0.0212800	-0.7256500	0.0585200	-0.0730700
332	5.5166667	-0.5075900	1.1788600	-0.1725500	-0.4789800	1.1653500	0.0060600	-0.5437000	0.9135100	0.1083400	-0.5340000	0.6615300	0.1531600	-0.4549100	1.1894600	-0.3515500	-0.5865800	0.9453100	-0.4526400	-0.5599700	0.6989500	-0.4916600	-0.6174800	0.7272400	-0.1640900	-0.6332400	0.7264400	-0.0343300	-0.4637800	0.4622400	0.0094400	-0.6213000	0.1160600	-0.0367500	-0.6481700	0.7190100	-0.3025100	-0.4827500	0.4472700	-0.3555100	-0.6574900	0.1163700	-0.3128000	-0.4869400	0.0416900	-0.3192800	-0.5106600	0.0416300	-0.3617900	-0.6998300	0.0958400	-0.2913600	-0.4879400	0.0466800	-0.0344900	-0.5076300	0.0631200	0.0208400	-0.7275800	0.0578200	-0.0727700
333	5.5333333	-0.5086500	1.1946800	-0.1723700	-0.4797900	1.1847400	0.0056200	-0.5599100	0.9324700	0.1125800	-0.5360000	0.6775900	0.1519600	-0.4531900	1.2042400	-0.3513500	-0.5847900	0.9567600	-0.4521300	-0.5603000	0.7205000	-0.4918000	-0.6173400	0.7431000	-0.1642100	-0.6348400	0.7417000	-0.0351800	-0.4646200	0.4614300	0.0100300	-0.6433600	0.1077700	-0.0424600	-0.6491600	0.7308000	-0.3031800	-0.4660500	0.4574500	-0.3481400	-0.6575900	0.1222600	-0.3118100	-0.4882900	0.0410000	-0.3198700	-0.5151600	0.0457200	-0.3629400	-0.7209500	0.0880400	-0.2883100	-0.4888100	0.0462600	-0.0343000	-0.5065700	0.0589100	0.0218100	-0.7262400	0.0585300	-0.0731000
334	5.5500000	-0.5077500	1.2132700	-0.1728100	-0.4795600	1.2085400	0.0051700	-0.5835200	0.9407500	0.1087900	-0.5581900	0.6994200	0.1476100	-0.4547700	1.2279100	-0.3509900	-0.5872800	0.9774400	-0.4520700	-0.5801900	0.7342900	-0.4889800	-0.6184900	0.7544100	-0.1648300	-0.6350800	0.7527200	-0.0350300	-0.4656500	0.4671800	0.0088300	-0.6448000	0.1069200	-0.0423400	-0.6478800	0.7417800	-0.3028600	-0.4645600	0.4526500	-0.3481000	-0.6546900	0.1171200	-0.3114100	-0.5088400	0.0265100	-0.3277800	-0.5122900	0.0461400	-0.3625800	-0.6977500	0.0898400	-0.2906700	-0.4880900	0.0466600	-0.0345100	-0.5056100	0.0590100	0.0214200	-0.7307100	0.0636700	-0.0721900
335	5.5666667	-0.5093100	1.2334900	-0.1726300	-0.4959200	1.2228900	0.0094800	-0.5610800	0.9593300	0.1118600	-0.5605100	0.7208400	0.1464700	-0.4542700	1.2381000	-0.3510100	-0.5856100	0.9886800	-0.4517300	-0.5603200	0.7486300	-0.4807300	-0.6398400	0.7613600	-0.1711900	-0.6361600	0.7628600	-0.0359000	-0.4823000	0.4675800	0.0147600	-0.6433000	0.1077700	-0.0424200	-0.6495900	0.7531300	-0.3034900	-0.4668900	0.4629500	-0.3485700	-0.6574800	0.1106200	-0.3118500	-0.5077900	0.0321600	-0.3273100	-0.5134800	0.0410200	-0.3622500	-0.6951800	0.0910400	-0.2796600	-0.5061500	0.0391000	-0.0292000	-0.5066000	0.0589700	0.0218700	-0.7247300	0.0635800	-0.0737300
336	5.5833333	-0.5095400	1.2524600	-0.1733000	-0.4813600	1.2425900	0.0040200	-0.5664300	0.9788800	0.1019100	-0.5597200	0.7316000	0.1465500	-0.4735100	1.2619300	-0.3481000	-0.5879600	1.0094000	-0.4516700	-0.5607000	0.7703400	-0.4795700	-0.6180000	0.7713000	-0.1647600	-0.6346100	0.7642900	-0.0353500	-0.4872500	0.4609600	0.0034800	-0.6448200	0.1068700	-0.0423900	-0.6484100	0.7637600	-0.3027800	-0.4829200	0.4586500	-0.3445800	-0.6547700	0.1169800	-0.3113900	-0.5047100	0.0280500	-0.3260200	-0.5300000	0.0330900	-0.3695000	-0.6748300	0.0987000	-0.2830600	-0.5055300	0.0393100	-0.0293800	-0.5057500	0.0589300	0.0214600	-0.7064100	0.0704900	-0.0786700
337	5.6000000	-0.5114100	1.2682300	-0.1733700	-0.4812100	1.2567900	0.0037600	-0.5666500	0.9997400	0.1003400	-0.5611100	0.7429700	0.1456200	-0.4735800	1.2814700	-0.3482200	-0.5868500	1.0305900	-0.4407000	-0.5421600	0.7843100	-0.4716000	-0.6178900	0.7768700	-0.1648900	-0.6354300	0.7748800	-0.0360800	-0.4897900	0.4759800	0.0037400	-0.6626100	0.1007600	-0.0372600	-0.6497400	0.7699100	-0.3034200	-0.4875800	0.4687100	-0.3460700	-0.6555500	0.1110500	-0.3107200	-0.5065300	0.0272000	-0.3266400	-0.5329000	0.0325600	-0.3698900	-0.6951500	0.0771800	-0.2900500	-0.5063700	0.0388800	-0.0292000	-0.5067600	0.0588700	0.0218900	-0.7065700	0.0771700	-0.0784500
338	5.6166667	-0.5107900	1.2865700	-0.1736500	-0.4967200	1.2762100	0.0082100	-0.5678300	1.0202600	0.1006400	-0.5438300	0.7714200	0.1392800	-0.4926100	1.3006200	-0.3548300	-0.5888100	1.0463800	-0.4405900	-0.5434400	0.8059700	-0.4708600	-0.5997600	0.7855900	-0.1691900	-0.6344200	0.7813600	-0.0353200	-0.4878300	0.4720300	0.0033500	-0.6456600	0.1121300	-0.0429900	-0.6293000	0.7833800	-0.3065300	-0.5025400	0.4643800	-0.3411100	-0.6537600	0.1113600	-0.3108300	-0.5049300	0.0281400	-0.3260700	-0.5299900	0.0331600	-0.3695400	-0.6722900	0.0863200	-0.2818800	-0.5056800	0.0393100	-0.0294400	-0.5058600	0.0590200	0.0214500	-0.7082000	0.0765300	-0.0781900
339	5.6333333	-0.5122700	1.3066000	-0.1735900	-0.4976700	1.2956400	0.0076500	-0.5681100	1.0355000	0.0991800	-0.5462100	0.7823100	0.1383200	-0.4916800	1.3106200	-0.3548600	-0.6071600	1.0661000	-0.4479400	-0.5432800	0.8271500	-0.4707600	-0.5995900	0.7962200	-0.1689700	-0.6352200	0.7922300	-0.0360000	-0.4889000	0.4818300	0.0037400	-0.6434800	0.1080900	-0.0424800	-0.6306000	0.7898200	-0.3072600	-0.5050400	0.4692700	-0.3420700	-0.6552500	0.1111900	-0.3106300	-0.5085000	0.0319900	-0.3275300	-0.5331000	0.0326200	-0.3699800	-0.6714900	0.0865700	-0.2823100	-0.4888400	0.0462300	-0.0343700	-0.5064000	0.0590800	0.0218500	-0.7065000	0.0773200	-0.0784000
340	5.6500000	-0.5282800	1.3207600	-0.1700000	-0.4985000	1.3146500	0.0071000	-0.5906200	1.0495300	0.0949500	-0.5680900	0.7997400	0.1339500	-0.4951600	1.3298500	-0.3551300	-0.6092900	1.0765400	-0.4481700	-0.5624200	0.8410900	-0.4675600	-0.6183000	0.8099800	-0.1650500	-0.6347100	0.8088000	-0.0357400	-0.5095900	0.4768100	-0.0022700	-0.6450800	0.1123600	-0.0431200	-0.6492400	0.7976700	-0.3029500	-0.5213100	0.4703800	-0.3374000	-0.6547100	0.1168500	-0.3114800	-0.5071800	0.0328600	-0.3268900	-0.5316900	0.0379200	-0.3703300	-0.6955800	0.0717900	-0.2902500	-0.4879500	0.0467100	-0.0345100	-0.5075500	0.0633200	0.0208900	-0.7061600	0.0704800	-0.0788000
341	5.6666667	-0.5294000	1.3313600	-0.1698200	-0.4996700	1.3244900	0.0069000	-0.5680300	1.0715500	0.0979400	-0.5697700	0.8161000	0.1331400	-0.5125000	1.3448900	-0.3624900	-0.6080300	1.0975200	-0.4476400	-0.5627800	0.8516900	-0.4678200	-0.6003700	0.8230100	-0.1693400	-0.6356200	0.8190800	-0.0366100	-0.5102800	0.4815100	-0.0015100	-0.6434200	0.1080300	-0.0424600	-0.6310900	0.8120400	-0.3071500	-0.5236100	0.4700000	-0.3378200	-0.6577500	0.1103300	-0.3119900	-0.5084200	0.0319900	-0.3274500	-0.5343600	0.0374200	-0.3706900	-0.6956800	0.0718000	-0.2907200	-0.4884800	0.0463400	-0.0343900	-0.5060200	0.0591700	0.0218900	-0.7261300	0.0579400	-0.0731100
342	5.6833333	-0.5487900	1.3504600	-0.1763200	-0.4998300	1.3384600	0.0067900	-0.5694800	1.0817800	0.0986200	-0.5689100	0.8317400	0.1329700	-0.4969300	1.3587100	-0.3651600	-0.6103600	1.1080700	-0.4478000	-0.5452200	0.8651300	-0.4591700	-0.6188000	0.8317200	-0.1652100	-0.6348800	0.8306200	-0.0361000	-0.5320300	0.4813800	-0.0079200	-0.6454300	0.1132200	-0.0418200	-0.6496100	0.8198700	-0.3028900	-0.5410500	0.4763300	-0.3335800	-0.6549700	0.1051400	-0.3115400	-0.5068200	0.0329700	-0.3268500	-0.5317400	0.0377900	-0.3703500	-0.6961200	0.0713800	-0.2903300	-0.5089800	0.0374200	-0.0401400	-0.5047400	0.0593700	0.0214100	-0.7303500	0.0631700	-0.0720900
343	5.7000000	-0.5501100	1.3709300	-0.1763800	-0.5201400	1.3584400	0.0012300	-0.5916100	1.0960100	0.0926000	-0.5709700	0.8474000	0.1319000	-0.5126600	1.3827700	-0.3616900	-0.6087300	1.1240100	-0.4471600	-0.5643600	0.8835200	-0.4565800	-0.6003500	0.8445700	-0.1694300	-0.6354000	0.8354700	-0.0369700	-0.5391400	0.4897500	-0.0183400	-0.6438700	0.1143600	-0.0418800	-0.6309200	0.8341300	-0.3069700	-0.5436800	0.4762200	-0.3340400	-0.6568900	0.1047600	-0.3113600	-0.5059300	0.0276900	-0.3266500	-0.5138000	0.0407900	-0.3731500	-0.6972000	0.0652500	-0.2915200	-0.5098800	0.0371500	-0.0399800	-0.5058400	0.0594100	0.0218900	-0.7281000	0.0638600	-0.0722900
344	5.7166667	-0.5503900	1.3894700	-0.1769900	-0.5213000	1.3867800	0.0003300	-0.5925300	1.1114900	0.0928900	-0.5696500	0.8629800	0.1318600	-0.5151700	1.3930700	-0.3616300	-0.6109700	1.1444700	-0.4472400	-0.5847700	0.9031400	-0.4532900	-0.6010200	0.8558000	-0.1698000	-0.6349700	0.8470000	-0.0366200	-0.5784600	0.4800700	-0.0193300	-0.6450700	0.1185700	-0.0425300	-0.6304300	0.8496600	-0.3066200	-0.5606000	0.4827700	-0.3299400	-0.6551600	0.1050300	-0.3115500	-0.5047700	0.0394900	-0.3258500	-0.5302100	0.0444600	-0.3694400	-0.6976700	0.0650000	-0.2912300	-0.5092000	0.0374000	-0.0400200	-0.5050700	0.0593600	0.0215000	-0.7271900	0.0571200	-0.0727300
345	5.7333333	-0.5512900	1.4044400	-0.1767600	-0.5221600	1.3967500	-0.0001100	-0.5757000	1.1319300	0.0859000	-0.5716300	0.8794400	0.1308500	-0.5151400	1.4116400	-0.3617300	-0.5906000	1.1556100	-0.4391300	-0.5844000	0.9135900	-0.4533700	-0.6002200	0.8558900	-0.1696500	-0.6353500	0.8573200	-0.0373700	-0.5634700	0.4890300	-0.0246000	-0.6440000	0.1194500	-0.0426200	-0.6302200	0.8507100	-0.3072000	-0.5632600	0.4877000	-0.3299200	-0.6569100	0.1048200	-0.3114200	-0.4848800	0.0424700	-0.3182200	-0.5134700	0.0409200	-0.3729900	-0.6977400	0.0649800	-0.2917600	-0.5103600	0.0368600	-0.0398700	-0.5063100	0.0592500	0.0219600	-0.7282300	0.0633900	-0.0725100
346	5.7500000	-0.5505000	1.4130600	-0.1772700	-0.5208400	1.4056200	0.0000700	-0.5979400	1.1416500	0.0817800	-0.5925900	0.8870800	0.1267200	-0.5171600	1.4169000	-0.3623200	-0.6117400	1.1650200	-0.4470900	-0.5857100	0.9245000	-0.4526900	-0.6004200	0.8615900	-0.1698800	-0.6349700	0.8579800	-0.0368200	-0.6027800	0.4850300	-0.0253600	-0.6450900	0.1185800	-0.0426100	-0.6293200	0.8556900	-0.3063400	-0.5609700	0.4885700	-0.3291300	-0.6565100	0.1101600	-0.3122400	-0.4865200	0.0419700	-0.3193000	-0.5310000	0.0379700	-0.3701900	-0.6983500	0.0647200	-0.2914800	-0.5057000	0.0391500	-0.0293800	-0.5224100	0.0522300	0.0268700	-0.7057900	0.0702100	-0.0785700
347	5.7666667	-0.5354300	1.4228300	-0.1810700	-0.5214700	1.4152500	-0.0003000	-0.6155500	1.1514700	0.0862700	-0.5946400	0.9035300	0.1259200	-0.5159900	1.4359600	-0.3622400	-0.6106100	1.1757200	-0.4467800	-0.5851300	0.9298300	-0.4529600	-0.6001000	0.8665200	-0.1696000	-0.6352900	0.8632600	-0.0373700	-0.5899800	0.4988100	-0.0412500	-0.6436200	0.1196600	-0.0426500	-0.6299600	0.8563500	-0.3068300	-0.5629700	0.4994700	-0.3187100	-0.6582200	0.1100300	-0.3121000	-0.5073900	0.0326600	-0.3272000	-0.5147000	0.0456400	-0.3737000	-0.6978100	0.0649800	-0.2918300	-0.4888900	0.0462200	-0.0343100	-0.5061500	0.0593700	0.0219900	-0.7240700	0.0634000	-0.0735300
348	5.7833333	-0.5514300	1.4418200	-0.1777400	-0.5218600	1.4249400	-0.0004500	-0.6163600	1.1615000	0.0866400	-0.5759900	0.9152700	0.1200900	-0.5171700	1.4498400	-0.3620300	-0.6121200	1.1857700	-0.4469700	-0.5862500	0.9407000	-0.4525400	-0.6001100	0.8672700	-0.1699200	-0.6168600	0.8660700	-0.0420100	-0.6083000	0.5060200	-0.0369900	-0.6447200	0.1190600	-0.0425200	-0.6103100	0.8688700	-0.3099700	-0.6008700	0.4895400	-0.3218300	-0.6774300	0.1025200	-0.3084900	-0.5060600	0.0333800	-0.3267300	-0.4928600	0.0543300	-0.3659000	-0.7194300	0.0566400	-0.2874500	-0.5080000	0.0434900	-0.0299200	-0.5245000	0.0565400	0.0264300	-0.7008500	0.0727700	-0.0670400
349	5.8000000	-0.5531200	1.4522500	-0.1776300	-0.5226500	1.4342300	-0.0006400	-0.6170000	1.1715400	0.0853700	-0.5789400	0.9259700	0.1191600	-0.4991000	1.4488200	-0.3649700	-0.6109400	1.1912900	-0.4467500	-0.6046900	0.9490800	-0.4499900	-0.5999400	0.8721000	-0.1697700	-0.6172700	0.8713900	-0.0426200	-0.5917400	0.5036300	-0.0419500	-0.6435900	0.1136900	-0.0430300	-0.6106500	0.8694300	-0.3106000	-0.6027300	0.4955300	-0.3107500	-0.6587300	0.1100600	-0.3119400	-0.5057100	0.0388200	-0.3262800	-0.4953000	0.0541500	-0.3662000	-0.6979000	0.0648700	-0.2916400	-0.5087400	0.0432800	-0.0297200	-0.5258200	0.0563400	0.0269100	-0.6990500	0.0732700	-0.0672500
350	5.8166667	-0.5514900	1.4561700	-0.1777400	-0.5227600	1.4438100	-0.0009200	-0.6231300	1.1815400	0.0757000	-0.6000100	0.9336100	0.1149200	-0.5011200	1.4583300	-0.3650100	-0.6121500	1.2061700	-0.4468100	-0.6052900	0.9602200	-0.4495100	-0.6003500	0.8779500	-0.1700700	-0.6171500	0.8768600	-0.0423300	-0.6130700	0.5047900	-0.0478900	-0.6448300	0.1127200	-0.0430200	-0.6105900	0.8742700	-0.3099100	-0.6213400	0.4905800	-0.3061600	-0.6759100	0.1089700	-0.3075800	-0.5063000	0.0333200	-0.3267500	-0.5119900	0.0461700	-0.3733500	-0.6975700	0.0648300	-0.2911800	-0.5081600	0.0434400	-0.0300200	-0.5073800	0.0635400	0.0210100	-0.7007000	0.0722400	-0.0669000
351	5.8333333	-0.5536100	1.4621700	-0.1778600	-0.5233700	1.4529200	-0.0012800	-0.6234900	1.1869800	0.0746500	-0.5788000	0.9365400	0.1186400	-0.4995000	1.4627100	-0.3647200	-0.6104300	1.2115600	-0.4463200	-0.6046000	0.9654900	-0.4496900	-0.6002900	0.8827800	-0.1698600	-0.6176500	0.8766400	-0.0429100	-0.6139000	0.5038700	-0.0474800	-0.6434800	0.1135900	-0.0431200	-0.6107600	0.8802100	-0.3104500	-0.6434300	0.4909800	-0.3031500	-0.6776400	0.1089700	-0.3072900	-0.5057400	0.0387900	-0.3263900	-0.5135300	0.0522600	-0.3729300	-0.6972100	0.0651900	-0.2912900	-0.4910300	0.0501800	-0.0348800	-0.5081300	0.0633400	0.0214300	-0.6989200	0.0666200	-0.0677700
352	5.8500000	-0.5361600	1.4603300	-0.1821100	-0.5247200	1.4580300	-0.0017600	-0.6242700	1.1922600	0.0752800	-0.5768600	0.9421300	0.1191100	-0.5189700	1.4689700	-0.3720800	-0.6128900	1.2164700	-0.4469200	-0.6055900	0.9711600	-0.4493300	-0.6006500	0.8833100	-0.1701200	-0.6179000	0.8873500	-0.0426900	-0.6150200	0.5098300	-0.0488500	-0.6449500	0.1128400	-0.0432100	-0.6104100	0.8798700	-0.3100400	-0.6414600	0.4912800	-0.3025300	-0.6760100	0.1089700	-0.3074900	-0.5051300	0.0393800	-0.3258200	-0.5301700	0.0445900	-0.3694200	-0.6962700	0.0592700	-0.2905900	-0.5079400	0.0430200	-0.0299100	-0.5073200	0.0632800	0.0210100	-0.7008500	0.0724200	-0.0670800
353	5.8666667	-0.5569100	1.4718700	-0.1880000	-0.5250000	1.4583100	-0.0018700	-0.6238700	1.1971700	0.0741800	-0.5787200	0.9468900	0.1183600	-0.5179100	1.4689300	-0.3721200	-0.6114400	1.2168100	-0.4466400	-0.6048300	0.9758600	-0.4495800	-0.6005400	0.8830800	-0.1700500	-0.6181700	0.8871800	-0.0433200	-0.6194700	0.5189500	-0.0591200	-0.6436800	0.1137500	-0.0432500	-0.6110900	0.8856900	-0.3104500	-0.6641400	0.4858600	-0.2994200	-0.6777400	0.1088900	-0.3074100	-0.4864900	0.0474200	-0.3188000	-0.5144100	0.0464200	-0.3629700	-0.6970400	0.0651200	-0.2915400	-0.5086400	0.0428500	-0.0298000	-0.5082000	0.0633600	0.0215200	-0.6993000	0.0730300	-0.0673000
354	5.8833333	-0.5558500	1.4709700	-0.1882900	-0.5452000	1.4599800	-0.0066400	-0.6242100	1.1972300	0.0749200	-0.5768700	0.9467500	0.1188100	-0.5194000	1.4692300	-0.3722600	-0.6129600	1.2166800	-0.4470100	-0.6056400	0.9763700	-0.4493300	-0.6006300	0.8888400	-0.1702500	-0.6182300	0.8924000	-0.0428300	-0.6389200	0.5091500	-0.0551600	-0.6450700	0.1126800	-0.0432800	-0.6104100	0.8906100	-0.3099900	-0.6627400	0.4917000	-0.2992200	-0.6759100	0.1089500	-0.3075900	-0.5050800	0.0394500	-0.3257600	-0.5110400	0.0525300	-0.3724800	-0.6959100	0.0593000	-0.2907500	-0.5080900	0.0433600	-0.0299000	-0.5245300	0.0564100	0.0263200	-0.7006600	0.0657700	-0.0676200
355	5.9000000	-0.5576200	1.4719800	-0.1881600	-0.5453900	1.4599700	-0.0068000	-0.6245200	1.1974400	0.0741000	-0.5788400	0.9470200	0.1184400	-0.5185700	1.4689800	-0.3723000	-0.6307500	1.2166500	-0.4546400	-0.6048400	0.9758800	-0.4495700	-0.6005800	0.8883200	-0.1701400	-0.6183600	0.8919500	-0.0434200	-0.6199900	0.5188200	-0.0594400	-0.6438500	0.1135600	-0.0433200	-0.6106300	0.8859100	-0.3105200	-0.6656600	0.4912500	-0.2998100	-0.6778200	0.1087800	-0.3074600	-0.4863900	0.0474000	-0.3188200	-0.5129700	0.0528100	-0.3620900	-0.6956800	0.0595400	-0.2909100	-0.5087700	0.0430000	-0.0298000	-0.5083400	0.0633700	0.0214700	-0.6992100	0.0664300	-0.0679100
356	5.9166667	-0.5729000	1.4721900	-0.1845200	-0.5456100	1.4599500	-0.0066900	-0.6469200	1.1968900	0.0703900	-0.5771000	0.9467900	0.1188800	-0.5199900	1.4691600	-0.3724400	-0.6325000	1.2162000	-0.4550200	-0.6056900	0.9710200	-0.4494400	-0.6008000	0.8884800	-0.1701700	-0.6182100	0.8873900	-0.0426400	-0.6014100	0.5183400	-0.0655400	-0.6449700	0.1127200	-0.0434100	-0.6106900	0.8799200	-0.3098400	-0.6634500	0.4913900	-0.2992400	-0.6769300	0.1026600	-0.3082300	-0.4852600	0.0481100	-0.3183400	-0.5103600	0.0530300	-0.3617400	-0.6959300	0.0592200	-0.2907200	-0.5078300	0.0431900	-0.0298900	-0.5071900	0.0633600	0.0209700	-0.7008100	0.0657500	-0.0677300
357	5.9333333	-0.5751900	1.4689200	-0.1845600	-0.5457300	1.4597700	-0.0068100	-0.6472900	1.1968900	0.0695200	-0.5791700	0.9468400	0.1185700	-0.5189000	1.4688100	-0.3723700	-0.6113800	1.2118000	-0.4466300	-0.6049400	0.9705500	-0.4496600	-0.6008300	0.8881400	-0.1701100	-0.6184000	0.8872000	-0.0432200	-0.6185500	0.5081500	-0.0594200	-0.6434700	0.1135800	-0.0434200	-0.6109600	0.8805100	-0.3103700	-0.6655800	0.4912600	-0.2997800	-0.6571100	0.1049100	-0.3111600	-0.4862900	0.0474400	-0.3187400	-0.5129700	0.0527900	-0.3620300	-0.6954500	0.0594500	-0.2908900	-0.5084100	0.0429800	-0.0297700	-0.5082900	0.0633700	0.0214500	-0.6988900	0.0664200	-0.0680000
358	5.9500000	-0.5720500	1.4673200	-0.1841600	-0.5459500	1.4598100	-0.0068100	-0.6464200	1.1914400	0.0705400	-0.5775900	0.9465600	0.1190200	-0.5199300	1.4690100	-0.3723500	-0.6130500	1.2113600	-0.4469300	-0.5868200	0.9674000	-0.4523200	-0.6217200	0.8807100	-0.1764600	-0.6182900	0.8873500	-0.0426300	-0.6179400	0.5085600	-0.0598700	-0.6448200	0.1127700	-0.0434000	-0.6102000	0.8799300	-0.3101100	-0.6621600	0.4860100	-0.2988600	-0.6769600	0.1025900	-0.3082000	-0.4851700	0.0481700	-0.3183600	-0.5104600	0.0529900	-0.3617500	-0.6961700	0.0590300	-0.2907500	-0.5054100	0.0392600	-0.0292300	-0.5244300	0.0563300	0.0263300	-0.7006200	0.0658900	-0.0677700
359	5.9666667	-0.5744200	1.4640200	-0.1842500	-0.5455200	1.4595400	-0.0069000	-0.6468400	1.1868000	0.0697300	-0.5793400	0.9468700	0.1186600	-0.5191300	1.4686800	-0.3723300	-0.6309800	1.2062900	-0.4547100	-0.5862900	0.9669300	-0.4524700	-0.6218800	0.8800200	-0.1764300	-0.6184700	0.8821800	-0.0430000	-0.6180000	0.5079800	-0.0593200	-0.6439300	0.1135400	-0.0434100	-0.6106800	0.8802400	-0.3106600	-0.6643500	0.4856400	-0.2995000	-0.6778400	0.1087900	-0.3073100	-0.5058300	0.0388700	-0.3262200	-0.5326200	0.0444900	-0.3696700	-0.6959400	0.0594300	-0.2906900	-0.5061800	0.0390400	-0.0291200	-0.5255200	0.0563700	0.0268800	-0.7242600	0.0629900	-0.0735800
360	5.9833333	-0.5727900	1.4628300	-0.1845100	-0.5456300	1.4596000	-0.0069900	-0.6463500	1.1862900	0.0704700	-0.5769400	0.9411600	0.1192200	-0.5364800	1.4657000	-0.3693000	-0.6136200	1.2011800	-0.4474100	-0.5872400	0.9623200	-0.4526300	-0.6219100	0.8803000	-0.1765300	-0.6184000	0.8823900	-0.0424500	-0.5763300	0.5136900	-0.0588600	-0.6452200	0.1127200	-0.0434000	-0.6107400	0.8744200	-0.3101500	-0.6416700	0.4906900	-0.3025800	-0.6759000	0.1089700	-0.3073100	-0.5051400	0.0394500	-0.3259200	-0.5302800	0.0446600	-0.3694200	-0.6973600	0.0648700	-0.2911500	-0.5055000	0.0392400	-0.0292000	-0.5245300	0.0563300	0.0263500	-0.7260900	0.0624500	-0.0733500
361	6.0000000	-0.5746500	1.4637800	-0.1843000	-0.5456500	1.4594200	-0.0071000	-0.6466900	1.1764900	0.0700400	-0.5789100	0.9367200	0.1190700	-0.5352700	1.4653000	-0.3690100	-0.6120600	1.2013900	-0.4469500	-0.6052100	0.9597800	-0.4607900	-0.6038400	0.8767800	-0.1805500	-0.6175000	0.8764900	-0.0431900	-0.5752900	0.5024100	-0.0580700	-0.6439000	0.1136600	-0.0434100	-0.6109100	0.8747400	-0.3106900	-0.6432500	0.4852200	-0.3030000	-0.6777700	0.1089100	-0.3072700	-0.5061700	0.0386300	-0.3264200	-0.5328600	0.0443400	-0.3697700	-0.6969300	0.0653800	-0.2911500	-0.4905700	0.0505700	-0.0348600	-0.5081400	0.0635600	0.0214200	-0.7245600	0.0632400	-0.0735900
362	6.0166667	-0.5729300	1.4624600	-0.1843800	-0.5455000	1.4504400	-0.0066700	-0.6468000	1.1761400	0.0708600	-0.5768600	0.9364200	0.1194000	-0.5368700	1.4610900	-0.3693100	-0.6128300	1.1960900	-0.4472200	-0.6057100	0.9548200	-0.4607600	-0.6034200	0.8720300	-0.1806500	-0.6175100	0.8719000	-0.0423500	-0.5746700	0.5031300	-0.0585500	-0.6450000	0.1191100	-0.0428600	-0.5915900	0.8713300	-0.3138200	-0.6210800	0.4901900	-0.3062400	-0.6760900	0.1089500	-0.3073500	-0.5053100	0.0392800	-0.3260900	-0.5304500	0.0444500	-0.3695300	-0.6964200	0.0708600	-0.2903200	-0.4900800	0.0509600	-0.0350300	-0.5051400	0.0706300	0.0213200	-0.7262800	0.0628200	-0.0733300
363	6.0333333	-0.5743500	1.4543600	-0.1840900	-0.5450600	1.4500400	-0.0067400	-0.6457700	1.1711200	0.0703800	-0.5790200	0.9363600	0.1190300	-0.5358200	1.4605500	-0.3692000	-0.6115500	1.1910900	-0.4468700	-0.5855400	0.9509500	-0.4634400	-0.6217600	0.8692000	-0.1764800	-0.6176200	0.8714600	-0.0430100	-0.5932100	0.4979700	-0.0526700	-0.6437200	0.1198200	-0.0426500	-0.6109100	0.8693600	-0.3107500	-0.6028800	0.4952900	-0.3107500	-0.6779700	0.1088600	-0.3073800	-0.5060300	0.0387700	-0.3264700	-0.5329700	0.0443200	-0.3698300	-0.7172200	0.0632400	-0.2865100	-0.4907500	0.0506800	-0.0349900	-0.5080700	0.0636900	0.0213700	-0.7246100	0.0633300	-0.0733900
364	6.0500000	-0.5723500	1.4528800	-0.1841800	-0.5447400	1.4408900	-0.0062500	-0.6465700	1.1658400	0.0713400	-0.5768900	0.9305200	0.1194400	-0.5365300	1.4518100	-0.3692700	-0.6128200	1.1858600	-0.4471700	-0.5862300	0.9461300	-0.4634700	-0.6214200	0.8643500	-0.1765700	-0.6172700	0.8659600	-0.0423700	-0.5528800	0.5086000	-0.0527400	-0.6217500	0.1218700	-0.0374100	-0.6110100	0.8685900	-0.3103400	-0.6014100	0.4892600	-0.3217500	-0.6777100	0.1023700	-0.3083600	-0.5051400	0.0393400	-0.3260500	-0.5304600	0.0443600	-0.3695200	-0.7194200	0.0565600	-0.2875300	-0.4901700	0.0509600	-0.0351200	-0.5067900	0.0637700	0.0208800	-0.7008800	0.0725000	-0.0668300
365	6.0666667	-0.5737500	1.4446100	-0.1837900	-0.5425800	1.4356100	-0.0058500	-0.6235200	1.1615700	0.0754000	-0.5786800	0.9258100	0.1193600	-0.5357700	1.4512800	-0.3691200	-0.6114200	1.1857200	-0.4468500	-0.5854400	0.9454600	-0.4636300	-0.6215200	0.8638500	-0.1765400	-0.5993500	0.8678800	-0.0479100	-0.5707700	0.4981500	-0.0464500	-0.6437500	0.1195500	-0.0424400	-0.6113600	0.8639600	-0.3106900	-0.5832500	0.4887400	-0.3258400	-0.6572200	0.1048300	-0.3115100	-0.5056600	0.0388900	-0.3262200	-0.5336700	0.0379600	-0.3705400	-0.6978600	0.0649200	-0.2916500	-0.4904600	0.0509200	-0.0350900	-0.5076300	0.0638600	0.0213500	-0.6997500	0.0728200	-0.0671000
366	6.0833333	-0.5720600	1.4386100	-0.1841400	-0.5437300	1.4310100	-0.0059400	-0.6233700	1.1611300	0.0762100	-0.5931500	0.9132600	0.1257900	-0.5367800	1.4470200	-0.3695000	-0.6126800	1.1755000	-0.4475100	-0.5859800	0.9404800	-0.4637600	-0.6030200	0.8613100	-0.1805400	-0.5992700	0.8632700	-0.0470800	-0.5512800	0.4981700	-0.0516800	-0.6455800	0.1185800	-0.0426100	-0.6103200	0.8581500	-0.3104300	-0.5617700	0.4934200	-0.3290600	-0.6785000	0.1014800	-0.3198200	-0.5049100	0.0394800	-0.3259100	-0.5313000	0.0379800	-0.3702800	-0.7213600	0.0552800	-0.2994100	-0.4899800	0.0510100	-0.0351600	-0.5068600	0.0637200	0.0207900	-0.7269100	0.0624900	-0.0731300
367	6.1000000	-0.5530400	1.4237800	-0.1774500	-0.5420000	1.4164100	-0.0053300	-0.6230800	1.1510900	0.0758500	-0.5952200	0.8979700	0.1260400	-0.5347100	1.4368300	-0.3693600	-0.6114700	1.1703500	-0.4473000	-0.5845400	0.9347500	-0.4640100	-0.6037200	0.8605400	-0.1806400	-0.6170700	0.8548100	-0.0427900	-0.5700100	0.4875200	-0.0463100	-0.6444100	0.1194100	-0.0426600	-0.6108700	0.8583700	-0.3109900	-0.5639700	0.4878500	-0.3300800	-0.6582700	0.1099600	-0.3121600	-0.5048700	0.0337100	-0.3256900	-0.5135000	0.0410300	-0.3730800	-0.6980300	0.0649800	-0.2915900	-0.4881300	0.0467300	-0.0344500	-0.5079800	0.0636800	0.0213500	-0.7252100	0.0631300	-0.0734500
368	6.1166667	-0.5706800	1.4097000	-0.1836500	-0.5439300	1.4076200	-0.0055000	-0.6234100	1.1457200	0.0766000	-0.5931400	0.8927800	0.1267500	-0.5358500	1.4181600	-0.3696000	-0.6321700	1.1592200	-0.4558400	-0.5663100	0.9267200	-0.4667100	-0.6031700	0.8556600	-0.1807000	-0.6171500	0.8548800	-0.0420200	-0.5685400	0.4876700	-0.0467300	-0.6456400	0.1184500	-0.0426700	-0.6119400	0.8522200	-0.3214600	-0.5613700	0.4879600	-0.3295500	-0.6569900	0.1098100	-0.3121900	-0.5052700	0.0393000	-0.3260100	-0.5317300	0.0378000	-0.3703200	-0.7037600	0.0631400	-0.2933800	-0.4879900	0.0466800	-0.0344600	-0.5072600	0.0635700	0.0208900	-0.7268800	0.0624600	-0.0732800
369	6.1333333	-0.5719500	1.4057800	-0.1831700	-0.5428500	1.3979800	-0.0053200	-0.6234700	1.1358600	0.0761700	-0.5950800	0.8822200	0.1268400	-0.5517000	1.4093100	-0.3664100	-0.6297200	1.1543600	-0.4553200	-0.5644300	0.9210000	-0.4670000	-0.6036900	0.8550600	-0.1808400	-0.6172200	0.8544100	-0.0427300	-0.5655300	0.4822800	-0.0355000	-0.6446000	0.1192700	-0.0426500	-0.6121800	0.8526300	-0.3220000	-0.5438200	0.4819800	-0.3336200	-0.6589400	0.1097000	-0.3122400	-0.5057200	0.0387600	-0.3264300	-0.5339600	0.0376500	-0.3706300	-0.7482600	0.0460800	-0.2972000	-0.5095700	0.0372800	-0.0399800	-0.5082500	0.0635200	0.0213100	-0.7270400	0.0689900	-0.0729200
370	6.1500000	-0.5698800	1.3949800	-0.1831500	-0.5431300	1.3883700	-0.0049800	-0.6235800	1.1156100	0.0776000	-0.5929000	0.8713000	0.1275400	-0.5338300	1.4033100	-0.3591300	-0.6311900	1.1436200	-0.4559100	-0.5658000	0.9108000	-0.4672600	-0.6212000	0.8422300	-0.1764300	-0.6174700	0.8437000	-0.0416800	-0.5429000	0.4776100	-0.0301700	-0.6459400	0.1185600	-0.0428100	-0.6310200	0.8386800	-0.3181100	-0.5412000	0.4763500	-0.3336400	-0.6572600	0.1097300	-0.3121600	-0.5064200	0.0330600	-0.3269600	-0.5319000	0.0375300	-0.3702500	-0.7255400	0.0550500	-0.2895100	-0.5092600	0.0373800	-0.0399800	-0.5076700	0.0634600	0.0207500	-0.7289100	0.0686400	-0.0729400
371	6.1666667	-0.5729000	1.3770100	-0.1832200	-0.5226300	1.3636200	0.0006200	-0.6227400	1.0996900	0.0775100	-0.5947800	0.8550700	0.1275000	-0.5323900	1.3839900	-0.3691800	-0.6301500	1.1282400	-0.4558900	-0.5640000	0.8943400	-0.4673900	-0.6216100	0.8311900	-0.1760700	-0.6169700	0.8383500	-0.0421000	-0.5417000	0.4725900	-0.0289400	-0.6446300	0.1193900	-0.0427400	-0.6317800	0.8284400	-0.3183600	-0.5238500	0.4757700	-0.3374000	-0.6609700	0.1031900	-0.3130300	-0.5079300	0.0321500	-0.3274600	-0.5346700	0.0372700	-0.3706500	-0.7217800	0.0623300	-0.2881900	-0.5096700	0.0372400	-0.0399900	-0.5085100	0.0635400	0.0212500	-0.7274200	0.0695300	-0.0731400
372	6.1833333	-0.5705500	1.3562900	-0.1832100	-0.5233200	1.3495800	0.0009200	-0.6222100	1.0840800	0.0787300	-0.5923300	0.8436900	0.1280900	-0.5341400	1.3698900	-0.3699500	-0.6313700	1.1121300	-0.4568300	-0.5457100	0.8758300	-0.4701700	-0.6208700	0.8205900	-0.1760300	-0.6169400	0.8228700	-0.0412100	-0.5365800	0.4744900	-0.0186200	-0.6458400	0.1187100	-0.0427400	-0.6309700	0.8170000	-0.3180300	-0.5205200	0.4760400	-0.3368300	-0.6569300	0.1099300	-0.3121300	-0.5069400	0.0330200	-0.3270100	-0.5321600	0.0375500	-0.3702600	-0.7216700	0.0620400	-0.2883900	-0.5091800	0.0373300	-0.0399800	-0.5052300	0.0593900	0.0212500	-0.7573700	0.0649000	-0.0785900
373	6.2000000	-0.5726100	1.3425100	-0.1830400	-0.5417900	1.3352000	-0.0034700	-0.5984800	1.0701400	0.0831200	-0.5942300	0.8176300	0.1286700	-0.5330400	1.3549700	-0.3699500	-0.6295300	1.1017700	-0.4564700	-0.5632100	0.8622000	-0.4786200	-0.6210500	0.8091500	-0.1759800	-0.6168400	0.8117100	-0.0416600	-0.5152700	0.4744000	-0.0125700	-0.6444400	0.1196800	-0.0425000	-0.6116200	0.8089600	-0.3218600	-0.5048500	0.4698900	-0.3420600	-0.6577600	0.1104500	-0.3120800	-0.5061500	0.0388400	-0.3262600	-0.5333100	0.0441100	-0.3696700	-0.6977900	0.0773900	-0.2911600	-0.4882000	0.0465400	-0.0344800	-0.5083200	0.0634600	0.0212200	-0.7302400	0.0761200	-0.0723900
374	6.2166667	-0.5688200	1.3267500	-0.1827100	-0.5419700	1.3212100	-0.0034200	-0.5976900	1.0589900	0.0839400	-0.5918200	0.8017000	0.1294400	-0.5333800	1.3359400	-0.3699600	-0.6108400	1.0815900	-0.4596000	-0.5640800	0.8515800	-0.4791200	-0.6207800	0.8039900	-0.1761900	-0.6171600	0.8057600	-0.0411600	-0.5308300	0.4651600	-0.0074900	-0.6453100	0.1188200	-0.0425800	-0.6115300	0.7974500	-0.3216700	-0.5022800	0.4641700	-0.3410300	-0.6556200	0.1105600	-0.3119600	-0.5056100	0.0392400	-0.3260200	-0.5309200	0.0441100	-0.3693100	-0.6969900	0.0774500	-0.2911100	-0.4880800	0.0464900	-0.0344700	-0.5053500	0.0591900	0.0212700	-0.7318600	0.0758200	-0.0723100
375	6.2333333	-0.5343900	1.3168800	-0.1803600	-0.5413000	1.3110100	-0.0032600	-0.5985100	1.0391600	0.0839200	-0.5707800	0.7946900	0.1337700	-0.5129300	1.3251300	-0.3624500	-0.6089600	1.0660800	-0.4592700	-0.5819000	0.8377700	-0.4875900	-0.6209100	0.7978000	-0.1759300	-0.6349600	0.7920800	-0.0364800	-0.5117400	0.4697700	-0.0021700	-0.6448600	0.1142300	-0.0421700	-0.6109400	0.7869600	-0.3219400	-0.5039000	0.4642500	-0.3416300	-0.6560700	0.1052100	-0.3114500	-0.5080500	0.0323100	-0.3273000	-0.5329500	0.0328100	-0.3698100	-0.6959100	0.0835900	-0.2902600	-0.4880800	0.0465000	-0.0344500	-0.5298900	0.0541400	0.0160800	-0.7356400	0.0744500	-0.0840700
376	6.2500000	-0.5321000	1.3014400	-0.1804200	-0.5415500	1.2874400	-0.0026400	-0.5981800	1.0233100	0.0853400	-0.5846300	0.7811000	0.1401500	-0.5126900	1.3110300	-0.3622400	-0.6099400	1.0501200	-0.4600500	-0.5638000	0.8246200	-0.4794300	-0.6205500	0.7873400	-0.1756400	-0.6353200	0.7867700	-0.0355300	-0.4883100	0.4604100	0.0031900	-0.6458300	0.1133900	-0.0422300	-0.6305800	0.7830500	-0.3177900	-0.5015500	0.4639900	-0.3410400	-0.6547700	0.1049600	-0.3114900	-0.5054000	0.0279900	-0.3261600	-0.5307100	0.0327200	-0.3694900	-0.6969200	0.0826300	-0.2905800	-0.4879000	0.0465500	-0.0344200	-0.5289900	0.0540700	0.0156100	-0.7366600	0.0735700	-0.0840000
377	6.2666667	-0.5342500	1.2785800	-0.1802700	-0.5254400	1.2724700	-0.0073000	-0.6153000	1.0115400	0.0905600	-0.5862200	0.7651100	0.1405800	-0.5115500	1.2918200	-0.3625700	-0.6072200	1.0347200	-0.4597500	-0.5625100	0.8079300	-0.4906800	-0.6207100	0.7708500	-0.1760500	-0.6160300	0.7726000	-0.0413400	-0.4900700	0.4544200	0.0035300	-0.6446600	0.1138800	-0.0422100	-0.6301200	0.7675000	-0.3185200	-0.4849700	0.4583100	-0.3452300	-0.6564700	0.1051900	-0.3115100	-0.5061500	0.0273700	-0.3264500	-0.5330500	0.0326100	-0.3698000	-0.6965400	0.0836500	-0.2902600	-0.4881800	0.0464900	-0.0345300	-0.5280300	0.0498500	0.0166400	-0.7352000	0.0738400	-0.0841400
378	6.2833333	-0.5510500	1.2672600	-0.1862800	-0.5257200	1.2531400	-0.0067000	-0.6144900	0.9904300	0.0919300	-0.5836800	0.7385300	0.1417900	-0.5122800	1.2772000	-0.3627300	-0.6089300	1.0184900	-0.4605300	-0.5629800	0.7813300	-0.4910800	-0.6208300	0.7653600	-0.1760100	-0.6347900	0.7645500	-0.0353300	-0.4876900	0.4604900	0.0034300	-0.6446400	0.1072500	-0.0427700	-0.6498400	0.7578700	-0.3146800	-0.5020400	0.4524600	-0.3520200	-0.6561400	0.1104000	-0.3120100	-0.5053800	0.0278600	-0.3262300	-0.5305900	0.0326900	-0.3694800	-0.7185100	0.0813900	-0.2870600	-0.4876600	0.0466800	-0.0345200	-0.5050400	0.0592200	0.0211900	-0.7335700	0.0671500	-0.0845000
379	6.3000000	-0.5330100	1.2485100	-0.1797000	-0.5236900	1.2377700	-0.0062500	-0.6147400	0.9696700	0.0921000	-0.5858600	0.7273200	0.1418300	-0.5282000	1.2619500	-0.3596300	-0.6071100	1.0080000	-0.4602100	-0.5614400	0.7699700	-0.4913200	-0.6214900	0.7593300	-0.1759800	-0.6349500	0.7584400	-0.0361700	-0.4890100	0.4547500	0.0036900	-0.6437900	0.1079700	-0.0426100	-0.6501400	0.7527200	-0.3149000	-0.4854000	0.4471600	-0.3560600	-0.6574500	0.1107000	-0.3121500	-0.5059100	0.0273200	-0.3264600	-0.5327800	0.0326100	-0.3697600	-0.6972600	0.0901000	-0.2907900	-0.4882300	0.0464600	-0.0345900	-0.5278800	0.0498400	0.0166400	-0.7275600	0.0699200	-0.0731800
380	6.3166667	-0.5294300	1.2326900	-0.1795700	-0.5242100	1.2235500	-0.0060400	-0.6141300	0.9487600	0.0932700	-0.5831500	0.7219500	0.1425100	-0.5280300	1.2476000	-0.3595800	-0.6080300	0.9864600	-0.4609400	-0.5815600	0.7558900	-0.5000300	-0.6209900	0.7592700	-0.1759400	-0.6392900	0.7523200	-0.0458300	-0.4661400	0.4560900	0.0087100	-0.6448700	0.1071800	-0.0426400	-0.6499200	0.7412500	-0.3146700	-0.4825000	0.4413600	-0.3552500	-0.6560400	0.1107200	-0.3119900	-0.5053600	0.0279300	-0.3262400	-0.5307100	0.0326700	-0.3694400	-0.6975700	0.0967000	-0.2802900	-0.4879400	0.0465800	-0.0344400	-0.5052700	0.0591400	0.0212500	-0.7292100	0.0695800	-0.0730500
381	6.3333333	-0.5320900	1.2147000	-0.1796700	-0.5234500	1.2088000	-0.0058400	-0.6146400	0.9382500	0.0929100	-0.5849600	0.7111400	0.1425700	-0.5086800	1.2277000	-0.3626200	-0.6064500	0.9762000	-0.4607000	-0.5805000	0.7446800	-0.5002200	-0.6440900	0.7441200	-0.1825200	-0.6582400	0.7489000	-0.0414800	-0.4855200	0.4556200	0.0044700	-0.6437900	0.1079400	-0.0425600	-0.6504900	0.7359200	-0.3148000	-0.4659000	0.4467000	-0.3589900	-0.6574600	0.1107900	-0.3121100	-0.5055800	0.0276000	-0.3263500	-0.5132600	0.0411500	-0.3621900	-0.7205300	0.0881000	-0.2877300	-0.4881800	0.0464800	-0.0345400	-0.5060600	0.0592300	0.0217300	-0.7274900	0.0698700	-0.0731400
382	6.3500000	-0.5297700	1.1985200	-0.1797700	-0.5239000	1.1892900	-0.0053400	-0.5902200	0.9346600	0.0982100	-0.5819000	0.6894900	0.1435000	-0.4922100	1.2089700	-0.3661500	-0.6076200	0.9594400	-0.4722900	-0.5818800	0.7281600	-0.5005500	-0.6423700	0.7338300	-0.1818800	-0.6578500	0.7378300	-0.0407300	-0.4641600	0.4618100	0.0088900	-0.6448500	0.1071700	-0.0425900	-0.6499300	0.7243100	-0.3144500	-0.4636900	0.4464800	-0.3586400	-0.6562000	0.1106200	-0.3121000	-0.4851800	0.0369300	-0.3187400	-0.5109500	0.0412000	-0.3618300	-0.7212400	0.0873500	-0.2880400	-0.4879000	0.0465500	-0.0344200	-0.5051600	0.0591600	0.0212800	-0.7291700	0.0693300	-0.0729900
383	6.3666667	-0.5143500	1.1847800	-0.1834600	-0.5225900	1.1743000	-0.0051200	-0.5903000	0.9191400	0.0983200	-0.5601100	0.6731100	0.1483500	-0.5084500	1.1979900	-0.3632600	-0.6060400	0.9439300	-0.4720600	-0.5796900	0.7110400	-0.5005700	-0.6433400	0.7221800	-0.1821500	-0.6575000	0.7326800	-0.0412100	-0.4503900	0.4655700	0.0035700	-0.6439200	0.1079800	-0.0425300	-0.6502300	0.7189700	-0.3148400	-0.4651100	0.4522000	-0.3587200	-0.6596900	0.1157100	-0.3130400	-0.4876800	0.0412700	-0.3196000	-0.5131100	0.0412500	-0.3620700	-0.7216400	0.0877000	-0.2880500	-0.4879500	0.0465600	-0.0345200	-0.5059500	0.0592600	0.0217800	-0.7278400	0.0700200	-0.0731100
384	6.3833333	-0.5109100	1.1736100	-0.1832700	-0.5224100	1.1595100	-0.0046300	-0.5900000	0.8981100	0.0993800	-0.5578900	0.6564700	0.1487300	-0.4902800	1.1838800	-0.3562300	-0.6073200	0.9323700	-0.4730200	-0.5991400	0.6910400	-0.5094800	-0.6418700	0.7168100	-0.1816400	-0.6389000	0.7200700	-0.0453100	-0.4648500	0.4559200	0.0087100	-0.6452400	0.1070700	-0.0426900	-0.6496600	0.7072000	-0.3142800	-0.4455600	0.4569100	-0.3613400	-0.6582200	0.1155400	-0.3129400	-0.4873100	0.0417100	-0.3195000	-0.5110600	0.0412400	-0.3617700	-0.7216600	0.0869500	-0.2881900	-0.4877400	0.0466700	-0.0343700	-0.5074500	0.0632700	0.0207100	-0.7548700	0.0597700	-0.0792700
385	6.4000000	-0.5125900	1.1550400	-0.1829400	-0.5217400	1.1443500	-0.0043800	-0.5896200	0.8823500	0.0994100	-0.5826000	0.6404800	0.1447100	-0.4886600	1.1735700	-0.3558500	-0.6249600	0.9145500	-0.4808300	-0.5979800	0.6747100	-0.5100800	-0.6436000	0.7103900	-0.1820800	-0.6577500	0.7103700	-0.0410100	-0.4667700	0.4608500	0.0088400	-0.6441500	0.1077800	-0.0426200	-0.6701800	0.6926800	-0.3112200	-0.4477600	0.4573900	-0.3628000	-0.6598100	0.1156200	-0.3130500	-0.4859800	0.0364000	-0.3188500	-0.5132100	0.0412300	-0.3621200	-0.7219100	0.0875800	-0.2879800	-0.4878600	0.0466500	-0.0345300	-0.5061100	0.0592400	0.0217700	-0.7532200	0.0603200	-0.0793200
386	6.4166667	-0.5100500	1.1393600	-0.1829800	-0.5226000	1.1299300	-0.0039900	-0.5885700	0.8712200	0.1002600	-0.5805900	0.6291600	0.1452700	-0.4716000	1.1550100	-0.3590100	-0.6267700	0.9028900	-0.4818800	-0.5994400	0.6635300	-0.5104600	-0.6428000	0.6998000	-0.1818600	-0.6625200	0.7039300	-0.0508900	-0.4633300	0.4620200	0.0090600	-0.6451700	0.1070400	-0.0426800	-0.6703200	0.6916900	-0.3106400	-0.4462700	0.4519100	-0.3629900	-0.6567700	0.1218700	-0.3121200	-0.4870700	0.0420100	-0.3193700	-0.5112300	0.0413700	-0.3617600	-0.7225100	0.0869200	-0.2882500	-0.4878900	0.0466000	-0.0344600	-0.5291000	0.0539700	0.0156200	-0.7552300	0.0599100	-0.0792000
387	6.4333333	-0.5123000	1.1252600	-0.1827200	-0.5049800	1.1106400	-0.0084300	-0.5886900	0.8554600	0.1002300	-0.5824500	0.6180000	0.1453000	-0.4696600	1.1351100	-0.3589300	-0.6252000	0.8871900	-0.4816900	-0.5982000	0.6572800	-0.5102500	-0.6425400	0.6886600	-0.1819900	-0.6386700	0.7023000	-0.0462400	-0.4650500	0.4559200	0.0093200	-0.6442000	0.1076300	-0.0425600	-0.6693500	0.6812500	-0.3110000	-0.4467000	0.4522600	-0.3624800	-0.6787200	0.1084700	-0.3192800	-0.4855900	0.0477400	-0.3185100	-0.5130900	0.0415400	-0.3620700	-0.7450800	0.0785000	-0.2956900	-0.4876800	0.0468500	-0.0345700	-0.5082600	0.0633500	0.0211800	-0.7535400	0.0602000	-0.0792000
388	6.4500000	-0.5090300	1.1142900	-0.1829000	-0.5050000	1.1008000	-0.0082700	-0.5880200	0.8451800	0.1012700	-0.5968600	0.6034800	0.1517000	-0.4706500	1.1254100	-0.3593400	-0.6260800	0.8757200	-0.4823300	-0.5793600	0.6501800	-0.5127300	-0.6425100	0.6834300	-0.1820600	-0.6626100	0.6867100	-0.0509900	-0.4644700	0.4558800	0.0089000	-0.6447400	0.1070200	-0.0425800	-0.6693700	0.6751500	-0.3108100	-0.4281100	0.4619800	-0.3654600	-0.6775400	0.1082400	-0.3191900	-0.4850300	0.0483100	-0.3183200	-0.5105700	0.0475200	-0.3609900	-0.7441300	0.0835500	-0.2952600	-0.4879000	0.0466400	-0.0344100	-0.5074700	0.0631800	0.0207500	-0.7276000	0.0631000	-0.0735400
389	6.4666667	-0.4941000	1.1007400	-0.1867000	-0.5035200	1.0901700	-0.0080000	-0.5882200	0.8345900	0.1011300	-0.5751200	0.5875200	0.1566500	-0.4695800	1.1145300	-0.3595300	-0.6238800	0.8547900	-0.4821800	-0.5776700	0.6333100	-0.5127800	-0.6433500	0.6717500	-0.1823800	-0.6617700	0.6754700	-0.0515600	-0.4621200	0.4572300	0.0101500	-0.6433900	0.1079000	-0.0424200	-0.6691600	0.6643900	-0.3113700	-0.4288600	0.4572400	-0.3655500	-0.6786400	0.1084900	-0.3193300	-0.4854100	0.0479000	-0.3185800	-0.5129800	0.0416100	-0.3620800	-0.7433200	0.0845100	-0.2948800	-0.4882000	0.0466200	-0.0345400	-0.5082800	0.0633200	0.0213100	-0.7256300	0.0636300	-0.0735400
390	6.4833333	-0.4908500	1.0897000	-0.1866700	-0.5041900	1.0757800	-0.0075500	-0.5650100	0.8212600	0.1062200	-0.5723500	0.5764600	0.1573000	-0.4697500	1.1049700	-0.3596800	-0.6252700	0.8429700	-0.4826400	-0.5780400	0.6219600	-0.5131200	-0.6419500	0.6716500	-0.1820100	-0.6625800	0.6689200	-0.0510900	-0.4625100	0.4620000	0.0093500	-0.6208300	0.1163200	-0.0367800	-0.6688100	0.6636100	-0.3107900	-0.4277400	0.4511400	-0.3655900	-0.6774200	0.1081500	-0.3191800	-0.4866700	0.0425100	-0.3193300	-0.5123600	0.0462500	-0.3623200	-0.7438500	0.0835900	-0.2951300	-0.4883400	0.0465000	-0.0343800	-0.5074000	0.0631800	0.0208600	-0.7276800	0.0580700	-0.0727500
391	6.5000000	-0.4931800	1.0758400	-0.1863800	-0.5029800	1.0602400	-0.0071600	-0.5821300	0.8136900	0.1119700	-0.5739000	0.5652800	0.1574700	-0.4680000	1.0946400	-0.3594500	-0.6235600	0.8378700	-0.4821000	-0.5769100	0.6107700	-0.5132000	-0.6437200	0.6599400	-0.1823500	-0.6812100	0.6600500	-0.0463800	-0.4417700	0.4736100	0.0151500	-0.6198700	0.1170900	-0.0366600	-0.6689700	0.6526100	-0.3113000	-0.4286700	0.4463700	-0.3656300	-0.6787000	0.1084100	-0.3193200	-0.4872200	0.0419900	-0.3195600	-0.5140900	0.0463500	-0.3627000	-0.7220400	0.0876800	-0.2879300	-0.4885500	0.0464800	-0.0345100	-0.5083900	0.0632300	0.0214000	-0.7246600	0.0638800	-0.0733800
392	6.5166667	-0.4897000	1.0648400	-0.1865000	-0.5025600	1.0504100	-0.0071000	-0.5644500	0.8053000	0.1067600	-0.5719300	0.5594800	0.1574800	-0.4685500	1.0805200	-0.3597900	-0.6246100	0.8263700	-0.4825000	-0.5777700	0.5945200	-0.5137900	-0.6653300	0.6554000	-0.1888200	-0.6827400	0.6533400	-0.0459700	-0.4403600	0.4692800	0.0152700	-0.6203200	0.1164900	-0.0367700	-0.6699300	0.6463000	-0.3113600	-0.4268400	0.4353100	-0.3653800	-0.6775000	0.1081900	-0.3191300	-0.4866700	0.0424500	-0.3194000	-0.5122100	0.0463200	-0.3623600	-0.7205700	0.0928900	-0.2873200	-0.4885100	0.0464200	-0.0343700	-0.5074100	0.0631800	0.0208900	-0.7258800	0.0634100	-0.0733600
393	6.5333333	-0.4919300	1.0510600	-0.1862500	-0.5014500	1.0451600	-0.0069200	-0.5645000	0.7950900	0.1066900	-0.5742200	0.5482800	0.1573800	-0.4506200	1.0710700	-0.3626500	-0.6030000	0.8242800	-0.4843300	-0.5760700	0.5887300	-0.5134800	-0.6427500	0.6541300	-0.1822400	-0.6611900	0.6522800	-0.0516200	-0.4405800	0.4642600	0.0161500	-0.6195600	0.1170500	-0.0366800	-0.6688300	0.6412600	-0.3115500	-0.4282800	0.4408600	-0.3652700	-0.6565300	0.1168800	-0.3116900	-0.4869300	0.0420100	-0.3196100	-0.5122800	0.0418000	-0.3620000	-0.7195800	0.0938300	-0.2869900	-0.5059700	0.0391800	-0.0294200	-0.5062500	0.0591300	0.0219500	-0.7254300	0.0584200	-0.0727800
394	6.5500000	-0.4726300	1.0509800	-0.1904200	-0.4660700	1.0382800	-0.0065800	-0.5809100	0.7816400	0.1130000	-0.5713000	0.5432500	0.1579700	-0.4512200	1.0616200	-0.3629100	-0.6238400	0.8094000	-0.4826800	-0.5772500	0.5831900	-0.5140200	-0.6640100	0.6444600	-0.1884000	-0.6627600	0.6516300	-0.0510700	-0.4413200	0.4630900	0.0151100	-0.6201200	0.1164500	-0.0367600	-0.6488700	0.6393400	-0.3145500	-0.4265400	0.4404000	-0.3647600	-0.6553300	0.1166700	-0.3115400	-0.4864900	0.0424900	-0.3194200	-0.5103300	0.0418300	-0.3616200	-0.7217600	0.0870400	-0.2881600	-0.4883100	0.0465000	-0.0343100	-0.5073200	0.0632000	0.0208800	-0.7018600	0.0678500	-0.0666700
395	6.5666667	-0.4746000	1.0466300	-0.1902400	-0.4647000	1.0377600	-0.0065300	-0.5639000	0.7843900	0.1067500	-0.5734800	0.5427300	0.1578300	-0.4498400	1.0561200	-0.3626600	-0.6223500	0.8043600	-0.4821500	-0.5755500	0.5776800	-0.5136500	-0.6420600	0.6485700	-0.1820000	-0.6609900	0.6472800	-0.0514200	-0.4419800	0.4630800	0.0155500	-0.6200000	0.1106600	-0.0371900	-0.6477800	0.6345200	-0.3146600	-0.4284800	0.4356300	-0.3657400	-0.6561900	0.1169900	-0.3116500	-0.4870100	0.0419200	-0.3196300	-0.5121500	0.0418500	-0.3620100	-0.7208200	0.0881600	-0.2877000	-0.5057300	0.0392500	-0.0293800	-0.5061000	0.0591400	0.0219800	-0.7004200	0.0682900	-0.0667100
396	6.5833333	-0.4720700	1.0412700	-0.1903000	-0.4653100	1.0378900	-0.0065500	-0.5861800	0.7803000	0.1026300	-0.5705700	0.5380200	0.1583700	-0.4674000	1.0506700	-0.3599000	-0.6036400	0.8068800	-0.4744000	-0.5769200	0.5775000	-0.5136800	-0.6411000	0.6436700	-0.1818600	-0.6619400	0.6517400	-0.0510600	-0.4573200	0.4585900	0.0202400	-0.6202200	0.1164200	-0.0367200	-0.6479900	0.6393200	-0.3143600	-0.4265100	0.4404000	-0.3648000	-0.6552400	0.1166700	-0.3114400	-0.4866900	0.0423400	-0.3195000	-0.5119700	0.0464000	-0.3623500	-0.7215100	0.0871100	-0.2879900	-0.4882500	0.0465300	-0.0342800	-0.5050600	0.0591400	0.0214800	-0.7019100	0.0678500	-0.0666700
397	6.6000000	-0.4742400	1.0418900	-0.1901800	-0.4636800	1.0324600	-0.0065300	-0.5861600	0.7754800	0.1025500	-0.5726700	0.5378200	0.1581700	-0.4496900	1.0511800	-0.3626500	-0.6020100	0.8023600	-0.4738400	-0.5759800	0.5720700	-0.5140000	-0.6421600	0.6431000	-0.1820800	-0.6613700	0.6518800	-0.0515700	-0.4579800	0.4587300	0.0207000	-0.6198000	0.1169500	-0.0365900	-0.6267400	0.6387900	-0.3070200	-0.4288100	0.4461300	-0.3656400	-0.6561900	0.1170200	-0.3116400	-0.4871700	0.0418800	-0.3196000	-0.5121600	0.0418300	-0.3620000	-0.7210700	0.0882100	-0.2877200	-0.5059200	0.0391100	-0.0293200	-0.5062800	0.0590200	0.0220400	-0.6996000	0.0734500	-0.0673000
398	6.6166667	-0.4716200	1.0458000	-0.1902800	-0.4648500	1.0380500	-0.0065800	-0.5862200	0.7753000	0.1028900	-0.5704600	0.5381800	0.1583300	-0.4671100	1.0506000	-0.3597600	-0.6033200	0.8068600	-0.4741600	-0.5769100	0.5719600	-0.5140600	-0.6414900	0.6434900	-0.1818300	-0.6626600	0.6515500	-0.0510500	-0.4575200	0.4587200	0.0203100	-0.6204300	0.1163600	-0.0366800	-0.6480600	0.6339000	-0.3140700	-0.4272800	0.4456900	-0.3652100	-0.6552400	0.1166600	-0.3113900	-0.4867200	0.0423000	-0.3194700	-0.5118900	0.0464500	-0.3623300	-0.7214100	0.0870900	-0.2879200	-0.5058700	0.0391600	-0.0291900	-0.5053400	0.0590100	0.0215600	-0.7257500	0.0632800	-0.0734000
399	6.6333333	-0.4742000	1.0466200	-0.1901100	-0.4638000	1.0378700	-0.0065400	-0.5874600	0.7803800	0.1022800	-0.5732900	0.5427700	0.1578000	-0.4662600	1.0502100	-0.3595900	-0.6016100	0.8079900	-0.4734000	-0.5761500	0.5720000	-0.5140000	-0.6651600	0.6384300	-0.1888100	-0.6622400	0.6519300	-0.0516200	-0.4577900	0.4588000	0.0206900	-0.6197700	0.1169600	-0.0366300	-0.6685200	0.6355700	-0.3111000	-0.4459500	0.4416000	-0.3625400	-0.6569900	0.1108000	-0.3122800	-0.4870700	0.0419100	-0.3196500	-0.5136100	0.0465200	-0.3627500	-0.7188400	0.0823300	-0.2868600	-0.5058000	0.0392300	-0.0293800	-0.5061900	0.0591200	0.0220000	-0.7243600	0.0637000	-0.0734200
400	6.6500000	-0.4714500	1.0462100	-0.1903200	-0.4649700	1.0384100	-0.0066000	-0.5875200	0.7853700	0.1023300	-0.5711300	0.5434300	0.1579400	-0.4506800	1.0615000	-0.3626400	-0.5645300	0.8237600	-0.4682400	-0.5767500	0.5774200	-0.5135900	-0.6644500	0.6442300	-0.1888400	-0.6634200	0.6457000	-0.0512600	-0.4411500	0.4630000	0.0152300	-0.6204200	0.1163100	-0.0367300	-0.6682900	0.6353800	-0.3107700	-0.4439000	0.4465200	-0.3615800	-0.6554300	0.1165300	-0.3114400	-0.4867300	0.0422500	-0.3194900	-0.5102500	0.0418000	-0.3616300	-0.7199600	0.0811000	-0.2873400	-0.5057300	0.0391800	-0.0291400	-0.5053600	0.0589800	0.0215600	-0.7258800	0.0631600	-0.0734800
401	6.6666667	-0.4744800	1.0520200	-0.1902200	-0.4642800	1.0477900	-0.0069000	-0.5707600	0.7937000	0.0959100	-0.5737300	0.5483600	0.1574600	-0.4665700	1.0602200	-0.3595700	-0.5631200	0.8250000	-0.4675700	-0.5756700	0.5832500	-0.5136700	-0.6433500	0.6486300	-0.1824900	-0.6626700	0.6570600	-0.0520000	-0.4419500	0.4736500	0.0155000	-0.6200100	0.1168400	-0.0366800	-0.6685600	0.6411800	-0.3112800	-0.4465300	0.4466800	-0.3629500	-0.6572700	0.1106400	-0.3123300	-0.4869600	0.0418400	-0.3195900	-0.5119200	0.0418200	-0.3619900	-0.7192300	0.0821100	-0.2870100	-0.5059400	0.0391900	-0.0293800	-0.5064200	0.0590600	0.0219800	-0.7256900	0.0583000	-0.0728800
402	6.6833333	-0.4715700	1.0609400	-0.1904900	-0.4494700	1.0584200	-0.0120900	-0.5695300	0.8097300	0.0960400	-0.5720700	0.5593900	0.1573900	-0.4510900	1.0715800	-0.3626200	-0.5644600	0.8352700	-0.4681100	-0.5771800	0.5834300	-0.5135900	-0.6423300	0.6598700	-0.1819700	-0.6635600	0.6570700	-0.0510800	-0.4433800	0.4725400	0.0142500	-0.6209100	0.1161100	-0.0368200	-0.6471200	0.6510200	-0.3031200	-0.4273900	0.4565000	-0.3649900	-0.6786200	0.1016500	-0.3197900	-0.4848300	0.0373200	-0.3187200	-0.5105000	0.0416700	-0.3617000	-0.7206400	0.0806300	-0.2875600	-0.5057700	0.0392400	-0.0292000	-0.5055600	0.0589700	0.0214600	-0.7276600	0.0577000	-0.0729300
403	6.7000000	-0.4560900	1.0728100	-0.1842200	-0.4646100	1.0667900	-0.0074000	-0.5645100	0.8213300	0.1056400	-0.5733600	0.5651800	0.1574500	-0.4670400	1.0849200	-0.3593500	-0.5825400	0.8389200	-0.4649600	-0.5763100	0.5948100	-0.5026500	-0.6441100	0.6652700	-0.1826400	-0.6635000	0.6628900	-0.0519500	-0.4446500	0.4727400	0.0146400	-0.6204300	0.1167000	-0.0367000	-0.6689200	0.6527300	-0.3111600	-0.4290800	0.4572100	-0.3654500	-0.6574600	0.1105000	-0.3123900	-0.4869100	0.0416700	-0.3196500	-0.5121200	0.0416300	-0.3621000	-0.7194000	0.0819000	-0.2870600	-0.5060700	0.0392000	-0.0294000	-0.5089200	0.0631200	0.0213600	-0.7262000	0.0582900	-0.0729000
404	6.7166667	-0.4709100	1.0862300	-0.1805600	-0.4662200	1.0775100	-0.0074600	-0.5875700	0.8284000	0.1013200	-0.5717700	0.5709900	0.1571400	-0.4685000	1.0954600	-0.3595300	-0.5844400	0.8539200	-0.4654800	-0.5583300	0.6100700	-0.5048300	-0.6428200	0.6663300	-0.1822100	-0.6630900	0.6690600	-0.0510600	-0.4649500	0.4772700	0.0091400	-0.6442500	0.1070000	-0.0424400	-0.6695100	0.6580700	-0.3111000	-0.4446000	0.4518800	-0.3619800	-0.6568400	0.1101300	-0.3122100	-0.4869900	0.0418600	-0.3195900	-0.5122300	0.0350700	-0.3626500	-0.7199100	0.0808900	-0.2874000	-0.5086300	0.0434100	-0.0298200	-0.5081700	0.0631200	0.0208900	-0.7266700	0.0631900	-0.0736300
405	6.7333333	-0.4570600	1.1022200	-0.1844000	-0.4647600	1.0915600	-0.0076800	-0.5647800	0.8370700	0.1051400	-0.5750300	0.5865900	0.1562100	-0.4510800	1.1056800	-0.3623200	-0.6030200	0.8572400	-0.4727800	-0.5767800	0.6220700	-0.5125300	-0.6433200	0.6773800	-0.1824500	-0.6390900	0.6852800	-0.0460500	-0.4644800	0.4727400	0.0099000	-0.6438900	0.1075400	-0.0424300	-0.6473300	0.6687400	-0.3036100	-0.4471300	0.4575900	-0.3628900	-0.6572100	0.1106400	-0.3123400	-0.5067400	0.0217700	-0.3272700	-0.5137400	0.0350900	-0.3630900	-0.7186000	0.0822700	-0.2868600	-0.5084800	0.0435000	-0.0300400	-0.5088700	0.0633200	0.0213300	-0.7265500	0.0585700	-0.0730400
406	6.7500000	-0.4907000	1.1099100	-0.1867400	-0.4830400	1.0968300	-0.0028400	-0.5649200	0.8476800	0.1052700	-0.5727300	0.6040100	0.1561200	-0.4696900	1.1154200	-0.3596600	-0.5848500	0.8650500	-0.4652600	-0.5592300	0.6375800	-0.5041400	-0.6418000	0.6833900	-0.1818200	-0.6390900	0.6912500	-0.0452700	-0.4668900	0.4717700	0.0086800	-0.6443000	0.1070400	-0.0424900	-0.6688500	0.6696900	-0.3106000	-0.4464400	0.4516500	-0.3630000	-0.6570000	0.1102600	-0.3121600	-0.4900200	0.0352300	-0.3207200	-0.5149100	0.0391900	-0.3635000	-0.7219300	0.0866300	-0.2880800	-0.4908400	0.0508700	-0.0349100	-0.5078300	0.0633100	0.0208800	-0.7065400	0.0708000	-0.0788400
407	6.7666667	-0.4936200	1.1208100	-0.1864900	-0.4824900	1.1158300	-0.0031000	-0.5653100	0.8586200	0.1048300	-0.5752100	0.6196900	0.1553900	-0.4687200	1.1297200	-0.3591600	-0.5840200	0.8869300	-0.4640600	-0.5775900	0.6449900	-0.5015100	-0.6210900	0.6983700	-0.1754700	-0.6384900	0.7028200	-0.0457500	-0.4677200	0.4720300	0.0090700	-0.6437200	0.1076000	-0.0424000	-0.6476700	0.6801500	-0.3036000	-0.4474300	0.4575400	-0.3629300	-0.6591200	0.1158700	-0.3130900	-0.4903000	0.0347900	-0.3207700	-0.5163600	0.0391100	-0.3639000	-0.7209700	0.0880000	-0.2877600	-0.5059100	0.0393800	-0.0294300	-0.5088600	0.0633500	0.0213300	-0.7251300	0.0634200	-0.0736200
408	6.7833333	-0.4720600	1.1356800	-0.1809100	-0.4830700	1.1309600	-0.0034100	-0.5481400	0.8763900	0.0988100	-0.5734300	0.6313200	0.1553600	-0.4533100	1.1409500	-0.3622800	-0.5854800	0.9024900	-0.4645100	-0.5796800	0.6559300	-0.5018000	-0.6194000	0.7043100	-0.1749300	-0.6391500	0.7077400	-0.0455700	-0.4650400	0.4778300	0.0090000	-0.6443300	0.1069500	-0.0425200	-0.6493200	0.6905000	-0.3143100	-0.4457100	0.4621800	-0.3619400	-0.6585200	0.1155300	-0.3129300	-0.4901700	0.0351400	-0.3206400	-0.5146900	0.0390700	-0.3634700	-0.7217500	0.0867600	-0.2882500	-0.4907600	0.0508800	-0.0349600	-0.5078700	0.0632400	0.0208100	-0.7276500	0.0576900	-0.0730900
409	6.8000000	-0.4747200	1.1508300	-0.1807000	-0.4821300	1.1449800	-0.0037000	-0.5652300	0.8901700	0.1038600	-0.5757200	0.6420100	0.1550400	-0.4534300	1.1597600	-0.3621800	-0.5844400	0.9192400	-0.4635400	-0.5784400	0.6674800	-0.5012900	-0.6214600	0.7149000	-0.1754100	-0.6572400	0.7160400	-0.0409800	-0.4658800	0.4774700	0.0093600	-0.6438300	0.1076200	-0.0424600	-0.6698200	0.6983000	-0.3112300	-0.4659800	0.4525900	-0.3595800	-0.6586600	0.1162300	-0.3130800	-0.4876700	0.0412800	-0.3195500	-0.5163900	0.0391300	-0.3639100	-0.6995400	0.0961500	-0.2916800	-0.4883800	0.0466700	-0.0346200	-0.5087100	0.0633300	0.0212100	-0.7052900	0.0710800	-0.0788400
410	6.8166667	-0.4732000	1.1699600	-0.1810200	-0.4836500	1.1603900	-0.0040200	-0.5657000	0.9109600	0.1033600	-0.5741100	0.6585300	0.1545400	-0.4548700	1.1797600	-0.3622100	-0.5669400	0.9369300	-0.4560100	-0.5601200	0.6876900	-0.4923000	-0.6420200	0.7225200	-0.1817400	-0.6397300	0.7296800	-0.0458300	-0.4642900	0.4831700	0.0092800	-0.6442200	0.1071100	-0.0425000	-0.6500300	0.7130100	-0.3146000	-0.4652800	0.4572300	-0.3595600	-0.6565300	0.1105900	-0.3121000	-0.4868900	0.0419400	-0.3193500	-0.5122100	0.0460500	-0.3623400	-0.7007700	0.0946300	-0.2921400	-0.4884200	0.0465400	-0.0343600	-0.5078800	0.0631400	0.0208400	-0.7062900	0.0705900	-0.0788800
411	6.8333333	-0.4950300	1.1894300	-0.1871700	-0.4833900	1.1746200	-0.0044700	-0.5833000	0.9198900	0.1087300	-0.5600800	0.6774500	0.1479400	-0.4722800	1.1934300	-0.3690600	-0.5849600	0.9459600	-0.4632500	-0.5600000	0.7045900	-0.4922300	-0.6448900	0.7328500	-0.1826900	-0.6585300	0.7380100	-0.0413400	-0.4665800	0.4776000	0.0091300	-0.6439300	0.1076800	-0.0424700	-0.6508400	0.7243900	-0.3149000	-0.4657200	0.4581300	-0.3588500	-0.6569300	0.1109800	-0.3122400	-0.4872300	0.0413400	-0.3195200	-0.5140100	0.0458700	-0.3628400	-0.6980100	0.0899600	-0.2909900	-0.4882700	0.0465800	-0.0345700	-0.5065100	0.0590600	0.0218200	-0.7052200	0.0710300	-0.0788400
412	6.8500000	-0.4935300	1.2084800	-0.1876000	-0.4849800	1.1991300	-0.0050100	-0.5670800	0.9424300	0.1025300	-0.5763600	0.6960300	0.1530300	-0.4564200	1.2138300	-0.3620300	-0.5680700	0.9684200	-0.4555900	-0.5613400	0.7263900	-0.4919300	-0.6399200	0.7453200	-0.1713100	-0.6584100	0.7490100	-0.0406200	-0.4661100	0.4667000	0.0087700	-0.6446400	0.1071400	-0.0425600	-0.6509200	0.7407800	-0.3147400	-0.4832400	0.4467800	-0.3556300	-0.6565600	0.1103800	-0.3119600	-0.4897900	0.0349700	-0.3205600	-0.5110700	0.0412400	-0.3616900	-0.6986200	0.0887100	-0.2912600	-0.4879800	0.0466300	-0.0343900	-0.5055200	0.0590100	0.0213400	-0.7288600	0.0694000	-0.0731900
413	6.8666667	-0.4957100	1.2240100	-0.1872700	-0.4999300	1.2180400	-0.0005700	-0.5670600	0.9580800	0.1018700	-0.5621100	0.7152400	0.1466100	-0.4555600	1.2371700	-0.3614400	-0.5671000	0.9799100	-0.4547200	-0.5610700	0.7479200	-0.4914100	-0.6444800	0.7554600	-0.1825700	-0.6585700	0.7546900	-0.0414700	-0.4877900	0.4717200	0.0038500	-0.6443600	0.1077400	-0.0425100	-0.6507600	0.7524000	-0.3147500	-0.4855600	0.4581200	-0.3558100	-0.6559100	0.1168900	-0.3115800	-0.4875000	0.0411000	-0.3195900	-0.5127500	0.0412000	-0.3622400	-0.6962500	0.0840700	-0.2903700	-0.4884600	0.0465500	-0.0346300	-0.5087300	0.0633400	0.0212200	-0.7529300	0.0600000	-0.0792400
414	6.8833333	-0.5105500	1.2378300	-0.1836600	-0.5016400	1.2333000	-0.0009400	-0.5675600	0.9784900	0.1015500	-0.5836100	0.7275800	0.1423800	-0.4752300	1.2476600	-0.3689400	-0.5689300	1.0000600	-0.4551300	-0.5620100	0.7588200	-0.4912100	-0.6218300	0.7652000	-0.1758400	-0.6587400	0.7654600	-0.0411400	-0.4870300	0.4819400	0.0033500	-0.6444500	0.1073400	-0.0426500	-0.6509600	0.7526200	-0.3144500	-0.4838500	0.4686900	-0.3552700	-0.6557500	0.1164100	-0.3112900	-0.5073700	0.0326700	-0.3270000	-0.5309800	0.0327500	-0.3694600	-0.6971900	0.0827100	-0.2905600	-0.4882000	0.0465800	-0.0344100	-0.5292700	0.0540000	0.0157000	-0.7085600	0.0770000	-0.0784400
415	6.9000000	-0.5142800	1.2534600	-0.1836000	-0.5021400	1.2474400	-0.0013900	-0.5735000	0.9991800	0.0904600	-0.5848900	0.7491700	0.1415800	-0.4917800	1.2664800	-0.3656200	-0.5684300	1.0213700	-0.4542400	-0.5607500	0.7703000	-0.4800300	-0.6416100	0.7728200	-0.1720000	-0.6586900	0.7711300	-0.0417600	-0.4883800	0.4820000	0.0036400	-0.6438900	0.1080500	-0.0426700	-0.6511800	0.7638600	-0.3147000	-0.4848900	0.4644700	-0.3445600	-0.6556700	0.1112800	-0.3109400	-0.5077100	0.0323100	-0.3270200	-0.5324800	0.0327600	-0.3698500	-0.6959300	0.0840900	-0.2901900	-0.4887400	0.0463900	-0.0345700	-0.5303800	0.0540700	0.0161900	-0.7068700	0.0776000	-0.0784800
416	6.9166667	-0.5137600	1.2773500	-0.1844000	-0.5035200	1.2718500	-0.0018800	-0.5903800	1.0131000	0.0957800	-0.5836500	0.7647300	0.1407500	-0.4939900	1.2865700	-0.3658700	-0.5889700	1.0304200	-0.4521100	-0.5620400	0.7866800	-0.4799300	-0.6401300	0.7791200	-0.1713400	-0.6369800	0.7856600	-0.0358200	-0.5094800	0.4760100	-0.0019300	-0.6446900	0.1125800	-0.0432000	-0.6515000	0.7747900	-0.3145600	-0.5016700	0.4696100	-0.3407600	-0.6546400	0.1111000	-0.3107400	-0.5072400	0.0327100	-0.3268900	-0.5306400	0.0328400	-0.3693600	-0.6964100	0.0827800	-0.2906300	-0.4880000	0.0466600	-0.0343800	-0.5074500	0.0632900	0.0208100	-0.7080800	0.0771500	-0.0784800
417	6.9333333	-0.5155500	1.2967400	-0.1840200	-0.5021800	1.2856400	-0.0021200	-0.5747600	1.0301300	0.0895400	-0.5857700	0.7757400	0.1402900	-0.4928500	1.3004800	-0.3652700	-0.5878800	1.0465800	-0.4511900	-0.5424200	0.8062700	-0.4710900	-0.6224600	0.7926500	-0.1761800	-0.6359500	0.7921500	-0.0362400	-0.5101300	0.4763600	-0.0018000	-0.6449300	0.1137200	-0.0419400	-0.6311900	0.7891700	-0.3184000	-0.5048300	0.4698800	-0.3419900	-0.6550200	0.1114800	-0.3109400	-0.5075200	0.0323300	-0.3270800	-0.5323300	0.0327900	-0.3699200	-0.6943000	0.0782200	-0.2896300	-0.4908000	0.0505800	-0.0352700	-0.5083500	0.0633800	0.0212600	-0.7295800	0.0642100	-0.0724400
418	6.9500000	-0.5304800	1.3160800	-0.1805300	-0.5044700	1.3105900	-0.0029700	-0.5745100	1.0501500	0.0888300	-0.5682100	0.8053000	0.1339600	-0.4954600	1.3204900	-0.3654600	-0.5897000	1.0621700	-0.4515800	-0.5439300	0.8327100	-0.4707500	-0.6219200	0.8093200	-0.1756400	-0.6369400	0.8136600	-0.0361600	-0.5099800	0.4761900	-0.0022900	-0.6453400	0.1131800	-0.0420900	-0.6516000	0.8027000	-0.3144300	-0.5027000	0.4747400	-0.3409700	-0.6550600	0.1050900	-0.3113600	-0.5077800	0.0327200	-0.3271500	-0.5324700	0.0375900	-0.3702200	-0.6727800	0.0858900	-0.2824300	-0.4903700	0.0507500	-0.0350400	-0.5073600	0.0633800	0.0207500	-0.7309500	0.0640500	-0.0725500
419	6.9666667	-0.5321300	1.3260900	-0.1800100	-0.5023600	1.3191300	-0.0028100	-0.5730400	1.0603900	0.0884400	-0.5710500	0.8102300	0.1333400	-0.4953900	1.3295700	-0.3655000	-0.5892600	1.0778700	-0.4509000	-0.5430200	0.8436300	-0.4702300	-0.6454500	0.8218000	-0.1829600	-0.6597200	0.8159200	-0.0425000	-0.5146800	0.4807500	-0.0122900	-0.6445500	0.1193800	-0.0426500	-0.6513300	0.8087000	-0.3147200	-0.5231700	0.4706900	-0.3379200	-0.6569200	0.1106400	-0.3122900	-0.5078200	0.0323600	-0.3272000	-0.5337700	0.0375500	-0.3706500	-0.6950600	0.0725100	-0.2903200	-0.5119300	0.0415000	-0.0407600	-0.5084200	0.0635900	0.0211700	-0.7075900	0.0777500	-0.0782700
420	6.9833333	-0.5509900	1.3409100	-0.1869100	-0.5208100	1.3350400	0.0013300	-0.5749100	1.0764600	0.0880800	-0.5920300	0.8233400	0.1289600	-0.5155000	1.3498000	-0.3730700	-0.5907100	1.0981300	-0.4511900	-0.5636700	0.8568000	-0.4675700	-0.6219000	0.8310100	-0.1761000	-0.6364600	0.8298500	-0.0366700	-0.5548000	0.4749700	-0.0134400	-0.6448200	0.1190500	-0.0427900	-0.6321500	0.8222400	-0.3179900	-0.5227200	0.4750700	-0.3378000	-0.6571600	0.1099800	-0.3120500	-0.5079100	0.0324900	-0.3272200	-0.5325200	0.0375000	-0.3702900	-0.6978800	0.0765600	-0.2913500	-0.5095500	0.0373700	-0.0399100	-0.5076100	0.0635600	0.0207800	-0.7084500	0.0774100	-0.0784300
421	7.0000000	-0.5340700	1.3602000	-0.1806900	-0.5191000	1.3483900	0.0012400	-0.5751000	1.0868200	0.0877000	-0.5938800	0.8436300	0.1279400	-0.5138500	1.3729300	-0.3722300	-0.5903500	1.1093000	-0.4504200	-0.5440100	0.8705200	-0.4594700	-0.6222500	0.8363900	-0.1763800	-0.6171600	0.8377900	-0.0422500	-0.5791600	0.4687600	-0.0188000	-0.6444900	0.1194300	-0.0426700	-0.6318700	0.8333100	-0.3181600	-0.5237000	0.4763300	-0.3371200	-0.6575000	0.1104800	-0.3121900	-0.5073900	0.0324100	-0.3272600	-0.5337800	0.0375100	-0.3707300	-0.7180300	0.0698400	-0.2870400	-0.4888300	0.0463000	-0.0345200	-0.5086100	0.0635200	0.0213200	-0.7069000	0.0772200	-0.0782500
422	7.0166667	-0.5329800	1.3789200	-0.1811000	-0.5054000	1.3674900	-0.0041000	-0.5985800	1.0960400	0.0827800	-0.5932900	0.8598200	0.1275100	-0.5146100	1.3836900	-0.3621900	-0.6099900	1.1287700	-0.4480800	-0.5648200	0.8839600	-0.4565900	-0.6213100	0.8422100	-0.1760600	-0.6357000	0.8411300	-0.0366600	-0.5606700	0.4838300	-0.0246100	-0.6451100	0.1188600	-0.0428500	-0.6317600	0.8388900	-0.3179500	-0.5422000	0.4867400	-0.3335100	-0.6562200	0.1162000	-0.3112100	-0.5070000	0.0329200	-0.3271100	-0.5130100	0.0457000	-0.3734200	-0.6971300	0.0705500	-0.2906800	-0.5273600	0.0297200	-0.0347300	-0.5077300	0.0633500	0.0208700	-0.7080200	0.0765200	-0.0784900
423	7.0333333	-0.5349900	1.3938400	-0.1807000	-0.5209600	1.3867000	0.0000800	-0.5979700	1.1262800	0.0817200	-0.5942300	0.8708400	0.1270500	-0.5144900	1.4019200	-0.3618200	-0.6094400	1.1498200	-0.4470600	-0.5653000	0.9053300	-0.4560300	-0.6226400	0.8526200	-0.1767200	-0.6356700	0.8468600	-0.0374300	-0.5452000	0.4942900	-0.0301700	-0.6447900	0.1194200	-0.0427500	-0.6314100	0.8498500	-0.3182200	-0.5624500	0.4775200	-0.3299500	-0.6570800	0.1105600	-0.3121200	-0.5055700	0.0388800	-0.3262100	-0.5143900	0.0457500	-0.3738900	-0.6956100	0.0720100	-0.2903400	-0.5061900	0.0389000	-0.0293900	-0.5063700	0.0592900	0.0219500	-0.7270000	0.0692700	-0.0730700
424	7.0500000	-0.5334400	1.4029700	-0.1811700	-0.5230400	1.3972900	-0.0002600	-0.5997300	1.1367300	0.0813700	-0.5931700	0.8870200	0.1267800	-0.4991200	1.4111100	-0.3651300	-0.5921200	1.1652700	-0.4501400	-0.5659900	0.9160100	-0.4559700	-0.6213200	0.8586600	-0.1763100	-0.6359800	0.8573200	-0.0371200	-0.5662800	0.4936800	-0.0358800	-0.6447000	0.1189000	-0.0427400	-0.6111200	0.8582200	-0.3105900	-0.5616800	0.4986500	-0.3293400	-0.6559300	0.1164600	-0.3112400	-0.5074200	0.0329300	-0.3270000	-0.5322400	0.0378500	-0.3702400	-0.6996900	0.0700500	-0.2923200	-0.5055500	0.0392500	-0.0292300	-0.5073800	0.0635700	0.0209400	-0.7274900	0.0687900	-0.0730500
425	7.0666667	-0.5355200	1.4129300	-0.1809700	-0.5215900	1.4101000	-0.0003200	-0.6164200	1.1511300	0.0864900	-0.5944300	0.8927700	0.1265200	-0.4991200	1.4248700	-0.3652200	-0.5919300	1.1707800	-0.4496600	-0.5656500	0.9267900	-0.4556900	-0.6222800	0.8583800	-0.1767000	-0.6354500	0.8576400	-0.0375300	-0.5892600	0.4941700	-0.0411700	-0.6444300	0.1195600	-0.0425300	-0.6106500	0.8634700	-0.3106500	-0.5638300	0.4940200	-0.3291900	-0.6575800	0.1105300	-0.3122700	-0.5068600	0.0327800	-0.3269600	-0.5142900	0.0456600	-0.3738300	-0.6975400	0.0657400	-0.2914300	-0.4886400	0.0464900	-0.0344300	-0.5082900	0.0636900	0.0214900	-0.7263700	0.0693100	-0.0727100
426	7.0833333	-0.5336200	1.4267100	-0.1812900	-0.5219200	1.4157200	-0.0003700	-0.6001600	1.1618300	0.0806300	-0.5939100	0.9083800	0.1259800	-0.5172400	1.4408900	-0.3622800	-0.5932100	1.1807500	-0.4501700	-0.5862700	0.9351100	-0.4531000	-0.6208700	0.8642100	-0.1762200	-0.6174800	0.8654700	-0.0423300	-0.5894200	0.4989500	-0.0418000	-0.6442300	0.1190900	-0.0425100	-0.6106400	0.8638100	-0.3105400	-0.5818400	0.4994700	-0.3259200	-0.6577300	0.1098900	-0.3120000	-0.4853700	0.0481100	-0.3187000	-0.4934500	0.0543800	-0.3658100	-0.6991300	0.0641200	-0.2917500	-0.5079500	0.0435400	-0.0297600	-0.5244000	0.0564700	0.0264100	-0.7006600	0.0726400	-0.0671600
427	7.1000000	-0.5364000	1.4415100	-0.1814300	-0.5222100	1.4293800	-0.0009600	-0.6003500	1.1671200	0.0805100	-0.5958300	0.9188500	0.1253900	-0.4992800	1.4483600	-0.3648100	-0.5923900	1.1909900	-0.4495100	-0.5855400	0.9458700	-0.4527600	-0.5830700	0.8742600	-0.1744400	-0.6167700	0.8660400	-0.0427700	-0.5908400	0.4991400	-0.0418300	-0.6440300	0.1135900	-0.0430400	-0.6105000	0.8691100	-0.3106000	-0.6026800	0.5013000	-0.3110000	-0.6779300	0.1030400	-0.3083500	-0.5050500	0.0392700	-0.3260300	-0.4936200	0.0606800	-0.3653700	-0.6968500	0.0659900	-0.2910500	-0.5084000	0.0433200	-0.0299100	-0.5082600	0.0635800	0.0215400	-0.6996700	0.0731200	-0.0671600
428	7.1166667	-0.5355000	1.4505100	-0.1819300	-0.5230200	1.4347700	-0.0008500	-0.6397100	1.1710400	0.0813000	-0.5780800	0.9260200	0.1195100	-0.5005500	1.4493100	-0.3651800	-0.5930600	1.1962800	-0.4498100	-0.5871600	0.9561100	-0.4527400	-0.6031100	0.8720700	-0.1803900	-0.6179600	0.8715400	-0.0424200	-0.6126200	0.5042000	-0.0477800	-0.6455500	0.1178500	-0.0437100	-0.5925100	0.8767000	-0.3139800	-0.6012000	0.5005700	-0.3106400	-0.6767300	0.1088600	-0.3073200	-0.5055800	0.0392900	-0.3261200	-0.5118100	0.0524500	-0.3724600	-0.6968800	0.0704200	-0.2905300	-0.5079200	0.0433700	-0.0297600	-0.5244400	0.0564000	0.0264000	-0.7006200	0.0727900	-0.0673200
429	7.1333333	-0.5367300	1.4555900	-0.1814500	-0.5223100	1.4433800	-0.0010800	-0.6238400	1.1767700	0.0754600	-0.5792300	0.9360700	0.1189800	-0.5174300	1.4592100	-0.3719100	-0.5925800	1.2064800	-0.4491000	-0.5862700	0.9619300	-0.4524600	-0.6225800	0.8799700	-0.1767500	-0.6179100	0.8824200	-0.0429100	-0.6137900	0.5045900	-0.0477600	-0.6444500	0.1196100	-0.0425600	-0.6113300	0.8797500	-0.3106900	-0.6435000	0.4914200	-0.3032600	-0.6766300	0.1095000	-0.3074300	-0.5054500	0.0391300	-0.3260200	-0.5319300	0.0446200	-0.3697400	-0.6954300	0.0719100	-0.2901200	-0.5087400	0.0426700	-0.0298600	-0.5256000	0.0562200	0.0268500	-0.7249300	0.0631100	-0.0732200
430	7.1500000	-0.5524800	1.4614500	-0.1781900	-0.5247700	1.4491500	-0.0014900	-0.6238200	1.1868700	0.0750700	-0.5777300	0.9367400	0.1191800	-0.5184100	1.4645000	-0.3717500	-0.6120300	1.2064500	-0.4470900	-0.5873400	0.9618200	-0.4526200	-0.6038700	0.8876900	-0.1804600	-0.6184000	0.8823300	-0.0427500	-0.6140200	0.5092800	-0.0484000	-0.6460400	0.1176800	-0.0438000	-0.6112900	0.8851000	-0.3104500	-0.6422500	0.5017600	-0.3028300	-0.6767900	0.1089300	-0.3072500	-0.5054700	0.0393300	-0.3260200	-0.5117100	0.0525300	-0.3724300	-0.6970600	0.0703700	-0.2905900	-0.5078900	0.0430600	-0.0297600	-0.5073500	0.0632500	0.0210000	-0.7256400	0.0627600	-0.0734100
431	7.1666667	-0.5542500	1.4621200	-0.1778900	-0.5244400	1.4575800	-0.0016900	-0.6235200	1.1918100	0.0750000	-0.5788400	0.9411500	0.1188500	-0.5179900	1.4685000	-0.3719300	-0.6111500	1.2067800	-0.4465700	-0.6053200	0.9656100	-0.4497200	-0.6226700	0.8854100	-0.1766800	-0.6182900	0.8827600	-0.0429700	-0.6380800	0.5037900	-0.0541600	-0.6450500	0.1247500	-0.0432100	-0.6107900	0.8852600	-0.3104400	-0.6440900	0.4969600	-0.3026700	-0.6768300	0.1094700	-0.3075300	-0.4859900	0.0477500	-0.3186000	-0.5127700	0.0528500	-0.3622100	-0.6958100	0.0717900	-0.2904100	-0.5088000	0.0427400	-0.0299400	-0.5084000	0.0634000	0.0214600	-0.7249700	0.0631200	-0.0731900
432	7.1833333	-0.5522100	1.4661700	-0.1780600	-0.5256400	1.4585400	-0.0017900	-0.6235400	1.1919000	0.0749400	-0.5777700	0.9416300	0.1189800	-0.5194900	1.4692700	-0.3722500	-0.6117600	1.2115000	-0.4469100	-0.5875300	0.9722200	-0.4524700	-0.6213700	0.8858500	-0.1763500	-0.6187200	0.8871700	-0.0428000	-0.6180900	0.5084100	-0.0595400	-0.6451000	0.1242400	-0.0433400	-0.6111200	0.8853700	-0.3102200	-0.6622800	0.4967900	-0.2990000	-0.6767500	0.1089400	-0.3073000	-0.5058300	0.0392000	-0.3259800	-0.5112600	0.0530300	-0.3617500	-0.6969200	0.0703500	-0.2907300	-0.5080800	0.0431100	-0.0297300	-0.5245000	0.0563100	0.0263500	-0.7257200	0.0628200	-0.0733800
433	7.2000000	-0.5738700	1.4636800	-0.1838100	-0.5607600	1.4604800	-0.0016500	-0.6410700	1.1869000	0.0806000	-0.5788800	0.9413400	0.1189500	-0.5183700	1.4685700	-0.3719900	-0.5927500	1.2119100	-0.4490000	-0.5865200	0.9725000	-0.4522700	-0.6227400	0.8907900	-0.1767600	-0.6186800	0.8875700	-0.0430700	-0.6206600	0.5135900	-0.0597500	-0.6444100	0.1135200	-0.0432200	-0.6107100	0.8907300	-0.3103900	-0.6647800	0.4920300	-0.2995300	-0.6765200	0.1094400	-0.3074600	-0.4860300	0.0476600	-0.3186000	-0.5125600	0.0528600	-0.3621500	-0.6960700	0.0660600	-0.2910700	-0.5088000	0.0429400	-0.0298600	-0.5082800	0.0634600	0.0215200	-0.6998700	0.0726200	-0.0671500
434	7.2166667	-0.5719300	1.4677900	-0.1840100	-0.5619500	1.4614100	-0.0018600	-0.6420300	1.1921200	0.0803100	-0.5943100	0.9399100	0.1247100	-0.5367300	1.4706600	-0.3693900	-0.6119700	1.2114700	-0.4469400	-0.5874500	0.9721600	-0.4525400	-0.6219600	0.8909500	-0.1762600	-0.6189000	0.8872600	-0.0427400	-0.6189100	0.5134400	-0.0600300	-0.6445000	0.1129200	-0.0433400	-0.6116000	0.8854600	-0.3102000	-0.6627600	0.4967100	-0.2990000	-0.6766200	0.1088600	-0.3072700	-0.4859200	0.0479400	-0.3185600	-0.5111800	0.0530400	-0.3616200	-0.6975100	0.0645300	-0.2914800	-0.5078100	0.0433400	-0.0297400	-0.5071300	0.0634400	0.0210400	-0.7007400	0.0722400	-0.0673200
435	7.2333333	-0.5739400	1.4636400	-0.1838300	-0.5607500	1.4604600	-0.0016900	-0.6413500	1.1868500	0.0806400	-0.5952300	0.9394300	0.1246300	-0.5352800	1.4698900	-0.3691800	-0.6113200	1.2116300	-0.4463500	-0.5864100	0.9724300	-0.4523600	-0.6018100	0.8881600	-0.1701500	-0.6186300	0.8874200	-0.0429500	-0.6203600	0.5135200	-0.0598800	-0.6441100	0.1136300	-0.0432200	-0.6110700	0.8853500	-0.3101500	-0.6653700	0.4916700	-0.2996000	-0.6764200	0.1093800	-0.3074800	-0.4857700	0.0477700	-0.3185600	-0.5124600	0.0529000	-0.3621200	-0.6945200	0.0604300	-0.2904500	-0.5086500	0.0428900	-0.0298600	-0.5081200	0.0634800	0.0215100	-0.6995500	0.0727900	-0.0671300
436	7.2500000	-0.5723900	1.4634800	-0.1842600	-0.5456300	1.4600600	-0.0067400	-0.6422800	1.1868100	0.0805100	-0.5942300	0.9397600	0.1248300	-0.5367500	1.4705600	-0.3693600	-0.6121800	1.2114200	-0.4468400	-0.5871300	0.9669200	-0.4528100	-0.6216200	0.8805400	-0.1761100	-0.6189200	0.8870300	-0.0427100	-0.6368000	0.5035300	-0.0544000	-0.6443400	0.1129400	-0.0433800	-0.6110700	0.8801700	-0.3101700	-0.6626000	0.4856200	-0.2991700	-0.6561800	0.1163400	-0.3109100	-0.5054500	0.0392400	-0.3260000	-0.5110200	0.0530400	-0.3617000	-0.6959200	0.0589000	-0.2908000	-0.5052900	0.0393400	-0.0291300	-0.5071700	0.0633700	0.0210900	-0.7003500	0.0723600	-0.0673600
437	7.2666667	-0.5736500	1.4634900	-0.1838400	-0.5442800	1.4590800	-0.0065700	-0.6649600	1.1861400	0.0761200	-0.5953600	0.9447100	0.1247100	-0.5353300	1.4697800	-0.3690100	-0.6116000	1.2065100	-0.4466000	-0.5863200	0.9620800	-0.4526200	-0.6228700	0.8800800	-0.1766200	-0.6184600	0.8769300	-0.0428200	-0.5966200	0.5087000	-0.0531600	-0.6445400	0.1133800	-0.0432100	-0.6114100	0.8798500	-0.3103300	-0.6638700	0.4861100	-0.2991200	-0.6764300	0.1092600	-0.3074500	-0.5054300	0.0390800	-0.3260400	-0.5125100	0.0528600	-0.3622000	-0.6947200	0.0602400	-0.2904600	-0.5062700	0.0388800	-0.0292000	-0.5252900	0.0563600	0.0268800	-0.7246600	0.0627600	-0.0732300
438	7.2833333	-0.5727700	1.4632500	-0.1842000	-0.5450300	1.4552000	-0.0063600	-0.6649100	1.1810200	0.0762500	-0.5940200	0.9396600	0.1250800	-0.5360500	1.4658400	-0.3688000	-0.6126400	1.2013500	-0.4472700	-0.6061800	0.9598300	-0.4608100	-0.6219700	0.8749300	-0.1762500	-0.6188600	0.8763900	-0.0425700	-0.6135300	0.4979900	-0.0484700	-0.6452600	0.1125200	-0.0434300	-0.6306100	0.8669400	-0.3067800	-0.6612900	0.4743100	-0.2990900	-0.6768500	0.1087000	-0.3072400	-0.5057500	0.0392100	-0.3262000	-0.5308200	0.0447300	-0.3693200	-0.6969200	0.0701800	-0.2906500	-0.5054400	0.0392400	-0.0291500	-0.5248100	0.0561000	0.0263000	-0.7261500	0.0623700	-0.0735600
439	7.3000000	-0.5739800	1.4630300	-0.1837300	-0.5603500	1.4510300	-0.0014400	-0.6641100	1.1806500	0.0763800	-0.5952700	0.9346900	0.1252700	-0.5171000	1.4593000	-0.3619200	-0.6111700	1.1964700	-0.4466200	-0.6048400	0.9599200	-0.4606800	-0.6223000	0.8747400	-0.1767000	-0.6180700	0.8766400	-0.0429000	-0.5961700	0.5028100	-0.0533700	-0.6453000	0.1132200	-0.0433400	-0.6107600	0.8692700	-0.3103000	-0.6437300	0.4909600	-0.3029300	-0.6765600	0.1093800	-0.3073700	-0.5059900	0.0389000	-0.3261700	-0.5324600	0.0444200	-0.3698500	-0.6950000	0.0719600	-0.2901900	-0.5085500	0.0430100	-0.0298500	-0.5085300	0.0633900	0.0214400	-0.7258900	0.0628600	-0.0734300
440	7.3166667	-0.5523100	1.4566900	-0.1777200	-0.5238700	1.4442900	-0.0010800	-0.6421100	1.1764100	0.0808500	-0.5943800	0.9348600	0.1254000	-0.5188600	1.4599100	-0.3620600	-0.6117900	1.1961900	-0.4469600	-0.6058900	0.9542100	-0.4610300	-0.6215200	0.8748600	-0.1761900	-0.6186400	0.8762800	-0.0424800	-0.5926900	0.5090800	-0.0532100	-0.6449800	0.1190000	-0.0428400	-0.6110900	0.8745400	-0.3104000	-0.6410200	0.4849500	-0.3025600	-0.6771500	0.1085700	-0.3072000	-0.5062000	0.0389900	-0.3263000	-0.5313000	0.0445000	-0.3693900	-0.7192100	0.0563000	-0.2874300	-0.5076700	0.0435900	-0.0298400	-0.5055800	0.0703900	0.0214000	-0.7263100	0.0628400	-0.0734900
441	7.3333333	-0.5543900	1.4521100	-0.1774900	-0.5386900	1.4442100	0.0039000	-0.6413500	1.1760300	0.0809500	-0.5727400	0.9368200	0.1294300	-0.5342600	1.4602700	-0.3588600	-0.6116100	1.1909700	-0.4467100	-0.5855300	0.9462100	-0.4635000	-0.6016800	0.8771800	-0.1702200	-0.6360800	0.8687500	-0.0377000	-0.5950800	0.5031800	-0.0532100	-0.6446500	0.1195500	-0.0426300	-0.6303800	0.8666600	-0.3067500	-0.6228700	0.4905300	-0.3066900	-0.6772700	0.1089700	-0.3073600	-0.5059600	0.0388400	-0.3263100	-0.5326500	0.0442200	-0.3699100	-0.7179700	0.0577400	-0.2869800	-0.4911300	0.0503700	-0.0350500	-0.5081700	0.0635800	0.0214000	-0.7255200	0.0630300	-0.0732100
442	7.3500000	-0.5517800	1.4471200	-0.1773600	-0.5231700	1.4346400	-0.0007200	-0.6401300	1.1710300	0.0811700	-0.5944100	0.9242700	0.1257100	-0.5352300	1.4518200	-0.3588500	-0.6119700	1.1857700	-0.4470100	-0.5868500	0.9456400	-0.4637700	-0.6219200	0.8641300	-0.1760000	-0.6360700	0.8633900	-0.0372300	-0.5524300	0.5082800	-0.0523900	-0.6212600	0.1217900	-0.0374700	-0.6312700	0.8664500	-0.3067200	-0.6000300	0.4896100	-0.3108400	-0.6785800	0.1023600	-0.3080400	-0.5061500	0.0389700	-0.3262900	-0.5311700	0.0444700	-0.3693700	-0.7196900	0.0563300	-0.2874100	-0.4899300	0.0509400	-0.0349800	-0.5070200	0.0635200	0.0209200	-0.7007000	0.0725000	-0.0670400
443	7.3666667	-0.5531900	1.4422700	-0.1770900	-0.5219100	1.4244300	-0.0002200	-0.6391600	1.1607600	0.0817600	-0.5720800	0.9212900	0.1300300	-0.5331900	1.4508300	-0.3585300	-0.6115100	1.1806200	-0.4466700	-0.5856000	0.9408400	-0.4636100	-0.6014200	0.8666000	-0.1700900	-0.6358100	0.8634600	-0.0373400	-0.5719000	0.5037100	-0.0469800	-0.6442300	0.1194900	-0.0424600	-0.6301500	0.8611300	-0.3069200	-0.5839600	0.4944500	-0.3256800	-0.6784700	0.1026200	-0.3084700	-0.5072200	0.0327500	-0.3270900	-0.5335500	0.0377700	-0.3706700	-0.7185800	0.0576000	-0.2874300	-0.4906900	0.0505800	-0.0351100	-0.5078000	0.0636700	0.0213900	-0.7004700	0.0726700	-0.0669400
444	7.3833333	-0.5525900	1.4282300	-0.1775900	-0.5235300	1.4205900	-0.0005400	-0.6161600	1.1513800	0.0865000	-0.5718400	0.9110200	0.1305600	-0.5354000	1.4377000	-0.3592200	-0.6120700	1.1704500	-0.4471700	-0.5862900	0.9400200	-0.4641400	-0.6220900	0.8639000	-0.1760100	-0.6364900	0.8631800	-0.0370600	-0.5703900	0.4978100	-0.0473200	-0.6444400	0.1188800	-0.0426300	-0.6307900	0.8611900	-0.3069600	-0.5620900	0.4987700	-0.3293900	-0.6574700	0.1097800	-0.3120600	-0.5073800	0.0328400	-0.3270400	-0.5319500	0.0379300	-0.3701200	-0.6984900	0.0642000	-0.2917900	-0.4899300	0.0509200	-0.0350000	-0.5071700	0.0635200	0.0209500	-0.7008000	0.0726500	-0.0672000
445	7.4000000	-0.5519800	1.4136700	-0.1766500	-0.5225300	1.4102300	-0.0000500	-0.6155300	1.1456800	0.0868700	-0.5881400	0.8981700	0.1365000	-0.5333300	1.4228000	-0.3591600	-0.6113200	1.1650900	-0.4469400	-0.5849800	0.9297700	-0.4639600	-0.6012800	0.8559400	-0.1700100	-0.6360200	0.8525500	-0.0369500	-0.5671900	0.4830000	-0.0357500	-0.6449000	0.1192500	-0.0425900	-0.6108800	0.8528800	-0.3106600	-0.5636400	0.4881500	-0.3298600	-0.6571700	0.1104600	-0.3121400	-0.5068700	0.0325100	-0.3270300	-0.5128900	0.0409000	-0.3731200	-0.6967900	0.0660000	-0.2912300	-0.4911100	0.0504100	-0.0349900	-0.5083300	0.0635300	0.0214800	-0.7257500	0.0630800	-0.0733400
446	7.4166667	-0.5674900	1.4051600	-0.1729300	-0.5392900	1.3982000	0.0047800	-0.6161100	1.1405400	0.0870700	-0.5877600	0.8879400	0.1370500	-0.5341800	1.4132800	-0.3587200	-0.6110700	1.1549400	-0.4473700	-0.5666400	0.9260000	-0.4669800	-0.6219400	0.8529000	-0.1758700	-0.6363500	0.8521600	-0.0366600	-0.5605500	0.4844400	-0.0247200	-0.6454500	0.1185900	-0.0428700	-0.6308600	0.8501400	-0.3070700	-0.5607900	0.4823700	-0.3301600	-0.6576300	0.1096500	-0.3120300	-0.5071100	0.0328100	-0.3270400	-0.5319700	0.0378100	-0.3701200	-0.6992400	0.0639600	-0.2917300	-0.5055200	0.0393200	-0.0292200	-0.5249900	0.0562700	0.0263300	-0.7534300	0.0590400	-0.0794100
447	7.4333333	-0.5686900	1.4001100	-0.1725700	-0.5218200	1.3868700	0.0005700	-0.6164000	1.1204800	0.0879600	-0.5876900	0.8720500	0.1374800	-0.5317200	1.4077300	-0.3485900	-0.6108300	1.1495400	-0.4472800	-0.5844300	0.9136900	-0.4750800	-0.6223500	0.8420500	-0.1763500	-0.6360600	0.8414400	-0.0367600	-0.5618300	0.4730400	-0.0241700	-0.6451600	0.1193600	-0.0426500	-0.6110600	0.8471600	-0.3106000	-0.5440800	0.4764300	-0.3339400	-0.6578100	0.1101200	-0.3121300	-0.5070300	0.0326700	-0.3270500	-0.5336100	0.0374800	-0.3706100	-0.7210000	0.0627400	-0.2881000	-0.5065500	0.0387600	-0.0293100	-0.5085800	0.0634100	0.0214200	-0.7277500	0.0694700	-0.0730300
448	7.4500000	-0.5680000	1.3810400	-0.1727600	-0.5389700	1.3741100	0.0055200	-0.6107200	1.1003800	0.0985400	-0.5868800	0.8562100	0.1379400	-0.5336900	1.3892400	-0.3590000	-0.6110400	1.1292400	-0.4478500	-0.5847700	0.8972100	-0.4757500	-0.6003700	0.8396800	-0.1692500	-0.6355100	0.8361200	-0.0362200	-0.5547800	0.4749800	-0.0132500	-0.6450000	0.1188800	-0.0428200	-0.6320500	0.8335100	-0.3179300	-0.5408000	0.4760500	-0.3340900	-0.6580900	0.1094400	-0.3120100	-0.5075800	0.0324700	-0.3272500	-0.5329300	0.0373200	-0.3701600	-0.7225200	0.0613300	-0.2883600	-0.4879700	0.0465100	-0.0343700	-0.5054900	0.0591700	0.0214900	-0.7280700	0.0693900	-0.0733000
449	7.4666667	-0.5688900	1.3661700	-0.1722900	-0.5371700	1.3539400	0.0063900	-0.5913600	1.0858500	0.0937000	-0.5871200	0.8446000	0.1382200	-0.5308700	1.3740100	-0.3586200	-0.6100200	1.1185800	-0.4477800	-0.5641400	0.8787100	-0.4784400	-0.6192300	0.8260600	-0.1652100	-0.6535600	0.8226200	-0.0310700	-0.5335900	0.4702800	-0.0074900	-0.6448900	0.1194300	-0.0425100	-0.6515700	0.8194500	-0.3143200	-0.5233100	0.4706000	-0.3377800	-0.6598000	0.1037000	-0.3130400	-0.5071800	0.0324500	-0.3271600	-0.5339200	0.0371800	-0.3705900	-0.7209000	0.0631700	-0.2880400	-0.4890100	0.0459700	-0.0344100	-0.5063200	0.0591300	0.0219200	-0.7278900	0.0696800	-0.0729900
450	7.4833333	-0.5678600	1.3421800	-0.1726700	-0.5381800	1.3313600	0.0066700	-0.5691600	1.0765100	0.0981900	-0.5874500	0.8242300	0.1393200	-0.5333200	1.3556600	-0.3595200	-0.6104700	1.1025300	-0.4483700	-0.5645200	0.8623900	-0.4789900	-0.5995600	0.8128300	-0.1689700	-0.6350200	0.8092000	-0.0357000	-0.5098200	0.4761000	-0.0020400	-0.6445300	0.1187500	-0.0425400	-0.6316900	0.8113700	-0.3180400	-0.5027600	0.4695900	-0.3417700	-0.6575400	0.1100200	-0.3121000	-0.5072900	0.0329700	-0.3271400	-0.5326000	0.0377100	-0.3701200	-0.6991400	0.0762600	-0.2914200	-0.4877900	0.0465000	-0.0343800	-0.5052100	0.0590400	0.0214700	-0.7275900	0.0694300	-0.0730500
451	7.5000000	-0.5665800	1.3317000	-0.1715000	-0.5208600	1.3201600	0.0022100	-0.5905900	1.0594800	0.0944000	-0.6031600	0.8051000	0.1456900	-0.5477700	1.3409100	-0.3556300	-0.6093100	1.0819700	-0.4482100	-0.5823900	0.8490800	-0.4871800	-0.6008700	0.8071100	-0.1694200	-0.6358700	0.8033200	-0.0359300	-0.5126300	0.4701600	-0.0021100	-0.6448700	0.1131400	-0.0429100	-0.6509900	0.7973900	-0.3143700	-0.4868800	0.4745300	-0.3451700	-0.6563600	0.1109400	-0.3121800	-0.5073700	0.0329200	-0.3269100	-0.5339400	0.0375600	-0.3705000	-0.6961800	0.0782600	-0.2911400	-0.4888900	0.0460500	-0.0344000	-0.5061700	0.0591300	0.0218700	-0.7278100	0.0698000	-0.0728500
452	7.5166667	-0.5659000	1.3176000	-0.1720300	-0.5215200	1.3112400	0.0019900	-0.5921300	1.0397800	0.0950300	-0.5788000	0.7934900	0.1505000	-0.5306800	1.3309600	-0.3487000	-0.6094700	1.0712300	-0.4488000	-0.5838300	0.8375900	-0.4879500	-0.5994200	0.8013900	-0.1688600	-0.6351700	0.7921500	-0.0357300	-0.5063100	0.4717400	0.0083300	-0.6445300	0.1187300	-0.0425800	-0.6297900	0.7896200	-0.3070600	-0.5022100	0.4638900	-0.3522600	-0.6563700	0.1106000	-0.3120700	-0.5081400	0.0326200	-0.3271000	-0.5329600	0.0376000	-0.3700600	-0.6965600	0.0830200	-0.2905200	-0.4874700	0.0467800	-0.0343300	-0.5073800	0.0632300	0.0209100	-0.7278600	0.0702500	-0.0731100
453	7.5333333	-0.5503800	1.3022700	-0.1755700	-0.5213100	1.2959200	0.0025400	-0.5918300	1.0287000	0.0955200	-0.5787100	0.7821600	0.1508200	-0.5272900	1.3111900	-0.3483800	-0.6081300	1.0556600	-0.4485200	-0.5826000	0.8272100	-0.4877800	-0.6218200	0.7869600	-0.1756400	-0.6358100	0.7866500	-0.0356500	-0.5076900	0.4610100	0.0086600	-0.6447600	0.1140700	-0.0418800	-0.6509000	0.7800900	-0.3142500	-0.4861000	0.4639800	-0.3454900	-0.6554400	0.1171400	-0.3115500	-0.5076700	0.0326400	-0.3269500	-0.5339300	0.0373700	-0.3705100	-0.6953900	0.0844100	-0.2903600	-0.4887400	0.0461700	-0.0343300	-0.5061900	0.0592100	0.0219100	-0.7077300	0.0779200	-0.0781600
454	7.5500000	-0.5495000	1.2834700	-0.1760700	-0.5212200	1.2730500	0.0027000	-0.5918900	1.0136900	0.0957900	-0.5781000	0.7618000	0.1519800	-0.5292900	1.2928200	-0.3489700	-0.6084900	1.0396700	-0.4491000	-0.5830600	0.8101900	-0.4884100	-0.5992400	0.7796600	-0.1687000	-0.6348100	0.7700700	-0.0353900	-0.5055500	0.4609200	0.0087800	-0.6441100	0.1074900	-0.0425700	-0.6298700	0.7727400	-0.3068600	-0.4833700	0.4579400	-0.3555900	-0.6557900	0.1166300	-0.3114700	-0.5075100	0.0327900	-0.3270200	-0.5310700	0.0330200	-0.3693700	-0.6989000	0.0887300	-0.2913800	-0.4876200	0.0466300	-0.0343500	-0.5053800	0.0590200	0.0214600	-0.7280400	0.0698900	-0.0731800
455	7.5666667	-0.5297400	1.2675700	-0.1692700	-0.5189000	1.2568700	0.0036600	-0.5680400	0.9994200	0.1009400	-0.5778200	0.7454900	0.1526400	-0.5274400	1.2776800	-0.3489400	-0.6075600	1.0239100	-0.4490200	-0.5815000	0.7832000	-0.4992500	-0.6213100	0.7650300	-0.1756700	-0.6351300	0.7643900	-0.0355700	-0.4828000	0.4677600	0.0146200	-0.6439600	0.1080500	-0.0424400	-0.6290600	0.7615700	-0.3069100	-0.4859200	0.4523700	-0.3561200	-0.6569600	0.1107100	-0.3123500	-0.5051900	0.0279800	-0.3261500	-0.5127600	0.0411800	-0.3622800	-0.7204600	0.0808200	-0.2988200	-0.4888800	0.0461100	-0.0345200	-0.5060200	0.0591600	0.0217900	-0.7280300	0.0696900	-0.0730200
456	7.5833333	-0.5283500	1.2484400	-0.1693200	-0.5191800	1.2384500	0.0038200	-0.5852600	0.9779600	0.1072900	-0.5779400	0.7346900	0.1531400	-0.5101100	1.2625000	-0.3419000	-0.6083600	1.0130500	-0.4600900	-0.5820900	0.7715600	-0.4998000	-0.6208200	0.7593700	-0.1753800	-0.6350300	0.7581800	-0.0355200	-0.4819800	0.4619700	0.0144200	-0.6442100	0.1072800	-0.0425800	-0.6490300	0.7528900	-0.3033900	-0.4823200	0.4523500	-0.3554700	-0.6573700	0.1103000	-0.3122000	-0.5056100	0.0278600	-0.3263600	-0.5308000	0.0330300	-0.3693500	-0.7221400	0.0866100	-0.2882300	-0.4877900	0.0465900	-0.0344500	-0.5054900	0.0589300	0.0213900	-0.7285600	0.0699600	-0.0732000
457	7.6000000	-0.5473600	1.2329400	-0.1746900	-0.5190400	1.2231800	0.0043700	-0.5843200	0.9621300	0.1079600	-0.5773800	0.7231700	0.1532100	-0.5080400	1.2424700	-0.3519000	-0.6069800	0.9915600	-0.4600700	-0.5805000	0.7560700	-0.5000600	-0.6210700	0.7536700	-0.1754200	-0.6346300	0.7482300	-0.0350100	-0.4850700	0.4560200	0.0142100	-0.6442000	0.1080100	-0.0424500	-0.6288000	0.7448900	-0.3069500	-0.4668100	0.4517200	-0.3591800	-0.6591400	0.1159100	-0.3129800	-0.5073100	0.0327500	-0.3269100	-0.5324300	0.0326600	-0.3697900	-0.7206100	0.0882200	-0.2879400	-0.4889700	0.0460700	-0.0344700	-0.5062600	0.0590600	0.0217900	-0.7284300	0.0701700	-0.0729800
458	7.6166667	-0.5276500	1.2142700	-0.1692200	-0.5192700	1.2093600	0.0044700	-0.5845000	0.9414800	0.1084100	-0.5770000	0.7021600	0.1539400	-0.4903100	1.2281800	-0.3449400	-0.6072000	0.9759500	-0.4608500	-0.5822700	0.7444200	-0.5006600	-0.6202600	0.7427700	-0.1750600	-0.6342700	0.7419600	-0.0350900	-0.4817200	0.4513600	0.0146100	-0.6441900	0.1073300	-0.0425900	-0.6484600	0.7308900	-0.3031400	-0.4638800	0.4410500	-0.3594200	-0.6596100	0.1154300	-0.3129200	-0.4877800	0.0415900	-0.3195800	-0.5117900	0.0413600	-0.3617300	-0.7234900	0.0866200	-0.2883300	-0.4877200	0.0465600	-0.0345000	-0.5055100	0.0588600	0.0213300	-0.7286100	0.0700600	-0.0731100
459	7.6333333	-0.5479300	1.1985100	-0.1748000	-0.5389100	1.1884200	0.0001500	-0.5840500	0.9353800	0.1086200	-0.5759900	0.6855200	0.1546000	-0.5071600	1.2083900	-0.3521600	-0.5868300	0.9616600	-0.4635800	-0.5995800	0.7301000	-0.5084600	-0.6211400	0.7263300	-0.1753300	-0.6347300	0.7319200	-0.0348200	-0.4827800	0.4513800	0.0145600	-0.6441400	0.1079400	-0.0423000	-0.6502800	0.7186100	-0.3143600	-0.4481700	0.4515500	-0.3621300	-0.6589200	0.1160000	-0.3129700	-0.4874900	0.0415300	-0.3195600	-0.5129700	0.0410600	-0.3622500	-0.7207800	0.0882300	-0.2878800	-0.4886600	0.0461500	-0.0345100	-0.5058500	0.0591400	0.0217300	-0.7308400	0.0645300	-0.0721500
460	7.6500000	-0.5265200	1.1842400	-0.1688800	-0.5179700	1.1699800	0.0053100	-0.6009300	0.9136900	0.1152700	-0.5691300	0.6658900	0.1650400	-0.4905600	1.1990300	-0.3453600	-0.6064800	0.9438400	-0.4615400	-0.6000600	0.7072300	-0.5092800	-0.6199800	0.7207500	-0.1748000	-0.6563400	0.7169200	-0.0402000	-0.4808100	0.4514200	0.0146300	-0.6630600	0.1000700	-0.0372600	-0.6498000	0.7076500	-0.3143400	-0.4454900	0.4519200	-0.3622100	-0.6573100	0.1219600	-0.3121500	-0.4875000	0.0417600	-0.3195700	-0.5116000	0.0414700	-0.3617600	-0.7231300	0.0865800	-0.2883100	-0.4873900	0.0467700	-0.0345800	-0.5052300	0.0590000	0.0212500	-0.7307900	0.0645900	-0.0723000
461	7.6666667	-0.5267000	1.1688700	-0.1682500	-0.5015800	1.1594600	0.0010000	-0.6007300	0.8970600	0.1160600	-0.5681800	0.6494700	0.1656300	-0.4877500	1.1836000	-0.3451700	-0.6250700	0.9255900	-0.4696000	-0.5981000	0.6911900	-0.5094500	-0.6393100	0.7063200	-0.1706600	-0.6574100	0.7115200	-0.0399500	-0.4617100	0.4574600	0.0195800	-0.6631500	0.1007000	-0.0371000	-0.6692200	0.6924500	-0.3106500	-0.4485500	0.4518900	-0.3631500	-0.6560600	0.1170500	-0.3115900	-0.4871600	0.0418200	-0.3194500	-0.5126300	0.0412800	-0.3622000	-0.7210200	0.0879100	-0.2879400	-0.4887100	0.0462400	-0.0345300	-0.5058900	0.0592200	0.0217100	-0.7309500	0.0644000	-0.0721400
462	7.6833333	-0.5249700	1.1445400	-0.1683400	-0.5174100	1.1353900	0.0062000	-0.6001100	0.8762400	0.1165000	-0.5679400	0.6388400	0.1659500	-0.4884400	1.1644500	-0.3453600	-0.6261200	0.9091500	-0.4702000	-0.5801900	0.6725200	-0.5126100	-0.6386600	0.7006000	-0.1705300	-0.6568200	0.7051800	-0.0400400	-0.4794300	0.4466100	0.0151800	-0.6631100	0.0999300	-0.0372800	-0.6699600	0.6866600	-0.3104500	-0.4453600	0.4467100	-0.3628000	-0.6563000	0.1165700	-0.3115700	-0.4857300	0.0368300	-0.3188300	-0.5116600	0.0414100	-0.3617800	-0.7231600	0.0865200	-0.2882400	-0.4875200	0.0467700	-0.0344600	-0.5053300	0.0590400	0.0213400	-0.7285600	0.0699000	-0.0730100
463	7.7000000	-0.5253200	1.1387400	-0.1678400	-0.5010900	1.1302000	0.0017900	-0.5819500	0.8673400	0.1111200	-0.5675800	0.6274500	0.1660800	-0.4851500	1.1540200	-0.3449200	-0.6247000	0.8980500	-0.4702400	-0.5789400	0.6724600	-0.5122900	-0.6208300	0.6928400	-0.1751700	-0.6574300	0.6936600	-0.0400300	-0.4593400	0.4581500	0.0204200	-0.6631500	0.1006000	-0.0370800	-0.6693400	0.6808200	-0.3106500	-0.4468900	0.4518900	-0.3622000	-0.6780800	0.1085000	-0.3192200	-0.4871400	0.0419200	-0.3194800	-0.5129500	0.0411900	-0.3622400	-0.7441900	0.0787400	-0.2956100	-0.4886900	0.0462900	-0.0344100	-0.5058800	0.0592500	0.0218300	-0.7307900	0.0642100	-0.0721700
464	7.7166667	-0.5085800	1.1250400	-0.1723300	-0.5019100	1.1163600	0.0017200	-0.5821000	0.8570900	0.1111200	-0.5673100	0.6118500	0.1667700	-0.4699600	1.1355000	-0.3484800	-0.6254300	0.8818300	-0.4707300	-0.5799900	0.6608000	-0.5129300	-0.6201100	0.6873500	-0.1751600	-0.6564200	0.6828100	-0.0399600	-0.4597100	0.4574000	0.0197400	-0.6441700	0.1070900	-0.0425000	-0.6689700	0.6699600	-0.3106700	-0.4282700	0.4462500	-0.3666300	-0.6783400	0.1079800	-0.3191900	-0.4874000	0.0418300	-0.3196200	-0.5116500	0.0414400	-0.3617600	-0.7442400	0.0770700	-0.2945600	-0.4872300	0.0470100	-0.0344000	-0.5054600	0.0590800	0.0214000	-0.7305200	0.0644500	-0.0723800
465	7.7333333	-0.5079100	1.1092800	-0.1717400	-0.4998000	1.1000900	0.0025100	-0.5815200	0.8354700	0.1120800	-0.5667000	0.5951300	0.1674200	-0.4680600	1.1201600	-0.3485800	-0.6049000	0.8730000	-0.4731600	-0.5782600	0.6450600	-0.5125700	-0.6207600	0.6813400	-0.1752500	-0.6387400	0.6797900	-0.0452800	-0.4599400	0.4526100	0.0202200	-0.6207600	0.1169700	-0.0366600	-0.6692800	0.6638300	-0.3109600	-0.4304600	0.4461800	-0.3665100	-0.6781700	0.1085000	-0.3191800	-0.4872500	0.0418400	-0.3196000	-0.5129200	0.0411400	-0.3622400	-0.7182300	0.0878700	-0.2863900	-0.4912300	0.0505900	-0.0350300	-0.5082600	0.0634700	0.0213100	-0.7277600	0.0698100	-0.0728300
466	7.7500000	-0.5069500	1.0997400	-0.1720400	-0.4994500	1.0857300	0.0024400	-0.5758600	0.8257900	0.1222100	-0.5666700	0.5842600	0.1679000	-0.4696000	1.1152300	-0.3487600	-0.6050000	0.8622300	-0.4734700	-0.5786200	0.6384300	-0.5128400	-0.6204200	0.6702200	-0.1754700	-0.6383100	0.6733000	-0.0454300	-0.4576500	0.4529000	0.0204200	-0.6206600	0.1162900	-0.0368200	-0.6475400	0.6572700	-0.3035100	-0.4275300	0.4514800	-0.3659300	-0.6779500	0.1081300	-0.3192200	-0.4876500	0.0417800	-0.3197100	-0.5117200	0.0414500	-0.3617700	-0.7211100	0.0807500	-0.2875000	-0.4877400	0.0467600	-0.0344400	-0.5077600	0.0630500	0.0209100	-0.7294900	0.0646100	-0.0723800
467	7.7666667	-0.4896500	1.0852600	-0.1756500	-0.4985600	1.0702700	0.0030900	-0.5749700	0.8145100	0.1227600	-0.5658400	0.5672400	0.1679300	-0.4501100	1.1010000	-0.3518300	-0.6236400	0.8433400	-0.4707800	-0.5766000	0.6217000	-0.5124200	-0.6427100	0.6602600	-0.1820700	-0.6387100	0.6680500	-0.0452500	-0.4604000	0.4573900	0.0199700	-0.6206700	0.1168400	-0.0365900	-0.6474300	0.6567600	-0.3035200	-0.4291100	0.4515100	-0.3657600	-0.6779200	0.1085200	-0.3192200	-0.5068900	0.0330400	-0.3270100	-0.5128600	0.0411600	-0.3622500	-0.7187200	0.0823700	-0.2870500	-0.4889600	0.0463100	-0.0343900	-0.5082200	0.0632800	0.0213700	-0.7269700	0.0582000	-0.0727400
468	7.7833333	-0.5057600	1.0748400	-0.1718800	-0.4990600	1.0566100	0.0032300	-0.5585300	0.8067700	0.1171300	-0.5668400	0.5616600	0.1677400	-0.4685200	1.0952400	-0.3490300	-0.6042800	0.8355600	-0.4736800	-0.5777200	0.6106300	-0.5134100	-0.6420400	0.6598600	-0.1817700	-0.6573600	0.6583500	-0.0403500	-0.4571900	0.4530900	0.0203900	-0.6205300	0.1162000	-0.0367700	-0.6482500	0.6511600	-0.3038000	-0.4261800	0.4462600	-0.3656000	-0.6559700	0.1166700	-0.3115700	-0.5072100	0.0330200	-0.3271200	-0.5133500	0.0460700	-0.3624600	-0.7208800	0.0926900	-0.2871700	-0.4875500	0.0468500	-0.0344400	-0.5054900	0.0590100	0.0214700	-0.7266800	0.0584300	-0.0728600
469	7.8000000	-0.5058000	1.0641000	-0.1713900	-0.4984200	1.0552700	0.0035600	-0.5577500	0.8009300	0.1171700	-0.5653200	0.5561100	0.1679900	-0.4495300	1.0860700	-0.3519800	-0.6030600	0.8299100	-0.4733000	-0.5762200	0.6000800	-0.5132000	-0.6424000	0.6488700	-0.1815300	-0.6573600	0.6481300	-0.0397200	-0.4593300	0.4524300	0.0202500	-0.6205900	0.1168900	-0.0365700	-0.6686200	0.6354000	-0.3108000	-0.4280800	0.4461800	-0.3652900	-0.6561100	0.1170100	-0.3116100	-0.5066200	0.0329200	-0.3269800	-0.5124500	0.0412600	-0.3622000	-0.7190200	0.0940400	-0.2869700	-0.4891300	0.0462300	-0.0344100	-0.5061200	0.0591300	0.0219200	-0.7268200	0.0582500	-0.0727400
470	7.8166667	-0.4884000	1.0558800	-0.1757600	-0.4977600	1.0463000	0.0033900	-0.5579200	0.7962800	0.1171900	-0.5657300	0.5562800	0.1680600	-0.4508100	1.0764500	-0.3520900	-0.5842100	0.8275200	-0.4653200	-0.5774500	0.5887100	-0.5136600	-0.6410700	0.6488700	-0.1813400	-0.6602700	0.6474800	-0.0506800	-0.4575300	0.4530400	0.0204500	-0.6204700	0.1162000	-0.0367700	-0.6686200	0.6359000	-0.3102800	-0.4255800	0.4463000	-0.3654300	-0.6778800	0.1082400	-0.3192200	-0.4870800	0.0418800	-0.3196700	-0.5109100	0.0417600	-0.3616400	-0.7215800	0.0925500	-0.2873900	-0.4876200	0.0468000	-0.0344200	-0.5055500	0.0589400	0.0214900	-0.7265000	0.0583700	-0.0728800
471	7.8333333	-0.4883500	1.0550100	-0.1755400	-0.4810800	1.0465700	-0.0014700	-0.5405900	0.7930000	0.1114800	-0.5660000	0.5499700	0.1678100	-0.4485100	1.0665600	-0.3520200	-0.5837800	0.8268400	-0.4650900	-0.5765300	0.5888400	-0.5132600	-0.6417900	0.6488100	-0.1815300	-0.6381400	0.6517900	-0.0450600	-0.4589600	0.4528000	0.0202700	-0.6205200	0.1169600	-0.0366000	-0.6470600	0.6401600	-0.3028500	-0.4276900	0.4462600	-0.3652500	-0.6560800	0.1171100	-0.3116000	-0.4864300	0.0421300	-0.3194600	-0.5118500	0.0416600	-0.3621000	-0.7195700	0.0938700	-0.2870800	-0.4891700	0.0462200	-0.0344100	-0.5061400	0.0591700	0.0219200	-0.7257400	0.0633300	-0.0733700
472	7.8500000	-0.4877700	1.0511100	-0.1759200	-0.4809900	1.0471800	-0.0017600	-0.5580400	0.7905100	0.1169900	-0.5658900	0.5454300	0.1681900	-0.4501900	1.0618500	-0.3522700	-0.5837700	0.8220700	-0.4653000	-0.5775700	0.5881800	-0.5136900	-0.6183000	0.6427200	-0.1745400	-0.6368600	0.6471900	-0.0446800	-0.4588300	0.4473200	0.0200300	-0.6202400	0.1163000	-0.0368300	-0.6461400	0.6347300	-0.3028000	-0.4258700	0.4410900	-0.3660300	-0.6558200	0.1167200	-0.3115900	-0.4849200	0.0371400	-0.3189200	-0.5106300	0.0419300	-0.3617200	-0.7215700	0.0925100	-0.2873200	-0.5050600	0.0394300	-0.0293200	-0.5057200	0.0588500	0.0215100	-0.7250600	0.0636700	-0.0735600
473	7.8666667	-0.4879400	1.0503800	-0.1754300	-0.4804800	1.0463900	-0.0013300	-0.5797500	0.7871600	0.1131100	-0.5651800	0.5449400	0.1681000	-0.4482500	1.0615500	-0.3520700	-0.5828400	0.8218200	-0.4651200	-0.5761400	0.5834200	-0.5137800	-0.6194300	0.6425800	-0.1747600	-0.6379500	0.6467600	-0.0445500	-0.4588800	0.4526600	0.0201800	-0.6203700	0.1169700	-0.0366200	-0.6460900	0.6343900	-0.3028600	-0.4106000	0.4463300	-0.3585000	-0.6560200	0.1170600	-0.3116100	-0.4847300	0.0371300	-0.3187600	-0.5119500	0.0415900	-0.3621800	-0.7194100	0.0938900	-0.2870700	-0.4891800	0.0461600	-0.0344200	-0.5061800	0.0591100	0.0218900	-0.7256700	0.0633700	-0.0733800
474	7.8833333	-0.4879200	1.0512300	-0.1758600	-0.4808800	1.0472700	-0.0017300	-0.5639000	0.7896500	0.1069200	-0.5494900	0.5492500	0.1622000	-0.4504600	1.0665500	-0.3521800	-0.5832200	0.8221700	-0.4652000	-0.5775100	0.5827800	-0.5140500	-0.6182200	0.6427600	-0.1746000	-0.6370800	0.6519500	-0.0451200	-0.4573800	0.4530200	0.0203300	-0.6201300	0.1162500	-0.0367700	-0.6460000	0.6348300	-0.3028100	-0.4262400	0.4411200	-0.3659300	-0.6559500	0.1167100	-0.3116200	-0.4870500	0.0419600	-0.3196400	-0.5109500	0.0418800	-0.3617200	-0.7217300	0.0924900	-0.2873400	-0.4877600	0.0467300	-0.0344200	-0.5057000	0.0588500	0.0214800	-0.7249200	0.0634500	-0.0734900
475	7.9000000	-0.4886800	1.0551600	-0.1754500	-0.4813600	1.0467200	-0.0014200	-0.5631800	0.7947900	0.1069200	-0.5487200	0.5488600	0.1621300	-0.4655800	1.0703100	-0.3489500	-0.5826800	0.8270300	-0.4649300	-0.5760300	0.5834100	-0.5135700	-0.6423200	0.6432600	-0.1817900	-0.6612800	0.6469700	-0.0506000	-0.4606000	0.4572300	0.0197900	-0.6208800	0.1105800	-0.0370700	-0.6471000	0.6396800	-0.3033600	-0.4281700	0.4355800	-0.3651700	-0.6780500	0.1085300	-0.3191900	-0.4848900	0.0371000	-0.3187400	-0.5122700	0.0415200	-0.3622300	-0.7195900	0.0937500	-0.2871200	-0.4891200	0.0463100	-0.0344500	-0.5061300	0.0591500	0.0218800	-0.7266000	0.0577500	-0.0726800
476	7.9166667	-0.4886000	1.0607100	-0.1758700	-0.4975200	1.0509600	0.0031200	-0.5645900	0.8002200	0.1066200	-0.5501200	0.5544500	0.1617500	-0.4859700	1.0744600	-0.3562100	-0.5834000	0.8330300	-0.4647200	-0.5771900	0.5883400	-0.5133400	-0.6601700	0.6396800	-0.1771300	-0.6569800	0.6532800	-0.0401300	-0.4590400	0.4576700	0.0199000	-0.6389400	0.1091600	-0.0315400	-0.6473100	0.6400200	-0.3031400	-0.4262500	0.4462300	-0.3654500	-0.6777400	0.1082500	-0.3192400	-0.4852600	0.0370400	-0.3188800	-0.5110500	0.0418100	-0.3617800	-0.7203500	0.0863400	-0.2866900	-0.4875500	0.0468900	-0.0344500	-0.5056700	0.0588900	0.0214900	-0.7261500	0.0580300	-0.0728500
477	7.9333333	-0.4883400	1.0700100	-0.1755200	-0.4967800	1.0551300	0.0034800	-0.5638000	0.8050800	0.1063000	-0.5721400	0.5592400	0.1574700	-0.4492200	1.0861400	-0.3519600	-0.5827100	0.8383200	-0.4540500	-0.5569600	0.5991600	-0.5047800	-0.6619600	0.6504700	-0.1773700	-0.6821900	0.6533000	-0.0458800	-0.4427400	0.4571800	0.0151100	-0.6205200	0.1168800	-0.0365600	-0.6475800	0.6399400	-0.3032200	-0.4285600	0.4514900	-0.3646600	-0.6781900	0.1083600	-0.3192300	-0.4848100	0.0371200	-0.3187600	-0.5122400	0.0414500	-0.3622300	-0.7424900	0.0728300	-0.2949000	-0.4889500	0.0463900	-0.0344600	-0.5059100	0.0592500	0.0218700	-0.7260000	0.0629900	-0.0733500
478	7.9500000	-0.4885800	1.0808300	-0.1760900	-0.4985400	1.0708800	0.0025900	-0.5648700	0.8160800	0.1060400	-0.5730800	0.5599800	0.1574000	-0.4514900	1.0962200	-0.3520100	-0.5642600	0.8518700	-0.4564700	-0.5771500	0.6001600	-0.5023500	-0.6607200	0.6563300	-0.1774400	-0.6573200	0.6589500	-0.0404400	-0.4405900	0.4632500	0.0155100	-0.6204700	0.1161600	-0.0368100	-0.6475500	0.6514900	-0.3030200	-0.4439000	0.4575100	-0.3618200	-0.6779200	0.1079500	-0.3192200	-0.4851200	0.0368600	-0.3189700	-0.4922500	0.0494300	-0.3649900	-0.7214000	0.0806100	-0.2874600	-0.4899700	0.0510300	-0.0350500	-0.5078100	0.0631200	0.0209000	-0.7253400	0.0633800	-0.0735700
479	7.9666667	-0.4895200	1.0900700	-0.1757000	-0.4977200	1.0751500	0.0029300	-0.5814700	0.8187300	0.1117200	-0.5723400	0.5705200	0.1572200	-0.4670200	1.1050400	-0.3488900	-0.5645000	0.8620700	-0.4563800	-0.5571400	0.6210800	-0.5038000	-0.6625500	0.6565600	-0.1777500	-0.6592400	0.6694100	-0.0403900	-0.4426100	0.4628100	0.0152400	-0.6208100	0.1167700	-0.0366500	-0.6696400	0.6523500	-0.3110000	-0.4297500	0.4515900	-0.3656000	-0.6570500	0.1105400	-0.3123000	-0.5066300	0.0218000	-0.3272500	-0.5122600	0.0411800	-0.3622800	-0.7181800	0.0822600	-0.2870800	-0.4914400	0.0504900	-0.0351000	-0.5083200	0.0633600	0.0212200	-0.7264700	0.0631900	-0.0734100
480	7.9833333	-0.4898400	1.1010400	-0.1762500	-0.4979800	1.0908300	0.0022500	-0.5648300	0.8317500	0.1052800	-0.5730700	0.5819600	0.1569200	-0.4526600	1.1160300	-0.3520400	-0.5842300	0.8703100	-0.4644200	-0.5593800	0.6370500	-0.5042400	-0.6617700	0.6677500	-0.1777700	-0.6817300	0.6658700	-0.0464300	-0.4420900	0.4680000	0.0150000	-0.6438700	0.1068700	-0.0425100	-0.6692400	0.6584300	-0.3106400	-0.4448300	0.4469600	-0.3628500	-0.6568600	0.1103400	-0.3122800	-0.5070300	0.0218000	-0.3273900	-0.5113400	0.0414000	-0.3618600	-0.7203500	0.0810600	-0.2872100	-0.4901600	0.0510200	-0.0350600	-0.5081500	0.0630900	0.0208500	-0.7259000	0.0634200	-0.0736400
481	8.0000000	-0.5069600	1.1095800	-0.1718900	-0.4981400	1.0999400	0.0024700	-0.5644400	0.8420000	0.1052400	-0.5729100	0.5976600	0.1561000	-0.4511300	1.1257700	-0.3519100	-0.6034100	0.8785600	-0.4616800	-0.5774000	0.6397000	-0.5018500	-0.6398300	0.6835900	-0.1708300	-0.6583900	0.6819200	-0.0401100	-0.4438200	0.4677600	0.0146900	-0.6441500	0.1076900	-0.0423400	-0.6478200	0.6737100	-0.3030100	-0.4476400	0.4572000	-0.3624300	-0.6572200	0.1106100	-0.3121800	-0.5050200	0.0278700	-0.3262500	-0.5125900	0.0410700	-0.3622900	-0.7180200	0.0823500	-0.2869100	-0.4893200	0.0462400	-0.0344900	-0.5300600	0.0541100	0.0161600	-0.7281000	0.0579900	-0.0728500
482	8.0166667	-0.5073900	1.1205300	-0.1723000	-0.4994200	1.1159100	0.0019300	-0.5658400	0.8584900	0.1050400	-0.5749200	0.6093300	0.1557100	-0.4533000	1.1360700	-0.3519400	-0.5848800	0.8977200	-0.4535500	-0.5791600	0.6504700	-0.5019300	-0.6379700	0.6895700	-0.1704100	-0.6561400	0.6942500	-0.0399600	-0.4643100	0.4669100	0.0095300	-0.6442700	0.1069500	-0.0426200	-0.6479500	0.6851000	-0.3029200	-0.4454700	0.4575100	-0.3627500	-0.6560000	0.1166400	-0.3114600	-0.5072700	0.0326400	-0.3271000	-0.5311100	0.0329000	-0.3693600	-0.7223900	0.0868500	-0.2878400	-0.5089900	0.0374400	-0.0399200	-0.5297200	0.0537700	0.0157900	-0.7262200	0.0635400	-0.0737200
483	8.0333333	-0.5077300	1.1439600	-0.1721200	-0.4993900	1.1298800	0.0020700	-0.5646600	0.8691400	0.1046800	-0.5737900	0.6307200	0.1553100	-0.4692500	1.1544800	-0.3586400	-0.6037900	0.9058200	-0.4613500	-0.5779900	0.6618700	-0.5012600	-0.6391900	0.7005400	-0.1704600	-0.6348100	0.7036200	-0.0344000	-0.4662900	0.4665500	0.0092600	-0.6444300	0.1077100	-0.0424000	-0.6480700	0.6904600	-0.3028700	-0.4482000	0.4570700	-0.3622400	-0.6570000	0.1108500	-0.3121300	-0.5068500	0.0326500	-0.3269700	-0.5141000	0.0457400	-0.3630100	-0.7200000	0.0881000	-0.2877200	-0.4890700	0.0462600	-0.0345400	-0.5277900	0.0498600	0.0166600	-0.7271500	0.0630900	-0.0735400
484	8.0500000	-0.5075300	1.1595200	-0.1727100	-0.4994700	1.1453500	0.0011600	-0.5656100	0.8854900	0.1041900	-0.5747900	0.6423500	0.1550400	-0.4723800	1.1693200	-0.3588800	-0.5857700	0.9244600	-0.4636900	-0.5794100	0.6726800	-0.5012200	-0.6378300	0.7116700	-0.1705400	-0.6334400	0.7150900	-0.0348800	-0.4632600	0.4731400	0.0098600	-0.6441200	0.1069500	-0.0425900	-0.6478400	0.6968700	-0.3030700	-0.4640900	0.4522300	-0.3594500	-0.6585600	0.1159300	-0.3128300	-0.5072500	0.0326500	-0.3271200	-0.5324500	0.0377200	-0.3701400	-0.7223800	0.0870900	-0.2879000	-0.4877500	0.0467000	-0.0344700	-0.5080700	0.0629300	0.0208600	-0.7257400	0.0634300	-0.0737400
485	8.0666667	-0.5088300	1.1739200	-0.1725100	-0.5002500	1.1642300	0.0010300	-0.5653500	0.9106200	0.1031700	-0.5741500	0.6531100	0.1547600	-0.4705300	1.1839600	-0.3586000	-0.6049200	0.9378400	-0.4609000	-0.5778100	0.6845000	-0.5007100	-0.6395100	0.7228400	-0.1706700	-0.6348300	0.7257000	-0.0347300	-0.4646800	0.4725200	0.0096000	-0.6442400	0.1078100	-0.0423600	-0.6487400	0.7132500	-0.3030000	-0.4664100	0.4521200	-0.3589000	-0.6569500	0.1224300	-0.3119000	-0.5068500	0.0326500	-0.3269600	-0.5333700	0.0374700	-0.3705400	-0.7195900	0.0883600	-0.2877200	-0.4892600	0.0462200	-0.0344900	-0.5063400	0.0591100	0.0217900	-0.7305700	0.0639400	-0.0723700
486	8.0833333	-0.5289500	1.1891000	-0.1791400	-0.5010400	1.1750900	0.0004400	-0.5667500	0.9218700	0.1030300	-0.5597300	0.6776000	0.1479000	-0.4745200	1.1989700	-0.3591600	-0.6055000	0.9443400	-0.4609000	-0.5801000	0.7059300	-0.5006000	-0.6612900	0.7300400	-0.1774800	-0.6569900	0.7332000	-0.0407400	-0.4641800	0.4730300	0.0095300	-0.6442200	0.1070100	-0.0425900	-0.6704000	0.7158200	-0.3107500	-0.4817300	0.4582300	-0.3551000	-0.6584600	0.1158400	-0.3128000	-0.5074200	0.0324500	-0.3271400	-0.5310600	0.0329400	-0.3695100	-0.6986300	0.0960400	-0.2802700	-0.4899700	0.0509600	-0.0351200	-0.5079900	0.0630600	0.0208500	-0.7299500	0.0643400	-0.0725000
487	8.1000000	-0.5296400	1.2080000	-0.1789200	-0.5169900	1.1980200	0.0050500	-0.5838000	0.9353200	0.1084600	-0.5757000	0.6850100	0.1535400	-0.4890800	1.2133700	-0.3556500	-0.5868000	0.9669000	-0.4526100	-0.5793000	0.7284000	-0.4999200	-0.6415800	0.7447100	-0.1714400	-0.6593200	0.7426100	-0.0408300	-0.4657000	0.4721800	0.0091900	-0.6443000	0.1077700	-0.0423900	-0.6710300	0.7320000	-0.3109900	-0.4845200	0.4523300	-0.3550500	-0.6557000	0.1170600	-0.3112200	-0.5070900	0.0213200	-0.3273000	-0.5322300	0.0325700	-0.3700000	-0.6735900	0.0994100	-0.2831200	-0.4910900	0.0505900	-0.0351200	-0.5081300	0.0634100	0.0211600	-0.7311200	0.0638500	-0.0723700
488	8.1166667	-0.5291600	1.2238900	-0.1793600	-0.5017200	1.2186200	-0.0004800	-0.5679300	0.9533500	0.1022900	-0.5613200	0.7104000	0.1470400	-0.4746500	1.2376900	-0.3585300	-0.5876000	0.9832000	-0.4524100	-0.5621900	0.7480300	-0.4918700	-0.6399400	0.7560900	-0.1713000	-0.6579100	0.7546800	-0.0412000	-0.4854800	0.4668100	0.0042500	-0.6440500	0.1070700	-0.0426100	-0.6706200	0.7437800	-0.3105100	-0.4832400	0.4580500	-0.3557800	-0.6555800	0.1167500	-0.3113700	-0.5074000	0.0212500	-0.3274800	-0.5311100	0.0328100	-0.3696500	-0.6986800	0.0890800	-0.2909600	-0.4873100	0.0468800	-0.0344000	-0.5078300	0.0630100	0.0209200	-0.7295700	0.0642000	-0.0725700
489	8.1333333	-0.5294100	1.2377700	-0.1790700	-0.5019800	1.2327000	-0.0006500	-0.5833900	0.9666100	0.1073900	-0.5840600	0.7214200	0.1423500	-0.4903500	1.2473700	-0.3555900	-0.5876700	0.9984600	-0.4522600	-0.5799600	0.7559200	-0.4996700	-0.6415200	0.7620200	-0.1715000	-0.6364100	0.7693200	-0.0354600	-0.4883300	0.4714400	0.0035100	-0.6438200	0.1080800	-0.0424400	-0.6710400	0.7492800	-0.3108700	-0.4852400	0.4631900	-0.3547800	-0.6561800	0.1168900	-0.3112700	-0.5051800	0.0275700	-0.3263500	-0.5130700	0.0405500	-0.3731700	-0.7175200	0.0823900	-0.2869900	-0.4888900	0.0464000	-0.0343900	-0.5082000	0.0633800	0.0212800	-0.7080100	0.0768800	-0.0783100
490	8.1500000	-0.5304700	1.2535700	-0.1796900	-0.5032300	1.2480600	-0.0013900	-0.5512900	0.9958600	0.0951600	-0.5848400	0.7388000	0.1419800	-0.4931800	1.2669900	-0.3556200	-0.5884500	1.0201000	-0.4519100	-0.5626400	0.7700200	-0.4912900	-0.6401000	0.7731100	-0.1716500	-0.6356400	0.7750600	-0.0362200	-0.4862700	0.4776500	0.0039600	-0.6436300	0.1073700	-0.0426700	-0.6711300	0.7607700	-0.3107700	-0.4827000	0.4696200	-0.3442200	-0.6555900	0.1168100	-0.3113900	-0.5056400	0.0277100	-0.3263700	-0.5310300	0.0330000	-0.3696200	-0.6979800	0.0829300	-0.2904600	-0.4874500	0.0468300	-0.0344000	-0.5055900	0.0590400	0.0215200	-0.7085200	0.0715400	-0.0778700
491	8.1666667	-0.5315300	1.2725000	-0.1797900	-0.5033100	1.2712200	-0.0017100	-0.5905000	1.0078600	0.0959600	-0.5613000	0.7630700	0.1452800	-0.5102500	1.2864100	-0.3625800	-0.5886400	1.0352800	-0.4516500	-0.5616800	0.7868400	-0.4909600	-0.6419200	0.7787800	-0.1714700	-0.6369400	0.7806900	-0.0356000	-0.4887900	0.4815900	0.0032300	-0.6434800	0.1083300	-0.0424400	-0.6722100	0.7714900	-0.3110400	-0.4870100	0.4741900	-0.3449700	-0.6552100	0.1114300	-0.3107600	-0.5054200	0.0276400	-0.3263000	-0.5320000	0.0326800	-0.3700000	-0.6947300	0.0840500	-0.2902300	-0.4887700	0.0463200	-0.0343800	-0.5057200	0.0593300	0.0218300	-0.7074200	0.0769700	-0.0782800
492	8.1833333	-0.5316300	1.2971300	-0.1801900	-0.5185500	1.2863400	0.0026300	-0.5916800	1.0189300	0.0957000	-0.5860100	0.7758300	0.1404700	-0.4948000	1.3010000	-0.3653100	-0.5894300	1.0466600	-0.4515800	-0.5636200	0.8083300	-0.4907100	-0.6399300	0.7899600	-0.1714700	-0.6537300	0.7894700	-0.0309700	-0.5088000	0.4765900	-0.0017900	-0.6211400	0.1223600	-0.0363800	-0.6517000	0.7861000	-0.3143900	-0.5020600	0.4753000	-0.3414900	-0.6546800	0.1112300	-0.3109200	-0.5058800	0.0278200	-0.3264200	-0.5310800	0.0330500	-0.3696300	-0.6965000	0.0765200	-0.2900200	-0.4875700	0.0466500	-0.0343600	-0.5054700	0.0590200	0.0215700	-0.7080800	0.0715400	-0.0776600
493	8.2000000	-0.5328000	1.3115300	-0.1801300	-0.5199400	1.3010400	0.0024600	-0.5919500	1.0391900	0.0946600	-0.5854700	0.7918700	0.1400500	-0.5109100	1.3203300	-0.3623400	-0.6083500	1.0605800	-0.4486800	-0.5813700	0.8323100	-0.4874000	-0.6417800	0.8064900	-0.1713300	-0.6366500	0.8087300	-0.0357400	-0.5094100	0.4819000	-0.0017900	-0.6446900	0.1140300	-0.0418300	-0.6728400	0.7995700	-0.3108300	-0.5056800	0.4801800	-0.3413500	-0.6568200	0.1105600	-0.3121600	-0.5075300	0.0325000	-0.3271600	-0.5335500	0.0374600	-0.3707100	-0.6944400	0.0724100	-0.2905100	-0.4886300	0.0464700	-0.0344200	-0.5054400	0.0595600	0.0218000	-0.7281000	0.0692700	-0.0729700
494	8.2166667	-0.5493100	1.3222800	-0.1763400	-0.5206800	1.3158000	0.0019300	-0.5917500	1.0597000	0.0942400	-0.5868500	0.8032700	0.1396400	-0.5139500	1.3305800	-0.3625900	-0.6091800	1.0768200	-0.4486700	-0.5640400	0.8407800	-0.4794900	-0.6406900	0.8172600	-0.1717200	-0.6364000	0.8193600	-0.0366200	-0.5091300	0.4825500	-0.0017200	-0.6441800	0.1187100	-0.0426700	-0.6719700	0.8056400	-0.3106700	-0.5212500	0.4705100	-0.3379800	-0.6569700	0.1101800	-0.3122900	-0.5078200	0.0325500	-0.3273100	-0.5323900	0.0378100	-0.3703200	-0.6987600	0.0765000	-0.2913000	-0.4873700	0.0466800	-0.0344100	-0.5052400	0.0591500	0.0214800	-0.7066500	0.0773700	-0.0783300
495	8.2333333	-0.5700600	1.3367300	-0.1825800	-0.5213100	1.3341900	0.0017300	-0.5919800	1.0748100	0.0937000	-0.5862400	0.8239700	0.1390700	-0.5145200	1.3447900	-0.3730300	-0.5907300	1.0978600	-0.4509900	-0.5629900	0.8518900	-0.4790600	-0.6419700	0.8281600	-0.1717600	-0.6371600	0.8298200	-0.0363400	-0.5340700	0.4810600	-0.0078900	-0.6443000	0.1197300	-0.0424800	-0.6525600	0.8192500	-0.3145200	-0.5246800	0.4807900	-0.3372200	-0.6579300	0.1101700	-0.3121200	-0.5072200	0.0326000	-0.3271200	-0.5333000	0.0376100	-0.3707200	-0.6970000	0.0773200	-0.2912100	-0.4890500	0.0462700	-0.0344200	-0.5057000	0.0595100	0.0218600	-0.7076400	0.0769900	-0.0781400
496	8.2500000	-0.5511000	1.3564700	-0.1771600	-0.5212700	1.3447500	0.0012500	-0.6155300	1.0845800	0.0889600	-0.5879000	0.8449200	0.1380200	-0.5154300	1.3642200	-0.3724800	-0.6101800	1.1082900	-0.4482800	-0.5645500	0.8679300	-0.4789800	-0.6403800	0.8284900	-0.1716900	-0.6539800	0.8282500	-0.0316100	-0.5576500	0.4800200	-0.0135700	-0.6445000	0.1188000	-0.0427600	-0.6522000	0.8250600	-0.3143400	-0.5416800	0.4763400	-0.3341500	-0.6558500	0.1049700	-0.3114700	-0.5074500	0.0328000	-0.3272100	-0.5325000	0.0378700	-0.3703500	-0.6977500	0.0706000	-0.2905400	-0.5052200	0.0391700	-0.0292800	-0.5055700	0.0590600	0.0216200	-0.7064000	0.0772500	-0.0783500
497	8.2666667	-0.5344500	1.3785700	-0.1807800	-0.5209700	1.3674100	0.0008100	-0.6151600	1.0948400	0.0885000	-0.5865800	0.8602300	0.1376400	-0.5133700	1.3828300	-0.3621000	-0.6108300	1.1281600	-0.4585300	-0.5634800	0.8838500	-0.4782200	-0.6422800	0.8448900	-0.1720500	-0.6372600	0.8463500	-0.0366800	-0.5585900	0.4901400	-0.0140200	-0.6449800	0.1194400	-0.0426500	-0.6721600	0.8335200	-0.3110400	-0.5445800	0.4869200	-0.3334200	-0.6574100	0.1103100	-0.3120200	-0.5049100	0.0392200	-0.3260000	-0.5319600	0.0442000	-0.3698000	-0.6968200	0.0657000	-0.2914100	-0.5068400	0.0387100	-0.0293200	-0.5059800	0.0593500	0.0218900	-0.7081600	0.0761800	-0.0783300
498	8.2833333	-0.5509300	1.3947500	-0.1771300	-0.5221200	1.3873900	-0.0001100	-0.6165700	1.1209600	0.0876500	-0.5881300	0.8716800	0.1371500	-0.5166300	1.3977800	-0.3622700	-0.6108900	1.1396600	-0.4479600	-0.5656800	0.8998100	-0.4782400	-0.6405700	0.8502000	-0.1718900	-0.6362400	0.8470100	-0.0370700	-0.5786600	0.4860300	-0.0188300	-0.6449100	0.1186600	-0.0427800	-0.6718800	0.8392900	-0.3104900	-0.5613400	0.4883500	-0.3298900	-0.6566200	0.1101800	-0.3122000	-0.5056900	0.0391800	-0.3261600	-0.5312000	0.0444100	-0.3694700	-0.6988500	0.0645000	-0.2916500	-0.5051700	0.0393000	-0.0292400	-0.5078600	0.0632900	0.0210600	-0.7264700	0.0692200	-0.0731200
499	8.3000000	-0.5511600	1.4036600	-0.1770000	-0.5226900	1.3966600	-0.0002500	-0.6156100	1.1400900	0.0868300	-0.5871800	0.8874800	0.1368800	-0.5149000	1.4114100	-0.3619200	-0.5918100	1.1550300	-0.4501800	-0.5459200	0.9181600	-0.4695500	-0.6201800	0.8590200	-0.1655300	-0.6366300	0.8576800	-0.0368000	-0.5861400	0.5000800	-0.0307000	-0.6447800	0.1134800	-0.0429100	-0.6506400	0.8530800	-0.3032000	-0.5637700	0.4989300	-0.3291900	-0.6573200	0.1102900	-0.3121600	-0.4852100	0.0478500	-0.3185900	-0.5137600	0.0457400	-0.3737000	-0.7194200	0.0562900	-0.2993400	-0.5065200	0.0391300	-0.0292400	-0.5252300	0.0566500	0.0267300	-0.7010800	0.0723500	-0.0671000
500	8.3166667	-0.5349700	1.4129400	-0.1813600	-0.5222300	1.4107500	-0.0006500	-0.6161900	1.1458800	0.0869100	-0.5886300	0.8933800	0.1365200	-0.5174500	1.4171100	-0.3624600	-0.6305300	1.1647600	-0.4554200	-0.5477700	0.9284100	-0.4696000	-0.6219400	0.8637700	-0.1761500	-0.6355700	0.8583200	-0.0373700	-0.6090800	0.4998100	-0.0364500	-0.6446200	0.1126200	-0.0431700	-0.6508400	0.8585800	-0.3031300	-0.5614400	0.5053600	-0.3190300	-0.6571000	0.1100200	-0.3122800	-0.5058600	0.0390200	-0.3262200	-0.5322900	0.0379600	-0.3702900	-0.7219400	0.0550300	-0.2993400	-0.5070500	0.0437400	-0.0297700	-0.5248100	0.0563200	0.0264400	-0.6996200	0.0730500	-0.0673000
501	8.3333333	-0.5354600	1.4219900	-0.1812200	-0.5216600	1.4150400	-0.0003600	-0.6152300	1.1559600	0.0866900	-0.5712300	0.9155400	0.1303300	-0.5344400	1.4370200	-0.3694400	-0.6313200	1.1794000	-0.4554400	-0.5652600	0.9370600	-0.4666900	-0.6232100	0.8639400	-0.1762200	-0.6363100	0.8632100	-0.0369900	-0.6109800	0.4991100	-0.0369800	-0.6441300	0.1136200	-0.0429700	-0.6315000	0.8610100	-0.3071700	-0.6035100	0.4892800	-0.3217400	-0.6581700	0.1099900	-0.3120500	-0.5055800	0.0389100	-0.3261400	-0.5331000	0.0379000	-0.3706300	-0.6968400	0.0653100	-0.2915300	-0.5087000	0.0433100	-0.0298300	-0.5078900	0.0637200	0.0214200	-0.7004100	0.0726100	-0.0671600
502	8.3500000	-0.5532800	1.4383700	-0.1781400	-0.5232300	1.4298900	-0.0010900	-0.6168200	1.1619200	0.0865700	-0.5729100	0.9267000	0.1297500	-0.5360900	1.4470800	-0.3694600	-0.6318300	1.1903600	-0.4553600	-0.5670900	0.9425700	-0.4668900	-0.6220700	0.8692000	-0.1762300	-0.6357000	0.8638800	-0.0375000	-0.6329100	0.4940000	-0.0423000	-0.6440300	0.1128500	-0.0432000	-0.6525000	0.8638100	-0.3140600	-0.6218800	0.4958400	-0.3185900	-0.6778800	0.1026400	-0.3083100	-0.5061600	0.0389800	-0.3263500	-0.5312200	0.0445100	-0.3694200	-0.7198300	0.0564900	-0.2874000	-0.4896900	0.0507900	-0.0349600	-0.5072700	0.0633900	0.0211000	-0.6988700	0.0731100	-0.0672900
503	8.3666667	-0.5534800	1.4470600	-0.1779100	-0.5225000	1.4339800	-0.0006200	-0.6171600	1.1713100	0.0859200	-0.5941500	0.9286400	0.1254200	-0.5171500	1.4499300	-0.3720000	-0.6312100	1.1954000	-0.4551600	-0.5655800	0.9531100	-0.4664400	-0.6238000	0.8747600	-0.1763100	-0.6369200	0.8740400	-0.0372400	-0.6327000	0.4995400	-0.0424600	-0.6441900	0.1137100	-0.0430300	-0.6532200	0.8689500	-0.3142200	-0.6236300	0.4958700	-0.3064600	-0.6773900	0.1090700	-0.3073100	-0.5055600	0.0390700	-0.3261900	-0.5130300	0.0523100	-0.3729700	-0.7175000	0.0576300	-0.2871800	-0.4893400	0.0462200	-0.0344400	-0.5076900	0.0638000	0.0213600	-0.7005500	0.0723200	-0.0671500
504	8.3833333	-0.5724800	1.4540400	-0.1840400	-0.5230400	1.4439300	-0.0011300	-0.6405800	1.1815400	0.0811800	-0.5733800	0.9376000	0.1294600	-0.5193600	1.4595500	-0.3721000	-0.6130800	1.2016500	-0.4577900	-0.5868600	0.9615000	-0.4637700	-0.6223900	0.8799900	-0.1763900	-0.6363000	0.8747300	-0.0378300	-0.6338100	0.5049200	-0.0427500	-0.6449500	0.1126400	-0.0432400	-0.6525200	0.8747100	-0.3139600	-0.6425300	0.5023800	-0.3032200	-0.6765200	0.1090300	-0.3075700	-0.5080600	0.0328900	-0.3273200	-0.5125800	0.0523300	-0.3727300	-0.6985300	0.0645500	-0.2912400	-0.5275400	0.0410600	-0.0347800	-0.5232600	0.0632500	0.0269200	-0.6998500	0.0728100	-0.0672700
505	8.4000000	-0.5541700	1.4568800	-0.1780800	-0.5404700	1.4496400	0.0034600	-0.6184900	1.1865400	0.0854900	-0.5719400	0.9471900	0.1293600	-0.5174200	1.4594400	-0.3719200	-0.6315100	1.2059800	-0.4550700	-0.5854600	0.9618900	-0.4634900	-0.6242700	0.8802700	-0.1763400	-0.6599400	0.8820000	-0.0430100	-0.6346100	0.5042400	-0.0431400	-0.6447100	0.1135700	-0.0429200	-0.6319700	0.8774500	-0.3069600	-0.6645600	0.4912500	-0.2984500	-0.6572300	0.1165000	-0.3112300	-0.5058100	0.0390000	-0.3260500	-0.5331700	0.0381300	-0.3706900	-0.6966800	0.0654300	-0.2915600	-0.5290800	0.0405800	-0.0346700	-0.5236000	0.0634500	0.0273200	-0.7011000	0.0723000	-0.0669900
506	8.4166667	-0.5731600	1.4637600	-0.1841300	-0.5410900	1.4593100	0.0029800	-0.6414000	1.1871100	0.0810000	-0.5896700	0.9463800	0.1349500	-0.5364300	1.4703400	-0.3691800	-0.6318500	1.2067800	-0.4549700	-0.5871400	0.9669900	-0.4635400	-0.6224000	0.8855100	-0.1765300	-0.6591200	0.8825600	-0.0435200	-0.6344600	0.5047800	-0.0429500	-0.6450500	0.1240400	-0.0433500	-0.6316000	0.8777000	-0.3065300	-0.6630500	0.4973000	-0.2993700	-0.6770500	0.1089200	-0.3077700	-0.5060100	0.0391900	-0.3262600	-0.5121600	0.0525400	-0.3726800	-0.6992800	0.0643600	-0.2916200	-0.5274700	0.0410400	-0.0346400	-0.5235200	0.0631400	0.0269800	-0.6993100	0.0731500	-0.0672900
507	8.4333333	-0.5731600	1.4631700	-0.1838600	-0.5616300	1.4607200	-0.0016000	-0.6188400	1.1922900	0.0852400	-0.5882300	0.9459700	0.1351300	-0.5350700	1.4701000	-0.3691300	-0.6130400	1.2162500	-0.4574300	-0.5858800	0.9724300	-0.4631600	-0.6239100	0.8802800	-0.1762400	-0.6597900	0.8771200	-0.0428400	-0.6584700	0.4982800	-0.0489100	-0.6447500	0.1135400	-0.0430700	-0.6319200	0.8825400	-0.3067200	-0.6649500	0.4967700	-0.2987600	-0.6777900	0.1088200	-0.3075800	-0.5050300	0.0392700	-0.3260200	-0.5125900	0.0524200	-0.3729400	-0.6970200	0.0652700	-0.2915700	-0.5288500	0.0407100	-0.0347000	-0.5236600	0.0634500	0.0272300	-0.7007600	0.0722900	-0.0670600
508	8.4500000	-0.5738700	1.4730300	-0.1843000	-0.5613800	1.4612600	-0.0018400	-0.6363900	1.1925600	0.0909300	-0.5900500	0.9465100	0.1351500	-0.5371700	1.4706500	-0.3692000	-0.6323200	1.2167700	-0.4550100	-0.5876100	0.9723700	-0.4633400	-0.6222000	0.8855900	-0.1765400	-0.6590000	0.8826000	-0.0435000	-0.6575500	0.4990000	-0.0487100	-0.6461400	0.1173700	-0.0439600	-0.6317100	0.8829500	-0.3064900	-0.6630500	0.4972800	-0.2991900	-0.6772000	0.1087600	-0.3076900	-0.5055000	0.0393100	-0.3262000	-0.5120200	0.0525200	-0.3726100	-0.6994900	0.0642900	-0.2915600	-0.5263700	0.0364200	-0.0341100	-0.5234200	0.0631200	0.0269200	-0.6992600	0.0665400	-0.0679000
509	8.4666667	-0.5732000	1.4676000	-0.1835800	-0.5615500	1.4608900	-0.0016200	-0.6361000	1.1966400	0.0907200	-0.5883500	0.9459700	0.1353900	-0.5534800	1.4717100	-0.3662000	-0.6323000	1.2162500	-0.4549800	-0.6048600	0.9708100	-0.4606000	-0.6243300	0.8855400	-0.1763500	-0.6600200	0.8820400	-0.0429500	-0.6579200	0.4983300	-0.0490700	-0.6449500	0.1133800	-0.0431800	-0.6512500	0.8753100	-0.3032300	-0.6652700	0.4855100	-0.2986800	-0.6776800	0.1087600	-0.3075300	-0.5050000	0.0392700	-0.3259700	-0.5125700	0.0524300	-0.3728500	-0.6966900	0.0653300	-0.2915600	-0.5290100	0.0405600	-0.0346900	-0.5238000	0.0633700	0.0272000	-0.7254100	0.0560100	-0.0738400
510	8.4833333	-0.5736100	1.4683400	-0.1838300	-0.5617000	1.4612000	-0.0018000	-0.6600600	1.1920900	0.0864900	-0.5901900	0.9465300	0.1351600	-0.5550500	1.4720800	-0.3661600	-0.6322900	1.2167800	-0.4547600	-0.6064800	0.9705400	-0.4607700	-0.6227000	0.8855200	-0.1765800	-0.6595700	0.8775800	-0.0433800	-0.6566900	0.4937800	-0.0483800	-0.6451100	0.1125200	-0.0433800	-0.6319500	0.8828900	-0.3064100	-0.6628100	0.4860200	-0.2992300	-0.6768900	0.1088000	-0.3076500	-0.5056300	0.0392300	-0.3261500	-0.5120700	0.0524500	-0.3725300	-0.6989100	0.0644900	-0.2915000	-0.5082500	0.0431700	-0.0297700	-0.5234900	0.0630900	0.0269500	-0.7244800	0.0629800	-0.0734300
511	8.5000000	-0.5904200	1.4643400	-0.1797800	-0.5615200	1.4605700	-0.0016100	-0.6589900	1.1860200	0.0864800	-0.5882900	0.9457400	0.1353800	-0.5534600	1.4715500	-0.3659700	-0.6124300	1.2114100	-0.4467500	-0.5857500	0.9722300	-0.4631700	-0.6243800	0.8801600	-0.1761800	-0.6599100	0.8714300	-0.0428400	-0.6383100	0.5031100	-0.0543600	-0.6445700	0.1135700	-0.0430800	-0.6510100	0.8751600	-0.3031200	-0.6653400	0.4909100	-0.2988700	-0.6776200	0.1087500	-0.3075200	-0.4852600	0.0479300	-0.3184700	-0.5119900	0.0529100	-0.3620700	-0.6969200	0.0652500	-0.2916700	-0.5094800	0.0427800	-0.0297100	-0.5254100	0.0563600	0.0268100	-0.7009200	0.0723600	-0.0670800
512	8.5166667	-0.5907700	1.4650800	-0.1801000	-0.5616400	1.4609400	-0.0019100	-0.6598000	1.1865300	0.0866000	-0.5897400	0.9463000	0.1352500	-0.5541400	1.4672200	-0.3656200	-0.6131300	1.2118000	-0.4467200	-0.5871500	0.9618900	-0.4634900	-0.6221200	0.8854600	-0.1764400	-0.6370200	0.8803200	-0.0377900	-0.6383700	0.5036400	-0.0538900	-0.6441800	0.1129700	-0.0433500	-0.6309700	0.8777500	-0.3063500	-0.6629700	0.4860700	-0.2992800	-0.6768700	0.1087700	-0.3076200	-0.4858900	0.0479200	-0.3187500	-0.4928900	0.0606700	-0.3649900	-0.6991000	0.0643000	-0.2915400	-0.5077500	0.0431200	-0.0297200	-0.5247500	0.0561400	0.0265300	-0.6788900	0.0808000	-0.0725100
513	8.5333333	-0.5736400	1.4627600	-0.1837300	-0.5444900	1.4545000	-0.0061600	-0.6587700	1.1908100	0.0863100	-0.5883400	0.9456600	0.1354900	-0.5530900	1.4623400	-0.3658900	-0.6131500	1.2060800	-0.4469300	-0.5856400	0.9618900	-0.4633400	-0.6238700	0.8800800	-0.1761300	-0.6373000	0.8743300	-0.0373100	-0.6340900	0.4988600	-0.0427900	-0.6441400	0.1136400	-0.0431300	-0.6313600	0.8773800	-0.3066800	-0.6648600	0.4909900	-0.2990500	-0.6774800	0.1088400	-0.3074700	-0.4851700	0.0478900	-0.3184800	-0.4931800	0.0606700	-0.3652300	-0.6966500	0.0653100	-0.2915800	-0.5065200	0.0388500	-0.0291600	-0.5077800	0.0634400	0.0214500	-0.6805400	0.0799500	-0.0723900
514	8.5500000	-0.5710900	1.4631400	-0.1740600	-0.5609900	1.4516300	-0.0015300	-0.6578000	1.1860200	0.0867900	-0.5897000	0.9407900	0.1353700	-0.5361300	1.4612100	-0.3588700	-0.6128800	1.1967500	-0.4468600	-0.5873600	0.9614900	-0.4635000	-0.6216900	0.8748400	-0.1764000	-0.6362000	0.8745200	-0.0378700	-0.6146900	0.4983200	-0.0479700	-0.6444500	0.1127500	-0.0433700	-0.6307700	0.8721400	-0.3064800	-0.6627000	0.4860200	-0.2993000	-0.6766000	0.1088200	-0.3075600	-0.4859400	0.0478200	-0.3187100	-0.4929100	0.0606200	-0.3649900	-0.6976000	0.0587000	-0.2908700	-0.5074800	0.0430200	-0.0297100	-0.5247600	0.0560300	0.0265000	-0.7239600	0.0632100	-0.0734700
515	8.5666667	-0.5698200	1.4575400	-0.1733200	-0.5406300	1.4495500	0.0035200	-0.6571700	1.1854900	0.0865400	-0.5882200	0.9454100	0.1355000	-0.5350200	1.4607900	-0.3587500	-0.6314600	1.1956500	-0.4443100	-0.5859300	0.9615500	-0.4635000	-0.6240300	0.8746300	-0.1762600	-0.6372700	0.8739400	-0.0372900	-0.6336500	0.4928900	-0.0430000	-0.6446900	0.1134600	-0.0431800	-0.6316800	0.8666800	-0.3068200	-0.6643200	0.4796200	-0.2992000	-0.6773200	0.1089100	-0.3073500	-0.5042500	0.0339900	-0.3252300	-0.5315600	0.0444900	-0.3696300	-0.6952900	0.0713300	-0.2906600	-0.5063700	0.0388000	-0.0291400	-0.5253200	0.0561600	0.0267200	-0.7260900	0.0625700	-0.0733700
516	8.5833333	-0.5709400	1.4538600	-0.1737500	-0.5395300	1.4449700	0.0039000	-0.6343900	1.1766000	0.0915300	-0.5897500	0.9405600	0.1354100	-0.5364400	1.4609600	-0.3588800	-0.6318300	1.1959800	-0.4442500	-0.5876700	0.9562800	-0.4636800	-0.6006400	0.8773600	-0.1699700	-0.6360400	0.8690100	-0.0377400	-0.6131900	0.4985300	-0.0480600	-0.6450000	0.1188300	-0.0428900	-0.6311100	0.8667700	-0.3064300	-0.6421100	0.4856300	-0.3035700	-0.6765700	0.1089600	-0.3074000	-0.5058300	0.0391400	-0.3261100	-0.5313000	0.0444700	-0.3693600	-0.6975600	0.0704500	-0.2904700	-0.5049300	0.0393200	-0.0292400	-0.5078800	0.0631800	0.0211000	-0.7252800	0.0633200	-0.0735200
517	8.6000000	-0.5701200	1.4527900	-0.1735000	-0.5391200	1.4443900	0.0039000	-0.6395500	1.1759200	0.0812700	-0.5878900	0.9352400	0.1358000	-0.5343100	1.4514900	-0.3586800	-0.6317600	1.1902400	-0.4444700	-0.5855900	0.9461700	-0.4637700	-0.6233200	0.8693400	-0.1760700	-0.6365100	0.8684000	-0.0372800	-0.5909800	0.4984500	-0.0419900	-0.6445300	0.1196200	-0.0425200	-0.6309200	0.8666700	-0.3068800	-0.6427000	0.4794600	-0.3028200	-0.6785700	0.1026700	-0.3079900	-0.5054900	0.0390800	-0.3259200	-0.5317900	0.0444800	-0.3696200	-0.7177800	0.0572700	-0.2874000	-0.4910400	0.0506000	-0.0349400	-0.5078300	0.0637000	0.0212800	-0.7263100	0.0627500	-0.0732200
518	8.6166667	-0.5697000	1.4487500	-0.1732000	-0.5393500	1.4354900	0.0040800	-0.6403600	1.1713500	0.0816000	-0.5894100	0.9356300	0.1356900	-0.5526200	1.4529600	-0.3554700	-0.6315100	1.1858000	-0.4442900	-0.5872000	0.9459700	-0.4638500	-0.6006300	0.8773000	-0.1699700	-0.6360400	0.8689000	-0.0376500	-0.5896200	0.4993100	-0.0419100	-0.6443600	0.1189600	-0.0427200	-0.6312100	0.8667500	-0.3065700	-0.6211900	0.4961700	-0.3073700	-0.6766700	0.1088500	-0.3073800	-0.5063500	0.0389900	-0.3262600	-0.5315400	0.0444000	-0.3694300	-0.7197500	0.0567000	-0.2871500	-0.4895200	0.0507700	-0.0349300	-0.5073600	0.0633700	0.0210600	-0.6997900	0.0732500	-0.0673000
519	8.6333333	-0.5703500	1.4431700	-0.1730900	-0.5402200	1.4307200	0.0040800	-0.6167000	1.1662500	0.0862600	-0.5876600	0.9245500	0.1362300	-0.5520600	1.4523200	-0.3553600	-0.6313300	1.1800000	-0.4444700	-0.5852200	0.9458000	-0.4637800	-0.6024600	0.8719000	-0.1695100	-0.6363400	0.8633700	-0.0368000	-0.5888900	0.4938300	-0.0415100	-0.6441100	0.1197600	-0.0424300	-0.6313800	0.8665000	-0.3067900	-0.6038400	0.4945400	-0.3213200	-0.6777800	0.1087300	-0.3073800	-0.5052600	0.0390700	-0.3259400	-0.5136900	0.0463300	-0.3629200	-0.7180400	0.0574800	-0.2874000	-0.4904900	0.0508200	-0.0350200	-0.5072400	0.0638800	0.0212700	-0.7012500	0.0726000	-0.0670400
520	8.6500000	-0.5705000	1.4296600	-0.1734100	-0.5393400	1.4214200	0.0043300	-0.6338200	1.1610500	0.0922300	-0.5894000	0.9200800	0.1365000	-0.5528200	1.4385800	-0.3558500	-0.6310900	1.1754100	-0.4445200	-0.5870900	0.9401800	-0.4640600	-0.6001200	0.8667900	-0.1698500	-0.6357800	0.8636600	-0.0373300	-0.5699200	0.4932100	-0.0469400	-0.6445600	0.1188500	-0.0426900	-0.6305000	0.8612900	-0.3066500	-0.5821500	0.4945500	-0.3260000	-0.6559800	0.1047900	-0.3114700	-0.5075200	0.0328100	-0.3271700	-0.5131300	0.0461900	-0.3627500	-0.6987500	0.0645700	-0.2913400	-0.4891100	0.0511700	-0.0350400	-0.5070300	0.0636200	0.0210300	-0.7249300	0.0633800	-0.0733100
521	8.6666667	-0.5685500	1.4142700	-0.1725800	-0.5392700	1.4113600	0.0047500	-0.6331300	1.1503100	0.0923400	-0.5873700	0.9038900	0.1372300	-0.5517100	1.4239400	-0.3559600	-0.6315000	1.1692400	-0.4448300	-0.5849400	0.9347600	-0.4640100	-0.6023000	0.8560700	-0.1695300	-0.6365500	0.8524300	-0.0365000	-0.5698800	0.4925100	-0.0469500	-0.6443700	0.1195900	-0.0424300	-0.6312900	0.8556900	-0.3068600	-0.5827900	0.4885000	-0.3261000	-0.6563900	0.1047700	-0.3113500	-0.5067500	0.0327800	-0.3268900	-0.5133800	0.0461300	-0.3629300	-0.6963300	0.0653400	-0.2914200	-0.4907900	0.0507000	-0.0349900	-0.5077100	0.0636700	0.0212900	-0.7013700	0.0724600	-0.0670300
522	8.6833333	-0.5685000	1.4055900	-0.1726600	-0.5385700	1.4021300	0.0049400	-0.6330700	1.1402100	0.0929000	-0.5823600	0.8890500	0.1471900	-0.5513400	1.4141400	-0.3552800	-0.6123500	1.1600800	-0.4474300	-0.5669400	0.9261900	-0.4668600	-0.6216400	0.8527600	-0.1762500	-0.6365400	0.8523000	-0.0371700	-0.5686500	0.4880300	-0.0462800	-0.6451400	0.1185800	-0.0428400	-0.6306700	0.8449900	-0.3066500	-0.5615000	0.4829400	-0.3295300	-0.6572100	0.1099900	-0.3120600	-0.5077400	0.0324800	-0.3273400	-0.5327500	0.0375700	-0.3704100	-0.6988400	0.0646600	-0.2911900	-0.4898000	0.0509100	-0.0349900	-0.5078500	0.0634700	0.0210100	-0.7253500	0.0632700	-0.0735700
523	8.7000000	-0.5682500	1.3999700	-0.1725600	-0.5389500	1.3930000	0.0049100	-0.6103400	1.1253200	0.0977700	-0.6030600	0.8699500	0.1439400	-0.5323200	1.4080300	-0.3485200	-0.6118900	1.1492200	-0.4475600	-0.5649700	0.9157300	-0.4669800	-0.6021200	0.8554100	-0.1696000	-0.6364900	0.8462300	-0.0365200	-0.5473000	0.4872800	-0.0409700	-0.6451300	0.1192200	-0.0425900	-0.6304600	0.8449600	-0.3070100	-0.5632300	0.4820500	-0.3297400	-0.6580600	0.1099000	-0.3119300	-0.5065000	0.0325900	-0.3270900	-0.5138700	0.0455800	-0.3737300	-0.7178600	0.0574400	-0.2875100	-0.4911200	0.0507000	-0.0350200	-0.5082400	0.0636400	0.0212100	-0.7270500	0.0625500	-0.0733500
524	8.7166667	-0.5693800	1.3863700	-0.1729600	-0.5381300	1.3782400	0.0054300	-0.6107700	1.1106200	0.0984200	-0.6047300	0.8646400	0.1438500	-0.5148300	1.3927300	-0.3515100	-0.6116200	1.1394300	-0.4476000	-0.5660000	0.9049700	-0.4673000	-0.6397600	0.8341300	-0.1717500	-0.6543500	0.8282500	-0.0317200	-0.5438700	0.4824900	-0.0301900	-0.6459000	0.1185100	-0.0429600	-0.6515000	0.8307800	-0.3141400	-0.5617300	0.4769500	-0.3310700	-0.6779200	0.1021900	-0.3084600	-0.5075900	0.0325900	-0.3273100	-0.5328600	0.0375800	-0.3703700	-0.7230100	0.0616800	-0.2882400	-0.4900200	0.0507800	-0.0350100	-0.5083600	0.0632800	0.0209800	-0.7530700	0.0597400	-0.0793600
525	8.7333333	-0.5677900	1.3706100	-0.1721300	-0.5370100	1.3587200	0.0062800	-0.6090100	1.0949700	0.0988200	-0.5800800	0.8513600	0.1485500	-0.5310000	1.3791700	-0.3487200	-0.6109500	1.1184600	-0.4479600	-0.5635000	0.8839100	-0.4674600	-0.6198700	0.8261500	-0.1648400	-0.6542600	0.8223400	-0.0307200	-0.5422900	0.4773700	-0.0296900	-0.6454100	0.1193800	-0.0426700	-0.6306000	0.8228600	-0.3070000	-0.5430700	0.4757900	-0.3334400	-0.6601700	0.1032400	-0.3128300	-0.5070400	0.0323900	-0.3270900	-0.5332300	0.0374700	-0.3705700	-0.7204500	0.0625800	-0.2882700	-0.4888000	0.0465300	-0.0344300	-0.5083800	0.0636000	0.0211500	-0.7543500	0.0593000	-0.0791700
526	8.7500000	-0.5681300	1.3472200	-0.1723100	-0.5385200	1.3404000	0.0064900	-0.5920600	1.0805400	0.0939700	-0.5817800	0.8361000	0.1491300	-0.5325600	1.3558500	-0.3592100	-0.6102700	1.1081800	-0.4480800	-0.5458800	0.8700300	-0.4702000	-0.6179800	0.8206900	-0.1650200	-0.6538700	0.8117000	-0.0312300	-0.5146800	0.4806200	-0.0126700	-0.6452800	0.1187800	-0.0427800	-0.6518100	0.8139700	-0.3140100	-0.5217200	0.4763000	-0.3373400	-0.6777000	0.1023700	-0.3083800	-0.5081800	0.0323400	-0.3273800	-0.5335600	0.0372300	-0.3703600	-0.7222200	0.0622500	-0.2879700	-0.4873400	0.0467000	-0.0344100	-0.5055600	0.0592300	0.0215200	-0.7303100	0.0757100	-0.0726600
527	8.7666667	-0.5673000	1.3363700	-0.1718900	-0.5371100	1.3253800	0.0068500	-0.5917200	1.0697500	0.0940300	-0.6025500	0.8163400	0.1459800	-0.5309100	1.3453700	-0.3488700	-0.6104400	1.0918400	-0.4483700	-0.5631300	0.8515800	-0.4787900	-0.6229500	0.8087900	-0.1753900	-0.6360500	0.8028700	-0.0356200	-0.5319900	0.4695800	-0.0076300	-0.6448700	0.1196300	-0.0424500	-0.6518600	0.8025900	-0.3143700	-0.5231200	0.4698000	-0.3372500	-0.6575900	0.1103100	-0.3118900	-0.5074600	0.0325600	-0.3269100	-0.5337900	0.0374500	-0.3704300	-0.7172700	0.0696700	-0.2872100	-0.4888800	0.0462800	-0.0343500	-0.5080800	0.0635000	0.0212000	-0.7295900	0.0809800	-0.0729900
528	8.7833333	-0.5669800	1.3181000	-0.1718800	-0.5217900	1.3111600	0.0021300	-0.6102000	1.0488300	0.1005600	-0.5807700	0.7986200	0.1502900	-0.5303600	1.3309800	-0.3485900	-0.6089600	1.0767500	-0.4484300	-0.5648600	0.8407900	-0.4792600	-0.6206800	0.7983300	-0.1756800	-0.6356900	0.7981700	-0.0361400	-0.5106500	0.4762800	-0.0021500	-0.6450900	0.1188800	-0.0428200	-0.6709800	0.7886100	-0.3105200	-0.5206800	0.4598900	-0.3377600	-0.6567100	0.1104700	-0.3120700	-0.5077400	0.0327900	-0.3271100	-0.5318000	0.0328900	-0.3695300	-0.6990600	0.0768600	-0.2911700	-0.4877900	0.0465000	-0.0344700	-0.5079700	0.0632600	0.0208900	-0.7300300	0.0760400	-0.0727400
529	8.8000000	-0.5661000	1.3070600	-0.1716400	-0.5218400	1.2965800	0.0024100	-0.6098200	1.0329500	0.1008600	-0.5782700	0.7872500	0.1507200	-0.5285900	1.3161300	-0.3487100	-0.6091800	1.0656500	-0.4485100	-0.5631100	0.8349900	-0.4791000	-0.6216600	0.7820500	-0.1754900	-0.6347900	0.7808600	-0.0355600	-0.5118800	0.4700300	-0.0022700	-0.6449600	0.1193200	-0.0425500	-0.6294500	0.7837500	-0.3069800	-0.5038500	0.4637200	-0.3406900	-0.6557700	0.1052100	-0.3111400	-0.5051100	0.0279200	-0.3261000	-0.5315300	0.0387700	-0.3689300	-0.7171600	0.0700800	-0.2871800	-0.5066100	0.0388300	-0.0293000	-0.5301300	0.0540000	0.0161000	-0.7367800	0.0729800	-0.0839000
530	8.8166667	-0.5502400	1.2882400	-0.1758500	-0.5208900	1.2770800	0.0028400	-0.6094700	1.0126600	0.1016800	-0.5793600	0.7716900	0.1513000	-0.5287400	1.2971100	-0.3486500	-0.6082200	1.0403500	-0.4490600	-0.5827600	0.8106300	-0.4877800	-0.6391900	0.7734800	-0.1712800	-0.6358100	0.7760100	-0.0357800	-0.4902600	0.4659700	0.0032000	-0.6448000	0.1186300	-0.0427900	-0.6709000	0.7660400	-0.3105100	-0.5025500	0.4592900	-0.3419500	-0.6563600	0.1104900	-0.3120300	-0.4861500	0.0366600	-0.3189400	-0.5119400	0.0412700	-0.3619100	-0.6986800	0.0772000	-0.2911200	-0.5052800	0.0391300	-0.0292500	-0.5081200	0.0631000	0.0210500	-0.7068000	0.0776000	-0.0785800
531	8.8333333	-0.5490500	1.2676100	-0.1753200	-0.5200300	1.2574100	0.0035400	-0.6081700	1.0016300	0.1019300	-0.5769100	0.7505100	0.1524000	-0.5286600	1.2778500	-0.3490600	-0.6081500	1.0238200	-0.4493200	-0.5809300	0.7837500	-0.4886000	-0.6228500	0.7702500	-0.1755000	-0.6356700	0.7691500	-0.0354400	-0.4882600	0.4706200	0.0035400	-0.6451300	0.1137000	-0.0420000	-0.6495700	0.7640000	-0.3035200	-0.5026500	0.4529500	-0.3409100	-0.6571300	0.1105900	-0.3119800	-0.4850900	0.0366700	-0.3185800	-0.5119800	0.0414000	-0.3620400	-0.6966900	0.0897300	-0.2911800	-0.5065300	0.0388400	-0.0292300	-0.5062700	0.0590600	0.0218000	-0.7333400	0.0670800	-0.0845300
532	8.8500000	-0.5288000	1.2534200	-0.1691100	-0.5200500	1.2431600	0.0037700	-0.5862100	0.9780400	0.1075800	-0.5789600	0.7351200	0.1530000	-0.5096400	1.2626700	-0.3417400	-0.6083400	1.0135300	-0.4600400	-0.5628900	0.7702200	-0.4912000	-0.6391200	0.7565300	-0.1713700	-0.6360800	0.7585200	-0.0357800	-0.4893800	0.4659800	0.0035100	-0.6453800	0.1131000	-0.0422100	-0.6490300	0.7527900	-0.3031600	-0.4832000	0.4477000	-0.3450400	-0.6555300	0.1166700	-0.3112700	-0.5058600	0.0277700	-0.3263900	-0.5121600	0.0411500	-0.3619300	-0.7196700	0.0815000	-0.2870100	-0.5051400	0.0391200	-0.0292600	-0.5059400	0.0588500	0.0215800	-0.7321600	0.0679000	-0.0846900
533	8.8666667	-0.5277100	1.2329500	-0.1687300	-0.5192800	1.2235400	0.0044200	-0.5847700	0.9621700	0.1079100	-0.5769200	0.7233000	0.1533000	-0.5257900	1.2474900	-0.3487000	-0.6270500	0.9899800	-0.4578000	-0.5802600	0.7559400	-0.4997500	-0.6409500	0.7505800	-0.1707800	-0.6354700	0.7527500	-0.0349900	-0.4666900	0.4663700	0.0088400	-0.6439900	0.1080200	-0.0424400	-0.6492600	0.7472100	-0.3030800	-0.4837200	0.4522300	-0.3441000	-0.6562000	0.1168700	-0.3111800	-0.5049300	0.0277700	-0.3259500	-0.5316200	0.0328600	-0.3695900	-0.7196500	0.0882200	-0.2879500	-0.5064700	0.0389100	-0.0292600	-0.5062000	0.0590800	0.0217500	-0.7086900	0.0771000	-0.0781900
534	8.8833333	-0.5278500	1.2190800	-0.1689700	-0.5189600	1.2091600	0.0046200	-0.5851600	0.9462600	0.1084500	-0.5778500	0.7128000	0.1535100	-0.4898800	1.2283300	-0.3447100	-0.6072200	0.9814300	-0.4604600	-0.5817800	0.7447200	-0.5001100	-0.6387700	0.7399300	-0.1710700	-0.6353000	0.7422400	-0.0354400	-0.4664600	0.4668100	0.0089800	-0.6442200	0.1074000	-0.0426900	-0.6491500	0.7359100	-0.3030300	-0.4823500	0.4531900	-0.3448100	-0.6554200	0.1169600	-0.3111800	-0.5060400	0.0276600	-0.3264500	-0.5317700	0.0326500	-0.3695400	-0.6988800	0.0967000	-0.2801200	-0.4877000	0.0463700	-0.0343500	-0.5059000	0.0588300	0.0215200	-0.7274300	0.0702500	-0.0732300
535	8.9000000	-0.5467800	1.2029100	-0.1747700	-0.5181600	1.1892100	0.0050000	-0.5845900	0.9308600	0.1087400	-0.5754100	0.6964300	0.1543200	-0.4898100	1.2132800	-0.3450400	-0.6065200	0.9646300	-0.4608900	-0.5802900	0.7281900	-0.5004500	-0.6412500	0.7337800	-0.1706800	-0.6580500	0.7325600	-0.0402500	-0.4657800	0.4662200	0.0090300	-0.6440900	0.1079900	-0.0423900	-0.6705500	0.7156800	-0.3105900	-0.4844400	0.4464600	-0.3554500	-0.6589900	0.1160100	-0.3126400	-0.5048900	0.0277900	-0.3260300	-0.5317500	0.0327800	-0.3696000	-0.6968100	0.0974200	-0.2802900	-0.4889600	0.0461900	-0.0343800	-0.5060900	0.0590900	0.0216900	-0.7292100	0.0697100	-0.0729200
536	8.9166667	-0.5269800	1.1845100	-0.1686500	-0.5177400	1.1696900	0.0055000	-0.6012400	0.9135200	0.1156500	-0.5931400	0.6670100	0.1610500	-0.4898200	1.1990300	-0.3451600	-0.6059900	0.9442300	-0.4612100	-0.5806200	0.7110200	-0.5005000	-0.6379700	0.7231600	-0.1709100	-0.6572300	0.7219400	-0.0407200	-0.4637500	0.4678200	0.0099400	-0.6441900	0.1073500	-0.0425900	-0.6482700	0.7135900	-0.3028400	-0.4822000	0.4420000	-0.3556100	-0.6587300	0.1158500	-0.3128200	-0.5059800	0.0277700	-0.3263600	-0.5318200	0.0326500	-0.3694700	-0.7225500	0.0875100	-0.2879100	-0.4876600	0.0463800	-0.0343600	-0.5057000	0.0589000	0.0215600	-0.7274900	0.0702100	-0.0731600
537	8.9333333	-0.5259200	1.1732800	-0.1683200	-0.5013300	1.1598600	0.0009000	-0.6001800	0.8968700	0.1157400	-0.5513900	0.6575400	0.1593800	-0.4886500	1.1836700	-0.3450700	-0.6258900	0.9253400	-0.4696900	-0.5782100	0.6843300	-0.5012000	-0.6216700	0.7148100	-0.1748600	-0.6571900	0.7103400	-0.0401100	-0.4642200	0.4615500	0.0096200	-0.6440200	0.1079100	-0.0423400	-0.6481400	0.7023500	-0.3030400	-0.4646700	0.4518900	-0.3578500	-0.6576300	0.1221800	-0.3119400	-0.5046700	0.0280200	-0.3259700	-0.5316800	0.0329600	-0.3695900	-0.7209400	0.0880600	-0.2880700	-0.4887600	0.0461900	-0.0343800	-0.5059900	0.0590400	0.0216500	-0.7290300	0.0695500	-0.0728600
538	8.9500000	-0.5251600	1.1493400	-0.1682500	-0.5173100	1.1351000	0.0063300	-0.6002800	0.8811500	0.1164200	-0.5529200	0.6471000	0.1595600	-0.4876100	1.1643600	-0.3453500	-0.6056600	0.9118400	-0.4617700	-0.5603600	0.6766700	-0.5036900	-0.6384700	0.7008200	-0.1709200	-0.6575300	0.7054200	-0.0404300	-0.4642500	0.4622000	0.0096700	-0.6443600	0.1072400	-0.0426200	-0.6701500	0.6919100	-0.3105200	-0.4459400	0.4582000	-0.3521000	-0.6588200	0.1156500	-0.3130300	-0.5058100	0.0279400	-0.3263800	-0.5317300	0.0327300	-0.3695200	-0.7231500	0.0870600	-0.2881000	-0.5052200	0.0390600	-0.0293200	-0.5058600	0.0588200	0.0215300	-0.7275200	0.0700000	-0.0732000
539	8.9666667	-0.5256100	1.1339800	-0.1679900	-0.5175200	1.1256100	0.0066800	-0.5826100	0.8674500	0.1110100	-0.5504400	0.6309100	0.1602400	-0.4866800	1.1493200	-0.3451800	-0.6250600	0.8978500	-0.4703100	-0.5973300	0.6579800	-0.5101100	-0.6398600	0.6894300	-0.1704400	-0.6569800	0.6938200	-0.0396400	-0.4654900	0.4554700	0.0093500	-0.6441500	0.1078200	-0.0424200	-0.6692800	0.6811100	-0.3106100	-0.4658800	0.4465300	-0.3594400	-0.6572400	0.1222100	-0.3121200	-0.4872100	0.0417500	-0.3193700	-0.5139700	0.0460400	-0.3627300	-0.7204000	0.0879300	-0.2881400	-0.5063300	0.0389300	-0.0292600	-0.5063100	0.0589700	0.0216800	-0.7288500	0.0697100	-0.0729800
540	8.9833333	-0.5254600	1.1195300	-0.1680300	-0.5173700	1.1101600	0.0069300	-0.5602000	0.8599100	0.1157200	-0.5521100	0.6259200	0.1605100	-0.4860400	1.1299400	-0.3452900	-0.6247100	0.8821200	-0.4705500	-0.5790900	0.6556700	-0.5123700	-0.6387400	0.6842600	-0.1711500	-0.6581200	0.6880900	-0.0406000	-0.4642600	0.4617700	0.0097600	-0.6443500	0.1072800	-0.0426700	-0.6486300	0.6793900	-0.3032500	-0.4454300	0.4471400	-0.3626900	-0.6587700	0.1155200	-0.3130400	-0.5109400	0.0262800	-0.3284800	-0.5143500	0.0456700	-0.3627400	-0.7225300	0.0869900	-0.2879100	-0.5050300	0.0392900	-0.0292500	-0.5276800	0.0495600	0.0164600	-0.7274500	0.0705200	-0.0732200
541	9.0000000	-0.5244700	1.1083200	-0.1677800	-0.4994400	1.0954400	0.0025300	-0.5593400	0.8436100	0.1158500	-0.5657100	0.6002200	0.1670400	-0.4868300	1.1195000	-0.3455000	-0.6051000	0.8676300	-0.4735500	-0.5772000	0.6446200	-0.5125800	-0.6441200	0.6717000	-0.1818300	-0.6579700	0.6762400	-0.0400400	-0.4626700	0.4564900	0.0101300	-0.6440100	0.1077400	-0.0423300	-0.6693200	0.6642400	-0.3109500	-0.4282500	0.4567100	-0.3544300	-0.6572000	0.1105400	-0.3121600	-0.5090300	0.0264500	-0.3280300	-0.5119600	0.0413800	-0.3620900	-0.7183500	0.0821000	-0.2871700	-0.5065000	0.0390900	-0.0291900	-0.5235500	0.0520000	0.0270800	-0.7288200	0.0700200	-0.0729000
542	9.0166667	-0.5244700	1.0989300	-0.1677700	-0.4998200	1.0853500	0.0026500	-0.5761200	0.8259000	0.1224400	-0.5677900	0.5837400	0.1672700	-0.4859900	1.1095800	-0.3455300	-0.6048300	0.8520500	-0.4737000	-0.5774800	0.6277300	-0.5126800	-0.6612600	0.6624700	-0.1780300	-0.6584700	0.6699800	-0.0406800	-0.4418500	0.4526500	0.0153400	-0.6205900	0.1165200	-0.0369300	-0.6485800	0.6623200	-0.3036000	-0.4269600	0.4525600	-0.3554400	-0.6567300	0.1103600	-0.3122400	-0.5058300	0.0278700	-0.3266100	-0.5121600	0.0411800	-0.3620300	-0.7206500	0.0811500	-0.2870900	-0.5052800	0.0393400	-0.0291100	-0.5252100	0.0560800	0.0264600	-0.7266600	0.0704200	-0.0731600
543	9.0333333	-0.5065600	1.0840600	-0.1716200	-0.4991100	1.0705000	0.0029600	-0.5750900	0.8094100	0.1227400	-0.5659900	0.5718700	0.1676200	-0.4681200	1.0954500	-0.3486500	-0.6043200	0.8457500	-0.4734400	-0.5758500	0.6112600	-0.5130700	-0.6628800	0.6561100	-0.1774700	-0.6815100	0.6536400	-0.0456800	-0.4416400	0.4625500	0.0152000	-0.6201100	0.1170400	-0.0366100	-0.6477600	0.6568000	-0.3034800	-0.4272200	0.4465100	-0.3544400	-0.6571100	0.1105300	-0.3122000	-0.5045500	0.0279700	-0.3261100	-0.5118700	0.0414600	-0.3620900	-0.7186900	0.0818900	-0.2873100	-0.5065600	0.0390000	-0.0290900	-0.5232300	0.0520500	0.0272300	-0.7057800	0.0711700	-0.0785700
544	9.0500000	-0.5058600	1.0696900	-0.1716000	-0.4987700	1.0559700	0.0033600	-0.5586700	0.8066500	0.1173400	-0.5675500	0.5615400	0.1676200	-0.4675200	1.0856900	-0.3488700	-0.6033700	0.8356500	-0.4735800	-0.5770100	0.5999700	-0.5134000	-0.6416600	0.6491200	-0.1821800	-0.6817000	0.6535600	-0.0463600	-0.4415100	0.4633800	0.0154400	-0.6203600	0.1165400	-0.0368600	-0.6474700	0.6452100	-0.3035200	-0.4440900	0.4417600	-0.3623700	-0.6566600	0.1104100	-0.3123000	-0.5057500	0.0279100	-0.3265800	-0.5119200	0.0413200	-0.3620300	-0.7205800	0.0813000	-0.2871600	-0.5054400	0.0392400	-0.0291300	-0.5229500	0.0518900	0.0271300	-0.7044100	0.0718000	-0.0789100
545	9.0666667	-0.5056500	1.0539500	-0.1714600	-0.4980500	1.0458500	0.0035400	-0.5743800	0.7935400	0.1230500	-0.5648300	0.5557800	0.1680400	-0.4675700	1.0752400	-0.3490000	-0.6038400	0.8187500	-0.4737800	-0.5751800	0.5890300	-0.5135600	-0.6426400	0.6430300	-0.1816600	-0.6608000	0.6468600	-0.0504600	-0.4584900	0.4631200	0.0201300	-0.6201800	0.1169700	-0.0365400	-0.6478500	0.6341600	-0.3142400	-0.4277900	0.4458200	-0.3649600	-0.6781700	0.1083500	-0.3191800	-0.5061500	0.0330300	-0.3267900	-0.5116900	0.0416500	-0.3620200	-0.7209700	0.0877200	-0.2881500	-0.5067100	0.0390800	-0.0291700	-0.5232900	0.0520500	0.0272200	-0.7057500	0.0710400	-0.0785500
546	9.0833333	-0.4890100	1.0511300	-0.1756600	-0.4984900	1.0413800	0.0035200	-0.5589300	0.7903700	0.1174400	-0.5672800	0.5504000	0.1678400	-0.4490300	1.0618500	-0.3520700	-0.6034600	0.8134700	-0.4735300	-0.5763700	0.5834600	-0.5140500	-0.6398900	0.6381500	-0.1815800	-0.6614500	0.6410900	-0.0512100	-0.4583600	0.4638200	0.0202200	-0.6204600	0.1165600	-0.0368000	-0.6462700	0.6341600	-0.3029900	-0.4257100	0.4362600	-0.3657200	-0.6778300	0.1081400	-0.3192300	-0.4858000	0.0368300	-0.3191000	-0.5117000	0.0413900	-0.3619100	-0.7233500	0.0869400	-0.2879900	-0.5271500	0.0298000	-0.0347500	-0.5231200	0.0518600	0.0270200	-0.7043700	0.0715800	-0.0787800
547	9.1000000	-0.4879500	1.0449800	-0.1753700	-0.4970900	1.0357300	0.0037900	-0.5796900	0.7818200	0.1130300	-0.5646900	0.5448900	0.1681800	-0.4491400	1.0612900	-0.3519100	-0.5836300	0.8103500	-0.4653200	-0.5754400	0.5831000	-0.5140700	-0.6423500	0.6372700	-0.1811700	-0.6608100	0.6357600	-0.0502000	-0.4596200	0.4571600	0.0200700	-0.6201800	0.1170700	-0.0364700	-0.6464100	0.6288000	-0.3028800	-0.4274100	0.4408600	-0.3657800	-0.6779600	0.1083800	-0.3192100	-0.4864900	0.0417000	-0.3194100	-0.5114400	0.0416700	-0.3619600	-0.7211300	0.0877900	-0.2881300	-0.5282800	0.0296100	-0.0347300	-0.5233600	0.0520300	0.0271700	-0.7074000	0.0775100	-0.0778800
548	9.1166667	-0.4885400	1.0411200	-0.1755700	-0.4815300	1.0325300	-0.0010400	-0.5805300	0.7814900	0.1132200	-0.5897100	0.5393100	0.1641800	-0.4490100	1.0518800	-0.3521400	-0.5828700	0.8056000	-0.4655800	-0.5761300	0.5723000	-0.5142300	-0.6406000	0.6322500	-0.1814400	-0.6615700	0.6359300	-0.0510000	-0.4597100	0.4580300	0.0200600	-0.6390500	0.1095800	-0.0315200	-0.6683400	0.6181400	-0.3106100	-0.4256200	0.4468600	-0.3657100	-0.6777400	0.1081300	-0.3192600	-0.4855600	0.0369100	-0.3190800	-0.5114800	0.0414900	-0.3619200	-0.7234800	0.0869200	-0.2880400	-0.5271600	0.0297700	-0.0347600	-0.5230500	0.0518500	0.0270600	-0.7244700	0.0639200	-0.0735200
549	9.1333333	-0.4879600	1.0401900	-0.1754500	-0.4804400	1.0367200	-0.0011800	-0.5798000	0.7816700	0.1128400	-0.5876800	0.5387000	0.1642500	-0.4495700	1.0516300	-0.3521400	-0.5832500	0.8049300	-0.4654500	-0.5752000	0.5720700	-0.5142900	-0.6426900	0.6316600	-0.1810000	-0.6610900	0.6355700	-0.0502800	-0.4585800	0.4524200	0.0203800	-0.6389100	0.1099600	-0.0312400	-0.6682400	0.6184300	-0.3106300	-0.4271000	0.4408600	-0.3657700	-0.6780600	0.1083700	-0.3192100	-0.4863200	0.0417500	-0.3194400	-0.5113100	0.0417800	-0.3620000	-0.7213300	0.0877900	-0.2881000	-0.5283200	0.0296100	-0.0347600	-0.5234300	0.0519700	0.0271400	-0.7276200	0.0697200	-0.0726500
550	9.1500000	-0.4882700	1.0411400	-0.1755400	-0.4807000	1.0367800	-0.0012400	-0.5641300	0.7841200	0.1073900	-0.5668000	0.5448700	0.1680900	-0.4657800	1.0508400	-0.3490900	-0.6021700	0.8133200	-0.4626700	-0.5759600	0.5720500	-0.5143000	-0.6405200	0.6323100	-0.1813600	-0.6613100	0.6360600	-0.0509300	-0.4584700	0.4532300	0.0203700	-0.6390100	0.1096000	-0.0315200	-0.6687300	0.6180500	-0.3105500	-0.4090700	0.4467700	-0.3692600	-0.6571900	0.1158300	-0.3228600	-0.4876900	0.0416200	-0.3199000	-0.5116000	0.0414600	-0.3619600	-0.7231900	0.0870300	-0.2879800	-0.5269900	0.0298500	-0.0348000	-0.5229600	0.0519100	0.0269900	-0.6998300	0.0735700	-0.0674200
551	9.1666667	-0.5050400	1.0391200	-0.1713300	-0.4967600	1.0355600	0.0038000	-0.5803900	0.7813400	0.1128400	-0.5646900	0.5443800	0.1681300	-0.4665700	1.0507200	-0.3490900	-0.6024500	0.8128900	-0.4626500	-0.5749300	0.5720900	-0.5142400	-0.6426200	0.6370200	-0.1812800	-0.6610600	0.6356100	-0.0503400	-0.4598400	0.4573100	0.0200300	-0.6387400	0.1099800	-0.0312500	-0.6677300	0.6186200	-0.3105900	-0.4103600	0.4457100	-0.3688300	-0.6559700	0.1169600	-0.3116000	-0.5060700	0.0330200	-0.3267700	-0.5114800	0.0417200	-0.3620200	-0.7208600	0.0879800	-0.2879700	-0.5066300	0.0390300	-0.0292900	-0.5061600	0.0590500	0.0218300	-0.7010500	0.0731000	-0.0671100
552	9.1833333	-0.4883700	1.0459500	-0.1756300	-0.4814600	1.0371100	-0.0012600	-0.5814700	0.7814100	0.1130800	-0.5502600	0.5489700	0.1621700	-0.4489700	1.0567800	-0.3521300	-0.5826000	0.8163600	-0.4650800	-0.5756800	0.5722400	-0.5141900	-0.6401000	0.6379900	-0.1816300	-0.6609200	0.6362400	-0.0509900	-0.4597700	0.4581300	0.0200200	-0.6390000	0.1095800	-0.0315100	-0.6466400	0.6339300	-0.3030700	-0.4258300	0.4469000	-0.3656600	-0.6558900	0.1167000	-0.3116000	-0.4879000	0.0415900	-0.3199300	-0.5133600	0.0461100	-0.3627400	-0.7231500	0.0871500	-0.2878700	-0.5056500	0.0391900	-0.0292600	-0.5229500	0.0519100	0.0270600	-0.7245100	0.0637000	-0.0735200
553	9.2000000	-0.4888200	1.0503000	-0.1756200	-0.4820200	1.0468700	-0.0016100	-0.5638200	0.7894700	0.1067200	-0.5654600	0.5496600	0.1677400	-0.4498200	1.0615300	-0.3521100	-0.5637200	0.8241300	-0.4568400	-0.5745400	0.5777600	-0.5136100	-0.6424900	0.6428200	-0.1815000	-0.6609800	0.6408400	-0.0506900	-0.4584600	0.4630600	0.0202000	-0.6389000	0.1099100	-0.0312900	-0.6461100	0.6344600	-0.3029700	-0.4277700	0.4513300	-0.3656900	-0.6560600	0.1169300	-0.3115800	-0.5040200	0.0281400	-0.3259800	-0.5112500	0.0417500	-0.3620200	-0.7211200	0.0878700	-0.2879000	-0.5065000	0.0391000	-0.0293200	-0.5061700	0.0590500	0.0218100	-0.7259800	0.0631600	-0.0732200
554	9.2166667	-0.4890800	1.0561700	-0.1757500	-0.4823200	1.0515900	-0.0016600	-0.5643200	0.8001700	0.1067100	-0.5505700	0.5599500	0.1619000	-0.4665200	1.0706900	-0.3491700	-0.5630900	0.8255400	-0.4567800	-0.5753300	0.5780800	-0.5134500	-0.6411300	0.6434100	-0.1821500	-0.6630400	0.6459900	-0.0516500	-0.4585600	0.4637400	0.0201300	-0.6205200	0.1165600	-0.0368200	-0.6485300	0.6336200	-0.3143400	-0.4266300	0.4466200	-0.3656000	-0.6558300	0.1166600	-0.3116000	-0.4855200	0.0367500	-0.3191400	-0.4927900	0.0492500	-0.3652300	-0.7231400	0.0870200	-0.2878300	-0.5041100	0.0458100	-0.0287500	-0.5228000	0.0519900	0.0270300	-0.7245600	0.0637000	-0.0736400
555	9.2333333	-0.4887100	1.0699300	-0.1757800	-0.4984000	1.0605300	0.0029400	-0.5637100	0.8108100	0.1062100	-0.5490800	0.5647500	0.1615200	-0.4506700	1.0861200	-0.3520200	-0.5642200	0.8407300	-0.4566400	-0.5556500	0.5935100	-0.5048600	-0.6431800	0.6485200	-0.1817800	-0.6620300	0.6569400	-0.0509300	-0.4591000	0.4626800	0.0200800	-0.6203900	0.1167700	-0.0365700	-0.6464200	0.6403200	-0.3032200	-0.4280100	0.4512500	-0.3646200	-0.6561000	0.1167900	-0.3115700	-0.5040200	0.0279800	-0.3260200	-0.4926700	0.0493900	-0.3652400	-0.7189200	0.0819800	-0.2871800	-0.5064500	0.0390800	-0.0292700	-0.5232400	0.0520000	0.0271200	-0.7058500	0.0709300	-0.0785600
556	9.2500000	-0.4897500	1.0859700	-0.1760400	-0.4985000	1.0752500	0.0026100	-0.5656100	0.8212100	0.1061300	-0.5504900	0.5714100	0.1615700	-0.4673100	1.0955200	-0.3489800	-0.5829400	0.8491600	-0.4646300	-0.5568000	0.6045200	-0.5046100	-0.6611500	0.6563900	-0.1778400	-0.6822000	0.6542300	-0.0462800	-0.4589000	0.4637900	0.0200100	-0.6207200	0.1164800	-0.0369300	-0.6695800	0.6464600	-0.3106600	-0.4444900	0.4526400	-0.3623000	-0.6562400	0.1163200	-0.3115700	-0.4855200	0.0366700	-0.3191400	-0.5114800	0.0412800	-0.3620300	-0.7211400	0.0809100	-0.2871600	-0.5055400	0.0391900	-0.0293000	-0.5230900	0.0518900	0.0270000	-0.7048500	0.0713500	-0.0789600
557	9.2666667	-0.4901600	1.0997100	-0.1760600	-0.4987000	1.0855500	0.0024300	-0.5643100	0.8267000	0.1055200	-0.5491000	0.5868000	0.1609700	-0.4685600	1.1053100	-0.3489700	-0.5837600	0.8592200	-0.4645400	-0.5567400	0.6155500	-0.5044700	-0.6639500	0.6619000	-0.1779700	-0.6825400	0.6702900	-0.0462500	-0.4802400	0.4676300	0.0148500	-0.6439200	0.1076200	-0.0422800	-0.6700100	0.6581100	-0.3113500	-0.4462700	0.4462200	-0.3625000	-0.6570900	0.1103800	-0.3121600	-0.5057400	0.0216500	-0.3271000	-0.5126700	0.0350600	-0.3629800	-0.7182700	0.0820000	-0.2869900	-0.5283700	0.0295500	-0.0347300	-0.5237600	0.0519000	0.0270700	-0.7062700	0.0710300	-0.0786600
558	9.2833333	-0.5266100	1.1088400	-0.1782900	-0.4996000	1.0955000	0.0022900	-0.5656800	0.8472700	0.1055600	-0.5743800	0.5930300	0.1566500	-0.4691900	1.1152600	-0.3592400	-0.6028100	0.8629600	-0.4619900	-0.5573500	0.6268100	-0.5042900	-0.6607000	0.6685200	-0.1777400	-0.6587400	0.6816700	-0.0407500	-0.4444500	0.4732100	0.0143500	-0.6444000	0.1072300	-0.0426500	-0.6484600	0.6679900	-0.3034300	-0.4451600	0.4472600	-0.3627400	-0.6567600	0.1103200	-0.3121500	-0.5077800	0.0215100	-0.3277200	-0.5315700	0.0326500	-0.3697100	-0.6969400	0.0904300	-0.2792900	-0.5052100	0.0394300	-0.0292400	-0.5081900	0.0630800	0.0211400	-0.7077400	0.0777100	-0.0785100
559	9.3000000	-0.5075100	1.1192200	-0.1722300	-0.4989500	1.1101200	0.0020300	-0.5822400	0.8559800	0.1105800	-0.5727000	0.6088900	0.1559500	-0.4701300	1.1253000	-0.3590100	-0.5843800	0.8809300	-0.4641800	-0.5581600	0.6433900	-0.5043200	-0.6408200	0.6837500	-0.1707300	-0.6579500	0.6930100	-0.0401400	-0.4809900	0.4570200	0.0149300	-0.6440800	0.1076100	-0.0423800	-0.6895100	0.6719000	-0.3071700	-0.4466500	0.4569400	-0.3622300	-0.6569000	0.1106300	-0.3120900	-0.5064400	0.0215100	-0.3271700	-0.5325700	0.0265900	-0.3705700	-0.6950000	0.0913200	-0.2793500	-0.5064600	0.0391500	-0.0293000	-0.5084900	0.0631800	0.0211700	-0.7084400	0.0774600	-0.0782100
560	9.3166667	-0.5078000	1.1351000	-0.1723700	-0.4998900	1.1300400	0.0016600	-0.5659400	0.8691600	0.1048600	-0.5750300	0.6312600	0.1554200	-0.4699600	1.1496000	-0.3587700	-0.5653300	0.9001900	-0.4561200	-0.5589900	0.6546700	-0.5039800	-0.6384700	0.7006200	-0.1709100	-0.6579300	0.6996200	-0.0406800	-0.4805300	0.4689400	0.0147200	-0.6438700	0.1075300	-0.0425500	-0.6698700	0.6809100	-0.3105900	-0.4458600	0.4580900	-0.3626000	-0.6566600	0.1104600	-0.3121300	-0.5059100	0.0276900	-0.3266800	-0.5313900	0.0327100	-0.3696900	-0.7199200	0.0814200	-0.2869700	-0.5270000	0.0298600	-0.0348100	-0.5059700	0.0589900	0.0216900	-0.7069400	0.0778500	-0.0784400
561	9.3333333	-0.5076000	1.1491600	-0.1724700	-0.4995800	1.1448200	0.0012000	-0.5821200	0.8831100	0.1097100	-0.5729200	0.6417600	0.1551500	-0.4714700	1.1642700	-0.3587300	-0.5853000	0.9133500	-0.4532300	-0.5778200	0.6618600	-0.5013000	-0.6404000	0.7057500	-0.1704000	-0.6573100	0.7104000	-0.0401400	-0.4644400	0.4724000	0.0096400	-0.6437500	0.1077700	-0.0423200	-0.6696400	0.6925300	-0.3106300	-0.4485200	0.4621100	-0.3625300	-0.6586700	0.1160500	-0.3128600	-0.5044300	0.0279900	-0.3260300	-0.5309600	0.0332100	-0.3696400	-0.7202300	0.0881800	-0.2879500	-0.4891400	0.0464300	-0.0344200	-0.5083500	0.0632700	0.0211700	-0.7080600	0.0774000	-0.0781200
562	9.3500000	-0.5085800	1.1696500	-0.1726700	-0.5001200	1.1596200	0.0010100	-0.5832700	0.8984600	0.1096300	-0.5760000	0.6532700	0.1548700	-0.4715900	1.1791300	-0.3589500	-0.5849600	0.9301600	-0.4530500	-0.5586800	0.6772600	-0.4925300	-0.6389200	0.7175800	-0.1708600	-0.6581000	0.7218700	-0.0408700	-0.4642000	0.4730900	0.0094700	-0.6437700	0.1076300	-0.0426300	-0.6708800	0.7034800	-0.3106700	-0.4651500	0.4581400	-0.3598300	-0.6586700	0.1158200	-0.3127300	-0.5059700	0.0277700	-0.3266000	-0.5314900	0.0328100	-0.3696800	-0.7217600	0.0873600	-0.2876700	-0.4880100	0.0465000	-0.0344400	-0.5080500	0.0630900	0.0211000	-0.7068900	0.0777100	-0.0784400
563	9.3666667	-0.5292700	1.1835800	-0.1789900	-0.5011000	1.1745600	0.0004600	-0.5665000	0.9217500	0.1029000	-0.5740800	0.6690100	0.1543400	-0.4733400	1.1938100	-0.3589100	-0.5860900	0.9453000	-0.4527300	-0.5589700	0.6985800	-0.4920600	-0.6636800	0.7240900	-0.1777400	-0.6593400	0.7314200	-0.0409800	-0.4652100	0.4827400	0.0092000	-0.6436700	0.1078200	-0.0423500	-0.6699800	0.7158600	-0.3107900	-0.4655900	0.4571100	-0.3582400	-0.6565800	0.1111300	-0.3120000	-0.5065900	0.0326300	-0.3269000	-0.5314400	0.0330300	-0.3696900	-0.6964500	0.0973300	-0.2802100	-0.4889300	0.0464200	-0.0343600	-0.5062600	0.0590800	0.0217200	-0.7078100	0.0773900	-0.0781700
564	9.3833333	-0.5294000	1.1993400	-0.1791400	-0.5010600	1.1936700	0.0002000	-0.5680100	0.9421600	0.1026700	-0.5781800	0.6905800	0.1533200	-0.4727700	1.2134300	-0.3587500	-0.5857400	0.9570400	-0.4525900	-0.5601200	0.7207600	-0.4917000	-0.6618700	0.7359800	-0.1779400	-0.6590900	0.7381900	-0.0411600	-0.4857100	0.4669400	0.0041700	-0.6437800	0.1076100	-0.0426700	-0.6714600	0.7317400	-0.3109300	-0.4828800	0.4530200	-0.3555000	-0.6567600	0.1107100	-0.3119600	-0.5061000	0.0276800	-0.3267300	-0.5318400	0.0326200	-0.3697700	-0.6985600	0.0964200	-0.2800800	-0.4873900	0.0468600	-0.0344100	-0.5077900	0.0632900	0.0210600	-0.7069400	0.0775900	-0.0784700
565	9.4000000	-0.5289800	1.2228500	-0.1791600	-0.5005100	1.2133000	-0.0002100	-0.5671100	0.9531300	0.1020900	-0.5762400	0.7117900	0.1527900	-0.4738600	1.2282200	-0.3584500	-0.5868100	0.9774500	-0.4521200	-0.5603400	0.7423500	-0.4914300	-0.6646500	0.7518100	-0.1779000	-0.6594100	0.7537800	-0.0410400	-0.4874700	0.4711300	0.0036800	-0.6438000	0.1077200	-0.0424000	-0.6713900	0.7381400	-0.3109400	-0.4844700	0.4629200	-0.3548500	-0.6567700	0.1107400	-0.3119800	-0.5045400	0.0277500	-0.3261300	-0.5311500	0.0329800	-0.3696900	-0.7164500	0.0759800	-0.2864600	-0.4883900	0.0467700	-0.0343700	-0.5080700	0.0634700	0.0211100	-0.7100800	0.0713300	-0.0775600
566	9.4166667	-0.5296800	1.2383600	-0.1794200	-0.5025300	1.2328300	-0.0009100	-0.5676800	0.9682800	0.1019200	-0.5792300	0.7233200	0.1522500	-0.5086900	1.2473900	-0.3627100	-0.5865800	0.9887000	-0.4522200	-0.5607900	0.7537400	-0.4910800	-0.6405300	0.7675200	-0.1716900	-0.6597600	0.7658000	-0.0416800	-0.4890200	0.4770000	0.0031400	-0.6433800	0.1079000	-0.0427300	-0.6715800	0.7492400	-0.3108100	-0.4648100	0.4748600	-0.3475200	-0.6557600	0.1165700	-0.3112100	-0.5056800	0.0277600	-0.3265400	-0.5124400	0.0406500	-0.3728400	-0.7197300	0.0811700	-0.2870300	-0.4873800	0.0467700	-0.0343000	-0.5054800	0.0592500	0.0217200	-0.7060500	0.0772200	-0.0785400
567	9.4333333	-0.5306700	1.2526700	-0.1794400	-0.5178500	1.2428500	0.0038000	-0.5893800	0.9924900	0.0960700	-0.5834400	0.7486700	0.1418900	-0.5108200	1.2668000	-0.3625500	-0.5875400	1.0144900	-0.4516900	-0.5416500	0.7679000	-0.4824400	-0.6232000	0.7757200	-0.1759100	-0.6582400	0.7707600	-0.0413600	-0.4881900	0.4817700	0.0033700	-0.6442700	0.1130400	-0.0430200	-0.6702200	0.7609900	-0.3108600	-0.4849200	0.4687800	-0.3444700	-0.6571700	0.1106600	-0.3120700	-0.5046000	0.0277400	-0.3260900	-0.5308900	0.0331000	-0.3696400	-0.7183400	0.0817200	-0.2872200	-0.4883700	0.0465400	-0.0342900	-0.5057100	0.0592900	0.0217300	-0.7075400	0.0769400	-0.0782200
568	9.4500000	-0.5321000	1.2732700	-0.1799600	-0.5194000	1.2624000	0.0033100	-0.5918800	1.0081200	0.0961300	-0.5629600	0.7640100	0.1454200	-0.5110500	1.2866300	-0.3627200	-0.5875800	1.0258500	-0.4516800	-0.5611900	0.7813400	-0.4798100	-0.6625800	0.7756900	-0.1783100	-0.6596000	0.7776900	-0.0416900	-0.5092100	0.4769200	-0.0019300	-0.6449400	0.1135600	-0.0421500	-0.6725400	0.7714900	-0.3110600	-0.5028700	0.4754800	-0.3414900	-0.6556400	0.1165700	-0.3113000	-0.5058700	0.0278400	-0.3264800	-0.5120200	0.0411600	-0.3620900	-0.6973800	0.0827600	-0.2903300	-0.5050100	0.0394000	-0.0292500	-0.5078400	0.0632800	0.0211600	-0.7069700	0.0772800	-0.0785000
569	9.4666667	-0.5487000	1.2967600	-0.1758900	-0.5188400	1.2861200	0.0029200	-0.5913400	1.0290900	0.0950500	-0.5844800	0.7858900	0.1404200	-0.5114900	1.3057800	-0.3619800	-0.5889300	1.0461300	-0.4513000	-0.5424100	0.8114300	-0.4713500	-0.6415700	0.7896900	-0.1714400	-0.6360500	0.7917700	-0.0357400	-0.5118400	0.4805500	-0.0025200	-0.6447600	0.1189900	-0.0425100	-0.6510200	0.7862700	-0.3144900	-0.5038900	0.4745800	-0.3410400	-0.6557300	0.1168900	-0.3113700	-0.5050700	0.0278200	-0.3261700	-0.5311600	0.0331900	-0.3696800	-0.6951800	0.0837500	-0.2904000	-0.4884000	0.0466000	-0.0342400	-0.5080000	0.0633800	0.0211800	-0.7084400	0.0771200	-0.0782300
570	9.4833333	-0.5492200	1.3172200	-0.1762600	-0.5211300	1.3106100	0.0020200	-0.6154800	1.0426900	0.0903700	-0.5872900	0.7975500	0.1398200	-0.5116200	1.3252100	-0.3624500	-0.6075500	1.0663400	-0.4484400	-0.5432100	0.8330700	-0.4706900	-0.6402900	0.8066800	-0.1716200	-0.6369800	0.8090500	-0.0363200	-0.5308400	0.4766400	-0.0072300	-0.6445900	0.1192000	-0.0427700	-0.6723000	0.7996700	-0.3108100	-0.5036900	0.4808800	-0.3417100	-0.6569900	0.1102300	-0.3122000	-0.5079600	0.0328100	-0.3274100	-0.5330000	0.0377400	-0.3704100	-0.6986000	0.0767700	-0.2913600	-0.4878500	0.0465500	-0.0343700	-0.5080000	0.0633300	0.0211200	-0.7071100	0.0775600	-0.0784500
571	9.5000000	-0.5487700	1.3261700	-0.1760300	-0.5196700	1.3200600	0.0019600	-0.6138200	1.0636000	0.0892400	-0.5859400	0.8130000	0.1394400	-0.5135500	1.3350900	-0.3622600	-0.5901200	1.0776200	-0.4509400	-0.5433000	0.8436500	-0.4704200	-0.6424800	0.8222800	-0.1714600	-0.6773800	0.8188200	-0.0365700	-0.5148600	0.4803500	-0.0125200	-0.6448800	0.1192900	-0.0426200	-0.6713100	0.8058200	-0.3107000	-0.5226200	0.4700800	-0.3374800	-0.6569900	0.1106000	-0.3121100	-0.5070400	0.0326200	-0.3270500	-0.5326200	0.0379300	-0.3704100	-0.6960900	0.0778800	-0.2910600	-0.5063400	0.0391600	-0.0293100	-0.5083700	0.0635000	0.0211500	-0.7084800	0.0774000	-0.0782600
572	9.5166667	-0.5504500	1.3417300	-0.1765800	-0.5217000	1.3348100	0.0015800	-0.6334700	1.0779200	0.0948900	-0.5882600	0.8297800	0.1386100	-0.5316500	1.3504800	-0.3698800	-0.6087300	1.0978400	-0.4481400	-0.5631300	0.8520300	-0.4677800	-0.6411800	0.8283400	-0.1720500	-0.6557200	0.8277300	-0.0319000	-0.5604300	0.4737500	-0.0241200	-0.6447000	0.1191400	-0.0428500	-0.6727100	0.8163600	-0.3109000	-0.5411900	0.4767200	-0.3340700	-0.6575200	0.1099500	-0.3121000	-0.5081200	0.0325900	-0.3274400	-0.5331900	0.0375200	-0.3704500	-0.6988100	0.0764600	-0.2911600	-0.5054600	0.0391100	-0.0292200	-0.5230300	0.0520900	0.0270800	-0.7067900	0.0771000	-0.0784800
573	9.5333333	-0.5508500	1.3697000	-0.1767400	-0.5204100	1.3490100	0.0014100	-0.6334200	1.0889800	0.0940400	-0.5864400	0.8494100	0.1377700	-0.5145600	1.3735700	-0.3621600	-0.6101100	1.1182300	-0.4476700	-0.5630700	0.8730900	-0.4672500	-0.6418100	0.8338000	-0.1715100	-0.6362600	0.8408700	-0.0364700	-0.5625800	0.4776900	-0.0244900	-0.6452000	0.1190000	-0.0426400	-0.6710600	0.8281300	-0.3106100	-0.5429700	0.4814800	-0.3329900	-0.6572900	0.1104300	-0.3120600	-0.5047600	0.0391000	-0.3258700	-0.5307100	0.0394400	-0.3689500	-0.6972500	0.0655900	-0.2914800	-0.5064600	0.0389000	-0.0291800	-0.5234000	0.0520900	0.0271400	-0.7081500	0.0764400	-0.0782600
574	9.5500000	-0.5509000	1.3851400	-0.1767900	-0.5221600	1.3774200	0.0004200	-0.6167100	1.1148000	0.0882000	-0.5886900	0.8614600	0.1374700	-0.5317100	1.3934800	-0.3589300	-0.6099200	1.1344200	-0.4475400	-0.5645100	0.8892200	-0.4670700	-0.6216800	0.8424600	-0.1762500	-0.6366000	0.8467300	-0.0372200	-0.5627400	0.4899700	-0.0250200	-0.6450900	0.1188800	-0.0428100	-0.6317200	0.8442400	-0.3069100	-0.5610900	0.4777100	-0.3299900	-0.6570400	0.1100300	-0.3120500	-0.5057600	0.0391700	-0.3263100	-0.5124100	0.0410200	-0.3728600	-0.6986500	0.0646400	-0.2914800	-0.5052800	0.0392700	-0.0293200	-0.5080800	0.0634000	0.0211600	-0.7271200	0.0689300	-0.0731600
575	9.5666667	-0.5514900	1.4035500	-0.1769100	-0.5223900	1.3966400	-0.0002400	-0.6162300	1.1356800	0.0868400	-0.6097300	0.8740900	0.1330300	-0.5338000	1.4036400	-0.3587900	-0.6111300	1.1494900	-0.4473200	-0.5651700	0.9052900	-0.4561600	-0.6233400	0.8527100	-0.1761200	-0.6359800	0.8521900	-0.0368000	-0.5859300	0.4941200	-0.0307400	-0.6448500	0.1188300	-0.0424300	-0.6304900	0.8503900	-0.3069900	-0.5630300	0.4877300	-0.3292900	-0.6556100	0.1052800	-0.3115300	-0.5046900	0.0392300	-0.3258100	-0.5311400	0.0445300	-0.3694900	-0.6966900	0.0653100	-0.2916800	-0.4907600	0.0509100	-0.0350000	-0.5080000	0.0636700	0.0211300	-0.7269200	0.0570200	-0.0725300
576	9.5833333	-0.5515400	1.4047200	-0.1770200	-0.5220300	1.4054600	0.0000600	-0.6394000	1.1447200	0.0825300	-0.5729400	0.8904700	0.1310400	-0.5328100	1.4130400	-0.3591100	-0.6103900	1.1652500	-0.4471300	-0.5847000	0.9193100	-0.4533200	-0.6223600	0.8586200	-0.1765100	-0.6374200	0.8578300	-0.0374300	-0.5894400	0.4996000	-0.0416200	-0.6638100	0.1057900	-0.0379000	-0.6318400	0.8554200	-0.3068400	-0.5808600	0.4892900	-0.3265300	-0.6569700	0.1099400	-0.3122400	-0.5076500	0.0328400	-0.3272300	-0.5132900	0.0460000	-0.3628900	-0.6984300	0.0644000	-0.2917900	-0.4898000	0.0511200	-0.0349700	-0.5075600	0.0636500	0.0211900	-0.7010100	0.0671400	-0.0665700
577	9.6000000	-0.5522700	1.4228400	-0.1771800	-0.5218000	1.4151100	-0.0002100	-0.6173400	1.1565200	0.0863900	-0.6103800	0.9059500	0.1320400	-0.5178400	1.4311900	-0.3619400	-0.6114300	1.1752000	-0.4469500	-0.5854500	0.9297700	-0.4530500	-0.6230700	0.8635100	-0.1762000	-0.6357800	0.8575700	-0.0370800	-0.5900800	0.4986700	-0.0418400	-0.6444400	0.1192100	-0.0424700	-0.6301000	0.8613500	-0.3069600	-0.5835800	0.4990900	-0.3258100	-0.6574400	0.1103000	-0.3121000	-0.5066600	0.0328000	-0.3268600	-0.5132300	0.0460500	-0.3734900	-0.6967600	0.0653900	-0.2915100	-0.4907100	0.0509100	-0.0349600	-0.5078200	0.0637300	0.0212000	-0.7017100	0.0673700	-0.0664400
578	9.6166667	-0.5521100	1.4379700	-0.1771700	-0.5385000	1.4257700	0.0044200	-0.6338100	1.1608400	0.0922800	-0.5961200	0.9194800	0.1259100	-0.5169600	1.4498300	-0.3619300	-0.6109800	1.1859100	-0.4469900	-0.5857100	0.9405400	-0.4529000	-0.6214100	0.8643500	-0.1764900	-0.6185900	0.8658100	-0.0425900	-0.5917100	0.5044600	-0.0423100	-0.6446000	0.1193500	-0.0428200	-0.6118900	0.8636700	-0.3105800	-0.6025900	0.4951600	-0.3225300	-0.6577500	0.1099500	-0.3119800	-0.5078700	0.0326700	-0.3273900	-0.5137300	0.0457100	-0.3736300	-0.6986100	0.0645600	-0.2913500	-0.4902900	0.0508000	-0.0349800	-0.5077300	0.0635800	0.0211800	-0.7249700	0.0633400	-0.0735500
579	9.6333333	-0.5522700	1.4468600	-0.1771600	-0.5380200	1.4353000	0.0042500	-0.6174900	1.1717500	0.0858700	-0.5941900	0.9285500	0.1253200	-0.5175600	1.4545700	-0.3615500	-0.6116700	1.1958400	-0.4468400	-0.5858000	0.9508400	-0.4526000	-0.6230100	0.8744600	-0.1762100	-0.6360400	0.8684600	-0.0373100	-0.6134800	0.5038300	-0.0477800	-0.6446900	0.1129900	-0.0430300	-0.6297400	0.8724300	-0.3068200	-0.6026700	0.5004800	-0.3106500	-0.6781200	0.1029600	-0.3082700	-0.5047600	0.0392400	-0.3259600	-0.5130600	0.0463400	-0.3735200	-0.7180800	0.0573900	-0.2874300	-0.5068000	0.0389900	-0.0292800	-0.5252600	0.0565300	0.0265900	-0.7253900	0.0626800	-0.0732000
580	9.6500000	-0.5529900	1.4569700	-0.1774700	-0.5390600	1.4447300	0.0039900	-0.6409700	1.1810100	0.0813400	-0.5957900	0.9400000	0.1251400	-0.5340100	1.4650900	-0.3587100	-0.6112800	1.2065800	-0.4468300	-0.5862500	0.9567100	-0.4525400	-0.6219800	0.8802800	-0.1764600	-0.6370300	0.8745800	-0.0378800	-0.6334600	0.5053100	-0.0430900	-0.6447000	0.1130700	-0.0432200	-0.6311000	0.8772200	-0.3067800	-0.6417200	0.4917500	-0.3033300	-0.6578300	0.1100100	-0.3120000	-0.5080600	0.0329900	-0.3273500	-0.5138300	0.0459700	-0.3736300	-0.6986300	0.0642500	-0.2914500	-0.5279200	0.0409100	-0.0348200	-0.5232800	0.0633600	0.0270200	-0.6995000	0.0662300	-0.0678100
581	9.6666667	-0.5537500	1.4657700	-0.1776300	-0.5393900	1.4542700	0.0035400	-0.6409900	1.1870200	0.0807700	-0.5717700	0.9471900	0.1292700	-0.5537300	1.4671700	-0.3656800	-0.6118500	1.2114300	-0.4464600	-0.5860700	0.9620200	-0.4522500	-0.6230600	0.8854000	-0.1764300	-0.6585500	0.8820900	-0.0430900	-0.6155200	0.5088600	-0.0482800	-0.6450900	0.1130000	-0.0430100	-0.6105800	0.8856800	-0.3103700	-0.6641900	0.4910400	-0.2993800	-0.6579800	0.1104800	-0.3120900	-0.5067700	0.0331000	-0.3268400	-0.5134200	0.0463400	-0.3735600	-0.7204300	0.0559200	-0.2992400	-0.5285500	0.0407800	-0.0347100	-0.5236100	0.0633100	0.0270700	-0.7010400	0.0724900	-0.0670100
582	9.6833333	-0.5533600	1.4668300	-0.1776300	-0.5412200	1.4594700	0.0032600	-0.6182600	1.2018400	0.0852200	-0.5733300	0.9484000	0.1292000	-0.5341100	1.4747100	-0.3586500	-0.6115700	1.2216800	-0.4466500	-0.6053600	0.9708400	-0.4496700	-0.6218300	0.8860700	-0.1766900	-0.6415800	0.8847200	-0.0485800	-0.6571300	0.4993800	-0.0489600	-0.6447900	0.1130600	-0.0433000	-0.6118100	0.8905200	-0.3103300	-0.6637600	0.4919900	-0.2997200	-0.6774500	0.1086800	-0.3076500	-0.5065100	0.0391200	-0.3264200	-0.5130000	0.0522600	-0.3729000	-0.6991200	0.0644200	-0.2915900	-0.5281100	0.0407100	-0.0348000	-0.5235600	0.0632100	0.0270100	-0.6997200	0.0726200	-0.0672400
583	9.7000000	-0.5740900	1.4725900	-0.1838900	-0.5406500	1.4638400	0.0033600	-0.6584600	1.1969700	0.0859600	-0.5715000	0.9475500	0.1292200	-0.5369000	1.4750700	-0.3686000	-0.6120800	1.2215000	-0.4464500	-0.6049700	0.9707800	-0.4494100	-0.6232000	0.8907900	-0.1763000	-0.6586800	0.8824000	-0.0430900	-0.6572800	0.5043500	-0.0485700	-0.6448600	0.1129600	-0.0430600	-0.6105800	0.8911700	-0.3101000	-0.6647800	0.4966500	-0.2988400	-0.6771600	0.1091000	-0.3076900	-0.5053400	0.0391500	-0.3259500	-0.5124500	0.0525900	-0.3728100	-0.6970800	0.0653200	-0.2916000	-0.5273700	0.0361300	-0.0341200	-0.5235100	0.0633100	0.0270500	-0.7004800	0.0660100	-0.0675000
584	9.7166667	-0.5738900	1.4733000	-0.1840400	-0.5422700	1.4687700	0.0029400	-0.6587300	1.2012400	0.0862800	-0.5730400	0.9531500	0.1290600	-0.5356500	1.4749900	-0.3687700	-0.6114200	1.2220000	-0.4466500	-0.5862300	0.9779800	-0.4520700	-0.6008200	0.8938700	-0.1701600	-0.6373900	0.8855300	-0.0380900	-0.6579000	0.5103600	-0.0491100	-0.6451500	0.1128700	-0.0433700	-0.5911700	0.8932100	-0.3028900	-0.6635600	0.4976000	-0.2991900	-0.6773500	0.1086800	-0.3075500	-0.5064300	0.0391400	-0.3264200	-0.5128600	0.0523100	-0.3728300	-0.6985700	0.0645600	-0.2914400	-0.5265800	0.0362700	-0.0341700	-0.5233200	0.0632700	0.0269800	-0.7000200	0.0659200	-0.0678500
585	9.7333333	-0.5742200	1.4726800	-0.1839300	-0.5619100	1.4704800	-0.0018400	-0.6580800	1.2016800	0.0859900	-0.5881700	0.9559200	0.1347700	-0.5371800	1.4751200	-0.3687100	-0.6122100	1.2217300	-0.4465700	-0.5861500	0.9778400	-0.4519400	-0.6019700	0.8934600	-0.1698900	-0.6362800	0.8852600	-0.0376200	-0.6396700	0.5140000	-0.0542300	-0.6450900	0.1128300	-0.0431600	-0.5903300	0.8936600	-0.3027900	-0.6654600	0.4909000	-0.2992100	-0.6770500	0.1091000	-0.3075400	-0.5053500	0.0390700	-0.3260000	-0.5312700	0.0447500	-0.3695600	-0.6966100	0.0655200	-0.2913500	-0.5273000	0.0362000	-0.0340600	-0.5236300	0.0632500	0.0270500	-0.7006300	0.0659000	-0.0676100
586	9.7500000	-0.5907400	1.4745300	-0.1801100	-0.5617600	1.4655100	-0.0014000	-0.6364100	1.2015300	0.0910100	-0.5897400	0.9515800	0.1349800	-0.5526800	1.4763100	-0.3658200	-0.6119900	1.2219200	-0.4466900	-0.5862600	0.9780400	-0.4521800	-0.6006500	0.8885900	-0.1701200	-0.6373000	0.8853400	-0.0380400	-0.6386300	0.5040100	-0.0544500	-0.6452700	0.1126600	-0.0433500	-0.6098300	0.8856000	-0.2992900	-0.6642800	0.4916600	-0.2995700	-0.6771500	0.1086700	-0.3075000	-0.5062400	0.0391600	-0.3263100	-0.5315500	0.0445100	-0.3695800	-0.6983000	0.0645300	-0.2914300	-0.5055500	0.0392300	-0.0291900	-0.5250500	0.0562900	0.0265500	-0.7004100	0.0656100	-0.0678100
587	9.7666667	-0.5911000	1.4738100	-0.1800200	-0.5615900	1.4614000	-0.0015600	-0.6355200	1.2019600	0.0905700	-0.5882500	0.9558400	0.1349900	-0.5544800	1.4763400	-0.3657300	-0.6129300	1.2165800	-0.4467400	-0.5858800	0.9777400	-0.4521100	-0.6014700	0.8881300	-0.1699100	-0.6182600	0.8871300	-0.0425900	-0.6398900	0.5080100	-0.0547800	-0.6452700	0.1126100	-0.0431600	-0.6085600	0.8860800	-0.2992600	-0.6654500	0.4907000	-0.2992300	-0.6769400	0.1091100	-0.3075000	-0.5048000	0.0392100	-0.3258400	-0.4929600	0.0608100	-0.3651200	-0.6966200	0.0654500	-0.2914100	-0.5083000	0.0432300	-0.0297700	-0.5078000	0.0634000	0.0212300	-0.7256400	0.0558000	-0.0736900
588	9.7833333	-0.5898200	1.4696400	-0.1797300	-0.5418800	1.4596700	0.0032100	-0.6357300	1.2014800	0.0907500	-0.5895700	0.9514900	0.1350900	-0.5535500	1.4718000	-0.3661000	-0.6119500	1.2167000	-0.4465500	-0.5860800	0.9777300	-0.4523100	-0.6010000	0.8884200	-0.1701500	-0.6375400	0.8851900	-0.0380000	-0.6375500	0.5040700	-0.0543700	-0.6451300	0.1129100	-0.0433800	-0.6101500	0.8854500	-0.2994000	-0.6637300	0.4861100	-0.2992300	-0.6770800	0.1087000	-0.3074300	-0.5059200	0.0391800	-0.3262900	-0.5314800	0.0444600	-0.3695900	-0.6979500	0.0646900	-0.2913700	-0.5079100	0.0433500	-0.0298000	-0.5077900	0.0634400	0.0212300	-0.7249500	0.0561000	-0.0739600
589	9.8000000	-0.5704600	1.4674900	-0.1736200	-0.5401700	1.4636100	0.0032600	-0.6573000	1.1963400	0.0861100	-0.5875100	0.9504900	0.1351600	-0.5546400	1.4763200	-0.3655300	-0.6124700	1.2164900	-0.4462800	-0.5859400	0.9672800	-0.4523300	-0.6017500	0.8879700	-0.1699200	-0.6361300	0.8848900	-0.0375100	-0.6567200	0.4930200	-0.0484000	-0.6448400	0.1129800	-0.0431400	-0.6294400	0.8781700	-0.3064500	-0.6643000	0.4853600	-0.2989100	-0.6769200	0.1091000	-0.3075000	-0.5047100	0.0392000	-0.3259700	-0.5120700	0.0525800	-0.3726900	-0.6964100	0.0654300	-0.2913600	-0.5088300	0.0432400	-0.0297200	-0.5254000	0.0563700	0.0266400	-0.7005800	0.0660100	-0.0676700
590	9.8166667	-0.5703000	1.4680300	-0.1737700	-0.5410200	1.4636200	0.0032100	-0.6418000	1.1914800	0.0809900	-0.5893500	0.9468700	0.1353200	-0.5536800	1.4718100	-0.3659400	-0.6123600	1.2118000	-0.4465300	-0.5860300	0.9674900	-0.4525400	-0.6008900	0.8831700	-0.1700200	-0.6369900	0.8803800	-0.0377800	-0.6562600	0.4939000	-0.0484800	-0.6448100	0.1130800	-0.0433900	-0.6310700	0.8774300	-0.3066300	-0.6628800	0.4862300	-0.2991800	-0.6768000	0.1087400	-0.3073700	-0.5058000	0.0391900	-0.3264200	-0.5123500	0.0524000	-0.3728200	-0.6974600	0.0647600	-0.2912700	-0.5080000	0.0433500	-0.0297100	-0.5250600	0.0564400	0.0266200	-0.7248500	0.0627100	-0.0735100
591	9.8333333	-0.5733200	1.4677300	-0.1835500	-0.5603000	1.4652900	-0.0016400	-0.6406000	1.1919100	0.0804100	-0.5877600	0.9458700	0.1354100	-0.5551200	1.4718800	-0.3659200	-0.6315100	1.2112000	-0.4438100	-0.5860000	0.9722500	-0.4523600	-0.6014500	0.8827000	-0.1697800	-0.6178100	0.8822300	-0.0422600	-0.6376600	0.4976400	-0.0535500	-0.6447100	0.1130300	-0.0432100	-0.6297100	0.8778100	-0.3066000	-0.6637200	0.4855600	-0.2988700	-0.6766500	0.1092100	-0.3074100	-0.5048700	0.0391300	-0.3260500	-0.5121100	0.0526200	-0.3727700	-0.6960700	0.0655800	-0.2912400	-0.5084300	0.0432900	-0.0297000	-0.5251200	0.0564900	0.0266100	-0.7252800	0.0627700	-0.0733000
592	9.8500000	-0.5729300	1.4683000	-0.1836300	-0.5608800	1.4652600	-0.0016700	-0.6237600	1.1916000	0.0752700	-0.5892100	0.9465900	0.1353300	-0.5535100	1.4717700	-0.3659300	-0.6307600	1.2114700	-0.4438900	-0.5862300	0.9674500	-0.4526800	-0.6007600	0.8831500	-0.1699700	-0.6368100	0.8803500	-0.0376900	-0.6146800	0.5043600	-0.0479900	-0.6445700	0.1191900	-0.0428600	-0.6310000	0.8773800	-0.3066600	-0.6629700	0.4862900	-0.2992500	-0.6770000	0.1087000	-0.3074100	-0.5059200	0.0391800	-0.3263400	-0.5125700	0.0523400	-0.3728000	-0.6978300	0.0646500	-0.2913600	-0.5055400	0.0392000	-0.0291600	-0.5249500	0.0564400	0.0265700	-0.7247700	0.0628000	-0.0734700
593	9.8666667	-0.5540300	1.4664000	-0.1775800	-0.5603100	1.4654300	-0.0016600	-0.6403400	1.1917200	0.0803100	-0.5875800	0.9457000	0.1354000	-0.5362700	1.4748600	-0.3585300	-0.6315200	1.2111700	-0.4437600	-0.5863500	0.9672000	-0.4525300	-0.6014100	0.8880200	-0.1699500	-0.6356300	0.8849800	-0.0375200	-0.6345400	0.4928800	-0.0430400	-0.6446500	0.1191000	-0.0426200	-0.6106300	0.8803700	-0.3101200	-0.6644400	0.4909000	-0.2993200	-0.6767900	0.1091700	-0.3074200	-0.5049900	0.0391000	-0.3260000	-0.5123400	0.0525100	-0.3727500	-0.6962600	0.0655400	-0.2912700	-0.5061700	0.0391200	-0.0291300	-0.5253100	0.0563300	0.0266200	-0.7253800	0.0628700	-0.0732200
594	9.8833333	-0.5547200	1.4716100	-0.1780000	-0.5612600	1.4654800	-0.0016400	-0.6408600	1.1913700	0.0807500	-0.5890200	0.9466000	0.1353300	-0.5347800	1.4748400	-0.3585400	-0.6304900	1.2115800	-0.4438300	-0.5864100	0.9673900	-0.4527900	-0.6005100	0.8884200	-0.1701700	-0.6188200	0.8872900	-0.0429400	-0.6338900	0.4937200	-0.0432000	-0.6443500	0.1131600	-0.0432500	-0.6119600	0.8799300	-0.3102500	-0.6630600	0.4862800	-0.2992800	-0.6771700	0.1086000	-0.3074500	-0.5057300	0.0393100	-0.3263200	-0.5124400	0.0524200	-0.3728000	-0.6979200	0.0646000	-0.2913800	-0.5055900	0.0391900	-0.0291800	-0.5248300	0.0564200	0.0266000	-0.6996100	0.0726000	-0.0672300
595	9.9000000	-0.5549800	1.4711500	-0.1779200	-0.5605500	1.4655800	-0.0016600	-0.6403900	1.1918600	0.0803600	-0.5875500	0.9457900	0.1354100	-0.5362000	1.4750100	-0.3584300	-0.6125900	1.2116900	-0.4462500	-0.5676500	0.9739400	-0.4551200	-0.6012200	0.8881200	-0.1699900	-0.6177200	0.8871400	-0.0425500	-0.6346300	0.4929200	-0.0430100	-0.6443100	0.1131600	-0.0430700	-0.6106300	0.8804600	-0.3101900	-0.6639000	0.4854400	-0.2989200	-0.6769700	0.1091000	-0.3074800	-0.5048600	0.0392100	-0.3260000	-0.5121900	0.0526100	-0.3727400	-0.6964600	0.0655000	-0.2913100	-0.5061400	0.0391300	-0.0291300	-0.5251000	0.0563800	0.0266600	-0.7000700	0.0727400	-0.0670500
596	9.9166667	-0.5711900	1.4729600	-0.1740500	-0.5614400	1.4655300	-0.0015600	-0.6403000	1.1960200	0.0807000	-0.5890500	0.9467500	0.1354000	-0.5351000	1.4749800	-0.3584800	-0.6124400	1.2166900	-0.4465000	-0.5671800	0.9741700	-0.4554000	-0.6006200	0.8885300	-0.1702500	-0.6189300	0.8874000	-0.0430000	-0.6341100	0.4939600	-0.0431600	-0.6441800	0.1132800	-0.0432300	-0.6123900	0.8851000	-0.3102700	-0.6628200	0.4862400	-0.2990900	-0.6770300	0.1086800	-0.3074300	-0.5057400	0.0393200	-0.3262900	-0.5124600	0.0524300	-0.3727800	-0.6960500	0.0647700	-0.2900600	-0.5054800	0.0392800	-0.0291700	-0.5246900	0.0565200	0.0266100	-0.6994700	0.0726600	-0.0672000
597	9.9333333	-0.5715500	1.4724600	-0.1739200	-0.5405600	1.4638700	0.0033000	-0.6400000	1.1965900	0.0804900	-0.5875900	0.9459800	0.1354600	-0.5365600	1.4751200	-0.3584600	-0.6128500	1.2164200	-0.4464500	-0.5669900	0.9739200	-0.4551800	-0.6224500	0.8803100	-0.1762600	-0.6179400	0.8871800	-0.0425700	-0.6159500	0.5086300	-0.0482800	-0.6442200	0.1131900	-0.0430800	-0.6107500	0.8804300	-0.3103600	-0.6636200	0.4854800	-0.2987300	-0.6767800	0.1091900	-0.3074400	-0.5049200	0.0392200	-0.3259500	-0.5122500	0.0525900	-0.3727100	-0.6952000	0.0714400	-0.2905200	-0.5060700	0.0392400	-0.0291300	-0.5250800	0.0564400	0.0266500	-0.7000100	0.0727100	-0.0670500
598	9.9500000	-0.5712600	1.4728500	-0.1739500	-0.5412700	1.4637700	0.0034500	-0.6406300	1.1961700	0.0809200	-0.5889900	0.9468700	0.1354100	-0.5351600	1.4749900	-0.3585200	-0.6122500	1.2167600	-0.4466400	-0.5669200	0.9741300	-0.4554800	-0.6217900	0.8858000	-0.1767000	-0.6191100	0.8872900	-0.0430200	-0.6153200	0.5095200	-0.0485000	-0.6442400	0.1132600	-0.0432300	-0.6118700	0.8800100	-0.3105400	-0.6629800	0.4862500	-0.2989700	-0.6770200	0.1087100	-0.3073900	-0.5045600	0.0343100	-0.3256200	-0.5123000	0.0525000	-0.3727700	-0.6964400	0.0706800	-0.2905700	-0.5054800	0.0392800	-0.0292000	-0.5246400	0.0565100	0.0266000	-0.6996300	0.0725400	-0.0671600
599	9.9666667	-0.5715800	1.4724200	-0.1738400	-0.5405400	1.4638100	0.0034700	-0.6344700	1.1968600	0.0905400	-0.5879100	0.9559000	0.1351500	-0.5365000	1.4751000	-0.3584500	-0.6128300	1.2166200	-0.4464900	-0.5666700	0.9741400	-0.4552300	-0.6224700	0.8803000	-0.1763600	-0.6181000	0.8871400	-0.0426600	-0.6162400	0.5085300	-0.0482500	-0.6444200	0.1131100	-0.0430500	-0.6105800	0.8804500	-0.3104100	-0.6419800	0.4910800	-0.2912000	-0.6768500	0.1091800	-0.3073900	-0.5045500	0.0393500	-0.3258800	-0.5119800	0.0527000	-0.3726600	-0.6953800	0.0713700	-0.2905200	-0.5085000	0.0432600	-0.0297700	-0.5251200	0.0564100	0.0266400	-0.7002200	0.0726100	-0.0669900
600	9.9833333	-0.5712100	1.4728500	-0.1739700	-0.5412000	1.4638100	0.0034500	-0.6405500	1.1963800	0.0809800	-0.5893800	0.9522300	0.1353200	-0.5352200	1.4749600	-0.3585500	-0.6123100	1.2167600	-0.4466100	-0.5479800	0.9759100	-0.4580300	-0.6216800	0.8806100	-0.1764500	-0.6189200	0.8826000	-0.0428300	-0.6333400	0.4997600	-0.0428500	-0.6442500	0.1132800	-0.0432100	-0.6119100	0.8799200	-0.3103700	-0.6410500	0.4917700	-0.2914300	-0.6770300	0.1087200	-0.3073500	-0.5053200	0.0394900	-0.3261900	-0.4930600	0.0607500	-0.3652100	-0.6965500	0.0706400	-0.2905700	-0.5079800	0.0432800	-0.0298000	-0.5247300	0.0565000	0.0265900	-0.6995600	0.0726000	-0.0671600
601	10.0000000	-0.5716100	1.4724100	-0.1738600	-0.5404800	1.4637900	0.0034300	-0.6401800	1.1968100	0.0805400	-0.5878900	0.9514400	0.1353600	-0.5365400	1.4750800	-0.3585000	-0.6125800	1.2166700	-0.4464400	-0.5475100	0.9759300	-0.4578400	-0.6015700	0.8827500	-0.1698700	-0.6180100	0.8823000	-0.0423800	-0.6343900	0.4987200	-0.0425700	-0.6443100	0.1132300	-0.0430700	-0.6300800	0.8778100	-0.3067000	-0.6417500	0.4909800	-0.2911900	-0.6768000	0.1092100	-0.3073700	-0.5046000	0.0393600	-0.3259100	-0.4928700	0.0609200	-0.3651700	-0.6963800	0.0656400	-0.2912400	-0.5085600	0.0432000	-0.0297500	-0.5252300	0.0563800	0.0266700	-0.6999200	0.0728100	-0.0670600
602	10.0166667	-0.5711800	1.4727400	-0.1739700	-0.5411500	1.4637200	0.0034800	-0.6178100	1.1965700	0.0854300	-0.5890600	0.9522100	0.1352900	-0.5350400	1.4748800	-0.3586300	-0.6122400	1.2167600	-0.4466500	-0.5474000	0.9761000	-0.4581900	-0.6007400	0.8831400	-0.1699700	-0.6187800	0.8825200	-0.0426500	-0.6337700	0.4996000	-0.0427000	-0.6443000	0.1133300	-0.0432400	-0.6313000	0.8774100	-0.3067800	-0.6412200	0.4916300	-0.2915400	-0.6768400	0.1087600	-0.3073500	-0.5053400	0.0394900	-0.3262200	-0.5121000	0.0525700	-0.3727300	-0.6962300	0.0707600	-0.2905400	-0.5079700	0.0432900	-0.0298100	-0.5075200	0.0636000	0.0212500	-0.6995900	0.0726900	-0.0672100
603	10.0333333	-0.5715000	1.4723400	-0.1738900	-0.5404100	1.4637100	0.0034400	-0.6176500	1.1924800	0.0850700	-0.5876400	0.9513900	0.1352500	-0.5361900	1.4749800	-0.3585800	-0.6127400	1.2166000	-0.4464700	-0.5472200	0.9760900	-0.4579100	-0.6011400	0.8827700	-0.1697900	-0.6175600	0.8823300	-0.0423300	-0.6342500	0.4987600	-0.0425900	-0.6443800	0.1131800	-0.0431100	-0.6298100	0.8777900	-0.3066200	-0.6634300	0.4852800	-0.2986400	-0.6765700	0.1092500	-0.3073700	-0.5047500	0.0392700	-0.3259300	-0.5120200	0.0526600	-0.3726700	-0.6960200	0.0657000	-0.2912100	-0.5085200	0.0432700	-0.0297700	-0.5079800	0.0635000	0.0213300	-0.7000200	0.0727200	-0.0671100
604	10.0500000	-0.5710100	1.4726800	-0.1739400	-0.5409700	1.4636400	0.0034600	-0.6176600	1.1919200	0.0853800	-0.5883600	0.9468700	0.1352300	-0.5348700	1.4748500	-0.3585700	-0.6121700	1.2168200	-0.4465100	-0.5473300	0.9760000	-0.4582300	-0.6003800	0.8830800	-0.1699000	-0.6183900	0.8824600	-0.0426900	-0.6565200	0.4936600	-0.0484200	-0.6443600	0.1132900	-0.0432600	-0.6309100	0.8773400	-0.3065800	-0.6628800	0.4859700	-0.2989400	-0.6767700	0.1087800	-0.3073400	-0.5054500	0.0394400	-0.3262000	-0.4930600	0.0607500	-0.3652100	-0.6961000	0.0708000	-0.2905300	-0.5080400	0.0432800	-0.0298000	-0.5076000	0.0636100	0.0212500	-0.6996500	0.0726400	-0.0672200
605	10.0666667	-0.5714100	1.4723500	-0.1738600	-0.5402400	1.4636800	0.0034200	-0.6171900	1.1924000	0.0849300	-0.5707500	0.9476800	0.1295900	-0.5362400	1.4749800	-0.3584800	-0.6124500	1.2215000	-0.4460600	-0.5657400	0.9740500	-0.4657400	-0.6010000	0.8827500	-0.1698100	-0.6173600	0.8823100	-0.0423500	-0.6569900	0.4928200	-0.0482700	-0.6444200	0.1132100	-0.0431100	-0.6297100	0.8777600	-0.3066200	-0.6635100	0.4853600	-0.2986800	-0.6765600	0.1092900	-0.3073700	-0.5049300	0.0392200	-0.3259500	-0.5121700	0.0526100	-0.3726600	-0.6960500	0.0657200	-0.2912200	-0.5085000	0.0432600	-0.0297500	-0.5251900	0.0564800	0.0266600	-0.7000600	0.0727700	-0.0671000
606	10.0833333	-0.5710900	1.4727600	-0.1738700	-0.5408100	1.4637400	0.0034400	-0.6401300	1.1915200	0.0808500	-0.5719500	0.9483600	0.1295400	-0.5522700	1.4763100	-0.3554500	-0.6121000	1.2217400	-0.4461800	-0.5471100	0.9759600	-0.4581600	-0.6002400	0.8830800	-0.1698800	-0.6182600	0.8824600	-0.0426400	-0.6345800	0.4937500	-0.0430700	-0.6444300	0.1132500	-0.0432600	-0.6118600	0.8796600	-0.3101200	-0.6629200	0.4860100	-0.2989800	-0.6769300	0.1087800	-0.3073700	-0.5055300	0.0394500	-0.3261700	-0.5123100	0.0525500	-0.3727100	-0.6964400	0.0707800	-0.2906000	-0.5083100	0.0431400	-0.0297900	-0.5249300	0.0565300	0.0265800	-0.6997900	0.0725500	-0.0672400
607	10.1000000	-0.5716500	1.4724400	-0.1737700	-0.5400600	1.4636800	0.0034100	-0.6172400	1.1924000	0.0849700	-0.5707300	0.9477100	0.1295500	-0.5538900	1.4765100	-0.3553700	-0.6125300	1.2215600	-0.4459800	-0.5288300	0.9774800	-0.4603400	-0.6009000	0.8826700	-0.1697800	-0.6172900	0.8822200	-0.0423100	-0.6347400	0.4928100	-0.0429200	-0.6444900	0.1131600	-0.0431500	-0.6297000	0.8725200	-0.3065400	-0.6634300	0.4853300	-0.2986900	-0.6767600	0.1092300	-0.3074000	-0.5049900	0.0392400	-0.3259500	-0.5122500	0.0526600	-0.3726800	-0.6954600	0.0714500	-0.2905400	-0.5086700	0.0431900	-0.0297500	-0.5253700	0.0564100	0.0266700	-0.7001900	0.0727300	-0.0671700
608	10.1166667	-0.5711800	1.4727800	-0.1738300	-0.5407000	1.4637000	0.0034300	-0.6170900	1.1919800	0.0853600	-0.5718500	0.9484300	0.1294700	-0.5526700	1.4764200	-0.3553700	-0.6113000	1.2218900	-0.4357800	-0.5287800	0.9776200	-0.4606600	-0.6002400	0.8829800	-0.1698800	-0.6180600	0.8823500	-0.0426700	-0.6342500	0.4936400	-0.0430600	-0.6443400	0.1133200	-0.0432800	-0.6309500	0.8720900	-0.3065100	-0.6629900	0.4859300	-0.2989800	-0.6769600	0.1087500	-0.3073700	-0.5055600	0.0394500	-0.3262000	-0.5123000	0.0525800	-0.3727300	-0.6964300	0.0707700	-0.2906000	-0.5057800	0.0391700	-0.0291900	-0.5248600	0.0565700	0.0265700	-0.6997200	0.0726300	-0.0672700
609	10.1333333	-0.5717100	1.4725400	-0.1737300	-0.5401600	1.4637900	0.0034000	-0.6169400	1.1924500	0.0850100	-0.5706600	0.9477400	0.1294500	-0.5540300	1.4765900	-0.3552700	-0.6118000	1.2218200	-0.4355500	-0.5287400	0.9775300	-0.4603300	-0.6008000	0.8826800	-0.1698100	-0.6171000	0.8822300	-0.0423900	-0.6348000	0.4927400	-0.0429000	-0.6444100	0.1131800	-0.0431600	-0.6296500	0.8725200	-0.3065300	-0.6633700	0.4853500	-0.2987100	-0.6767800	0.1092100	-0.3073900	-0.5049200	0.0392900	-0.3259500	-0.5122200	0.0526800	-0.3726700	-0.6955400	0.0714200	-0.2905500	-0.5062400	0.0391600	-0.0291700	-0.5253500	0.0564100	0.0266600	-0.7000700	0.0727400	-0.0671900
610	10.1500000	-0.5712400	1.4727800	-0.1737900	-0.5407000	1.4637500	0.0034800	-0.6169800	1.1919600	0.0854200	-0.5717100	0.9484100	0.1294300	-0.5528200	1.4764300	-0.3553500	-0.6114200	1.2220000	-0.4357000	-0.5470100	0.9761400	-0.4582200	-0.6003000	0.8829400	-0.1698300	-0.6181600	0.8823000	-0.0426200	-0.6344400	0.4934800	-0.0430700	-0.6443600	0.1132700	-0.0432600	-0.6308500	0.8720600	-0.3064300	-0.6630200	0.4858700	-0.2989800	-0.6769300	0.1087000	-0.3073700	-0.5054400	0.0394600	-0.3262100	-0.5121300	0.0526300	-0.3727100	-0.6975600	0.0647700	-0.2913900	-0.5083600	0.0431300	-0.0297900	-0.5229300	0.0634100	0.0270200	-0.6996300	0.0726000	-0.0672200
611	10.1666667	-0.5716000	1.4725500	-0.1737300	-0.5400400	1.4638100	0.0034100	-0.6170800	1.1925100	0.0850200	-0.5707800	0.9477100	0.1294800	-0.5539400	1.4765400	-0.3552900	-0.6118200	1.2219100	-0.4355200	-0.5470300	0.9760000	-0.4578000	-0.6006800	0.8827100	-0.1697700	-0.6171200	0.8822400	-0.0423600	-0.6348500	0.4927800	-0.0429600	-0.6443700	0.1131700	-0.0431300	-0.6294400	0.8725200	-0.3064600	-0.6632900	0.4853200	-0.2986900	-0.6767400	0.1092000	-0.3073900	-0.5047200	0.0393400	-0.3259400	-0.4928700	0.0609300	-0.3651600	-0.6965500	0.0654500	-0.2913100	-0.5086900	0.0431800	-0.0297700	-0.5233800	0.0632700	0.0271400	-0.6999500	0.0727100	-0.0671300
612	10.1833333	-0.5710600	1.4727800	-0.1738300	-0.5405100	1.4637600	0.0034500	-0.6165400	1.1966100	0.0852500	-0.5716800	0.9484000	0.1294700	-0.5527700	1.4764200	-0.3553700	-0.6113700	1.2219700	-0.4357100	-0.5472600	0.9761000	-0.4581200	-0.6002400	0.8829400	-0.1698600	-0.6179600	0.8823300	-0.0426300	-0.6345200	0.4934900	-0.0430700	-0.6443400	0.1132900	-0.0432700	-0.6309200	0.8720700	-0.3065000	-0.6631100	0.4858200	-0.2989800	-0.6769400	0.1086900	-0.3073600	-0.5052900	0.0395300	-0.3261500	-0.4929300	0.0608600	-0.3651800	-0.6964400	0.0706800	-0.2906400	-0.5083700	0.0431500	-0.0297700	-0.5249700	0.0565300	0.0265700	-0.6995900	0.0725900	-0.0672300
613	10.2000000	-0.5715000	1.4725700	-0.1737200	-0.5398400	1.4638700	0.0034200	-0.6171300	1.1970900	0.0848900	-0.5707800	0.9477100	0.1294900	-0.5537200	1.4764900	-0.3552700	-0.6120100	1.2218000	-0.4356200	-0.5471000	0.9760000	-0.4577600	-0.6007000	0.8826900	-0.1697800	-0.6169600	0.8822700	-0.0423600	-0.6351700	0.4927100	-0.0428400	-0.6443800	0.1131700	-0.0431900	-0.6296500	0.8724300	-0.3065300	-0.6631600	0.4854400	-0.2987600	-0.6769000	0.1091800	-0.3073500	-0.5045600	0.0394400	-0.3259600	-0.4928300	0.0609800	-0.3651600	-0.6969200	0.0653700	-0.2912600	-0.5064600	0.0390800	-0.0291100	-0.5256200	0.0563200	0.0267000	-0.6998300	0.0727600	-0.0672300
614	10.2166667	-0.5709500	1.4728000	-0.1738000	-0.5403600	1.4638700	0.0034500	-0.6170000	1.1966100	0.0852000	-0.5717200	0.9483000	0.1294500	-0.5526500	1.4763900	-0.3553000	-0.6116600	1.2219400	-0.4357500	-0.5473300	0.9760400	-0.4580600	-0.6001400	0.8829600	-0.1698200	-0.6178500	0.8823300	-0.0426200	-0.6348400	0.4934300	-0.0429800	-0.6443800	0.1132600	-0.0432800	-0.6306000	0.8721000	-0.3064400	-0.6628600	0.4859200	-0.2989700	-0.6770900	0.1086700	-0.3073400	-0.4855200	0.0482800	-0.3188100	-0.4928900	0.0609200	-0.3651600	-0.6978800	0.0646800	-0.2913800	-0.5086000	0.0430600	-0.0297100	-0.5230900	0.0633700	0.0270700	-0.6995800	0.0725900	-0.0672800
615	10.2333333	-0.5713600	1.4726000	-0.1737000	-0.5407300	1.4687300	0.0030600	-0.6172000	1.1970600	0.0848800	-0.5709200	0.9476800	0.1294800	-0.5536200	1.4764800	-0.3552200	-0.6120800	1.2218100	-0.4355900	-0.5473100	0.9759400	-0.4576100	-0.6005300	0.8827300	-0.1697700	-0.6169300	0.8822700	-0.0423500	-0.6352500	0.4927600	-0.0428500	-0.6444900	0.1131100	-0.0431700	-0.6087500	0.8751700	-0.2992300	-0.6412000	0.4911700	-0.2912100	-0.6768900	0.1091800	-0.3073600	-0.4849300	0.0481000	-0.3185800	-0.4928500	0.0609700	-0.3651300	-0.6970500	0.0652900	-0.2913100	-0.5064400	0.0391200	-0.0291100	-0.5236100	0.0631900	0.0271800	-0.6999700	0.0727100	-0.0672100
616	10.2500000	-0.5709100	1.4728300	-0.1737800	-0.5413300	1.4687600	0.0030800	-0.6170400	1.1966100	0.0852700	-0.5717300	0.9482900	0.1294700	-0.5526500	1.4764000	-0.3552700	-0.6117000	1.2220400	-0.4356900	-0.5475000	0.9762000	-0.4579800	-0.6000700	0.8829800	-0.1698200	-0.6177600	0.8823200	-0.0426300	-0.6348900	0.4934200	-0.0429600	-0.6443900	0.1132600	-0.0432800	-0.5912800	0.8822700	-0.3028000	-0.6410700	0.4916100	-0.2914800	-0.6770900	0.1086600	-0.3073500	-0.4854100	0.0483300	-0.3187700	-0.4928800	0.0609300	-0.3651500	-0.6979300	0.0646600	-0.2914100	-0.5061300	0.0390900	-0.0291400	-0.5230000	0.0634100	0.0270300	-0.6995800	0.0726000	-0.0672800
617	10.2666667	-0.5714800	1.4726100	-0.1736600	-0.5407800	1.4687700	0.0030900	-0.6173900	1.1970600	0.0849800	-0.5709700	0.9476800	0.1295000	-0.5537500	1.4764800	-0.3552200	-0.6121300	1.2218400	-0.4355700	-0.5473800	0.9759100	-0.4575100	-0.6004500	0.8826900	-0.1697500	-0.6166800	0.8767900	-0.0423800	-0.6351300	0.4927100	-0.0428500	-0.6443700	0.1131700	-0.0431900	-0.5899400	0.8825700	-0.3028400	-0.6410200	0.4912400	-0.2911800	-0.6768900	0.1091700	-0.3073500	-0.4850000	0.0480500	-0.3185700	-0.4928800	0.0609400	-0.3651200	-0.6970200	0.0652700	-0.2913200	-0.5063300	0.0391100	-0.0291300	-0.5235300	0.0631600	0.0271800	-0.6998700	0.0728000	-0.0672400
618	10.2833333	-0.5709000	1.4728200	-0.1737100	-0.5414000	1.4688000	0.0031300	-0.6164200	1.1966700	0.0854400	-0.5715700	0.9483400	0.1294800	-0.5525800	1.4764100	-0.3551700	-0.6117400	1.2219200	-0.4356700	-0.5659400	0.9742700	-0.4553100	-0.5999700	0.8829200	-0.1697700	-0.6175100	0.8768200	-0.0426300	-0.6344800	0.4934500	-0.0429800	-0.6443000	0.1132400	-0.0432900	-0.5909700	0.8822600	-0.3027500	-0.6411800	0.4916300	-0.2915200	-0.6771300	0.1085700	-0.3073500	-0.5053600	0.0394600	-0.3261900	-0.5121900	0.0525700	-0.3727000	-0.6977700	0.0646400	-0.2913800	-0.5056700	0.0391600	-0.0290800	-0.5246700	0.0565200	0.0265800	-0.6995500	0.0725600	-0.0672800
619	10.3000000	-0.5712400	1.4726100	-0.1735700	-0.5408100	1.4687600	0.0031300	-0.6174100	1.1925300	0.0852100	-0.5708400	0.9477900	0.1295000	-0.5533900	1.4764900	-0.3551000	-0.6117200	1.2217500	-0.4354400	-0.5657100	0.9741300	-0.4548000	-0.6004200	0.8827100	-0.1697600	-0.6167800	0.8767900	-0.0423900	-0.6347000	0.4927400	-0.0428900	-0.6443500	0.1131400	-0.0432200	-0.5897600	0.8826100	-0.3028300	-0.6412200	0.4912500	-0.2912500	-0.6769000	0.1091300	-0.3073400	-0.5050100	0.0391800	-0.3260400	-0.5122600	0.0525800	-0.3727100	-0.6968500	0.0653200	-0.2912400	-0.5060100	0.0391500	-0.0290700	-0.5253900	0.0562400	0.0267300	-0.6998700	0.0727300	-0.0672800
620	10.3166667	-0.5707900	1.4727900	-0.1736600	-0.5413500	1.4687800	0.0031800	-0.6170700	1.1920900	0.0855200	-0.5715300	0.9483300	0.1294800	-0.5526100	1.4764300	-0.3551500	-0.6113700	1.2218300	-0.4356000	-0.5659800	0.9741300	-0.4551800	-0.5999600	0.8829400	-0.1697800	-0.6175300	0.8768100	-0.0426200	-0.6334000	0.4883600	-0.0426000	-0.6443000	0.1132400	-0.0433000	-0.5907700	0.8823100	-0.3027800	-0.6412700	0.4915900	-0.2915100	-0.6770900	0.1085800	-0.3073300	-0.5053900	0.0394600	-0.3262000	-0.5122600	0.0525600	-0.3727200	-0.6976800	0.0647100	-0.2913500	-0.5058300	0.0390800	-0.0290900	-0.5247500	0.0564900	0.0265700	-0.6995400	0.0725900	-0.0672900
621	10.3333333	-0.5713000	1.4726500	-0.1735800	-0.5408800	1.4687900	0.0031400	-0.6181500	1.1975100	0.0849700	-0.5708600	0.9477700	0.1294900	-0.5535300	1.4765300	-0.3551300	-0.6117000	1.2216600	-0.4354600	-0.5658000	0.9741500	-0.4547300	-0.6003000	0.8828000	-0.1697600	-0.6167800	0.8822900	-0.0423700	-0.6343700	0.4928500	-0.0429000	-0.6443700	0.1131300	-0.0432200	-0.5897500	0.8826800	-0.3028300	-0.6410500	0.4913100	-0.2912200	-0.6768500	0.1091500	-0.3073400	-0.5049800	0.0391900	-0.3260300	-0.5122600	0.0525900	-0.3727000	-0.6969400	0.0652600	-0.2912700	-0.5060800	0.0391200	-0.0290700	-0.5254600	0.0562300	0.0267500	-0.6999000	0.0727300	-0.0672900
622	10.3500000	-0.5708700	1.4727800	-0.1736500	-0.5414600	1.4687900	0.0031800	-0.6176100	1.1971200	0.0852800	-0.5714000	0.9483300	0.1294600	-0.5527200	1.4764600	-0.3551500	-0.6113000	1.2217800	-0.4356100	-0.5660700	0.9741800	-0.4551800	-0.5999000	0.8830400	-0.1697600	-0.6176100	0.8823200	-0.0425700	-0.6330400	0.4885300	-0.0426200	-0.6443200	0.1132300	-0.0432700	-0.5907500	0.8824100	-0.3027600	-0.6411900	0.4916500	-0.2914900	-0.6771100	0.1085500	-0.3073300	-0.5053000	0.0394900	-0.3261900	-0.5122200	0.0525800	-0.3727200	-0.6977500	0.0646600	-0.2913700	-0.5058300	0.0391200	-0.0291000	-0.5247200	0.0565500	0.0265600	-0.6996200	0.0725900	-0.0672500
623	10.3666667	-0.5713800	1.4726700	-0.1735700	-0.5410000	1.4688000	0.0031200	-0.6175800	1.1925000	0.0851300	-0.5708600	0.9477600	0.1294700	-0.5535400	1.4765500	-0.3551000	-0.6115700	1.2217200	-0.4354600	-0.5658900	0.9741300	-0.4546700	-0.6001200	0.8828900	-0.1697600	-0.6167300	0.8823500	-0.0423900	-0.6333100	0.4878900	-0.0425200	-0.6443500	0.1131300	-0.0431900	-0.5894200	0.8827700	-0.3028200	-0.6409600	0.4913600	-0.2912200	-0.6769200	0.1091000	-0.3073400	-0.5050200	0.0391700	-0.3260700	-0.5123400	0.0525500	-0.3727300	-0.6970300	0.0651900	-0.2912800	-0.5060700	0.0391400	-0.0291000	-0.5254600	0.0562300	0.0267500	-0.6998900	0.0727300	-0.0672400
624	10.3833333	-0.5709800	1.4727700	-0.1736600	-0.5415100	1.4688200	0.0031400	-0.6166300	1.1966600	0.0853300	-0.5714200	0.9482900	0.1294600	-0.5528200	1.4764800	-0.3551100	-0.6112900	1.2218900	-0.4355900	-0.5661800	0.9741600	-0.4551300	-0.5997500	0.8831400	-0.1697300	-0.6174300	0.8824000	-0.0425700	-0.6329400	0.4885300	-0.0426000	-0.6442800	0.1132300	-0.0432600	-0.5905300	0.8825400	-0.3027100	-0.6411900	0.4916900	-0.2915000	-0.6771200	0.1085300	-0.3073500	-0.5053200	0.0395000	-0.3261800	-0.5122400	0.0525900	-0.3727200	-0.6977800	0.0646300	-0.2914200	-0.5058700	0.0390800	-0.0291100	-0.5247100	0.0565100	0.0265600	-0.6995500	0.0725800	-0.0672300
625	10.4000000	-0.5715000	1.4727200	-0.1735600	-0.5410100	1.4688900	0.0031000	-0.6181800	1.2022500	0.0847900	-0.5710500	0.9524200	0.1292900	-0.5535700	1.4765700	-0.3550800	-0.6114000	1.2219000	-0.4355000	-0.5660000	0.9742500	-0.4545800	-0.6000200	0.8830500	-0.1697100	-0.6167700	0.8824900	-0.0423300	-0.6331600	0.4878400	-0.0425300	-0.6443900	0.1129700	-0.0431800	-0.5896900	0.8879900	-0.3026900	-0.6409400	0.4914500	-0.2911700	-0.6768200	0.1091000	-0.3073400	-0.5050700	0.0391400	-0.3260400	-0.5122700	0.0525700	-0.3727100	-0.6969600	0.0651300	-0.2912800	-0.5056400	0.0393300	-0.0292100	-0.5080700	0.0633000	0.0213800	-0.7007600	0.0670900	-0.0666000
626	10.4166667	-0.5711200	1.4728500	-0.1736800	-0.5416000	1.4689600	0.0031300	-0.6174300	1.2018600	0.0849700	-0.5715500	0.9529200	0.1292800	-0.5529400	1.4765200	-0.3551400	-0.6110900	1.2220700	-0.4356300	-0.5662700	0.9743200	-0.4550500	-0.5995700	0.8832800	-0.1696400	-0.6173800	0.8825200	-0.0424700	-0.6327200	0.4884700	-0.0425800	-0.6443500	0.1131100	-0.0432500	-0.5905800	0.8877900	-0.3025300	-0.6412100	0.4917100	-0.2914500	-0.6771200	0.1085400	-0.3073400	-0.5055300	0.0394100	-0.3261600	-0.5123400	0.0525700	-0.3727300	-0.6977200	0.0646200	-0.2913700	-0.5055200	0.0392000	-0.0292500	-0.5073200	0.0635700	0.0211500	-0.7006400	0.0670300	-0.0666000
627	10.4333333	-0.5715000	1.4727600	-0.1735500	-0.5410900	1.4689600	0.0031100	-0.6406600	1.2019500	0.0802300	-0.5712800	0.9479700	0.1294900	-0.5534100	1.4765800	-0.3550700	-0.6114000	1.2218800	-0.4354900	-0.5659600	0.9742900	-0.4545600	-0.5997200	0.8831600	-0.1696600	-0.6164000	0.8826300	-0.0423000	-0.6329300	0.4879400	-0.0424700	-0.6444000	0.1129800	-0.0431900	-0.5894100	0.8880700	-0.3026200	-0.6408000	0.4915400	-0.2911300	-0.6768900	0.1091000	-0.3073400	-0.5051800	0.0391000	-0.3260400	-0.5124000	0.0525200	-0.3727300	-0.6971600	0.0650400	-0.2913100	-0.5057000	0.0392400	-0.0292400	-0.5081500	0.0632100	0.0213500	-0.7009100	0.0671800	-0.0666200
628	10.4500000	-0.5709600	1.4728300	-0.1736100	-0.5415300	1.4689600	0.0031800	-0.6393400	1.1964200	0.0807000	-0.5716600	0.9483600	0.1294400	-0.5527500	1.4765100	-0.3550700	-0.6111500	1.2218600	-0.4356100	-0.5661100	0.9743200	-0.4550300	-0.5991100	0.8833800	-0.1695700	-0.5953200	0.8853500	-0.0370500	-0.6327200	0.4884800	-0.0425500	-0.6443400	0.1130900	-0.0432500	-0.5899000	0.8879300	-0.3024400	-0.6410700	0.4918100	-0.2913800	-0.6771500	0.1085000	-0.3073500	-0.5054700	0.0393800	-0.3261700	-0.5123200	0.0525300	-0.3727300	-0.6978600	0.0645100	-0.2914200	-0.5055100	0.0392100	-0.0292400	-0.5073200	0.0635800	0.0211400	-0.7006600	0.0670200	-0.0666000
629	10.4666667	-0.5713900	1.4727900	-0.1735000	-0.5409700	1.4690000	0.0031400	-0.6400300	1.1968600	0.0804400	-0.5712200	0.9478600	0.1293900	-0.5534000	1.4765700	-0.3550100	-0.6113500	1.2218300	-0.4354600	-0.5657400	0.9743500	-0.4545100	-0.5787300	0.8858400	-0.1633800	-0.5945300	0.8854100	-0.0368800	-0.6328400	0.4879300	-0.0425400	-0.6445100	0.1129000	-0.0432300	-0.5887700	0.8881800	-0.3024900	-0.6405100	0.4916600	-0.2910600	-0.6769800	0.1090600	-0.3073500	-0.5053200	0.0390200	-0.3260700	-0.5125200	0.0524600	-0.3727300	-0.6973200	0.0649400	-0.2913300	-0.5056200	0.0392600	-0.0292300	-0.5081700	0.0632100	0.0213400	-0.7010900	0.0671000	-0.0666700
630	10.4833333	-0.5706800	1.4728500	-0.1735600	-0.5411900	1.4690200	0.0032100	-0.6393300	1.1964200	0.0806900	-0.5717200	0.9482500	0.1293300	-0.5535200	1.4810300	-0.3553400	-0.6111400	1.2218500	-0.4356100	-0.5660100	0.9744400	-0.4549900	-0.5782100	0.8859700	-0.1633100	-0.5949200	0.8853200	-0.0370400	-0.6325500	0.4883800	-0.0426300	-0.6444200	0.1130900	-0.0432900	-0.5691600	0.8854300	-0.2952800	-0.6409100	0.4917300	-0.2913400	-0.6783200	0.1022300	-0.3080900	-0.5052800	0.0394400	-0.3261200	-0.5122700	0.0525100	-0.3727100	-0.6980800	0.0643600	-0.2914700	-0.5054600	0.0392200	-0.0291700	-0.5072900	0.0636200	0.0211600	-0.6999900	0.0724100	-0.0672100
631	10.5000000	-0.5710900	1.4728400	-0.1734600	-0.5406600	1.4690100	0.0031500	-0.6400600	1.1968000	0.0803600	-0.5712700	0.9478700	0.1292700	-0.5532900	1.4766000	-0.3549800	-0.6112600	1.2217600	-0.4354600	-0.5656300	0.9744100	-0.4544800	-0.5784800	0.8859000	-0.1633400	-0.5943600	0.8854700	-0.0368700	-0.6326600	0.4879400	-0.0425400	-0.6445200	0.1129600	-0.0432300	-0.5681600	0.8857200	-0.2953500	-0.6402800	0.4916400	-0.2909800	-0.6780100	0.1028600	-0.3080700	-0.5050700	0.0390800	-0.3260200	-0.5123600	0.0524700	-0.3727100	-0.6975700	0.0647900	-0.2914000	-0.5056300	0.0392600	-0.0291600	-0.5082200	0.0632200	0.0214000	-0.7002900	0.0725500	-0.0672600
632	10.5166667	-0.5705900	1.4728800	-0.1735300	-0.5411100	1.4690500	0.0032400	-0.6390100	1.1963800	0.0806300	-0.5715300	0.9482400	0.1292400	-0.5535800	1.4810600	-0.3553100	-0.6110000	1.2217700	-0.4355400	-0.5476200	0.9761900	-0.4472400	-0.5781400	0.8860200	-0.1632800	-0.5948400	0.8853700	-0.0370400	-0.6141000	0.4930400	-0.0477000	-0.6444500	0.1130900	-0.0432600	-0.5689900	0.8855300	-0.2951900	-0.6406900	0.4918000	-0.2912600	-0.6771200	0.1084400	-0.3073300	-0.5052900	0.0394300	-0.3261300	-0.5122700	0.0525100	-0.3727000	-0.6980200	0.0644000	-0.2914700	-0.5056000	0.0391500	-0.0291700	-0.5073600	0.0635800	0.0211600	-0.7000000	0.0724700	-0.0671900
633	10.5333333	-0.5710800	1.4728600	-0.1734200	-0.5408300	1.4690100	0.0032300	-0.6405500	1.1920900	0.0804800	-0.5711700	0.9477900	0.1292000	-0.5539700	1.4810900	-0.3553100	-0.6111600	1.2217600	-0.4354000	-0.5656300	0.9744000	-0.4544500	-0.5783700	0.8858700	-0.1632900	-0.5940800	0.8854800	-0.0368200	-0.6141600	0.4925400	-0.0476400	-0.6445500	0.1129300	-0.0432400	-0.5682400	0.8856500	-0.2952800	-0.6403600	0.4916400	-0.2910300	-0.6769300	0.1090700	-0.3073100	-0.5050900	0.0390800	-0.3260600	-0.5124900	0.0524400	-0.3727400	-0.6975300	0.0648800	-0.2913600	-0.5056300	0.0392000	-0.0291600	-0.5082300	0.0631600	0.0214000	-0.7004100	0.0725300	-0.0672700
634	10.5500000	-0.5700000	1.4771000	-0.1733400	-0.5412300	1.4690500	0.0032500	-0.6388500	1.1963700	0.0806400	-0.5713500	0.9481300	0.1291800	-0.5526300	1.4765800	-0.3550200	-0.6109100	1.2217900	-0.4354900	-0.5476100	0.9761900	-0.4472300	-0.5783100	0.8859200	-0.1632400	-0.5948100	0.8853100	-0.0369600	-0.6140200	0.4929500	-0.0477000	-0.6445500	0.1130200	-0.0432700	-0.5693200	0.8853600	-0.2951700	-0.6407000	0.4917300	-0.2912800	-0.6770600	0.1084700	-0.3073300	-0.5052700	0.0394500	-0.3261200	-0.5122400	0.0525500	-0.3727200	-0.6979800	0.0644700	-0.2915000	-0.5056500	0.0391100	-0.0291400	-0.5245500	0.0565200	0.0264600	-0.7247200	0.0627100	-0.0732900
635	10.5666667	-0.5705200	1.4771300	-0.1732000	-0.5566200	1.4702600	0.0080900	-0.6013300	1.1927400	0.0795500	-0.5710400	0.9478000	0.1291500	-0.5541100	1.4811400	-0.3553800	-0.6109600	1.2217500	-0.4353300	-0.5471800	0.9762000	-0.4467300	-0.5783700	0.8858500	-0.1632800	-0.5940900	0.8854900	-0.0368100	-0.6140000	0.4925900	-0.0476500	-0.6447900	0.1128500	-0.0432600	-0.5682200	0.8855900	-0.2952800	-0.6397100	0.4917500	-0.2908700	-0.6768200	0.1090800	-0.3073200	-0.5051200	0.0390500	-0.3260400	-0.5123400	0.0524800	-0.3727300	-0.6962900	0.0592400	-0.2907700	-0.5055800	0.0392400	-0.0291400	-0.5083700	0.0631300	0.0213900	-0.7253200	0.0627600	-0.0733800
636	10.5833333	-0.5702000	1.4771200	-0.1732900	-0.5571400	1.4703700	0.0081300	-0.6168100	1.1920800	0.0852300	-0.5711900	0.9481300	0.1291400	-0.5538500	1.4811000	-0.3553800	-0.6106900	1.2218500	-0.4354400	-0.5475800	0.9762100	-0.4472400	-0.5781400	0.8860400	-0.1631800	-0.5946800	0.8854600	-0.0369400	-0.6136300	0.4930400	-0.0477700	-0.6446600	0.1129900	-0.0432700	-0.5690000	0.8855300	-0.2950600	-0.6402100	0.4918200	-0.2911800	-0.6770400	0.1083900	-0.3073300	-0.5042200	0.0344300	-0.3254800	-0.5120900	0.0525800	-0.3727100	-0.6967100	0.0588000	-0.2908700	-0.5056100	0.0391000	-0.0291300	-0.5245300	0.0565100	0.0264500	-0.7249500	0.0626800	-0.0732700
637	10.6000000	-0.5715200	1.4729400	-0.1733800	-0.5570600	1.4703200	0.0081600	-0.6181000	1.1923400	0.0850600	-0.5709000	0.9478200	0.1291200	-0.5716900	1.4826000	-0.3524000	-0.6107700	1.2218400	-0.4352800	-0.5470800	0.9762200	-0.4467400	-0.5784900	0.8859000	-0.1631700	-0.5942600	0.8855700	-0.0367100	-0.6136700	0.4927400	-0.0477000	-0.6447200	0.1128800	-0.0432600	-0.5683800	0.8856300	-0.2951400	-0.6400700	0.4861400	-0.2912900	-0.6768700	0.0975200	-0.3073900	-0.5049800	0.0391300	-0.3260400	-0.5124400	0.0524600	-0.3727000	-0.6966300	0.0590600	-0.2907800	-0.5053700	0.0393300	-0.0292100	-0.5081700	0.0632400	0.0213400	-0.7253600	0.0627100	-0.0733600
638	10.6166667	-0.5710200	1.4728800	-0.1734900	-0.5574700	1.4703600	0.0081900	-0.6168600	1.1919700	0.0853000	-0.5710500	0.9480600	0.1291100	-0.5703000	1.4780400	-0.3520400	-0.6106200	1.2219300	-0.4354100	-0.5474400	0.9762200	-0.4472300	-0.5783000	0.8860300	-0.1631100	-0.5947600	0.8854500	-0.0368500	-0.6135700	0.4931200	-0.0477500	-0.6447100	0.1130100	-0.0432800	-0.5692000	0.8855100	-0.2950100	-0.6408200	0.4862200	-0.2916200	-0.6764900	0.1028600	-0.3067600	-0.5050400	0.0395400	-0.3261300	-0.5121900	0.0525600	-0.3727000	-0.6966300	0.0588400	-0.2908400	-0.5055800	0.0391500	-0.0292000	-0.5073400	0.0636200	0.0210700	-0.7250800	0.0626900	-0.0732700
639	10.6333333	-0.5715300	1.4729400	-0.1733800	-0.5572400	1.4703500	0.0081900	-0.6182500	1.1923400	0.0850600	-0.5708600	0.9478000	0.1290900	-0.5706700	1.4780200	-0.3520600	-0.6106500	1.2218200	-0.4352700	-0.5470200	0.9762500	-0.4467000	-0.5783300	0.8859600	-0.1631200	-0.5941000	0.8856500	-0.0366900	-0.6136600	0.4927800	-0.0476800	-0.6446300	0.1128900	-0.0432400	-0.5865200	0.8834500	-0.2914900	-0.6395900	0.4917800	-0.2908800	-0.6781000	0.1028200	-0.3080300	-0.5049600	0.0391100	-0.3260700	-0.5124000	0.0524400	-0.3727100	-0.6978000	0.0646900	-0.2914000	-0.5054800	0.0393000	-0.0292100	-0.5082400	0.0632000	0.0213500	-0.7004900	0.0724800	-0.0672700
640	10.6500000	-0.5711300	1.4729000	-0.1734900	-0.5577600	1.4704300	0.0082400	-0.6169900	1.1920200	0.0852900	-0.5709700	0.9480400	0.1290900	-0.5531300	1.4765800	-0.3550800	-0.6103900	1.2218000	-0.4353600	-0.5475100	0.9762500	-0.4472100	-0.5781100	0.8860700	-0.1629900	-0.5948000	0.8909100	-0.0367600	-0.6134200	0.4931900	-0.0477400	-0.6444300	0.1130400	-0.0432400	-0.5872200	0.8833500	-0.2912500	-0.6193200	0.4918300	-0.2842100	-0.6782500	0.1021100	-0.3080700	-0.5042600	0.0344400	-0.3254800	-0.5122200	0.0525200	-0.3726700	-0.6966700	0.0587600	-0.2908600	-0.5055800	0.0391700	-0.0291800	-0.5072600	0.0636300	0.0210800	-0.6999500	0.0724200	-0.0671300
641	10.6666667	-0.5715100	1.4729900	-0.1733800	-0.5573900	1.4704300	0.0081900	-0.6183600	1.1923400	0.0850700	-0.5708500	0.9478200	0.1290800	-0.5532900	1.4766100	-0.3550600	-0.6105600	1.2217700	-0.4352700	-0.5469700	0.9762700	-0.4466600	-0.5783100	0.8859700	-0.1631500	-0.5940300	0.8856700	-0.0367200	-0.6136300	0.4928200	-0.0476700	-0.6445200	0.1129200	-0.0432400	-0.5865800	0.8834100	-0.2915200	-0.6399800	0.4862000	-0.2912900	-0.6780100	0.1028700	-0.3080100	-0.5050600	0.0390600	-0.3260900	-0.5124300	0.0524200	-0.3727200	-0.6976800	0.0647800	-0.2913700	-0.5054100	0.0393000	-0.0291900	-0.5081900	0.0632000	0.0213700	-0.7003600	0.0724900	-0.0672700
642	10.6833333	-0.5708300	1.4728400	-0.1734300	-0.5575400	1.4703900	0.0082700	-0.6393800	1.1915800	0.0807700	-0.5710600	0.9479800	0.1290400	-0.5529100	1.4765800	-0.3550200	-0.6099300	1.2170400	-0.4352500	-0.5472800	0.9762100	-0.4471500	-0.5778500	0.8860600	-0.1629800	-0.5941700	0.8854800	-0.0367500	-0.6132700	0.4931600	-0.0477500	-0.6445000	0.1130600	-0.0432600	-0.5687200	0.8856100	-0.2948400	-0.6195100	0.4917500	-0.2842300	-0.6769100	0.1084600	-0.3072300	-0.5050500	0.0395700	-0.3261300	-0.5122300	0.0526200	-0.3727100	-0.6976900	0.0645900	-0.2913800	-0.5056400	0.0391000	-0.0291800	-0.5072700	0.0635700	0.0210900	-0.7001000	0.0724600	-0.0671700
643	10.7000000	-0.5706400	1.4771500	-0.1730500	-0.5573200	1.4703900	0.0083100	-0.6181700	1.1922500	0.0850200	-0.5549300	0.9494100	0.1234200	-0.5530000	1.4766000	-0.3549700	-0.6101300	1.2170100	-0.4351700	-0.5466300	0.9763300	-0.4465900	-0.5778200	0.8860400	-0.1630600	-0.5935900	0.8857000	-0.0366800	-0.6133100	0.4928800	-0.0476700	-0.6445400	0.1129700	-0.0432900	-0.5481100	0.8882700	-0.2879500	-0.6186200	0.4918400	-0.2839200	-0.6768300	0.1091100	-0.3072300	-0.5050900	0.0390800	-0.3261200	-0.5124400	0.0524900	-0.3727600	-0.6975700	0.0648600	-0.2913100	-0.5055300	0.0391900	-0.0292100	-0.5082800	0.0631000	0.0213700	-0.7250100	0.0627700	-0.0734100
644	10.7166667	-0.5703400	1.4770600	-0.1731200	-0.5576800	1.4704200	0.0083900	-0.6169700	1.1919700	0.0852700	-0.5550200	0.9495800	0.1234400	-0.5701400	1.4780400	-0.3519700	-0.6100100	1.2170700	-0.4352300	-0.5470200	0.9763100	-0.4470800	-0.5778200	0.8860700	-0.1629200	-0.5942400	0.8854700	-0.0367000	-0.6132300	0.4931200	-0.0477100	-0.6444100	0.1130900	-0.0432800	-0.5668100	0.8859900	-0.2841600	-0.6194700	0.4917400	-0.2841700	-0.6781800	0.1021900	-0.3080100	-0.5050500	0.0395400	-0.3261600	-0.5121900	0.0526100	-0.3727300	-0.6978100	0.0645000	-0.2914000	-0.5056600	0.0390500	-0.0291700	-0.5072600	0.0635500	0.0210800	-0.6999700	0.0724600	-0.0672000
645	10.7333333	-0.5707000	1.4771800	-0.1729800	-0.5573500	1.4703900	0.0083700	-0.6182100	1.1922500	0.0850200	-0.5710500	0.9477900	0.1289900	-0.5702900	1.4780400	-0.3519600	-0.6106200	1.2218200	-0.4352300	-0.5464300	0.9763700	-0.4465300	-0.5779200	0.8860000	-0.1630300	-0.5937200	0.8856700	-0.0366400	-0.6132100	0.4928500	-0.0476800	-0.6444900	0.1129900	-0.0433100	-0.5662000	0.8860300	-0.2843400	-0.6185200	0.4917700	-0.2838500	-0.6779300	0.1028900	-0.3079900	-0.5052700	0.0390000	-0.3261600	-0.5125700	0.0524300	-0.3727700	-0.6963100	0.0591500	-0.2906900	-0.5054700	0.0392100	-0.0292100	-0.5082200	0.0631200	0.0213700	-0.7003800	0.0725100	-0.0673600
646	10.7500000	-0.5867100	1.4783900	-0.1691600	-0.5575900	1.4704400	0.0084100	-0.6166900	1.1919700	0.0852300	-0.5710000	0.9479500	0.1290500	-0.5700600	1.4780400	-0.3519200	-0.6106200	1.2218400	-0.4352900	-0.5469500	0.9762500	-0.4470400	-0.5777700	0.8860700	-0.1628700	-0.5941200	0.8854500	-0.0366700	-0.6133200	0.4930500	-0.0477500	-0.6443700	0.1131100	-0.0433200	-0.5667900	0.8860300	-0.2840800	-0.6196600	0.4917400	-0.2842100	-0.6781100	0.1021800	-0.3080200	-0.5053000	0.0394300	-0.3261800	-0.5123700	0.0525400	-0.3727500	-0.6962100	0.0589600	-0.2907100	-0.5056100	0.0391100	-0.0291900	-0.5071600	0.0636300	0.0210500	-0.6999000	0.0724900	-0.0672200
647	10.7666667	-0.5872000	1.4785200	-0.1690200	-0.5573800	1.4703800	0.0083900	-0.6182400	1.1922200	0.0850600	-0.5710400	0.9478500	0.1290000	-0.5702600	1.4780400	-0.3519300	-0.6105700	1.2219500	-0.4351500	-0.5463500	0.9763100	-0.4464700	-0.5777600	0.8860500	-0.1629500	-0.5935300	0.8857000	-0.0365600	-0.6131300	0.4928700	-0.0477300	-0.6443900	0.1130900	-0.0433500	-0.5661800	0.8861000	-0.2842400	-0.6402300	0.4861900	-0.2912800	-0.6766300	0.0976100	-0.3073600	-0.5052000	0.0390000	-0.3261900	-0.5125200	0.0524200	-0.3728200	-0.6962100	0.0591600	-0.2906800	-0.5054900	0.0392500	-0.0292200	-0.5082600	0.0631700	0.0213700	-0.7002200	0.0726400	-0.0674100
648	10.7833333	-0.5868700	1.4783800	-0.1691300	-0.5577200	1.4704200	0.0084600	-0.6166500	1.1920100	0.0852600	-0.5710100	0.9479800	0.1290500	-0.5702700	1.4780700	-0.3519000	-0.6106400	1.2219300	-0.4352400	-0.5468600	0.9762600	-0.4469900	-0.5777500	0.8860600	-0.1628400	-0.5939400	0.8854600	-0.0366200	-0.6131000	0.4931300	-0.0477600	-0.6443200	0.1131600	-0.0433200	-0.5668500	0.8860000	-0.2840800	-0.6412300	0.4860300	-0.2915600	-0.6767400	0.0968800	-0.3074000	-0.5051200	0.0395000	-0.3261700	-0.5122700	0.0525700	-0.3727600	-0.6961900	0.0589100	-0.2907700	-0.5055900	0.0391400	-0.0292000	-0.5070700	0.0636900	0.0210300	-0.6999200	0.0725300	-0.0672000
649	10.8000000	-0.5679500	1.4769200	-0.1631300	-0.5734600	1.4716100	0.0133400	-0.6179800	1.1922700	0.0850400	-0.5548200	0.9495400	0.1234000	-0.5702300	1.4780400	-0.3518700	-0.6107100	1.2219000	-0.4351200	-0.5459900	0.9763700	-0.4464400	-0.5777100	0.8860500	-0.1629200	-0.5935300	0.8857100	-0.0365000	-0.6127300	0.4930100	-0.0477800	-0.6445800	0.1129800	-0.0433000	-0.5661600	0.8860500	-0.2842500	-0.6401400	0.4862100	-0.2912800	-0.6779700	0.1029100	-0.3079900	-0.5052000	0.0390000	-0.3261900	-0.5124500	0.0524700	-0.3728400	-0.6976900	0.0647300	-0.2913100	-0.4878800	0.0466200	-0.0343500	-0.5080800	0.0631900	0.0213300	-0.7006000	0.0724600	-0.0673200
650	10.8166667	-0.5868800	1.4783800	-0.1691200	-0.5736200	1.4716600	0.0133400	-0.6158100	1.1965900	0.0851300	-0.5546800	0.9495800	0.1234600	-0.5702800	1.4780900	-0.3519100	-0.6106000	1.2219100	-0.4352000	-0.5465500	0.9763200	-0.4469700	-0.5777400	0.8860800	-0.1628300	-0.5940100	0.8854600	-0.0365800	-0.6128200	0.4931700	-0.0478300	-0.6444500	0.1130900	-0.0432700	-0.5667300	0.8860700	-0.2841000	-0.6412700	0.4860200	-0.2915600	-0.6781200	0.1021500	-0.3080300	-0.5051000	0.0394900	-0.3261600	-0.5121800	0.0526200	-0.3727700	-0.6962600	0.0589200	-0.2907300	-0.4881700	0.0464700	-0.0343000	-0.5070100	0.0637100	0.0210000	-0.7001700	0.0724200	-0.0671200
651	10.8333333	-0.5680400	1.4769500	-0.1631300	-0.5735300	1.4716200	0.0133300	-0.6178700	1.1922300	0.0851000	-0.5547400	0.9495000	0.1234200	-0.5703400	1.4780700	-0.3518900	-0.6106600	1.2219100	-0.4351100	-0.5459300	0.9764300	-0.4464100	-0.5777900	0.8860800	-0.1629500	-0.5936100	0.8857200	-0.0365200	-0.6127900	0.4929900	-0.0478200	-0.6445200	0.1130000	-0.0433000	-0.5662900	0.8860900	-0.2843000	-0.6401200	0.4862000	-0.2912700	-0.6779500	0.1029200	-0.3080000	-0.5044300	0.0339800	-0.3255800	-0.5124600	0.0524600	-0.3728200	-0.6976800	0.0647500	-0.2913300	-0.4878500	0.0466400	-0.0343300	-0.5080800	0.0632100	0.0213300	-0.7005200	0.0724600	-0.0673200
