Coordinates
version=1
nRows=651
nColumns=34
inDegrees=yes

Units are S.I. units (second, meters, Newtons, ...)
If the header above contains a line with 'inDegrees', this indicates whether rotational values are in degrees (yes) or radians (no).

endheader
time	pelvis_tilt	pelvis_list	pelvis_rotation	pelvis_tx	pelvis_ty	pelvis_tz	hip_flexion_r	hip_adduction_r	hip_rotation_r	knee_angle_r	ankle_angle_r	subtalar_angle_r	mtp_angle_r	hip_flexion_l	hip_adduction_l	hip_rotation_l	knee_angle_l	ankle_angle_l	subtalar_angle_l	mtp_angle_l	lumbar_extension	lumbar_bending	lumbar_rotation	arm_flex_r	arm_add_r	arm_rot_r	elbow_flex_r	pro_sup_r	arm_flex_l	arm_add_l	arm_rot_l	elbow_flex_l	pro_sup_l
      0.00000000	     -0.67772090	     -0.89809105	      0.04189706	     -0.52877007	      0.94250186	     -0.16975336	      1.84157862	     -0.37703738	     -3.92283276	      7.64884203	      1.91494790	    -13.68626665	      0.00000000	     -1.18824957	     -2.70820456	     -6.75360515	      0.78346577	     14.12603152	      3.97349985	      0.00000000	     -2.95471883	      1.36747235	     -9.07888911	      5.01040797	     -4.66375273	     11.86011488	     21.50017540	     82.23336627	     -6.71359814	     -5.11019602	     -2.03410170	     29.31481975	     80.17002187
      0.01666670	     -3.20079452	      0.53304719	     -0.18665369	     -0.52537149	      0.93677282	     -0.16934304	      4.40782743	     -1.50524648	     -3.08976298	      7.05060846	      5.36661777	    -10.61346844	      0.00000000	      2.20841474	     -0.78739613	     -7.27912457	      1.62735685	     14.02350733	      4.48936912	      0.00000000	      1.39727717	     -0.03764066	     -8.49187751	      3.26382307	     -4.56931985	     10.55940599	     21.68634499	     82.32367659	     -7.10004696	     -5.12797476	     -3.29208247	     27.93429925	     79.91475252
      0.03333330	     -3.72938200	      1.46341793	     -0.70237642	     -0.52475975	      0.93526070	     -0.16792670	      4.88833961	     -2.51496420	     -3.36043063	      6.46969701	      6.51308375	     -9.37633322	      0.00000000	      2.70712400	      0.16480443	     -8.74313458	      1.76395075	     13.39421271	      5.08122489	      0.00000000	      2.50575719	     -1.12362916	     -7.92098405	      2.66796200	     -4.47194288	     10.25798961	     22.13251241	     82.51798861	     -7.19892208	     -5.77307981	     -2.25412301	     27.65786422	     80.05668523
      0.05000000	     -3.14085245	      1.94447611	     -0.85118699	     -0.52627691	      0.93729999	     -0.16741298	      4.14623560	     -3.06251452	     -3.41499895	      5.97222227	      7.26163435	     -8.41651506	      0.00000000	      1.61390082	      0.81106750	     -8.29866268	      0.97343348	     12.64565833	      4.10324094	      0.00000000	      1.86667432	     -1.69455214	     -7.20948131	      2.33093601	     -4.56536693	     10.42542365	     22.61346648	     82.96088823	     -6.70601690	     -6.60383390	      1.29312956	     27.21883737	     80.50700507
      0.06666670	     -2.93853177	      2.16515768	     -0.97670331	     -0.52585883	      0.93813596	     -0.16702385	      3.86023372	     -3.23235712	     -3.20916244	      5.67706861	      7.59866752	     -8.38592081	      0.00000000	      1.09728631	      1.09874307	     -8.23416584	      0.39822962	     12.13549323	      4.14160733	      0.00000000	      1.80395011	     -1.86661622	     -6.57038760	      1.95498697	     -4.70271635	     10.71078805	     23.11835761	     83.57261385	     -5.93263713	     -7.20399642	      5.77280797	     26.20449393	     80.30900607
      0.08333330	     -2.90524314	      2.17772147	     -0.96674152	     -0.52630042	      0.94006394	     -0.16709935	      3.93105107	     -3.20283287	     -3.20053537	      5.64500677	      7.59871061	     -8.38257136	      0.00000000	      1.05888416	      1.12124980	     -8.22206118	      0.41412332	     12.13305394	      4.14622124	      0.00000000	      1.80388885	     -1.86486044	     -6.57279227	      1.95452801	     -4.69999728	     10.71099777	     23.11785964	     83.57286958	     -5.92376256	     -7.20356246	      5.77344412	     26.20629344	     80.30780684
      0.10000000	     -2.82148839	      2.18753308	     -1.01780317	     -0.52751042	      0.94042634	     -0.16687618	      3.97896467	     -3.17948559	     -2.79124226	      5.65239083	      7.49922066	     -8.24752255	      0.00000000	      0.96337486	      1.13404957	     -7.73677479	      0.35899206	     12.03021051	      4.28516114	      0.00000000	      1.51748017	     -1.85253111	     -6.55021919	      2.13342580	     -4.59121865	     10.72470421	     23.13221722	     83.58268491	     -5.48686672	     -7.20344541	      5.78665380	     26.25507863	     80.26143680
      0.11666670	     -1.86073474	      2.14406531	     -1.11294021	     -0.52748304	      0.94265022	     -0.16673037	      2.84623828	     -3.11249332	     -2.58992349	      5.34214087	      7.00578710	     -8.57436904	      0.00000000	     -0.17809396	      1.12610342	     -7.18528027	      0.14640154	     11.70994658	      3.58092307	      0.00000000	      0.05232430	     -1.87428941	     -6.06872058	      2.42518685	     -4.64598589	     10.72980724	     22.87680835	     83.63026261	     -4.53384725	     -7.16368399	      5.93112202	     25.80821798	     79.91786924
      0.13333330	     -1.84392285	      2.14165891	     -1.18399921	     -0.52716609	      0.94236381	     -0.16649644	      2.86632170	     -3.10140169	     -2.55737675	      5.32826738	      6.98134420	     -8.56446722	      0.00000000	     -0.21049408	      1.12009250	     -7.11205538	      0.18466970	     11.67664472	      3.61013726	      0.00000000	      0.01956952	     -1.86666491	     -6.10454075	      2.40433365	     -4.63351189	     10.73063942	     22.87422094	     83.63147897	     -4.49112716	     -7.18022770	      5.93582999	     25.79813163	     79.90551539
      0.15000000	     -1.83512214	      2.15144993	     -1.19858277	     -0.52705643	      0.94332726	     -0.16659422	      2.84123069	     -3.10084834	     -2.55137953	      5.33530181	      6.97501388	     -8.56169737	      0.00000000	     -0.18104794	      1.11143366	     -7.10060329	      0.17208849	     11.66896651	      3.61355357	      0.00000000	      0.01269764	     -1.86777608	     -6.10575752	      2.40467171	     -4.63089561	     10.73094674	     22.87482343	     83.63171105	     -4.48663346	     -7.18264419	      5.93621725	     25.79563785	     79.90377521
      0.16666670	     -1.47657407	      2.22606122	     -1.15560133	     -0.52633982	      0.94436866	     -0.16627561	      2.16877364	     -3.13840420	     -2.26724575	      4.78700320	      6.42341959	     -8.46749141	      0.00000000	     -0.62486335	      1.18322304	     -6.64825446	      0.00000000	     10.99688802	      3.44325127	      0.00000000	     -0.58902206	     -2.07676345	     -6.13684496	      2.46410799	     -4.51084356	     10.74916810	     22.91033893	     83.65699191	     -4.08020805	     -7.31045356	      5.98901323	     25.51456629	     79.72242282
      0.18333330	     -1.44491159	      2.23061733	     -1.16498775	     -0.52737595	      0.94355673	     -0.16644817	      2.16047774	     -3.14281513	     -2.27112824	      4.78160958	      6.42373241	     -8.47100747	      0.00000000	     -0.60802027	      1.18577488	     -6.64572786	      0.00000000	     10.99370131	      3.44058933	      0.00000000	     -0.58932023	     -2.07410950	     -6.13470165	      2.46235873	     -4.51010473	     10.74939979	     22.91037418	     83.65722069	     -4.08191451	     -7.31142144	      5.98969664	     25.51138692	     79.72092857
      0.20000000	     -0.66770591	      2.39310392	     -1.08171674	     -0.52751727	      0.94223243	     -0.16654227	      1.18092446	     -3.34566500	     -2.12916190	      4.49536736	      6.23646060	     -8.86761520	      0.00000000	     -1.44714464	      1.39525891	     -6.09621891	      0.00000000	     10.37554606	      2.48193772	      0.00000000	     -1.67525634	     -2.28885841	     -6.00504981	      2.59597733	     -4.50969734	     10.74060898	     23.09656406	     83.71273332	     -3.48165621	     -7.40791213	      6.22060182	     25.08430599	     79.33684827
      0.21666670	     -0.63765557	      2.47327289	     -1.01723016	     -0.52603809	      0.94391134	     -0.16663633	      1.07583799	     -3.44583403	     -1.94864924	      4.49030984	      6.30034798	     -8.82691342	      0.00000000	     -1.53986153	      1.48993784	     -6.00058808	      0.00000000	     10.29983690	      2.50033806	      0.00000000	     -1.60993948	     -2.36351793	     -6.04894947	      2.46545525	     -4.49382360	     10.74065956	     23.08798659	     83.71874795	     -3.48490333	     -7.42215005	      6.25628427	     25.05520478	     79.29587408
      0.23333330	     -0.64225944	      2.47464416	     -0.99825170	     -0.52655006	      0.94251119	     -0.16650443	      1.07789840	     -3.45696520	     -1.93467846	      4.48318665	      6.30925189	     -8.82555524	      0.00000000	     -1.56756803	      1.50029448	     -5.99628884	      0.00000000	     10.29817751	      2.49868398	      0.00000000	     -1.60747426	     -2.36893149	     -6.04507424	      2.46521017	     -4.49385908	     10.74029509	     23.09030045	     83.71916221	     -3.48719635	     -7.42710187	      6.25813578	     25.05237930	     79.29304645
      0.25000000	     -0.64315010	      2.51705485	     -0.91215016	     -0.52506387	      0.94454538	     -0.16615599	      0.96003376	     -3.49424533	     -1.78587581	      4.50765045	      6.35186685	     -8.78911749	      0.00000000	     -1.67767343	      1.52824317	     -5.92246867	      0.00000000	     10.25640106	      2.51745515	      0.00000000	     -1.53224849	     -2.41266226	     -6.03892211	      2.42504226	     -4.49750991	     10.73925832	     23.09175562	     83.72179429	     -3.50550655	     -7.46587099	      6.26676341	     25.03456512	     79.27751677
      0.26666670	     -0.55314486	      2.59443410	     -0.92030480	     -0.52593016	      0.94244383	     -0.16653190	      0.75531689	     -3.57830390	     -1.45457295	      4.34705110	      6.64314380	     -8.79285624	      0.00000000	     -1.81394264	      1.64455007	     -5.70765227	      0.00000000	     10.31592852	      2.50049868	      0.00000000	     -1.53383689	     -2.53336274	     -6.03519248	      2.31334979	     -4.50481029	     10.73493717	     23.09578149	     83.73118920	     -3.51176189	     -7.54508744	      6.30900609	     24.98716796	     79.22350976
      0.28333330	     -0.45775989	      2.54547740	     -0.92297274	     -0.52657916	      0.94640844	     -0.16633737	      0.54304657	     -3.51224535	     -1.22509338	      3.94604925	      6.71937829	     -8.75830654	      0.00000000	     -1.96051473	      1.57819941	     -5.57442232	      0.00000000	     10.28024846	      2.46437548	      0.00000000	     -1.64294845	     -2.50117221	     -5.98190089	      2.31270692	     -4.50664400	     10.72027489	     23.11494238	     83.74854909	     -3.38064475	     -7.55103489	      6.40223124	     24.95877347	     79.12173388
      0.30000000	     -0.44896514	      2.53700046	     -0.90865218	     -0.52583573	      0.94670623	     -0.16607531	      0.58112216	     -3.52214450	     -1.22252388	      3.91879008	      6.71823296	     -8.75702236	      0.00000000	     -1.99584605	      1.56909168	     -5.57118440	      0.00598056	     10.27734116	      2.46551690	      0.00000000	     -1.64383660	     -2.49969474	     -5.97720934	      2.31771550	     -4.50583145	     10.71999716	     23.11626217	     83.74874933	     -3.38076758	     -7.55325808	      6.40295577	     24.95758135	     79.12041780
      0.31666670	     -0.42168830	      2.52476130	     -0.92893947	     -0.52754588	      0.94102446	     -0.16695852	      0.55137341	     -3.51283227	     -1.22315428	      3.91783661	      6.71857138	     -8.75728112	      0.00000000	     -1.97615923	      1.58505588	     -5.56673759	      0.00000000	     10.27669391	      2.46658081	      0.00000000	     -1.64166568	     -2.49941240	     -5.97435624	      2.31659486	     -4.50460671	     10.72001806	     23.11519288	     83.74898880	     -3.38056231	     -7.55777503	      6.40333621	     24.95630500	     79.11890663
      0.33333330	     -0.41115667	      2.52487831	     -0.94326384	     -0.52642659	      0.94258367	     -0.16673321	      0.52623293	     -3.50894499	     -1.22178652	      3.92730174	      6.71885614	     -8.75801590	      0.00000000	     -1.94358402	      1.59785259	     -5.56281895	      0.00000000	     10.27585162	      2.46573245	      0.00000000	     -1.64348385	     -2.49649750	     -5.97295440	      2.31792699	     -4.50535916	     10.71970744	     23.11454268	     83.74910229	     -3.37713642	     -7.55918113	      6.40364255	     24.95662065	     79.11786346
      0.35000000	     -0.41109441	      2.53477106	     -0.93410281	     -0.52550691	      0.94675699	     -0.16593865	      0.53916482	     -3.52600267	     -1.21120216	      3.90730972	      6.72046152	     -8.75622811	      0.00000000	     -1.96629460	      1.58384806	     -5.55565926	      0.00000000	     10.26781861	      2.46486027	      0.00000000	     -1.64350013	     -2.48890683	     -5.96348979	      2.32131201	     -4.50734386	     10.71891798	     23.11258038	     83.74932431	     -3.37841059	     -7.56198090	      6.40433163	     24.95431128	     79.11547109
      0.36666670	     -0.35731551	      2.51268689	     -1.00191147	     -0.52642185	      0.94676872	     -0.16592092	      0.37165807	     -3.49926426	     -1.08211921	      3.56158080	      6.73818063	     -8.71813418	      0.00000000	     -2.05192247	      1.55565213	     -5.42937726	      0.00000000	     10.09708465	      2.49636768	      0.00000000	     -1.67513891	     -2.42784847	     -5.79986148	      2.38356857	     -4.49962348	     10.71204159	     23.08352140	     83.75220141	     -3.42953004	     -7.61007506	      6.41058914	     24.90077752	     79.08362346
      0.38333330	     -0.33710870	      2.51234180	     -0.98455997	     -0.52674719	      0.94522249	     -0.16585784	      0.39622067	     -3.49948801	     -1.07706454	      3.53821933	      6.73588057	     -8.71566855	      0.00000000	     -2.07727611	      1.54411306	     -5.43299265	      0.00097191	     10.09305189	      2.49351145	      0.00000000	     -1.67614039	     -2.43000564	     -5.79997783	      2.38108765	     -4.50054509	     10.71169764	     23.08074948	     83.75225904	     -3.42744950	     -7.60689171	      6.41150807	     24.90049075	     79.08255657
      0.40000000	      0.11177051	      2.34395964	     -0.86886896	     -0.52659720	      0.94721589	     -0.16608567	     -0.46343799	     -3.28763103	     -0.97811371	      2.71351633	      6.20279317	     -8.62865085	      0.00000000	     -2.57369934	      1.34529717	     -5.28700428	      0.00000000	      9.86523055	      2.22163538	      0.00000000	     -2.29224611	     -2.25754963	     -5.63822932	      2.50568310	     -4.48166017	     10.60439792	     22.75772052	     83.75392481	     -3.08271951	     -7.49686127	      6.54706733	     24.61174290	     78.81628396
      0.41666670	      0.13057536	      2.34031756	     -0.85537823	     -0.52682692	      0.94569588	     -0.16609967	     -0.45445707	     -3.28597661	     -0.97603844	      2.70305430	      6.20465663	     -8.62911423	      0.00000000	     -2.57339634	      1.33730062	     -5.28540404	      0.00000000	      9.86680719	      2.22260440	      0.00000000	     -2.29323956	     -2.26063877	     -5.63407958	      2.50803877	     -4.47990157	     10.60397619	     22.75809600	     83.75393272	     -3.08701888	     -7.49719760	      6.54790929	     24.60883376	     78.81485774
      0.43333330	      0.13472435	      2.32835924	     -0.84195867	     -0.52765543	      0.94607511	     -0.16668261	     -0.44236266	     -3.28453036	     -0.97471435	      2.68880529	      6.20575215	     -8.62966322	      0.00000000	     -2.57964226	      1.33366964	     -5.28353860	      0.00000000	      9.86989753	      2.22365392	      0.00000000	     -2.29488207	     -2.26373969	     -5.62864294	      2.51063698	     -4.47618407	     10.60388475	     22.75872536	     83.75394152	     -3.09251715	     -7.49763391	      6.54860118	     24.60551375	     78.81366211
      0.45000000	      0.14422052	      2.32223177	     -0.83739824	     -0.52762732	      0.94488029	     -0.16652206	     -0.43931467	     -3.28485338	     -0.97455154	      2.68543589	      6.20565782	     -8.62961641	      0.00000000	     -2.57840053	      1.33525890	     -5.28289008	      0.00000000	      9.87068964	      2.22410896	      0.00000000	     -2.29612884	     -2.26374253	     -5.62739955	      2.51152034	     -4.47563865	     10.60383410	     22.75883957	     83.75393059	     -3.09354205	     -7.49713603	      6.54880288	     24.60483416	     78.81344825
      0.46666670	      0.12690471	      2.26787879	     -0.71223016	     -0.52748288	      0.94448186	     -0.16628104	     -0.47201584	     -3.21217773	     -0.98316767	      2.61177265	      6.20064128	     -8.64425711	      0.00000000	     -2.52260408	      1.26437463	     -5.24034995	      0.00000000	      9.93081576	      2.23747787	      0.00000000	     -2.36369792	     -2.26660181	     -5.56586559	      2.56072257	     -4.43719436	     10.60221930	     22.76894587	     83.75318838	     -3.13742449	     -7.47468512	      6.55827487	     24.57370142	     78.80246431
      0.48333330	      0.13051670	      2.25753302	     -0.78042819	     -0.52652085	      0.94524026	     -0.16611555	     -0.49173302	     -3.18658720	     -1.01741344	      2.57461731	      6.17886815	     -8.66007229	      0.00000000	     -2.52321583	      1.25878117	     -5.20453929	      0.00000000	      9.96433027	      2.24579161	      0.00000000	     -2.38450247	     -2.24665551	     -5.60821128	      2.52391715	     -4.41906412	     10.60054435	     22.75620915	     83.75201037	     -3.10092116	     -7.45990348	      6.56395620	     24.57267436	     78.79452859
      0.50000000	      0.13900600	      2.25681198	     -0.78637929	     -0.52673210	      0.94656328	     -0.16629630	     -0.51173972	     -3.18090767	     -1.02076136	      2.58116683	      6.17262505	     -8.66031282	      0.00000000	     -2.49732578	      1.26870926	     -5.20260307	      0.00000000	      9.96885908	      2.24524746	      0.00000000	     -2.38633834	     -2.24491789	     -5.61051030	      2.52067305	     -4.41521379	     10.60033987	     22.75571820	     83.75181810	     -3.10055419	     -7.45746609	      6.56505669	     24.57091510	     78.79335664
      0.51666670	      0.35427693	      2.34333826	     -0.70146977	     -0.52688196	      0.94747037	     -0.16668611	     -0.83487258	     -3.29374337	     -1.28396885	      2.46260764	      5.61875302	     -8.65513333	      0.00000000	     -2.71211619	      1.38768048	     -5.04995346	      0.00000000	     10.08989733	      2.22529617	      0.00000000	     -2.71070256	     -2.29908403	     -5.81430890	      2.58225052	     -4.30430146	     10.48856231	     22.81005148	     83.71131996	     -2.93834712	     -7.47344608	      6.67296540	     24.32602935	     78.63142405
      0.53333330	      0.35230272	      2.33991315	     -0.71887853	     -0.52671828	      0.94674965	     -0.16657524	     -0.85389944	     -3.28934059	     -1.28418267	      2.47354656	      5.61817442	     -8.65521325	      0.00000000	     -2.70261762	      1.39673384	     -5.04852958	      0.00000000	     10.08734596	      2.22606779	      0.00000000	     -2.71257315	     -2.30111014	     -5.82102601	      2.57756556	     -4.30240525	     10.48803089	     22.80919971	     83.71101689	     -2.93348385	     -7.46726276	      6.67496627	     24.32682960	     78.63028703
      0.55000000	      0.36261273	      2.35539628	     -0.79040678	     -0.52600385	      0.94680912	     -0.16641137	     -0.85282374	     -3.31201940	     -1.27860087	      2.49367521	      5.60538271	     -8.64734459	      0.00000000	     -2.75142330	      1.42613119	     -5.05199938	      0.00000000	     10.06252790	      2.22341816	      0.00000000	     -2.71545500	     -2.30892011	     -5.86722394	      2.53784836	     -4.27891514	     10.48690502	     22.80368684	     83.70922220	     -2.90380408	     -7.42732979	      6.68791898	     24.33246222	     78.62386175
      0.56666670	      0.35337174	      2.35621914	     -0.79503337	     -0.52718074	      0.94531818	     -0.16693902	     -0.88143935	     -3.31593941	     -1.27408068	      2.51232231	      5.60435326	     -8.64448660	      0.00000000	     -2.75235233	      1.43233309	     -5.05287559	      0.00000000	     10.05975663	      2.22302498	      0.00000000	     -2.71247527	     -2.31118040	     -5.86636895	      2.53694008	     -4.27367716	     10.48673631	     22.80491387	     83.70888766	     -2.90687285	     -7.42278547	      6.69006154	     24.33071260	     78.62263277
      0.58333330	      0.33803588	      2.36357899	     -0.79725543	     -0.52564059	      0.94711910	     -0.16633180	     -0.88054082	     -3.32239121	     -1.26917688	      2.52205719	      5.60302509	     -8.64189392	      0.00000000	     -2.77846053	      1.43529696	     -5.05170318	      0.00000000	     10.05645603	      2.22242265	      0.00000000	     -2.71125229	     -2.31129209	     -5.86985445	      2.53658253	     -4.26828151	     10.48651620	     22.80632742	     83.70851723	     -2.90337847	     -7.41488874	      6.69248380	     24.33133056	     78.62155517
      0.60000000	      0.33009684	      2.36300040	     -0.80017661	     -0.52592753	      0.94749972	     -0.16627474	     -0.88525097	     -3.32254194	     -1.26922396	      2.52457996	      5.60291195	     -8.64177180	      0.00000000	     -2.78238030	      1.43747283	     -5.05162796	      0.00000000	     10.05614866	      2.22226014	      0.00000000	     -2.71033549	     -2.31160017	     -5.87063966	      2.53557749	     -4.26729401	     10.48654567	     22.80633616	     83.70846558	     -2.90328309	     -7.41367937	      6.69287535	     24.33133731	     78.62140584
      0.61666670	      0.64104098	      2.48559880	     -1.02468121	     -0.52621923	      0.94639238	     -0.16604155	     -1.15651510	     -3.47597526	     -1.18850534	      2.57812529	      5.55883799	     -8.56809705	      0.00000000	     -3.11853044	      1.59516042	     -5.21793586	      0.00000000	      9.97755653	      2.03309690	      0.00000000	     -3.04892119	     -2.45602556	     -5.86099333	      2.61555974	     -4.12206293	     10.40110985	     22.89365649	     83.65185657	     -2.79451448	     -7.39084291	      6.84493913	     24.19669016	     78.47775972
      0.63333330	      0.66153921	      2.47774846	     -1.04141122	     -0.52868315	      0.94567661	     -0.16656140	     -1.17112943	     -3.47281189	     -1.19418666	      2.57826504	      5.56106691	     -8.57100619	      0.00000000	     -3.09074436	      1.59558922	     -5.21372698	      0.00000000	      9.98024845	      2.03517654	      0.00000000	     -3.04553357	     -2.45755299	     -5.86036129	      2.61257186	     -4.12063658	     10.40081811	     22.89341743	     83.65147481	     -2.79670617	     -7.38778025	      6.84662397	     24.19612394	     78.47675012
      0.65000000	      0.66757841	      2.47364813	     -1.05593282	     -0.52636391	      0.94661816	     -0.16611341	     -1.17380457	     -3.47492693	     -1.20079338	      2.57884224	      5.56144161	     -8.57494604	      0.00000000	     -3.07155435	      1.59112372	     -5.20852030	      0.00000000	      9.98234164	      2.03656903	      0.00000000	     -3.05390828	     -2.45618899	     -5.86169969	      2.61792385	     -4.11857606	     10.40027105	     22.89523933	     83.65101018	     -2.78782361	     -7.38295118	      6.84834706	     24.19865757	     78.47570608
      0.66666670	      0.67851641	      2.46902001	     -1.07534501	     -0.52840236	      0.94587246	     -0.16659580	     -1.17743008	     -3.47224297	     -1.21037789	      2.57392697	      5.56412649	     -8.58020684	      0.00000000	     -3.05756962	      1.58770483	     -5.20226311	      0.00000000	      9.98768450	      2.03890279	      0.00000000	     -3.05442501	     -2.45615323	     -5.86089765	      2.61917369	     -4.11590974	     10.40001824	     22.89639550	     83.65054069	     -2.78591141	     -7.37876003	      6.85027158	     24.19944175	     78.47461251
      0.68333330	      0.70557367	      2.39981089	     -1.08311336	     -0.52914627	      0.94337386	     -0.16648817	     -1.09238331	     -3.40940301	     -1.39182208	      2.66961027	      5.59373332	     -8.77671633	      0.00000000	     -3.01742148	      1.52405098	     -5.10126110	      0.00000000	     10.22622685	      2.00213012	      0.00000000	     -3.29795023	     -2.33091107	     -5.82836027	      2.76517001	     -4.13200375	     10.36125946	     22.95783552	     83.61701247	     -2.55332386	     -7.29853413	      6.93974797	     24.25506551	     78.40372291
      0.70000000	      0.70617928	      2.40150904	     -1.08780674	     -0.52756209	      0.94487066	     -0.16656710	     -1.09012045	     -3.41340672	     -1.39245418	      2.66909481	      5.59375616	     -8.77841401	      0.00000000	     -3.00991566	      1.52176810	     -5.10017793	      0.00000000	     10.22592256	      2.00174021	      0.00000000	     -3.30385779	     -2.33124361	     -5.82809809	      2.76713671	     -4.13046220	     10.36089740	     22.95915429	     83.61651696	     -2.55033633	     -7.29892591	      6.94096235	     24.25548891	     78.40265555
      0.71666670	      0.70791223	      2.40273644	     -1.09632815	     -0.52792751	      0.94573269	     -0.16674311	     -1.10593897	     -3.41193986	     -1.39476714	      2.67549669	      5.59505022	     -8.78076612	      0.00000000	     -2.98557991	      1.53003545	     -5.10117200	      0.00000000	     10.22689200	      2.00029566	      0.00000000	     -3.30731691	     -2.33092710	     -5.82837063	      2.76568864	     -4.12886828	     10.36071214	     22.95968457	     83.61601364	     -2.54886137	     -7.29899825	      6.94236174	     24.25582730	     78.40161053
      0.73333330	      0.71274980	      2.40573942	     -1.10176057	     -0.52837406	      0.94469195	     -0.16679857	     -1.11879901	     -3.41073559	     -1.39718318	      2.68247987	      5.59692559	     -8.78321701	      0.00000000	     -2.96831765	      1.54017127	     -5.10347000	      0.00000000	     10.22741383	      1.99847519	      0.00000000	     -3.31143144	     -2.33031994	     -5.82980523	      2.76408258	     -4.12770962	     10.36059120	     22.95990314	     83.61558022	     -2.54546367	     -7.29871322	      6.94357694	     24.25692930	     78.40077142
      0.75000000	      0.69722698	      2.48968724	     -1.06946905	     -0.52769665	      0.94591872	     -0.16694051	     -1.09115695	     -3.51920980	     -1.43909301	      2.75128076	      5.63922103	     -8.83761520	      0.00000000	     -2.92831293	      1.65219352	     -5.15835341	      0.00000000	     10.21656835	      1.96182889	      0.00000000	     -3.39599559	     -2.33625591	     -5.86408270	      2.75464514	     -4.10273778	     10.35652601	     22.97471209	     83.60536981	     -2.43712859	     -7.29032412	      6.97155650	     24.29618366	     78.38233305
      0.76666670	      0.67832495	      2.49380521	     -1.06675243	     -0.52668095	      0.94708220	     -0.16650221	     -1.08848135	     -3.52220260	     -1.44085571	      2.75427261	      5.63913519	     -8.83901045	      0.00000000	     -2.94497598	      1.64621566	     -5.15974193	      0.00000000	     10.21230724	      1.96097633	      0.00000000	     -3.39772290	     -2.34361391	     -5.86386916	      2.75764789	     -4.10297254	     10.35582407	     22.97667096	     83.60473226	     -2.43372534	     -7.29070322	      6.97316326	     24.29753677	     78.38131244
      0.78333330	      0.66916866	      2.49785036	     -1.06877682	     -0.52717490	      0.94649159	     -0.16671336	     -1.09604326	     -3.51911154	     -1.44170764	      2.75726493	      5.63898220	     -8.83918723	      0.00000000	     -2.94872497	      1.64579773	     -5.16057280	      0.00000000	     10.21139741	      1.96084147	      0.00000000	     -3.39717147	     -2.34516696	     -5.86373457	      2.75709340	     -4.10263658	     10.35580007	     22.97673316	     83.60463416	     -2.43400913	     -7.29098582	      6.97343511	     24.29750868	     78.38114208
      0.80000000	      0.66399267	      2.49878611	     -1.05291730	     -0.52663981	      0.94548989	     -0.16626764	     -1.08565317	     -3.52273637	     -1.44505760	      2.75148677	      5.63548674	     -8.83920353	      0.00000000	     -2.97657241	      1.64563256	     -5.16942325	      0.00000000	     10.20130219	      1.95827476	      0.00000000	     -3.39542360	     -2.35478036	     -5.86224537	      2.75709923	     -4.10033793	     10.35541596	     22.97855035	     83.60382740	     -2.43311776	     -7.29119646	      6.97576242	     24.29864377	     78.37985833
      0.81666670	      0.64946117	      2.49872890	     -1.03803293	     -0.52792658	      0.94738901	     -0.16688886	     -1.07031059	     -3.52827668	     -1.44620449	      2.74246051	      5.63319132	     -8.83879261	      0.00000000	     -3.00950548	      1.63610358	     -5.17477358	      0.00000000	     10.19399727	      1.95740815	      0.00000000	     -3.38867325	     -2.36243200	     -5.85808278	      2.75526547	     -4.09712267	     10.35548752	     22.97973607	     83.60332362	     -2.43902771	     -7.29273753	      6.97728209	     24.29763397	     78.37897347
      0.83333330	      0.69159257	      2.49501699	     -0.95425427	     -0.52722730	      0.94415242	     -0.16691698	     -1.14961431	     -3.51039807	     -1.46711466	      2.79111927	      5.61540290	     -8.84457015	      0.00000000	     -3.03334978	      1.63644404	     -5.22229077	      0.00000000	     10.13052181	      1.94692700	      0.00000000	     -3.34966091	     -2.41563129	     -5.83072151	      2.73428340	     -4.06863822	     10.35545525	     22.98921241	     83.59745901	     -2.47395321	     -7.29756100	      6.99462233	     24.29638399	     78.36963569
      0.85000000	      0.69539470	      2.49748769	     -0.96292105	     -0.52760757	      0.94458997	     -0.16679671	     -1.16340095	     -3.49899549	     -1.47291293	      2.80014626	      5.61591519	     -8.84776291	      0.00000000	     -3.02440351	      1.64813014	     -5.22271718	      0.00000000	     10.12535819	      1.94766276	      0.00000000	     -3.34729363	     -2.41880687	     -5.83242098	      2.72750326	     -4.06700837	     10.35527197	     22.98882549	     83.59669277	     -2.47485370	     -7.29803529	      6.99665310	     24.29726976	     78.36855033
      0.86666670	      0.68152395	      2.49814239	     -0.96203465	     -0.52765018	      0.94718880	     -0.16670920	     -1.16618049	     -3.50210667	     -1.47354756	      2.80309473	      5.61616771	     -8.84862445	      0.00000000	     -3.02639341	      1.64460029	     -5.22295251	      0.00000000	     10.12429826	      1.94741850	      0.00000000	     -3.34612705	     -2.41935545	     -5.83189153	      2.72711499	     -4.06669617	     10.35520281	     22.98914884	     83.59653106	     -2.47568949	     -7.29836056	      6.99704805	     24.29732813	     78.36832047
      0.88333330	      0.77796891	      2.45242944	     -0.93649754	     -0.52800293	      0.94643055	     -0.16589593	     -1.24369570	     -3.43756027	     -1.53772756	      2.93049182	      5.58143580	     -8.87816811	      0.00000000	     -3.18380187	      1.53586544	     -5.23767276	      0.00000000	      9.96618682	      1.98281408	      0.00000000	     -3.24435778	     -2.47495571	     -5.80801522	      2.63113275	     -4.03550337	     10.35336480	     22.98383809	     83.58522974	     -2.56018215	     -7.33860190	      7.02121641	     24.28813447	     78.35203066
      0.90000000	      0.85162572	      2.37428822	     -0.93061461	     -0.52892989	      0.94350503	     -0.16566792	     -1.30477636	     -3.34049672	     -1.70015901	      2.94290339	      5.52308135	     -8.97715138	      0.00000000	     -3.26821518	      1.40569481	     -5.34694168	      0.00000000	      9.63181996	      1.99716657	      0.00000000	     -3.29486649	     -2.35177904	     -5.77405718	      2.54765245	     -4.03302192	     10.33219162	     22.98897245	     83.55189080	     -2.60224552	     -7.40225677	      7.08534100	     24.31690002	     78.30955027
      0.91666670	      0.85074692	      2.38125603	     -0.93542280	     -0.52858801	      0.94532321	     -0.16607747	     -1.29347905	     -3.34790348	     -1.70141213	      2.93709726	      5.52035361	     -8.97811146	      0.00000000	     -3.28123985	      1.38459923	     -5.34698943	      0.00000000	      9.62510708	      1.99723439	      0.00000000	     -3.29242546	     -2.35449254	     -5.77602247	      2.54760586	     -4.03449945	     10.33122292	     22.98971570	     83.55099078	     -2.60028659	     -7.40121077	      7.08725467	     24.31896655	     78.30855074
      0.93333330	      0.87956337	      2.34367764	     -1.00038561	     -0.52632402	      0.94524772	     -0.16638621	     -1.32603407	     -3.31579039	     -1.75696364	      2.96152363	      5.46249024	     -8.99641150	      0.00000000	     -3.38827187	      1.32342336	     -5.35341581	      0.00000000	      9.55536711	      2.00306603	      0.00000000	     -3.23033301	     -2.35175353	     -5.78900702	      2.51945815	     -4.05485052	     10.32251984	     22.98586187	     83.54289635	     -2.61197984	     -7.39393416	      7.10350665	     24.32962734	     78.29975818
      0.95000000	      0.86129068	      2.33579597	     -0.96610747	     -0.52573204	      0.94612242	     -0.16671103	     -1.28420701	     -3.32171047	     -1.75644552	      2.94194041	      5.45764600	     -8.99650417	      0.00000000	     -3.45601874	      1.31629053	     -5.35910109	      0.00000000	      9.55036247	      2.00049436	      0.00000000	     -3.22756082	     -2.34809484	     -5.78325508	      2.52063635	     -4.05419856	     10.32193489	     22.98682854	     83.54207605	     -2.61863518	     -7.39441745	      7.10511187	     24.32865072	     78.29876227
      0.96666670	      0.83915346	      2.32937585	     -0.96605335	     -0.52644059	      0.94596754	     -0.16658409	     -1.29831189	     -3.32505451	     -1.75780912	      2.94694569	      5.45654799	     -8.99687589	      0.00000000	     -3.46543538	      1.31685820	     -5.35986371	      0.00000000	      9.54971680	      2.00022484	      0.00000000	     -3.22577458	     -2.34718148	     -5.78266687	      2.51949438	     -4.05445905	     10.32182841	     22.98655967	     83.54193525	     -2.62047641	     -7.39425708	      7.10541936	     24.32834251	     78.29860438
      0.98333330	      0.95021102	      2.16702229	     -0.81112708	     -0.52481605	      0.94390325	     -0.16688259	     -1.66027776	     -3.13649205	     -1.96894934	      2.61315446	      5.17235004	     -9.07393388	      0.00000000	     -3.70903852	      1.13827596	     -5.36436499	      0.00000000	      9.55408879	      1.92924749	      0.00000000	     -3.02731039	     -2.09909157	     -5.76309351	      2.29119211	     -4.13184717	     10.26172212	     22.94084056	     83.47369558	     -2.86396003	     -7.32178187	      7.23681920	     24.32604328	     78.22545420
      1.00000000	      0.93102793	      2.16618280	     -0.79380261	     -0.52645009	      0.94653010	     -0.16661952	     -1.62753015	     -3.13946750	     -1.96225965	      2.59168086	      5.17297685	     -9.07159108	      0.00000000	     -3.75717952	      1.13495156	     -5.36002937	      0.00000000	      9.55534773	      1.93006346	      0.00000000	     -3.01852240	     -2.10084729	     -5.76370806	      2.29375310	     -4.13159181	     10.26072238	     22.94306735	     83.47263765	     -2.86254981	     -7.32251675	      7.23833996	     24.32744825	     78.22424842
      1.01666670	      0.94428343	      2.13253045	     -0.73348656	     -0.52657608	      0.94476410	     -0.16659430	     -1.68218594	     -3.08872277	     -1.72817190	      2.44198356	      5.24152887	     -8.99199917	      0.00000000	     -3.82332487	      1.08554543	     -5.19985507	      0.00000000	      9.62320684	      1.97216242	      0.00000000	     -2.90250140	     -2.13120790	     -5.76555762	      2.40453462	     -4.09971746	     10.24402155	     23.00488291	     83.45283585	     -2.79582774	     -7.36046538	      7.26268222	     24.35663259	     78.20118392
      1.03333330	      0.94142553	      2.12454350	     -0.72032824	     -0.52722985	      0.94420348	     -0.16708503	     -1.64946740	     -3.09474111	     -1.71765959	      2.41565559	      5.24807983	     -8.98949342	      0.00000000	     -3.85830683	      1.08693067	     -5.19601279	      0.00000000	      9.62786465	      1.97200813	      0.00000000	     -2.90654101	     -2.12786669	     -5.76717246	      2.39980608	     -4.09835861	     10.24359197	     23.00400717	     83.45181469	     -2.79796856	     -7.36203220	      7.26427186	     24.35572508	     78.19998243
      1.05000000	      0.91173546	      2.06937637	     -0.69204119	     -0.52745756	      0.94609760	     -0.16732133	     -1.75593581	     -3.02681744	     -1.26957431	      2.03539101	      5.52050033	     -8.85340825	      0.00000000	     -3.83920756	      1.03750866	     -4.93584985	      0.00000000	      9.88997587	      1.99044706	      0.00000000	     -2.93220870	     -2.02849942	     -5.81770643	      2.41476906	     -4.10836732	     10.20202943	     23.03910831	     83.39638712	     -2.78908214	     -7.35645760	      7.35479702	     24.36813520	     78.13858736
      1.06666670	      0.91997282	      2.06553110	     -0.68946291	     -0.52697807	      0.94641764	     -0.16727771	     -1.74943823	     -3.02812545	     -1.26857685	      2.03246307	      5.52085306	     -8.85304085	      0.00000000	     -3.83696754	      1.03992608	     -4.93574239	      0.00000000	      9.89023098	      1.99027076	      0.00000000	     -2.93320818	     -2.02800027	     -5.81728936	      2.41551444	     -4.10806490	     10.20194276	     23.03940176	     83.39621835	     -2.78902029	     -7.35665594	      7.35504099	     24.36813006	     78.13838259
      1.08333330	      0.89173538	      2.06536937	     -0.69474402	     -0.52554729	      0.94532413	     -0.16707494	     -1.82019018	     -3.01442898	     -1.26163214	      2.06784807	      5.52189935	     -8.84920410	      0.00000000	     -3.79677171	      1.06449492	     -4.93543727	      0.00000000	      9.89281943	      1.98861626	      0.00000000	     -2.93928981	     -2.02422045	     -5.81317415	      2.41975292	     -4.10637413	     10.20146725	     23.04086215	     83.39524670	     -2.79117955	     -7.35686068	      7.35662496	     24.36733761	     78.13722050
      1.10000000	      0.89701721	      2.10674718	     -0.60543438	     -0.52548817	      0.94458838	     -0.16715018	     -1.91682005	     -3.05004175	     -1.19913034	      2.13450576	      5.55331937	     -8.82240653	      0.00000000	     -3.76925396	      1.11730889	     -4.95629688	      0.00000000	      9.91814417	      1.96209215	      0.00000000	     -2.93461924	     -2.01515712	     -5.78815883	      2.41080603	     -4.09904351	     10.19868221	     23.04175404	     83.38857437	     -2.83866805	     -7.35594534	      7.36886011	     24.35465744	     78.12930203
      1.11666670	      0.91572433	      2.11472141	     -0.64808558	     -0.52655286	      0.94447718	     -0.16683800	     -1.99399733	     -3.04318712	     -1.20299480	      2.16924075	      5.55790009	     -8.82359039	      0.00000000	     -3.68607577	      1.12890922	     -4.95523971	      0.00000000	      9.92033477	      1.96060419	      0.00000000	     -2.93203755	     -2.01827637	     -5.79327639	      2.40046367	     -4.10163011	     10.19791717	     23.03843846	     83.38749894	     -2.84157132	     -7.35498938	      7.37073985	     24.35426180	     78.12815823
      1.13333330	      0.90466582	      2.12782855	     -0.65012315	     -0.52571111	      0.94541875	     -0.16693877	     -1.99868672	     -3.04343655	     -1.20063268	      2.17979992	      5.56390876	     -8.82348224	      0.00000000	     -3.69838051	      1.13682913	     -4.95950598	      0.00000000	      9.91938886	      1.95658644	      0.00000000	     -2.93141928	     -2.02298330	     -5.79652539	      2.39650407	     -4.10289483	     10.19700773	     23.03701782	     83.38632699	     -2.84117726	     -7.35596215	      7.37235205	     24.35443193	     78.12686308
      1.15000000	      0.89440169	      2.12911857	     -0.65054763	     -0.52617285	      0.94483305	     -0.16690715	     -2.00798582	     -3.04432982	     -1.20023195	      2.18469330	      5.56523938	     -8.82341202	      0.00000000	     -3.70286501	      1.13797860	     -4.96061578	      0.00000000	      9.91912439	      1.95595433	      0.00000000	     -2.93036399	     -2.02364840	     -5.79704584	      2.39547597	     -4.10316031	     10.19687302	     23.03666188	     83.38613904	     -2.84141976	     -7.35609082	      7.37261854	     24.35436870	     78.12665516
      1.16666670	      1.02454994	      2.33901622	     -0.71352863	     -0.52698100	      0.94436206	     -0.16665430	     -2.02639040	     -3.27510969	     -1.04739494	      2.49841210	      6.18116352	     -8.85775167	      0.00000000	     -3.82684848	      1.38204707	     -5.14124761	      0.00000000	      9.84815846	      1.79063512	      0.00000000	     -2.97210180	     -2.33725423	     -5.82049453	      2.40413773	     -4.02853215	     10.15724376	     23.02259496	     83.31332456	     -2.85159520	     -7.48032579	      7.46808689	     24.32185127	     78.04144564
      1.18333330	      1.02744872	      2.34081615	     -0.71683915	     -0.52715994	      0.94472361	     -0.16663281	     -2.03657870	     -3.26618654	     -1.04611225	      2.50720532	      6.18288536	     -8.85580426	      0.00000000	     -3.81170708	      1.38985259	     -5.14142159	      0.00000000	      9.84752460	      1.79045028	      0.00000000	     -2.97084631	     -2.33541826	     -5.82202212	      2.40619039	     -4.02784430	     10.15672935	     23.02292212	     83.31235523	     -2.84600706	     -7.48100453	      7.46920742	     24.32376802	     78.04027872
      1.20000000	      1.05431135	      2.33904953	     -0.74207420	     -0.52701083	      0.94582248	     -0.16668011	     -2.07414799	     -3.25967710	     -1.05155454	      2.52904506	      6.18202319	     -8.85634616	      0.00000000	     -3.74263177	      1.39742117	     -5.14223406	      0.00000000	      9.84640086	      1.79032611	      0.00000000	     -2.97122362	     -2.33398237	     -5.82484872	      2.40595256	     -4.02777773	     10.15625089	     23.02224312	     83.31146876	     -2.84058534	     -7.48200322	      7.47013855	     24.32548298	     78.03921515
      1.21666670	      1.06803383	      2.34358569	     -0.75071270	     -0.52623208	      0.94674057	     -0.16676319	     -2.07933274	     -3.24695870	     -1.05991066	      2.54121130	      6.17793696	     -8.85652818	      0.00000000	     -3.71016156	      1.41351831	     -5.14912027	      0.00000000	      9.84215493	      1.78781021	      0.00000000	     -2.97646960	     -2.33268585	     -5.82715871	      2.40978874	     -4.02682668	     10.15555184	     23.02235556	     83.31022701	     -2.83117280	     -7.48410470	      7.47126857	     24.32798906	     78.03768989
      1.23333330	      1.06978622	      2.34431392	     -0.74924988	     -0.52621839	      0.94653134	     -0.16669095	     -2.07631875	     -3.24933101	     -1.06149268	      2.54124540	      6.17695922	     -8.85635979	      0.00000000	     -3.70940113	      1.41269860	     -5.15104541	      0.00000000	      9.84086142	      1.78727327	      0.00000000	     -2.97778596	     -2.33238532	     -5.82739483	      2.41063040	     -4.02664444	     10.15542410	     23.02238594	     83.30999649	     -2.82952172	     -7.48440143	      7.47149418	     24.32842327	     78.03740677
      1.25000000	      1.03715705	      2.38102855	     -0.80723421	     -0.52571950	      0.94513222	     -0.16662812	     -1.93170655	     -3.32119207	     -1.37101028	      2.68444710	      6.00005541	     -8.87825890	      0.00000000	     -3.63830115	      1.44595369	     -5.39193502	      0.00000000	      9.62357289	      1.74550358	      0.00000000	     -3.10551441	     -2.32369844	     -5.87430992	      2.42758857	     -4.01071241	     10.14014802	     22.99501225	     83.28116901	     -2.68796158	     -7.51111611	      7.50211981	     24.36827908	     78.00232062
      1.26666670	      1.04023815	      2.38156818	     -0.78261654	     -0.52615439	      0.94742655	     -0.16664813	     -1.89175709	     -3.31509938	     -1.37469070	      2.67099446	      5.99645339	     -8.87705793	      0.00000000	     -3.66366113	      1.44581926	     -5.39498186	      0.00000000	      9.61808178	      1.74594884	      0.00000000	     -3.10344094	     -2.32888026	     -5.86524838	      2.43590552	     -4.00957850	     10.13924363	     22.99687034	     83.27984762	     -2.69459478	     -7.51088482	      7.50407032	     24.36648640	     78.00068932
      1.28333330	      1.05475095	      2.37283829	     -0.77411344	     -0.52774198	      0.94658712	     -0.16712291	     -1.84864599	     -3.32195855	     -1.38046659	      2.64578628	      5.99541345	     -8.87701122	      0.00000000	     -3.68527519	      1.43854223	     -5.39527438	      0.00000000	      9.61415799	      1.74815189	      0.00000000	     -3.10500961	     -2.33222487	     -5.85917497	      2.44118291	     -4.00817932	     10.13861206	     22.99782206	     83.27875961	     -2.69927231	     -7.51174121	      7.50553191	     24.36504903	     77.99933335
      1.30000000	      0.98914271	      2.34402772	     -0.83406896	     -0.52739447	      0.94560951	     -0.16682627	     -1.74212395	     -3.29365014	     -1.44226266	      2.52389699	      5.97845105	     -8.87440389	      0.00000000	     -3.63812775	      1.40040506	     -5.36908619	      0.00000000	      9.57433360	      1.78057223	      0.00000000	     -3.18298455	     -2.32978087	     -5.81081801	      2.54163160	     -3.99933898	     10.12875956	     23.01845886	     83.26573794	     -2.68077192	     -7.51734838	      7.52087662	     24.37152783	     77.98377369
      1.31666670	      0.99272352	      2.33972534	     -0.82061132	     -0.52762810	      0.94622328	     -0.16684466	     -1.70741176	     -3.29935572	     -1.44193765	      2.50465641	      5.97713949	     -8.87247093	      0.00000000	     -3.65830121	      1.39620494	     -5.36996315	      0.00000000	      9.57360657	      1.78100003	      0.00000000	     -3.18469589	     -2.32634740	     -5.80905140	      2.54513226	     -3.99918652	     10.12815944	     23.01910249	     83.26482588	     -2.67896665	     -7.51803555	      7.52186073	     24.37259838	     77.98267384
      1.33333330	      0.98170333	      2.33988207	     -0.81155042	     -0.52668773	      0.94684145	     -0.16659714	     -1.67959536	     -3.30172793	     -1.44105646	      2.48768769	      5.97444337	     -8.86917312	      0.00000000	     -3.67709057	      1.38685794	     -5.36862936	      0.00000000	      9.57218772	      1.78255021	      0.00000000	     -3.19176073	     -2.32153784	     -5.80727882	      2.55245479	     -3.99901692	     10.12726027	     23.02069658	     83.26364153	     -2.67388281	     -7.51872851	      7.52310078	     24.37475598	     77.98128510
      1.35000000	      0.88270043	      2.24259157	     -0.80301343	     -0.52693048	      0.94538286	     -0.16658575	     -1.61452288	     -3.18844272	     -1.44758038	      2.33733979	      5.86474841	     -8.77373932	      0.00000000	     -3.58133127	      1.26392603	     -5.33663078	      0.00000000	      9.58823876	      1.82563584	      0.00000000	     -3.25884103	     -2.17977682	     -5.75987666	      2.64938088	     -4.01029602	     10.10004532	     23.04272193	     83.22441074	     -2.62403856	     -7.52678898	      7.57003589	     24.42887699	     77.93583395
      1.36666670	      0.90420659	      2.23461968	     -0.80696705	     -0.52806868	      0.94595793	     -0.16689283	     -1.58391923	     -3.19044691	     -1.45055197	      2.31508446	      5.86352953	     -8.77321121	      0.00000000	     -3.58988194	      1.26066374	     -5.33543883	      0.00000000	      9.58999399	      1.82643799	      0.00000000	     -3.25637446	     -2.17888134	     -5.76197505	      2.64534877	     -4.01173938	     10.09930206	     23.04155564	     83.22323777	     -2.62467795	     -7.52551343	      7.57179498	     24.43022231	     77.93452574
      1.38333330	      0.88177950	      2.20368077	     -0.89221836	     -0.52773091	      0.94748913	     -0.16692220	     -1.53639458	     -3.16391063	     -1.48396710	      2.18910606	      5.82750072	     -8.76124959	      0.00000000	     -3.56783181	      1.23218653	     -5.30661815	      0.00000000	      9.60112191	      1.84383521	      0.00000000	     -3.28915471	     -2.14876507	     -5.76344553	      2.66169727	     -4.02327855	     10.09127140	     23.04361332	     83.21244109	     -2.60597470	     -7.50940947	      7.58733241	     24.44857914	     77.92266383
      1.40000000	      0.89265318	      2.20004400	     -0.88377455	     -0.52838264	      0.94878415	     -0.16678738	     -1.51777180	     -3.16498763	     -1.48470588	      2.17068570	      5.82170991	     -8.75807736	      0.00000000	     -3.56821340	      1.22757191	     -5.30590781	      0.00000000	      9.60307988	      1.84449763	      0.00000000	     -3.28863373	     -2.14427738	     -5.75952436	      2.66495366	     -4.02392250	     10.09057881	     23.04454534	     83.21137987	     -2.60804489	     -7.50831853	      7.58885207	     24.44937314	     77.92144196
      1.41666670	      0.85325074	      2.06159624	     -0.84868409	     -0.52773439	      0.94807713	     -0.16700197	     -1.66343717	     -3.00643521	     -1.55333081	      1.71856436	      5.23950195	     -8.49289902	      0.00000000	     -3.53713532	      1.06872927	     -5.24127245	      0.00000000	      9.62459992	      1.92098450	      0.00000000	     -3.29014926	     -1.91945632	     -5.69440850	      2.70859216	     -4.10065968	     10.03701054	     23.03796024	     83.12734395	     -2.56525354	     -7.44328472	      7.70149163	     24.55908815	     77.82578247
      1.43333330	      0.86281751	      2.05638549	     -0.91619455	     -0.52753611	      0.94494768	     -0.16720682	     -1.67678135	     -3.01986207	     -1.59128681	      1.71137020	      5.22372108	     -8.50517257	      0.00000000	     -3.55712159	      1.06574161	     -5.22352582	      0.00000000	      9.62195547	      1.93175369	      0.00000000	     -3.30149768	     -1.91980152	     -5.69597852	      2.69148004	     -4.10492774	     10.03347081	     23.03149168	     83.12063917	     -2.58180669	     -7.44224773	      7.71061943	     24.55701970	     77.81801249
      1.45000000	      0.86315548	      2.05919041	     -0.91535606	     -0.52796303	      0.94702067	     -0.16731057	     -1.66841146	     -3.01958553	     -1.59498826	      1.70582780	      5.22021497	     -8.50597940	      0.00000000	     -3.56401268	      1.06944276	     -5.22119404	      0.00000000	      9.62206980	      1.93259752	      0.00000000	     -3.30064987	     -1.91921289	     -5.69286256	      2.69199378	     -4.10559384	     10.03277045	     23.03167176	     83.11949485	     -2.58682597	     -7.44140016	      7.71227128	     24.55620260	     77.81669014
      1.46666670	      0.85293378	      2.06134005	     -0.91891136	     -0.52731341	      0.94730472	     -0.16714321	     -1.67807516	     -3.02906133	     -1.59789002	      1.70849864	      5.21435254	     -8.50524125	      0.00000000	     -3.56961198	      1.06893449	     -5.21590656	      0.00000000	      9.62008026	      1.93499929	      0.00000000	     -3.30277152	     -1.91724663	     -5.68881656	      2.69566253	     -4.10636263	     10.03185410	     23.03259436	     83.11817320	     -2.59059376	     -7.44005612	      7.71415002	     24.55563597	     77.81519693
      1.48333330	      0.84875259	      2.06175813	     -0.92102112	     -0.52756327	      0.94671806	     -0.16717227	     -1.68421506	     -3.02882749	     -1.59840758	      1.71037047	      5.21334008	     -8.50493559	      0.00000000	     -3.57060505	      1.07101942	     -5.21487793	      0.00000000	      9.61972026	      1.93560787	      0.00000000	     -3.30280475	     -1.91696911	     -5.68842537	      2.69585250	     -4.10640828	     10.03173185	     23.03263466	     83.11796451	     -2.59116897	     -7.43986226	      7.71445734	     24.55554527	     77.81496448
      1.50000000	      0.86315502	      2.06258560	     -0.93562869	     -0.52844949	      0.94540853	     -0.16722220	     -1.70477159	     -3.02729933	     -1.59949413	      1.71343143	      5.21012125	     -8.50344246	      0.00000000	     -3.54716801	      1.09121786	     -5.20730762	      0.00000000	      9.62039562	      1.93871903	      0.00000000	     -3.30278435	     -1.91464833	     -5.68864614	      2.69669989	     -4.10680313	     10.03102378	     23.03297075	     83.11679369	     -2.59124328	     -7.43891176	      7.71613782	     24.55617073	     77.81371637
      1.51666670	      0.87222888	      2.14729411	     -1.00368174	     -0.52904258	      0.94496840	     -0.16718622	     -1.71089170	     -3.13760927	     -1.57997464	      1.65711039	      5.18974287	     -8.48586325	      0.00000000	     -3.50770269	      1.22059466	     -5.10651783	      0.00000000	      9.65970102	      1.96537981	      0.00000000	     -3.36393907	     -1.90648579	     -5.71613736	      2.75935369	     -4.11414897	     10.01837897	     23.05278952	     83.09948746	     -2.52322434	     -7.42912005	      7.73945275	     24.58314657	     77.79601973
      1.53333330	      0.89367241	      2.15135682	     -0.99854060	     -0.52869892	      0.94518715	     -0.16704128	     -1.71932448	     -3.13276612	     -1.57466658	      1.66232799	      5.18879617	     -8.48410606	      0.00000000	     -3.48000218	      1.22963878	     -5.10039028	      0.00000000	      9.66793515	      1.96538596	      0.00000000	     -3.36903157	     -1.91625114	     -5.71866905	      2.76514771	     -4.11491436	     10.01711407	     23.05490725	     83.09776501	     -2.51909637	     -7.42890287	      7.74191703	     24.58475101	     77.79425552
      1.55000000	      0.91418176	      2.15395280	     -0.99524749	     -0.52893942	      0.94721383	     -0.16710526	     -1.70598778	     -3.12373403	     -1.57085645	      1.65512309	      5.19054236	     -8.48382832	      0.00000000	     -3.46156348	      1.24135026	     -5.09370991	      0.00000000	      9.67853480	      1.96573708	      0.00000000	     -3.37360323	     -1.92384168	     -5.72285085	      2.76810681	     -4.11514749	     10.01629416	     23.05623128	     83.09650547	     -2.51351004	     -7.42948323	      7.74360386	     24.58675638	     77.79297843
      1.56666670	      0.92178061	      2.15733529	     -0.99671289	     -0.52884080	      0.94666935	     -0.16724882	     -1.70717245	     -3.12105455	     -1.57017687	      1.65546198	      5.19063503	     -8.48366405	      0.00000000	     -3.45393351	      1.24166659	     -5.09235666	      0.00000000	      9.68038708	      1.96600565	      0.00000000	     -3.37519505	     -1.92529021	     -5.72383041	      2.76884676	     -4.11503213	     10.01616937	     23.05648980	     83.09628582	     -2.51184381	     -7.42973849	      7.74387215	     24.58725202	     77.79275790
      1.58333330	      0.86707914	      2.21512946	     -0.88699250	     -0.52904415	      0.94720008	     -0.16744763	     -1.67133811	     -3.17162956	     -1.49556891	      1.63762058	      5.20857545	     -8.47520781	      0.00000000	     -3.30841611	      1.30897206	     -4.96132870	      0.00000000	      9.90338111	      1.97050616	      0.00000000	     -3.55443812	     -2.06339460	     -5.81972025	      2.86205697	     -4.10600190	     10.00175163	     23.09108871	     83.07128171	     -2.33844122	     -7.44836367	      7.77710298	     24.64372414	     77.76842486
      1.60000000	      0.86239404	      2.21451198	     -0.88813013	     -0.52939484	      0.94694176	     -0.16735603	     -1.67522075	     -3.17090744	     -1.49602269	      1.63936457	      5.20876089	     -8.47552272	      0.00000000	     -3.31068450	      1.31179714	     -4.96019943	      0.00000000	      9.90428830	      1.97084552	      0.00000000	     -3.55405777	     -2.06315203	     -5.82022068	      2.86160871	     -4.10574880	     10.00171549	     23.09114155	     83.07108785	     -2.33831023	     -7.44891156	      7.77734058	     24.64384433	     77.76822745
      1.61666670	      0.90457247	      2.25086415	     -0.92399788	     -0.53013257	      0.94429756	     -0.16700490	     -1.68709510	     -3.21141287	     -1.49101438	      1.69391322	      5.24309328	     -8.50506445	      0.00000000	     -3.35719568	      1.35373105	     -4.84447763	      0.00000000	     10.00234821	      2.00039258	      0.00000000	     -3.54010474	     -2.07543969	     -5.87890761	      2.88116919	     -4.07367171	      9.99721318	     23.11887006	     83.05212613	     -2.24734509	     -7.52574910	      7.79551519	     24.68032342	     77.74888853
      1.63333330	      0.90241275	      2.25073762	     -0.91101031	     -0.52982821	      0.94486557	     -0.16708958	     -1.67150811	     -3.21880941	     -1.49085491	      1.68805014	      5.24450864	     -8.50744961	      0.00000000	     -3.37135809	      1.34396316	     -4.84237284	      0.00000000	     10.00761674	      2.00022905	      0.00000000	     -3.54555603	     -2.07963223	     -5.87784130	      2.88571395	     -4.07326763	      9.99665077	     23.12112027	     83.05080166	     -2.24809933	     -7.52684708	      7.79768395	     24.68096742	     77.74763747
      1.65000000	      0.89476916	      2.21271457	     -0.89988248	     -0.52970569	      0.94615658	     -0.16691011	     -1.63835866	     -3.16562553	     -1.52588062	      1.63592904	      5.24438333	     -8.55263629	      0.00000000	     -3.36811853	      1.28435920	     -4.76632719	      0.00000000	     10.10568806	      2.01712698	      0.00000000	     -3.61465488	     -2.12241085	     -5.88482102	      2.94189443	     -4.07330025	      9.98851714	     23.15173528	     83.03030055	     -2.22861601	     -7.54965566	      7.82914659	     24.70463595	     77.72837653
      1.66666670	      0.90482376	      2.21396912	     -0.88730828	     -0.52957229	      0.94616782	     -0.16705752	     -1.60709781	     -3.16781453	     -1.52516601	      1.61950724	      5.24253641	     -8.55378968	      0.00000000	     -3.39225046	      1.27974366	     -4.76338366	      0.00000000	     10.11154984	      2.01744867	      0.00000000	     -3.61612517	     -2.11665664	     -5.88669832	      2.94097468	     -4.07235540	      9.98844621	     23.15232523	     83.02909244	     -2.22626958	     -7.55211815	      7.83077327	     24.70669639	     77.72718710
      1.68333330	      0.89678624	      2.22148802	     -0.87115809	     -0.52900319	      0.94439684	     -0.16668218	     -1.59595414	     -3.16778659	     -1.52352047	      1.61521178	      5.23991903	     -8.55439883	      0.00000000	     -3.42013929	      1.26356372	     -4.76074095	      0.00000000	     10.11729511	      2.01712172	      0.00000000	     -3.61842092	     -2.11242381	     -5.88747435	      2.94220641	     -4.07301371	      9.98811105	     23.15342275	     83.02800210	     -2.22460881	     -7.55379259	      7.83229086	     24.70834642	     77.72615641
      1.70000000	      0.88800929	      2.22655265	     -0.86892600	     -0.52923711	      0.94425133	     -0.16685182	     -1.59734271	     -3.16516690	     -1.52327775	      1.61609930	      5.23961012	     -8.55463780	      0.00000000	     -3.42809001	      1.25845995	     -4.76061473	      0.00000000	     10.11857344	      2.01682578	      0.00000000	     -3.61822233	     -2.11224858	     -5.88740310	      2.94200561	     -4.07299447	      9.98808624	     23.15359826	     83.02781917	     -2.22504579	     -7.55440016	      7.83252982	     24.70840959	     77.72597354
      1.71666670	      0.94276778	      2.00522049	     -0.63208401	     -0.52849695	      0.94432240	     -0.16710969	     -1.79947042	     -2.89230021	     -1.61966127	      1.51201129	      5.07504603	     -8.80428356	      0.00000000	     -3.54544931	      0.96624654	     -4.47930788	      0.00000000	     10.50063652	      2.00953391	      0.00000000	     -3.61512930	     -1.86804019	     -6.07870982	      2.84823066	     -4.15311496	      9.95192880	     23.31244664	     82.89819632	     -2.32908326	     -7.57909473	      8.05198369	     24.84051579	     77.60787435
      1.73333330	      0.92591915	      2.00719186	     -0.63098109	     -0.52883769	      0.94492251	     -0.16717532	     -1.80557590	     -2.89352871	     -1.61961905	      1.51515441	      5.07470926	     -8.80449410	      0.00000000	     -3.55279417	      0.96341135	     -4.48010437	      0.00000000	     10.50025239	      2.00904918	      0.00000000	     -3.61462982	     -1.86793362	     -6.07839250	      2.84793503	     -4.15281099	      9.95196489	     23.31271112	     82.89802003	     -2.32984773	     -7.57989913	      8.05217169	     24.84041095	     77.60767317
      1.75000000	      0.91584270	      2.00553581	     -0.63190900	     -0.52848003	      0.94604217	     -0.16732546	     -1.83364465	     -2.89052338	     -1.62273520	      1.53306701	      5.06980197	     -8.80621773	      0.00000000	     -3.54186978	      0.96612098	     -4.48500082	      0.00000000	     10.49377221	      2.00692636	      0.00000000	     -3.61054215	     -1.86800684	     -6.07675522	      2.84456412	     -4.15087602	      9.95226416	     23.31403910	     82.89688717	     -2.33564838	     -7.58524876	      8.05340507	     24.83927467	     77.60638535
      1.76666670	      1.00630977	      1.97780848	     -0.58908634	     -0.52733104	      0.94452423	     -0.16708626	     -1.93729124	     -2.84493935	     -1.73717082	      1.69752755	      4.95088436	     -8.85236434	      0.00000000	     -3.69793272	      0.91874575	     -4.57693208	      0.00000000	     10.34351173	      1.97814167	      0.00000000	     -3.47985993	     -1.87415172	     -6.06676388	      2.73511132	     -4.14227692	      9.95610573	     23.32120393	     82.87806774	     -2.46848764	     -7.64876923	      8.07869407	     24.81303671	     77.58599457
      1.78333330	      0.99788163	      1.97790168	     -0.59061174	     -0.52739886	      0.94545630	     -0.16712378	     -1.93474228	     -2.84402916	     -1.73918414	      1.69559251	      4.95016245	     -8.85339194	      0.00000000	     -3.70420738	      0.91884784	     -4.57732652	      0.00000000	     10.34209427	      1.97793504	      0.00000000	     -3.47993446	     -1.87410738	     -6.06733197	      2.73425796	     -4.14231869	      9.95611394	     23.32131623	     82.87785822	     -2.46875442	     -7.64887237	      8.07903069	     24.81313865	     77.58578676
      1.80000000	      0.97386957	      1.94762915	     -0.60847928	     -0.52686022	      0.94878101	     -0.16774000	     -2.00799877	     -2.81502407	     -2.03043868	      1.51808687	      4.70225879	     -8.94736416	      0.00000000	     -3.71706133	      0.90541231	     -4.68454956	      0.00000000	     10.01436824	      1.95792081	      0.00000000	     -3.43295709	     -1.81730547	     -6.06771119	      2.62795689	     -4.14900916	      9.95883149	     23.36473704	     82.82810063	     -2.59700769	     -7.66042198	      8.15987939	     24.81031194	     77.53546027
      1.81666670	      0.97833560	      1.94206170	     -0.61048674	     -0.52759914	      0.94829748	     -0.16761551	     -2.00010593	     -2.82315918	     -2.03012887	      1.50597643	      4.69707196	     -8.94604619	      0.00000000	     -3.71844070	      0.90324021	     -4.68200714	      0.00000000	     10.01139263	      1.95867995	      0.00000000	     -3.43208502	     -1.81785988	     -6.07299151	      2.62486997	     -4.15094288	      9.95860229	     23.36512237	     82.82674276	     -2.59201283	     -7.66053310	      8.16176917	     24.81281160	     77.53414627
      1.83333330	      0.95653608	      1.94101817	     -0.60624991	     -0.52528831	      0.94772740	     -0.16749384	     -2.00559086	     -2.82059560	     -2.02612040	      1.50809289	      4.69180857	     -8.94313708	      0.00000000	     -3.72951837	      0.90905403	     -4.68059411	      0.00000000	     10.00809967	      1.95878561	      0.00000000	     -3.43762653	     -1.81772464	     -6.07631140	      2.62636986	     -4.15170817	      9.95833624	     23.36607070	     82.82573096	     -2.58486158	     -7.66114207	      8.16296378	     24.81531093	     77.53317534
      1.85000000	      0.95468834	      1.93574358	     -0.59888149	     -0.52606082	      0.94816931	     -0.16764809	     -2.00026539	     -2.82302659	     -2.02066038	      1.49525172	      4.68760402	     -8.93891651	      0.00000000	     -3.73457299	      0.91437471	     -4.67949451	      0.00000000	     10.00764663	      1.95865239	      0.00000000	     -3.43609044	     -1.81691188	     -6.08031013	      2.61849274	     -4.15372473	      9.95815952	     23.36457240	     82.82430825	     -2.58456104	     -7.66150429	      8.16503395	     24.81638969	     77.53183143
      1.86666670	      0.96352642	      1.93141172	     -0.59382906	     -0.52751226	      0.94654986	     -0.16761599	     -2.00496651	     -2.82505537	     -2.01444107	      1.48587073	      4.68595724	     -8.93500151	      0.00000000	     -3.72663929	      0.91891519	     -4.67879664	      0.00000000	     10.00881511	      1.95816960	      0.00000000	     -3.43574894	     -1.81514642	     -6.08440098	      2.61002700	     -4.15667966	      9.95788610	     23.36244556	     82.82305260	     -2.58466794	     -7.66136165	      8.16689303	     24.81728957	     77.53069353
      1.88333330	      0.92777450	      1.93424996	     -0.59104098	     -0.52809479	      0.94538892	     -0.16774805	     -1.97737033	     -2.84528208	     -1.92465524	      1.32763176	      4.68350444	     -8.89484970	      0.00000000	     -3.62923210	      0.94866405	     -4.63131104	      0.00000000	     10.05782252	      1.95724200	      0.00000000	     -3.52814879	     -1.78247752	     -6.14329022	      2.55086461	     -4.20496916	      9.95087007	     23.34626006	     82.80503520	     -2.53377319	     -7.66019973	      8.19094668	     24.84534547	     77.51487805
      1.90000000	      0.94307620	      1.93549228	     -0.57282600	     -0.52508019	      0.94071736	     -0.16717749	     -2.00645600	     -2.83106104	     -1.91411149	      1.35277728	      4.68076129	     -8.89164693	      0.00000000	     -3.61036748	      0.96000206	     -4.63004293	      0.00000000	     10.06382090	      1.95467843	      0.00000000	     -3.53148790	     -1.78473529	     -6.14278671	      2.55414945	     -4.20636485	      9.95026899	     23.34848872	     82.80348486	     -2.53021979	     -7.65912655	      8.19312869	     24.84792161	     77.51350657
      1.91666670	      0.98229210	      1.94063137	     -0.49776213	     -0.52725282	      0.94599025	     -0.16745811	     -2.05895857	     -2.83901822	     -1.86417365	      1.45874167	      4.68359022	     -8.89236787	      0.00000000	     -3.57658077	      0.94333376	     -4.59594466	      0.00000000	     10.09220952	      1.95378375	      0.00000000	     -3.50987842	     -1.82274554	     -6.15516901	      2.49635556	     -4.23970581	      9.94435579	     23.34195130	     82.79072657	     -2.56437760	     -7.65519078	      8.21223243	     24.85229316	     77.50262057
      1.93333330	      1.04651265	      1.96168383	     -0.50010818	     -0.52388550	      0.94476663	     -0.16678643	     -2.12931271	     -2.85399250	     -1.84550302	      1.64521899	      4.70328091	     -8.93374678	      0.00000000	     -3.61851263	      0.95490579	     -4.53995756	      0.00000000	     10.06782217	      1.96405088	      0.00000000	     -3.49141617	     -1.86830785	     -6.22222100	      2.31313486	     -4.27214652	      9.93862911	     23.30765887	     82.77050514	     -2.62236992	     -7.66950025	      8.23999179	     24.85466326	     77.48539162
      1.95000000	      1.04230842	      1.97765653	     -0.50948426	     -0.52832003	      0.93991042	     -0.16703713	     -2.17364945	     -2.84632872	     -1.85013642	      1.68176486	      4.70962578	     -8.94110343	      0.00000000	     -3.60741772	      0.96505537	     -4.54317989	      0.00000000	     10.06704198	      1.96030876	      0.00000000	     -3.48540558	     -1.87192778	     -6.22198250	      2.30357580	     -4.27389078	      9.93829378	     23.30687272	     82.76893880	     -2.63117938	     -7.67100055	      8.24232706	     24.85381201	     77.48406873
      1.96666670	      1.12650303	      2.18640667	     -0.70142806	     -0.52848918	      0.94334892	     -0.16715272	     -1.73038843	     -3.10660418	     -1.66698056	      2.82675215	      5.41377681	     -9.63997583	      0.00000000	     -3.60798652	      1.19842558	     -4.56409719	      0.00000000	      9.55189618	      1.39823436	      0.00000000	     -3.75891115	     -2.13281838	     -6.05699875	      2.22666616	     -4.28830579	      9.87037710	     23.58520943	     82.48960066	     -2.68351866	     -7.85252105	      8.59749198	     25.20738646	     77.24463925
      1.98333330	      1.15812802	      2.25904361	     -0.80382959	     -0.53117035	      0.94142517	     -0.16643932	     -1.31353428	     -3.20613571	     -1.69439198	      3.68373721	      5.55005928	     -9.85282475	      0.00000000	     -3.56131773	      1.27805530	     -4.69606860	      0.11350951	      9.49015329	      1.17275584	      0.00000000	     -4.03571170	     -2.19732897	     -6.02907538	      2.33152534	     -4.30714986	      9.85005213	     23.70119349	     82.40322689	     -2.63502761	     -7.93111052	      8.69695501	     25.29737241	     77.16775049
      2.00000000	      1.20345565	      2.24268767	     -0.83494398	     -0.52970766	      0.94653195	     -0.16675641	     -1.06051189	     -3.20513531	     -1.59178789	      4.00504031	      5.60998178	     -9.88782411	      0.00000000	     -3.47677323	      1.23693005	     -4.58055734	      0.38573321	      9.46496987	      1.20468163	      0.00000000	     -4.22391366	     -2.20195150	     -5.99501501	      2.32963674	     -4.38627183	      9.83494209	     23.72040692	     82.37319627	     -2.69625845	     -7.97266730	      8.72843819	     25.30517382	     77.14142033
      2.01666670	      1.05274062	      2.28885943	     -0.90305170	     -0.52804505	      0.94879366	     -0.16670808	     -0.40368741	     -3.29619385	     -1.51143195	      4.82193752	      6.03433422	    -10.15597663	      0.00000000	     -2.96532634	      1.26309669	     -4.72744446	      1.00235451	      9.84105536	      0.99555044	      0.00000000	     -4.28036861	     -2.17663234	     -5.89701943	      2.40194394	     -4.39842106	      9.80283491	     24.02249196	     82.21468373	     -2.68098811	     -8.08735863	      8.88725835	     25.59728455	     76.99629641
      2.03333330	      1.03609769	      2.24316882	     -0.91094903	     -0.53023703	      0.94655921	     -0.16587963	      0.15167834	     -3.27204955	     -1.50535165	      5.76729964	      6.16389410	    -10.30757200	      0.00000000	     -2.62822732	      1.13917221	     -4.80513860	      1.71069663	     10.14039250	      0.96027520	      0.00000000	     -4.58067916	     -2.22479973	     -5.87427193	      2.38562764	     -4.46613232	      9.76608466	     24.16639154	     82.10591600	     -2.75857110	     -8.18096267	      8.98179578	     25.72273583	     76.89625848
      2.05000000	      1.05925556	      2.33056047	     -0.90286248	     -0.53538424	      0.94856394	     -0.16690182	      0.59199982	     -3.38873619	     -1.49043877	      6.66420334	      6.35110458	    -10.40924843	      0.00000000	     -2.05811763	      1.15727212	     -5.10279653	      2.80391518	     10.15868332	      0.77572783	      0.00000000	     -5.08732726	     -2.34726858	     -5.83849936	      2.52203594	     -4.48254270	      9.73962280	     24.27339189	     82.03748028	     -2.66995666	     -8.33736538	      9.01768956	     25.81777627	     76.83203446
      2.06666670	      0.92227063	      2.34130329	     -1.01973867	     -0.53617391	      0.94648050	     -0.16597279	      1.51994459	     -3.44966510	     -1.43287446	      7.91118166	      6.96668471	    -10.63346050	      0.00000000	     -1.22711269	      1.07636639	     -5.32890322	      4.04406621	     10.92243965	      0.67735629	      0.00000000	     -5.32008645	     -2.31349408	     -5.65186275	      2.54630361	     -4.55526627	      9.66166592	     24.50408228	     81.85074857	     -2.73970102	     -8.48012506	      9.13810616	     26.16446410	     76.66730115
      2.08333330	      1.07192952	      2.33740548	     -1.00420263	     -0.53926585	      0.93989573	     -0.16687227	      2.19734797	     -3.51906795	     -1.62118442	      9.24321906	      7.06668127	    -10.87711630	      0.00000000	     -0.52828770	      0.96393568	     -5.71581791	      5.41540274	     11.05481434	      0.42038750	      0.00000000	     -6.18512400	     -2.29041750	     -5.62780332	      2.86972534	     -4.63536911	      9.60960048	     24.62766284	     81.78137176	     -2.44035424	     -8.61121421	      9.15126413	     26.32068096	     76.60971599
      2.10000000	      0.74474198	      2.46604513	     -1.11134828	     -0.54017485	      0.93151618	     -0.16753454	      3.68897878	     -3.74352564	     -1.42987611	     11.36291601	      8.27876064	    -11.46084516	      0.00000000	      0.99802855	      0.94565901	     -6.23349997	      7.43385031	     12.11947878	      0.09013280	      0.00000000	     -6.22556035	     -2.39433773	     -5.46112206	      2.70583908	     -4.78012789	      9.40335097	     25.00102623	     81.44868242	     -2.62209966	     -8.79806930	      9.27205857	     26.99538098	     76.35219795
      2.11666670	      0.86679861	      2.49479598	     -1.16144475	     -0.54198276	      0.92742666	     -0.16772042	      4.72700518	     -3.89634742	     -1.39051546	     13.37473515	      9.13619089	    -12.03393910	      0.00000000	      2.04648223	      0.81558779	     -6.59817810	      9.45504855	     13.05901654	     -0.39274987	      0.00000000	     -7.15218942	     -2.36707140	     -5.40582657	      2.98240715	     -4.94781396	      9.27622590	     25.18102076	     81.29530828	     -2.39302053	     -8.93391629	      9.26556652	     27.23181306	     76.23336073
      2.13333330	      0.39571088	      2.56179794	     -1.27647435	     -0.54298822	      0.92751495	     -0.16933054	      6.56362017	     -4.16409548	     -1.50921663	     15.78898314	      9.94919705	    -12.40311017	      0.00000000	      3.70405677	      0.69064801	     -7.25343259	     11.65306912	     13.99621596	     -0.47771004	      0.00000000	     -7.13377929	     -2.31977748	     -5.20886844	      2.93479868	     -5.17778272	      9.04025352	     25.50528157	     80.98374540	     -2.51866459	     -9.03490087	      9.22882133	     27.74418898	     76.00286862
      2.15000000	      0.22359044	      2.65688718	     -1.34113006	     -0.54336534	      0.91969743	     -0.16951529	      8.04002732	     -4.46521564	     -1.55297453	     18.32113614	     11.07720240	    -12.68510420	      0.00000000	      5.18796995	      0.56730149	     -7.89290216	     14.02302572	     14.91860178	     -1.01099020	      0.00000000	     -7.59367754	     -2.33283156	     -5.07374700	      3.03235844	     -5.38312633	      8.84685916	     25.75272162	     80.73989887	     -2.48315096	     -9.16469091	      9.15082173	     28.11112091	     75.83653978
      2.16666670	     -0.32190804	      2.75277334	     -1.29818640	     -0.54625441	      0.91497994	     -0.16994827	     10.11634327	     -4.78912230	     -1.68154481	     21.06518875	     12.32213228	    -12.69506701	      0.00000000	      7.27543929	      0.36530714	     -8.45554092	     16.88534006	     16.08964206	     -1.13459738	      0.00000000	     -7.73330883	     -2.31795173	     -5.03023900	      3.05016143	     -5.59498716	      8.59895329	     26.21324498	     80.46397521	     -2.50248205	     -9.32569820	      9.03589987	     28.54825614	     75.67851307
      2.18333330	     -0.82893763	      2.78690789	     -1.24951238	     -0.54908622	      0.91205831	     -0.17144835	     12.12154856	     -5.08802504	     -1.96321698	     23.84693346	     13.58383092	    -12.51918253	      0.00000000	      9.28908800	      0.13248560	     -8.99978839	     19.51892983	     17.31985244	     -1.14957122	      0.00000000	     -8.04892451	     -2.22769165	     -4.98240726	      3.10797487	     -5.83268935	      8.34314548	     26.62481472	     80.21269600	     -2.44921448	     -9.47633911	      8.89736113	     28.95766257	     75.56887021
      2.20000000	     -1.42490335	      2.83635301	     -1.08806844	     -0.55255813	      0.90943507	     -0.17218778	     13.97402982	     -5.40230347	     -2.35406053	     26.01400371	     14.84274357	    -12.05633793	      0.00000000	     11.48322255	     -0.11318992	     -9.54899988	     22.10284056	     18.30451132	     -1.04972104	      0.00000000	     -8.30803565	     -2.18387131	     -4.93550444	      3.19692497	     -6.01193574	      8.08175938	     27.00111996	     79.98057725	     -2.32872652	     -9.68418401	      8.76511117	     29.33733788	     75.51997597
      2.21666670	     -2.04614155	      2.80745986	     -0.91664134	     -0.55472268	      0.90242803	     -0.17189922	     15.96606385	     -5.64415600	     -2.76293613	     28.46003041	     16.40946688	    -11.55955551	      0.00000000	     13.73012693	     -0.53990957	    -10.13357205	     24.91585997	     19.32702634	     -0.91448562	      0.00000000	     -8.67545678	     -2.08711037	     -4.87704954	      3.26749174	     -6.24167303	      7.82216052	     27.39664568	     79.79678798	     -2.23480760	     -9.85965805	      8.63699665	     29.75941467	     75.53492451
      2.23333330	     -2.75685095	      2.71693436	     -0.75726061	     -0.55995131	      0.89844115	     -0.17311968	     18.04260288	     -5.83953422	     -3.22605505	     30.83497177	     17.83689605	    -10.94604060	      0.00000000	     16.20038366	     -1.07520767	    -10.63286032	     27.92844539	     20.27136888	     -0.69195458	      0.00000000	     -9.05949730	     -1.92128004	     -4.74046870	      3.36182219	     -6.48691316	      7.52525930	     27.90485838	     79.64167396	     -2.06799938	    -10.03585456	      8.45308304	     30.19684942	     75.60260634
      2.25000000	     -3.53922586	      2.60863184	     -0.65908543	     -0.56273191	      0.89122138	     -0.17334112	     20.57612256	     -6.04151809	     -3.60099710	     33.65444311	     19.28597256	    -10.16461652	      0.00000000	     18.58923836	     -1.62079268	    -11.09317516	     30.66744644	     21.45535224	     -0.20689832	      0.00000000	     -9.48724997	     -1.72706882	     -4.56522477	      3.42999644	     -6.77562013	      7.14024793	     28.53352158	     79.49913086	     -1.90882964	    -10.18321696	      8.19013751	     30.72632634	     75.73974013
      2.26666670	     -4.31592936	      2.49609291	     -0.58385135	     -0.56557300	      0.88285915	     -0.17456296	     23.03361338	     -6.30349244	     -4.14010946	     36.52933830	     20.12664168	     -9.86526800	      0.00000000	     21.07691911	     -2.21095952	    -11.52142850	     33.71068490	     22.36328273	     -0.24235926	      0.00000000	     -9.96869331	     -1.52717443	     -4.40196100	      3.51370578	     -7.04638577	      6.72555874	     29.13352741	     79.39430401	     -1.79536422	    -10.29990349	      7.90544471	     31.25806950	     75.93872442
      2.28333330	     -5.30683584	      2.43543551	     -0.61539898	     -0.57213868	      0.87186537	     -0.17539476	     25.91776480	     -6.57162198	     -4.42612106	     39.46021166	     21.62232477	     -9.24636063	      0.00000000	     24.19878945	     -2.83087318	    -12.00899152	     37.10942476	     23.52660058	     -0.30370034	      0.00000000	    -10.37163073	     -1.38327158	     -4.24977449	      3.63144359	     -7.31971110	      6.28620358	     29.85815879	     79.32539971	     -1.72531088	    -10.46314005	      7.56052767	     32.01488742	     76.21333965
      2.30000000	     -6.09251128	      2.35614418	     -0.64739910	     -0.57628633	      0.87242010	     -0.17570225	     28.17632216	     -6.75176002	     -4.61538732	     41.55630973	     22.61572774	     -8.81788414	      0.00000000	     26.66839627	     -3.31652557	    -12.29135269	     39.61454137	     24.53965021	      0.04444377	      0.00000000	    -10.95581784	     -1.19361123	     -4.19538316	      3.91693606	     -7.51267483	      5.83385620	     30.42303584	     79.29613449	     -1.62847701	    -10.56991473	      7.18060723	     32.55870443	     76.53898126
      2.31666670	     -6.68573379	      2.26374925	     -0.65526255	     -0.57711020	      0.86613479	     -0.17433122	     29.92390266	     -6.81380068	     -4.77554887	     43.64142908	     23.69442052	     -8.59174335	      0.00000000	     28.88515199	     -3.89591898	    -12.50487238	     42.23693671	     25.59433063	      0.40689423	      0.00000000	    -11.78064848	     -1.06088282	     -4.13890600	      4.24965367	     -7.62883039	      5.41817302	     30.88943695	     79.30594458	     -1.56617596	    -10.75224707	      6.75783250	     33.15708596	     76.91802540
      2.33333330	     -6.99822482	      2.11370423	     -0.66386526	     -0.57761387	      0.86398334	     -0.17455650	     31.28433083	     -6.76977140	     -4.82764456	     45.33667809	     24.07039444	     -8.64707138	      0.00000000	     30.27071084	     -4.41624757	    -12.57720218	     44.20964602	     26.17741602	      0.91914423	      0.00000000	    -12.85967223	     -0.88624272	     -4.05280852	      4.69487401	     -7.71241241	      4.98324359	     31.24037971	     79.34925573	     -1.45050555	    -10.81595475	      6.27742206	     33.58607395	     77.36366235
      2.35000000	     -7.35628841	      1.99361562	     -0.61407145	     -0.57774473	      0.85291616	     -0.17633051	     32.80622828	     -6.84145378	     -4.70551018	     47.49227377	     25.00555217	     -8.55544639	      0.00000000	     32.16238452	     -4.88752710	    -12.53700774	     46.83177354	     27.07447573	      0.84303559	      0.00000000	    -13.84597994	     -0.69517396	     -4.11834984	      5.18637358	     -7.77227152	      4.55671595	     31.49850317	     79.41835808	     -1.38488377	    -10.88379250	      5.78536078	     33.97226141	     77.87416558
      2.36666670	     -7.83670680	      1.88145743	     -0.61378630	     -0.58595791	      0.84591102	     -0.17712671	     34.67534949	     -6.83773806	     -4.42211291	     49.86294843	     26.28752452	     -8.42054069	      0.00000000	     34.57290718	     -5.37573965	    -12.54381799	     49.82057260	     27.73618402	      0.38811184	      0.00000000	    -14.89051207	     -0.52737464	     -4.08148557	      5.74422019	     -7.87850491	      4.15863719	     31.84948921	     79.50108805	     -1.20402029	    -10.95659306	      5.27526698	     34.46744016	     78.39297530
      2.38333330	     -8.00646828	      1.86353164	     -0.57798646	     -0.59233261	      0.84640938	     -0.17832568	     36.16875973	     -6.91673043	     -4.04853324	     51.75809932	     26.86175798	     -8.69149303	      0.00000000	     36.05401923	     -5.51157199	    -12.44593284	     51.51254414	     28.11242709	      0.41116641	      0.00000000	    -16.58120184	     -0.49905366	     -4.10700291	      6.57135085	     -7.97046561	      3.92923727	     32.09454464	     79.54037386	     -0.68854912	    -11.05367049	      5.05096917	     34.66444136	     78.65107045
      2.40000000	     -8.61398531	      1.86220095	     -0.41247147	     -0.59617710	      0.84186186	     -0.17867281	     38.10715332	     -7.14539406	     -3.96834749	     53.68536404	     27.16758130	     -8.59199530	      0.00000000	     37.82265655	     -5.58185310	    -12.47020896	     52.87552010	     28.47599738	      0.82020131	      0.00000000	    -17.90918920	     -0.40953252	     -4.22016880	      7.15400016	     -7.98003252	      3.27104293	     32.73599841	     79.67728265	     -0.55043123	    -11.22146580	      4.51072668	     35.53772486	     79.45714976
      2.41666670	     -8.64297844	      1.86396315	     -0.16722386	     -0.59659429	      0.83898626	     -0.17889865	     39.22012114	     -7.39771953	     -3.97546863	     55.46424891	     27.05268174	     -8.75078025	      0.00000000	     38.72681531	     -5.63518286	    -12.40697929	     53.97263116	     28.51400979	      0.85413886	      0.00000000	    -19.86515813	     -0.32481790	     -4.16463524	      7.91701304	     -8.07118445	      3.15325444	     32.79009706	     79.68848258	      0.09332006	    -11.31284304	      4.42856372	     35.58862319	     79.54142770
      2.43333330	     -8.64072580	      1.81543214	      0.03607179	     -0.59905655	      0.82775471	     -0.17882617	     40.48551523	     -7.56969295	     -3.89726124	     57.97686310	     28.06387295	     -9.02174841	      0.00000000	     39.99483989	     -5.99124511	    -12.32006140	     56.17672953	     29.99109375	      1.51309794	      0.00000000	    -21.95808104	     -0.22667785	     -4.32897961	      8.76815030	     -8.00026926	      2.26971358	     33.13250943	     79.82364937	      0.53911439	    -11.56512119	      4.19797694	     36.31825495	     80.42450015
      2.45000000	     -8.58433512	      1.72766956	      0.41230331	     -0.60311385	      0.82051197	     -0.17879348	     41.62648527	     -7.71005622	     -3.88968863	     60.23568847	     29.10529190	     -9.54283561	      0.00000000	     41.26896154	     -6.28891476	    -12.18645099	     58.39151243	     30.59824898	      1.28541643	      0.00000000	    -24.07227984	     -0.12874150	     -4.27360128	      9.57954204	     -8.09463032	      1.94560263	     33.24186127	     79.87281381	      1.30586532	    -11.66705149	      4.10500879	     36.53219169	     80.72524963
      2.46666670	     -8.55002763	      1.40574821	      0.87154196	     -0.60688475	      0.81681013	     -0.17876137	     42.60901669	     -7.79103943	     -4.42640012	     62.15338153	     30.00668999	     -9.31083071	      0.00000000	     42.70123119	     -6.83707301	    -12.05330963	     60.45832331	     31.07589836	      1.78968513	      0.00000000	    -26.16399560	      0.37234782	     -4.33262610	     10.48044120	     -8.05020169	      0.93829641	     33.47015915	     80.02177312	      1.99335129	    -11.86725737	      4.07832089	     37.17618963	     81.72421066
      2.48333330	     -8.42194011	      1.37167693	      1.24312305	     -0.60945215	      0.80997994	     -0.17894913	     43.68434935	     -8.11033927	     -4.61374894	     64.19689864	     30.36315850	     -9.58672720	      0.00000000	     43.95654421	     -7.21386730	    -12.15354669	     62.45106820	     31.02743472	      1.72504454	      0.00000000	    -28.29650217	      0.34102678	     -4.32991742	     11.39276031	     -8.07747069	      0.81303125	     33.52970127	     80.03569296	      3.02443596	    -12.02381308	      4.00613330	     37.28743710	     81.82138831
      2.50000000	     -8.45914391	      1.29706249	      1.61331053	     -0.61330864	      0.79901965	     -0.17899792	     45.19091528	     -8.58116547	     -5.00915116	     66.52590631	     32.13552211	     -8.50085785	      0.00000000	     45.70325479	     -7.66101546	    -12.20804442	     64.77056333	     31.70887718	      2.12980186	      0.00000000	    -30.39988144	      0.44771183	     -4.04859648	     11.96725887	     -7.68548015	     -2.32345596	     33.84518769	     80.79548873	      4.18511002	    -12.39003516	      4.50627042	     37.87574951	     85.96061497
      2.51666670	     -8.42051384	      1.21671347	      1.76085127	     -0.61929305	      0.79509205	     -0.18063947	     46.39867662	     -8.84417252	     -5.12610208	     68.17091730	     32.32663086	     -8.56892945	      0.00000000	     47.03419947	     -8.05144118	    -12.35128666	     66.52468872	     31.62433888	      2.13221392	      0.00000000	    -32.44781865	      0.54867433	     -3.98323851	     13.07246418	     -7.82040862	     -2.36318007	     33.98118991	     80.82382404	      5.28053418	    -12.50242075	      4.41850340	     37.99776927	     86.02849064
      2.53333330	     -8.62792016	      0.89081418	      1.71981329	     -0.62301811	      0.78522439	     -0.18225333	     47.97253377	     -8.99443308	     -5.37671988	     70.05936376	     33.50728258	     -7.52234521	      0.00000000	     48.90343196	     -8.75058894	    -12.20916884	     68.88684661	     32.34472170	      2.66047111	      0.00000000	    -34.11887989	      0.96369275	     -3.54834066	     14.13133533	     -8.15859677	     -2.53695950	     33.90390048	     81.03228610	      6.28293554	    -12.55777738	      4.47988335	     38.34845923	     86.65840780
      2.55000000	     -8.64064724	      0.89465663	      1.74194140	     -0.63098302	      0.78233461	     -0.18306453	     49.44529567	     -9.25449514	     -5.26314788	     71.76720063	     33.61463414	     -7.56545614	      0.00000000	     50.05266591	     -8.89398838	    -12.31598611	     70.17186631	     32.37136752	      2.66940208	      0.00000000	    -36.17216279	      1.03219111	     -3.51302369	     15.43209192	     -8.34379256	     -2.65569745	     34.13358533	     81.06642744	      7.47974042	    -12.77146721	      4.42823880	     38.55601056	     86.79407901
      2.56666670	     -8.65022083	      0.96408439	      1.65235567	     -0.63457310	      0.77875144	     -0.18286999	     50.68852900	     -9.41280505	     -4.96832247	     73.08647257	     33.73698872	     -7.53553856	      0.00000000	     50.91111548	     -9.12209154	    -12.46810999	     71.28742679	     32.25706241	      2.60847889	      0.00000000	    -38.16350092	      0.85466063	     -2.81261297	     16.01256143	     -8.27652379	     -5.22213080	     34.90865502	     83.11879623	      8.94234073	    -13.13693312	      5.38156727	     39.09028183	     93.37401845
      2.58333330	     -8.62940479	      1.04667338	      1.73209663	     -0.63421342	      0.77329414	     -0.18417098	     51.58423709	     -9.73947603	     -4.80364374	     74.29472194	     33.77523172	     -7.60850276	      0.00000000	     51.68639734	     -9.13050445	    -12.45224111	     72.37056562	     32.54256795	      2.71521106	      0.00000000	    -40.04224444	      0.94501761	     -2.82304196	     17.11379113	     -8.52769272	     -5.27036244	     35.02011614	     83.15709772	     10.00217872	    -13.32310767	      5.23124347	     39.25623358	     93.42468514
      2.60000000	     -8.28068135	      1.09272402	      1.74758265	     -0.63880220	      0.76917981	     -0.18406715	     52.02026751	     -9.86381344	     -4.59760672	     75.35272857	     34.25886531	     -7.71763423	      0.00000000	     52.21525260	     -9.20258266	    -12.29837706	     73.61358514	     33.07358672	      2.91933128	      0.00000000	    -42.19220041	      0.96214033	     -2.69537741	     18.28640675	     -8.72994117	     -5.36720719	     35.09173260	     83.25728889	     11.07170332	    -13.54901347	      5.18702937	     39.68684430	     93.61014418
      2.61666670	     -7.78868795	      1.16328419	      1.58913597	     -0.63776786	      0.77243612	     -0.18346314	     51.96141673	     -9.79543198	     -4.31986241	     75.86068737	     34.16162011	     -7.71685224	      0.00000000	     51.95710551	     -9.30284572	    -12.31571385	     74.09485831	     32.78622440	      2.93041126	      0.00000000	    -44.61038240	      0.92375766	     -2.52457976	     19.50019134	     -8.83753104	     -5.51378231	     35.07493017	     83.36892869	     12.12936300	    -13.76253680	      5.22655342	     39.97368711	     93.82455131
      2.63333330	     -7.47907000	      1.41951841	      1.46275087	     -0.64115991	      0.76637761	     -0.18422851	     52.37317812	     -9.94395530	     -3.96321605	     76.66525548	     34.32936908	     -7.92705231	      0.00000000	     52.03045925	     -9.02840122	    -12.16847748	     74.68994903	     33.52754067	      2.92077754	      0.00000000	    -46.59599215	      0.73204844	     -2.49003520	     20.51464506	     -9.00689025	     -5.63997775	     35.13813740	     83.47819709	     13.13259793	    -14.04144857	      5.33235174	     40.26006974	     94.02297430
      2.65000000	     -7.09383554	      1.73421829	      1.36866188	     -0.64251559	      0.76575973	     -0.18401723	     52.58345068	    -10.07712552	     -3.48914606	     77.19482382	     34.31474851	     -8.15507818	      0.00000000	     51.70468951	     -8.79426192	    -12.36104028	     74.76236535	     33.92185330	      3.24137969	      0.00000000	    -48.70660000	      0.48059307	     -2.43939294	     21.59627742	     -9.15358358	     -5.79692673	     35.19745899	     83.61876931	     14.34485845	    -14.37062802	      5.52785656	     40.66384726	     94.26976943
      2.66666670	     -6.68105065	      1.87194745	      1.18724134	     -0.64116667	      0.76362996	     -0.18333394	     52.61114904	    -10.03504927	     -3.16855321	     77.76221436	     34.48448588	     -8.45289082	      0.00000000	     51.47979821	     -8.79306313	    -12.37731907	     75.09959513	     34.49878685	      3.31858447	      0.00000000	    -50.52995392	      0.33094618	     -2.35190512	     22.55713255	     -9.28654400	     -5.96063939	     35.30936138	     83.75262123	     15.30353822	    -14.62600641	      5.71419376	     40.88465991	     94.48356458
      2.68333330	     -6.26837005	      1.99815250	      0.99435788	     -0.64346451	      0.75794915	     -0.18298210	     52.84710887	     -9.97620334	     -2.79727019	     78.67706058	     34.87215423	     -8.63004911	      0.00000000	     51.44193972	     -8.88310794	    -12.41629727	     75.87327923	     35.15723803	      3.50442431	      0.00000000	    -52.07453136	      0.16668890	     -2.23258645	     23.37042537	     -9.41680564	     -6.10170458	     35.44764323	     83.89809276	     16.16061948	    -14.86673911	      5.87000609	     41.02233285	     94.67667192
      2.70000000	     -5.90070923	      2.16088425	      0.77171646	     -0.64310953	      0.75905735	     -0.18418997	     52.87676545	     -9.95662237	     -2.41071830	     79.24975395	     34.92956616	     -8.95614583	      0.00000000	     51.17060073	     -8.86788887	    -12.60044942	     76.22247866	     35.47607292	      3.48550292	      0.00000000	    -53.55276958	     -0.04458549	     -2.14116187	     24.09892474	     -9.59830884	     -6.21429150	     35.49688718	     84.07118160	     16.96917110	    -14.99021314	      6.00621345	     41.00675650	     94.86464574
      2.71666670	     -5.38319127	      2.22846617	      0.54471549	     -0.64015171	      0.75675956	     -0.18309104	     52.65878011	     -9.91471920	     -2.15064795	     79.93979524	     34.94018846	     -9.20021680	      0.00000000	     50.73650303	     -8.92339182	    -12.48150704	     76.81097155	     36.10272676	      3.57327051	      0.00000000	    -54.68994013	     -0.18514018	     -2.06733625	     24.53395084	     -9.70121670	     -6.31525032	     35.54055777	     84.27605940	     17.52049567	    -15.10705982	      6.13896615	     40.79633335	     95.05744542
      2.73333330	     -5.26009758	      2.31938594	      0.36108893	     -0.64003067	      0.75416991	     -0.18425420	     52.79419411	     -9.91242833	     -1.83433023	     80.51584999	     35.03506540	     -9.32695348	      0.00000000	     50.76676130	     -8.86432819	    -12.45010275	     77.32057475	     36.74570649	      3.65416019	      0.00000000	    -55.39017271	     -0.28235323	     -2.03068915	     24.87564417	     -9.85107908	     -6.36511735	     35.60486501	     84.36905789	     17.89342878	    -15.22618769	      6.13347625	     40.66067122	     95.12783435
      2.75000000	     -4.95811970	      2.48917439	      0.07043128	     -0.64172889	      0.75572550	     -0.18339337	     52.69925771	     -9.81987334	     -1.47195535	     80.81116895	     34.87071477	     -9.44902771	      0.00000000	     50.36099230	     -8.82966891	    -12.67885793	     77.42718471	     37.25987280	      4.05831141	      0.00000000	    -56.00478573	     -0.63587443	     -1.99270449	     24.98436413	     -9.92818052	     -6.38309123	     35.68753595	     84.62332145	     18.33490897	    -15.21974292	      6.17561698	     40.27076902	     95.30064368
      2.76666670	     -5.02032010	      2.49784194	      0.06435182	     -0.63988014	      0.75528756	     -0.18280166	     52.69842097	     -9.80034289	     -1.47475564	     80.82174591	     34.87115304	     -9.44957285	      0.00000000	     50.31626239	     -8.81254389	    -12.66445605	     77.45402178	     37.26316409	      4.05987440	      0.00000000	    -56.02411685	     -0.63173506	     -1.99378924	     24.98430029	     -9.93238983	     -6.38393001	     35.68656135	     84.62519210	     18.34279146	    -15.22549877	      6.17384206	     40.26716042	     95.30167963
      2.78333330	     -4.82791360	      2.54887796	     -0.16761011	     -0.63813412	      0.75810273	     -0.18289107	     52.16293188	     -9.51407035	     -1.20732879	     80.40446859	     34.90194138	     -9.61800658	      0.00000000	     49.72123999	     -8.87776217	    -12.82970329	     77.18516055	     37.63554714	      4.35224490	      0.00000000	    -56.32378773	     -0.88984705	     -1.87481440	     24.77197953	    -10.01285873	     -6.36537101	     35.79223749	     84.90016123	     18.54296435	    -15.19160976	      6.05243902	     39.66644331	     95.43861893
      2.80000000	     -4.99616739	      2.56047427	     -0.15426217	     -0.63933219	      0.76065262	     -0.18332780	     51.92803288	     -9.40271762	     -1.23425288	     79.63320296	     34.95065202	     -9.60748296	      0.00000000	     49.62050489	     -8.82461450	    -12.96372305	     76.67021917	     37.51317088	      4.38335301	      0.00000000	    -56.02061806	     -0.95111588	     -1.92209326	     24.43100732	    -10.01688077	     -6.36474895	     35.75987452	     84.93329353	     18.36347165	    -15.20376745	      6.04478193	     39.60040125	     95.45571630
      2.81666670	     -4.90520784	      2.59624444	     -0.22838344	     -0.63805526	      0.76460085	     -0.18322443	     51.28679746	     -9.24081433	     -1.12986261	     78.76851047	     34.91698582	     -9.73567310	      0.00000000	     48.99708244	     -8.80083307	    -13.12934127	     76.00538880	     36.71750883	      4.25631663	      0.00000000	    -55.75904683	     -1.09669134	     -1.80342033	     23.79170053	    -10.05472254	     -6.37202324	     36.04152581	     85.18465149	     18.19897352	    -15.07511170	      5.84150435	     39.38151175	     95.56342824
      2.83333330	     -4.98516508	      2.58776485	     -0.21713662	     -0.63776978	      0.76624965	     -0.18328389	     50.76727617	     -9.14728599	     -1.14301978	     77.82905755	     34.98399335	     -9.73907680	      0.00000000	     48.64459169	     -8.75300178	    -13.15039369	     75.48343620	     36.59588532	      4.22808742	      0.00000000	    -55.04340111	     -1.12176364	     -1.79819100	     23.12429161	     -9.98219567	     -6.35460423	     35.98250650	     85.24097392	     17.77871661	    -15.06460853	      5.81671895	     39.30539346	     95.58954524
      2.85000000	     -5.07184336	      2.42872935	     -0.21028542	     -0.63670896	      0.77041275	     -0.18374835	     50.04309102	     -8.95771190	     -1.30768758	     76.66934740	     34.65181400	     -9.98884031	      0.00000000	     48.30080558	     -8.73944453	    -13.00044515	     74.74732912	     35.85746044	      3.96616200	      0.00000000	    -54.30045023	     -1.00297867	     -1.61075701	     22.29994909	    -10.11275753	     -6.37980342	     36.43239391	     85.59751127	     17.43550587	    -14.83100640	      5.42827472	     39.25708627	     95.73030512
      2.86666670	     -5.26408491	      2.41390720	     -0.20803027	     -0.63510281	      0.77879628	     -0.18339432	     49.27457978	     -8.81045821	     -1.36284227	     75.19628987	     34.32892214	     -9.88255586	      0.00000000	     47.61536875	     -8.51610465	    -13.05745857	     73.38649151	     35.49265920	      4.12596178	      0.00000000	    -53.16022337	     -1.06367971	     -1.60761436	     21.51028691	     -9.99556990	     -6.34896407	     36.38698900	     85.69779320	     16.85356001	    -14.75563641	      5.36124471	     39.17931519	     95.77505932
      2.88333330	     -5.48501104	      2.43633970	     -0.31348574	     -0.63521161	      0.78648915	     -0.18368956	     48.47704525	     -8.64692492	     -1.41304814	     73.43872898	     33.36196905	     -9.88343877	      0.00000000	     46.64965412	     -8.25007547	    -13.21497220	     71.39676401	     34.58070257	      4.14161139	      0.00000000	    -52.20260295	     -1.12871378	     -1.61717040	     20.99090032	    -10.01015076	     -6.30987086	     36.54489719	     85.92049061	     16.52723276	    -14.70200233	      5.10060926	     39.10845999	     95.86215445
      2.90000000	     -5.60280451	      2.32788140	     -0.23237472	     -0.63466028	      0.79247896	     -0.18300783	     47.37626257	     -8.40789181	     -1.64149240	     71.45904276	     32.81821956	    -10.11744880	      0.00000000	     45.88025045	     -8.05444159	    -13.16125823	     69.68474612	     33.52156187	      3.56640895	      0.00000000	    -51.10177617	     -1.00808422	     -1.64040811	     20.28522816	     -9.92564287	     -6.20533200	     36.79459634	     86.35434400	     16.06243802	    -14.58597256	      4.71012368	     39.09460692	     96.05650148
      2.91666670	     -5.86951967	      2.27001774	     -0.13619546	     -0.63089752	      0.79796927	     -0.18282940	     46.43317595	     -8.31139664	     -1.88757179	     69.64774914	     32.37945240	     -9.92128640	      0.00000000	     45.23241080	     -7.95150232	    -13.39847249	     67.96867028	     32.68201090	      3.83874201	      0.00000000	    -49.55788708	     -0.92129258	     -1.70650023	     19.45873690	     -9.80934724	     -6.14388399	     36.67077208	     86.46003260	     15.37379566	    -14.52309920	      4.68756913	     38.98111928	     96.11019706
      2.93333330	     -6.15713180	      2.22434267	      0.10106485	     -0.62537820	      0.80347186	     -0.18231212	     45.31312725	     -8.37593554	     -2.33561399	     67.68247081	     31.49409839	     -9.77301660	      0.00000000	     44.37354522	     -7.70924982	    -13.53805935	     65.89734622	     31.68152231	      3.96742008	      0.00000000	    -47.95296897	     -0.74377403	     -1.89483577	     18.74986990	     -9.68226912	     -6.04339167	     36.49123746	     86.67051655	     14.78013026	    -14.54593679	      4.56844083	     38.65927738	     96.20503117
      2.95000000	     -6.35136001	      2.20037402	      0.45989385	     -0.62217138	      0.81157962	     -0.18259001	     44.02910727	     -8.49462299	     -2.81808622	     65.77351723	     30.84342197	     -9.78602698	      0.00000000	     43.29869931	     -7.35083157	    -13.59838881	     63.77634489	     30.77501702	      4.02471215	      0.00000000	    -46.20610197	     -0.56835522	     -2.20863150	     17.83891076	     -9.47436298	     -5.89971956	     36.15022533	     86.90770635	     14.03089972	    -14.51432048	      4.49152063	     38.15640441	     96.30918041
      2.96666670	     -6.43293030	      2.08156805	      0.72959970	     -0.61633998	      0.81719615	     -0.18257497	     42.56467642	     -8.49867128	     -3.34282911	     63.86710668	     30.05896636	    -10.04514624	      0.00000000	     42.21761060	     -7.08348315	    -13.46195831	     62.13479051	     30.23845691	      3.81661206	      0.00000000	    -44.26013036	     -0.32317704	     -2.55539259	     16.99769738	     -9.23447183	     -5.52784750	     35.34642452	     87.42301944	     13.12824243	    -14.38481477	      4.34121908	     37.25168257	     96.51214085
      2.98333330	     -6.77570334	      2.08855638	      0.94510952	     -0.61027403	      0.81968873	     -0.18161800	     41.69664785	     -8.65070805	     -3.77760520	     62.45383485	     29.20405750	     -9.93507924	      0.00000000	     41.40310854	     -6.86279161	    -13.49349481	     60.60850299	     29.81322603	      4.20392879	      0.00000000	    -41.97790564	     -0.30744705	     -2.71492045	     15.77618421	     -9.13207402	     -5.33548757	     34.84957232	     87.64102311	     12.05425181	    -14.27510610	      4.31450511	     36.88682485	     96.58959677
      3.00000000	     -7.23417421	      2.08291699	      1.08271600	     -0.60392933	      0.82717049	     -0.18065671	     40.59285085	     -8.62724264	     -4.16121338	     60.38890477	     28.61466621	     -9.82156568	      0.00000000	     40.25575261	     -6.59863721	    -13.63161252	     58.35287248	     29.23529305	      4.52442010	      0.00000000	    -39.35716671	     -0.31145000	     -2.95558913	     14.51703905	     -8.90437149	     -5.11923810	     34.24244475	     87.85629386	     10.78000548	    -14.14847854	      4.28197966	     36.30499374	     96.65494159
      3.01666670	     -7.76062002	      2.06691814	      1.07620072	     -0.60158942	      0.83378588	     -0.18030634	     39.49256943	     -8.46498453	     -4.49939090	     57.89270871	     28.10504544	     -9.49298493	      0.00000000	     39.26564392	     -6.33216351	    -13.65301586	     56.00598913	     28.54860365	      4.67084725	      0.00000000	    -36.61556724	     -0.38369115	     -3.18125421	     13.37072284	     -8.67617058	     -4.90539806	     33.78623823	     88.04553904	      9.43073099	    -14.03904089	      4.26128849	     35.65360195	     96.70097391
      3.03333330	     -8.60332986	      2.13339000	      0.91414275	     -0.60099269	      0.84182944	     -0.17972679	     38.94009196	     -8.26083242	     -4.65209060	     55.10105255	     27.20207888	     -9.32919244	      0.00000000	     38.69457956	     -5.85471918	    -13.63710843	     53.30137423	     27.02772593	      3.83695198	      0.00000000	    -33.62682614	     -0.60768308	     -3.44017936	     12.45455888	     -8.41461943	     -4.34883739	     33.02022741	     88.47031116	      8.20334541	    -13.85300381	      4.12322426	     34.70796054	     96.76667905
      3.05000000	     -9.04091207	      2.08638859	      0.78309582	     -0.59486401	      0.84981809	     -0.17923349	     37.66056471	     -7.99400172	     -4.99082997	     52.03943553	     26.44531354	     -8.81264028	      0.00000000	     37.43534330	     -5.57524354	    -13.72110547	     50.41216844	     26.25650515	      4.21313671	      0.00000000	    -30.87342214	     -0.72025018	     -3.46486944	     11.18651252	     -8.24369734	     -4.18895581	     32.73003560	     88.56324011	      6.80588265	    -13.62327638	      4.21324096	     34.42525196	     96.79141264
      3.06666670	     -9.47280325	      2.09392282	      0.90483195	     -0.59048849	      0.85624880	     -0.17878264	     36.35635621	     -7.85899151	     -5.31715622	     48.88712150	     24.70790753	     -8.91085799	      0.00000000	     36.31872128	     -5.06777689	    -13.52801003	     47.54057972	     24.60642008	      3.72707356	      0.00000000	    -28.20377860	     -0.77456588	     -3.90133319	     10.49548167	     -8.02269988	     -3.56423905	     31.87743194	     88.96219714	      5.72455131	    -13.49346386	      4.16170491	     33.68264961	     96.82755052
      3.08333330	     -9.84176424	      2.05739167	      0.92391194	     -0.58689825	      0.85523113	     -0.17816236	     35.53523798	     -7.75074839	     -5.74937911	     46.83140581	     23.85492473	     -8.61794600	      0.00000000	     35.51924966	     -4.84736591	    -13.63849343	     45.43075587	     23.88979086	      3.98546506	      0.00000000	    -25.48888721	     -0.87836453	     -4.00449404	      9.40268729	     -7.87736525	     -3.31398561	     31.60986009	     89.08829924	      4.49848419	    -13.34588329	      4.22386203	     33.57194693	     96.84419144
      3.10000000	    -11.01861910	      2.09041281	      1.10819398	     -0.58322303	      0.85921752	     -0.17859627	     35.53185093	     -7.74504199	     -6.07122895	     44.82397602	     22.55423722	     -8.87616751	      0.00000000	     35.63860095	     -4.35214955	    -13.52764668	     43.21384755	     22.82069100	      3.53417865	      0.00000000	    -21.80543758	     -1.09188632	     -4.46339336	      8.43551106	     -7.64706223	     -2.58189330	     30.84803159	     89.43419318	      2.99614878	    -13.25295108	      4.26176819	     33.23256351	     96.86196802
      3.11666670	    -11.59459329	      2.02864410	      1.22205078	     -0.57907376	      0.87156727	     -0.17815129	     34.24939912	     -7.47453138	     -6.50681634	     41.72696248	     21.70449918	     -8.39871807	      0.00000000	     34.80418063	     -3.98180871	    -13.50831997	     40.51898162	     21.85960196	      3.86000465	      0.00000000	    -19.10441420	     -1.20781646	     -4.48416926	      7.30516407	     -7.55243196	     -2.31820173	     30.51492253	     89.53736469	      1.81251514	    -13.01745982	      4.33319895	     33.13173089	     96.86924676
      3.13333330	    -12.47954796	      2.03703331	      1.45467522	     -0.57507745	      0.87765262	     -0.17751959	     33.66482798	     -7.28135383	     -6.63012145	     39.20265395	     20.26994139	     -8.65003775	      0.00000000	     34.21750084	     -3.37217801	    -13.18202898	     37.68907951	     20.07903441	      3.07057601	      0.00000000	    -16.18070292	     -1.34646033	     -4.73402485	      6.35585210	     -7.35686216	     -1.53131552	     29.78667164	     89.81575252	      0.56484107	    -12.90081831	      4.37873482	     32.91633491	     96.87408460
      3.15000000	    -13.11258790	      1.96398496	      1.67244648	     -0.57064075	      0.88453268	     -0.17710367	     32.35574678	     -6.95794804	     -6.97487862	     35.76624810	     19.29658617	     -8.20364500	      0.00000000	     33.02421673	     -2.95007172	    -13.05250894	     34.44174603	     18.98929601	      3.60941955	      0.00000000	    -13.60505172	     -1.46017830	     -4.72438187	      5.22027712	     -7.25397748	     -1.24612518	     29.42551595	     89.90073911	     -0.43590819	    -12.69795655	      4.46365552	     32.91081972	     96.88490897
      3.16666670	    -13.46489824	      2.05408966	      1.60282958	     -0.56821752	      0.89421463	     -0.17602276	     30.88263938	     -6.57286356	     -6.73995563	     32.20494732	     17.50617211	     -8.43101419	      0.00000000	     31.23445756	     -2.25850546	    -12.66722185	     30.30923820	     17.24427586	      3.66403885	      0.00000000	    -11.58101301	     -1.77234966	     -4.84935053	      4.60783269	     -7.15074800	     -0.30156069	     28.65084475	     90.16906881	     -1.26841568	    -12.54445860	      4.53744857	     32.71868725	     96.89960908
      3.18333330	    -13.64578439	      2.23534829	      1.53818406	     -0.55932414	      0.90001817	     -0.17535998	     29.06802414	     -6.33559167	     -6.63548274	     28.71825670	     15.79526672	     -8.09367781	      0.00000000	     28.98608054	     -1.53188713	    -12.56631677	     25.88590617	     15.55591567	      4.23205480	      0.00000000	     -9.61412451	     -2.16813510	     -4.83782787	      3.83277255	     -7.01658132	      0.40510624	     28.07243182	     90.35183489	     -2.22694572	    -12.36718241	      4.57246354	     32.58863902	     96.89862337
      3.20000000	    -14.00026007	      2.26491843	      1.37101789	     -0.55883054	      0.90588570	     -0.17573612	     27.54723489	     -6.00220947	     -6.70448494	     25.23589812	     14.43412499	     -7.60997294	      0.00000000	     27.37711537	     -1.07259711	    -12.42854088	     22.18276323	     14.18750598	      4.76908040	      0.00000000	     -7.52857467	     -2.30897051	     -4.59442552	      3.00490726	     -6.97163458	      0.75139801	     27.81983001	     90.43486109	     -3.10145532	    -12.17477658	      4.60877560	     32.64714177	     96.90137013
      3.21666670	    -13.53736737	      2.42766840	      1.12448591	     -0.55475431	      0.91580699	     -0.17527732	     25.17399784	     -5.63949835	     -6.08644646	     21.47902263	     12.56075987	     -7.95963249	      0.00000000	     24.63497381	     -0.37094324	    -11.93533356	     17.88886342	     12.55015056	      4.81697478	      0.00000000	     -6.89837547	     -2.61196666	     -4.42440136	      2.76257402	     -6.96835002	      1.72488159	     27.17356088	     90.66680944	     -3.52174480	    -11.96771364	      4.56034899	     32.56990968	     96.89868295
      3.23333330	    -13.31114322	      2.45644123	      0.99450968	     -0.55894815	      0.92759088	     -0.17441669	     22.94775314	     -5.20409326	     -5.74290688	     17.39986745	     10.52111343	     -7.82818133	      0.00000000	     22.36528612	      0.19565687	    -11.47844352	     13.78011039	     10.75821564	      5.18813861	      0.00000000	     -6.22997948	     -2.69564769	     -4.39863221	      2.52231748	     -6.98681427	      2.52519194	     26.99044310	     90.85743990	     -3.92120838	    -11.85642312	      4.50822759	     32.82685632	     96.92190789
      3.25000000	    -13.03704908	      2.45440309	      0.85793238	     -0.55235272	      0.92516098	     -0.17416711	     20.97012371	     -4.83317232	     -5.33139513	     13.91104926	      8.95557377	     -7.46665691	      0.00000000	     20.22990524	      0.61406080	    -10.98704230	     10.17586872	      9.39478809	      5.66685290	      0.00000000	     -5.62928775	     -2.71980167	     -4.37349753	      2.23669914	     -7.03189121	      3.11917234	     26.87995769	     91.00186553	     -4.36093221	    -11.72146325	      4.43163098	     33.14961689	     96.95549217
      3.26666670	    -12.76905110	      2.47056659	      0.71141067	     -0.54908503	      0.93072995	     -0.17431203	     19.08529842	     -4.53782080	     -4.97214604	     10.85995346	      7.73726955	     -7.19098533	      0.00000000	     18.23292931	      1.01564508	    -10.47731863	      6.96706149	      8.32247447	      5.92840683	      0.00000000	     -5.02703785	     -2.74576366	     -4.32854804	      1.91156434	     -7.09507679	      3.63443814	     26.78755615	     91.13418351	     -4.74451017	    -11.55859651	      4.35538176	     33.52965333	     97.01288644
      3.28333330	    -12.40616561	      2.47466800	      0.62930856	     -0.54329288	      0.93549570	     -0.17563513	     17.08177958	     -4.32235035	     -4.80885665	      8.21692455	      6.65301363	     -6.74641996	      0.00000000	     16.28317842	      1.33104944	    -10.27032197	      4.33710305	      7.06403304	      5.89455145	      0.00000000	     -4.42570243	     -2.72498490	     -4.35043111	      1.50324671	     -7.13188597	      3.99116446	     26.63361988	     91.23728023	     -5.16017399	    -11.40347573	      4.30883938	     33.72538265	     97.07836993
      3.30000000	    -12.09432392	      2.50444109	      0.44162357	     -0.53864784	      0.93747907	     -0.17565103	     15.42030395	     -4.16852664	     -4.48467589	      6.09826519	      6.09065061	     -6.29470427	      0.00000000	     14.49344591	      1.59953613	     -9.99659545	      2.16140330	      6.23123346	      5.88817407	      0.00000000	     -3.90660568	     -2.73777003	     -4.31086285	      1.09459999	     -7.20310033	      4.23995656	     26.51710606	     91.32341964	     -5.57298832	    -11.22089759	      4.24598599	     33.91582637	     97.14430342
      3.31666670	    -12.24174044	      2.49360844	      0.27099827	     -0.54129218	      0.93706546	     -0.17562630	     14.57193697	     -4.02197330	     -3.93863589	      4.02811215	      5.84360305	     -5.89830052	      0.00000000	     13.61204516	      1.81484203	     -9.56625005	      0.38249617	      6.19267949	      6.08491057	      0.00000000	     -2.88832341	     -2.69993902	     -4.25701808	      0.77313202	     -7.26640426	      4.29169888	     26.48452174	     91.34401464	     -5.90334519	    -11.07380500	      4.25965173	     33.98406636	     97.16408679
      3.33333330	    -11.97077883	      2.30805054	      0.39208678	     -0.54020424	      0.93959734	     -0.17509440	     13.24596976	     -3.73018137	     -3.88571398	      1.80311244	      4.61457339	     -5.58951099	      0.00000000	     13.05862111	      1.73097489	     -9.28015673	      0.00000000	      6.24659595	      6.26019648	      0.00000000	     -2.97589803	     -2.49231308	     -4.35295822	      0.71815924	     -7.33474544	      4.43090506	     26.44500260	     91.40810508	     -5.83146792	    -10.96046144	      4.20402995	     34.15977849	     97.22475283
      3.35000000	    -11.82291042	      2.19618310	      0.45772886	     -0.53967680	      0.94058420	     -0.17528092	     12.34091927	     -3.52795532	     -3.69783178	      0.26619525	      4.04605550	     -5.47722539	      0.00000000	     12.82445326	      1.67806157	     -9.02665774	      0.00000000	      6.74179145	      6.41729582	      0.00000000	     -2.84121897	     -2.37857132	     -4.43719696	      0.68207153	     -7.36234035	      4.51881304	     26.44232647	     91.46057823	     -5.84915881	    -10.89091443	      4.15136275	     34.26351662	     97.28408021
      3.36666670	    -11.78973698	      2.18252081	      0.40018315	     -0.54133181	      0.93351597	     -0.17546920	     12.18500934	     -3.48014684	     -3.63564384	      0.00000000	      4.07281987	     -5.49717450	      0.00000000	     12.77363660	      1.68474769	     -8.99986664	      0.00000000	      6.85099560	      6.38716275	      0.00000000	     -2.69210141	     -2.39254871	     -4.42832181	      0.80001519	     -7.38567991	      4.52140928	     26.49629956	     91.46656448	     -5.77465406	    -10.87209073	      4.14134925	     34.31318014	     97.29140637
      3.38333330	    -11.68096949	      2.16447791	      0.23688227	     -0.54265058	      0.93096654	     -0.17565009	     12.06888478	     -3.41414287	     -3.35141805	      0.00000000	      4.18095042	     -5.72416864	      0.00000000	     12.62312993	      1.66441768	     -8.83301732	      0.00000000	      7.28765920	      6.16308248	      0.00000000	     -2.70164175	     -2.31185070	     -4.33494756	      0.94131641	     -7.48970176	      4.53871947	     26.57270056	     91.49270105	     -5.71310124	    -10.80054250	      4.10091752	     34.38496073	     97.31879914
      3.40000000	    -11.62748712	      2.10700339	      0.25143497	     -0.54449311	      0.92891746	     -0.17556367	     12.03446023	     -3.29730217	     -3.30916669	      0.00000000	      4.16627434	     -5.81093751	      0.00000000	     12.52363627	      1.59173080	     -8.84465861	      0.00000000	      7.27040619	      6.09018632	      0.00000000	     -2.63886729	     -2.35900078	     -4.33153969	      1.05534793	     -7.52726255	      4.53358501	     26.62344577	     91.49715754	     -5.61483962	    -10.82598203	      4.08131044	     34.41378432	     97.32311695
      3.41666670	    -11.37990465	      1.92274296	      0.08377316	     -0.54701931	      0.92571239	     -0.17569823	     12.22174443	     -3.05146169	     -2.91793484	      0.94207688	      4.37550415	     -6.57700642	      0.00000000	     12.30952045	      1.35636670	     -8.68410219	      0.00000000	      7.25602948	      5.60518803	      0.00000000	     -3.24606560	     -1.98399217	     -4.18588876	      1.46004139	     -7.67270479	      4.52872606	     26.76017913	     91.52583479	     -5.35158805	    -10.81472638	      4.01912882	     34.41113563	     97.35119417
      3.43333330	    -11.03025301	      1.94302117	     -0.16186681	     -0.54812774	      0.92460285	     -0.17644346	     12.55741661	     -3.04986543	     -1.79917617	      2.30351545	      4.25377322	     -8.71195681	      0.00000000	     12.02281057	      1.34142588	     -8.28464420	      0.00000000	      6.72917549	      3.97945755	      0.00000000	     -3.88671966	     -2.03037107	     -3.71543866	      1.78828273	     -7.84063637	      4.57014071	     27.05352620	     91.69798995	     -4.73129927	    -10.69989741	      3.76851272	     34.23468590	     97.49563319
      3.45000000	    -10.84563097	      1.98613606	     -0.28799442	     -0.55233791	      0.92195074	     -0.17607552	     13.51087975	     -3.12362213	     -1.49018739	      4.34708231	      5.12048768	     -9.49953664	      0.00000000	     12.00927930	      1.37180001	     -8.38943443	      0.00000000	      6.40376492	      3.45727465	      0.00000000	     -4.50139057	     -2.02725220	     -3.58060994	      2.31834313	     -7.89925553	      4.52499739	     27.22184729	     91.75333256	     -4.31486471	    -10.75201676	      3.70547537	     34.17673838	     97.55215669
      3.46666670	    -11.03079877	      1.94040022	     -0.43574678	     -0.55237297	      0.91392863	     -0.17570201	     15.23614388	     -3.11285245	     -0.96441262	      7.09518570	      5.84838856	    -10.60005285	      0.00000000	     13.13144176	      1.11984419	     -8.33683234	      1.51548221	      6.63334632	      2.31623359	      0.00000000	     -4.75004237	     -1.98677480	     -3.21042744	      2.69116607	     -7.98048964	      4.43745103	     27.36925890	     91.89588785	     -3.87196071	    -10.79567308	      3.55393717	     34.07362709	     97.66614600
      3.48333330	    -11.51662937	      1.89646895	     -0.42787821	     -0.55279905	      0.91252819	     -0.17558472	     17.68860973	     -3.18358294	     -0.78901090	     10.64759285	      6.84029161	    -11.56394569	      0.00000000	     15.26381414	      0.75757369	     -8.65778985	      4.48802374	      7.42610205	      1.42140118	      0.00000000	     -4.71370036	     -1.93495521	     -3.09659833	      3.02326666	     -8.03499361	      4.23731031	     27.54688848	     92.06991729	     -3.50018778	    -10.78369295	      3.41109758	     33.88333859	     97.79559635
      3.50000000	    -11.99589283	      2.00241381	     -0.42510964	     -0.55414460	      0.90817232	     -0.17622461	     20.20128724	     -3.46007747	     -0.82946533	     14.53381845	      8.03737072	    -12.25472995	      0.00000000	     17.74298365	      0.48093554	     -9.20985215	      8.05662322	      8.21402974	      0.25121714	      0.00000000	     -4.77386742	     -2.09109792	     -2.97106780	      3.30447283	     -8.03105309	      3.99429053	     27.68064625	     92.26251246	     -3.22066469	    -10.85083143	      3.23968329	     33.75933577	     97.90721530
      3.51666670	    -12.50732386	      2.16725602	     -0.38483696	     -0.55657579	      0.90616673	     -0.17659275	     22.77261665	     -3.86254899	     -0.94471960	     18.40839486	      9.46486195	    -12.53118519	      0.00000000	     20.51304078	      0.20001914	     -9.80044634	     12.16306641	      9.21628653	     -0.76720502	      0.00000000	     -4.86367313	     -2.27709962	     -2.83101099	      3.53279229	     -7.98293909	      3.69980798	     27.76667354	     92.46481655	     -2.93580949	    -10.97273824	      3.05557418	     33.71511088	     98.00880031
      3.53333330	    -12.98934728	      2.30007215	     -0.30858209	     -0.55792290	      0.90039881	     -0.17742431	     25.33769526	     -4.31176075	     -1.18755202	     22.27551914	     11.12015665	    -12.49199783	      0.00000000	     23.41849660	     -0.17387779	    -10.38650753	     16.69242113	     10.53038371	     -1.58881206	      0.00000000	     -5.06959826	     -2.40540541	     -2.69336166	      3.75935212	     -7.97115929	      3.35183850	     27.95263056	     92.67561236	     -2.75127924	    -11.10735287	      2.85379538	     33.77631596	     98.10256728
      3.55000000	    -13.37895171	      2.34108983	     -0.22740477	     -0.56097038	      0.89656923	     -0.17772998	     27.78836073	     -4.73181025	     -1.56615662	     26.14238187	     12.68360652	    -12.19783889	      0.00000000	     26.19477602	     -0.69223434	    -10.97867092	     21.28206850	     11.96573879	     -2.10237391	      0.00000000	     -5.58079804	     -2.40897550	     -2.60388592	      4.04824437	     -7.98794890	      2.93531725	     28.16013525	     92.89134495	     -2.49126855	    -11.20334074	      2.63011046	     33.89853123	     98.19548567
      3.56666670	    -13.57041708	      2.31367112	     -0.17202939	     -0.56382202	      0.89173692	     -0.17901730	     29.95099557	     -5.14971044	     -2.06087288	     29.73366413	     14.29129240	    -11.68420247	      0.00000000	     28.67852087	     -1.29692343	    -11.60490091	     25.66305784	     13.63794332	     -2.27728559	      0.00000000	     -6.44689962	     -2.29765554	     -2.47218196	      4.46678885	     -8.05612714	      2.48063617	     28.31109296	     93.10427375	     -2.20413506	    -11.24742143	      2.35612214	     34.08623056	     98.28192637
      3.58333330	    -13.76121653	      2.27705545	     -0.08335468	     -0.56530535	      0.87905410	     -0.17901262	     32.26084877	     -5.69004273	     -2.75752536	     33.69583444	     15.87372365	    -11.01355866	      0.00000000	     31.30329731	     -2.02709629	    -12.33789438	     30.39318618	     15.33170774	     -2.50899127	      0.00000000	     -7.43103067	     -2.18702598	     -2.45147413	      4.90772269	     -8.11332912	      1.99481339	     28.44156146	     93.31622251	     -1.93107621	    -11.31595054	      2.04388150	     34.30630054	     98.37108686
      3.60000000	    -13.89853912	      2.26830644	      0.02135206	     -0.56703674	      0.86817212	     -0.18009872	     34.49279099	     -6.33766889	     -3.47471398	     37.81150515	     17.71446981	    -10.26589715	      0.00000000	     33.84163922	     -2.77950261	    -13.07310786	     35.08489363	     17.43752674	     -2.28041263	      0.00000000	     -8.39764314	     -2.08289634	     -2.57750007	      5.35995452	     -8.16884101	      1.44981840	     28.60479131	     93.51529346	     -1.70421212	    -11.35184761	      1.67981230	     34.42659495	     98.45304118
      3.61666670	    -13.95312268	      2.21285319	      0.03732576	     -0.56972284	      0.85979659	     -0.17956638	     36.55783297	     -6.88200988	     -4.08000597	     41.71247288	     19.85361034	     -9.36705261	      0.00000000	     36.05423952	     -3.63936773	    -13.76328041	     39.33112276	     19.74319395	     -1.58570740	      0.00000000	     -9.54932071	     -1.93287248	     -2.69506912	      5.97493354	     -8.19646488	      0.89201181	     28.69556762	     93.72222937	     -1.41229173	    -11.40300431	      1.22183709	     34.47510632	     98.52706904
      3.63333330	    -14.06676907	      2.03967878	     -0.02694104	     -0.57175086	      0.84368503	     -0.17917044	     38.81490985	     -7.30755337	     -4.67130259	     45.93077558	     22.44060058	     -8.26924040	      0.00000000	     38.43736833	     -4.75448109	    -14.14971995	     44.12063268	     22.60461205	     -0.55255492	      0.00000000	    -10.58671510	     -1.66542722	     -2.74017592	      6.63741478	     -8.26770288	      0.40193308	     28.72233363	     93.92081425	     -1.19146252	    -11.45287768	      0.71127703	     34.51793863	     98.58879953
      3.65000000	    -14.24431180	      1.78411168	      0.01069605	     -0.57160964	      0.83063827	     -0.17993241	     40.98134744	     -7.74790735	     -5.37375506	     50.06298609	     24.74981046	     -7.39666239	      0.00000000	     40.84755842	     -5.87255850	    -14.30414055	     48.96936163	     25.49799371	      0.64365722	      0.00000000	    -11.38836604	     -1.32328446	     -2.76587038	      7.19111563	     -8.36869010	     -0.07758560	     28.68545254	     94.09280434	     -1.01842573	    -11.45626334	      0.20221412	     34.38676825	     98.63869820
      3.66666670	    -14.18310912	      1.43173863	      0.00499844	     -0.57562288	      0.82903081	     -0.17944643	     42.69108586	     -7.93895191	     -6.00079640	     53.32323688	     26.52379715	     -6.70845150	      0.00000000	     42.62002364	     -6.90898176	    -14.32400331	     52.57331943	     27.69366119	      1.78791226	      0.00000000	    -12.60249874	     -0.95464728	     -2.69774510	      7.84914170	     -8.43627250	     -0.52868109	     28.62105948	     94.25075992	     -0.62944004	    -11.45763642	     -0.29698782	     34.17744291	     98.68656788
      3.68333330	    -13.78609780	      1.14459536	      0.11443802	     -0.57893787	      0.82651370	     -0.17885361	     43.71900380	     -8.10705088	     -6.48903587	     56.18565687	     27.84550468	     -6.36073187	      0.00000000	     43.58719962	     -7.69007836	    -14.19357629	     55.28199498	     29.34808984	      2.91260132	      0.00000000	    -14.36809360	     -0.67647809	     -2.69900792	      8.77339429	     -8.39858521	     -0.93783377	     28.48090902	     94.39388003	      0.04897456	    -11.56939126	     -0.69806769	     33.92049185	     98.74881758
      3.70000000	    -13.41195210	      0.97300062	      0.26995031	     -0.58308670	      0.81563944	     -0.18013133	     44.81832599	     -8.43049959	     -6.69701581	     59.20948160	     29.15471652	     -6.11410108	      0.00000000	     44.59172620	     -8.33730934	    -14.09542996	     57.94956418	     31.00615770	      3.84209263	      0.00000000	    -16.32368701	     -0.52233608	     -2.71862932	      9.72663741	     -8.38390550	     -1.33312775	     28.42358243	     94.51707139	      0.86817257	    -11.75891592	     -0.90545109	     33.77219067	     98.82909890
      3.71666670	    -12.99656926	      0.89524137	      0.41225972	     -0.58950899	      0.80981518	     -0.18118748	     45.88376722	     -8.72769034	     -6.63014914	     61.87436122	     30.12745895	     -6.20231806	      0.00000000	     45.77047845	     -8.77889932	    -13.96407557	     60.49733498	     31.70404539	      3.84714303	      0.00000000	    -18.56412583	     -0.50502550	     -2.76497730	     10.80697558	     -8.39322918	     -1.57689622	     28.48659547	     94.56439688	      1.94484906	    -11.99285094	     -0.94782005	     33.77961565	     98.87487375
      3.73333330	    -12.34375992	      0.76749974	      0.69379500	     -0.59227657	      0.80334577	     -0.18177823	     46.39500799	     -9.08626367	     -6.80438837	     64.18189531	     31.53685848	     -5.53006300	      0.00000000	     46.55940271	     -9.18487652	    -13.84097279	     62.82929791	     32.51416667	      4.63954462	      0.00000000	    -21.23321778	     -0.34548562	     -2.85795302	     12.03632743	     -8.39656498	     -2.18905486	     28.32349817	     94.64617878	      3.23331493	    -12.29664855	     -0.73456494	     33.73988149	     99.00028996
      3.75000000	    -11.70990743	      0.82658586	      0.95367697	     -0.59537277	      0.79937308	     -0.18338576	     46.92754559	     -9.56386994	     -6.84754245	     65.94619645	     32.76499641	     -4.94974311	      0.00000000	     47.10984517	     -9.28206492	    -13.81693394	     64.63416468	     33.05619839	      4.90242271	      0.00000000	    -24.13151890	     -0.40182225	     -2.83718141	     13.19356808	     -8.43002211	     -2.85567906	     28.24908070	     94.71609576	      4.64742858	    -12.61002105	     -0.36791982	     33.83567304	     99.11866840
      3.76666670	    -11.03891171	      0.83277884	      0.94706502	     -0.60299624	      0.79198833	     -0.18257872	     47.91078973	     -9.92666539	     -6.86016394	     68.29892056	     33.56543186	     -4.39865586	      0.00000000	     47.87494197	     -9.45951951	    -13.56845703	     66.57767660	     33.63600137	      4.96134185	      0.00000000	    -27.22176146	     -0.42849420	     -2.62419617	     14.49738887	     -8.53224109	     -3.58736549	     28.35382644	     94.77720572	      6.13138311	    -12.94132611	      0.08136308	     34.14989180	     99.22163041
      3.78333330	    -10.53281230	      0.90834918	      0.91758162	     -0.61004876	      0.78571828	     -0.18323863	     49.04141041	    -10.21880054	     -6.70575049	     70.20324376	     34.29859155	     -4.09335635	      0.00000000	     48.96402064	     -9.59279899	    -13.39503855	     68.66014765	     33.88427801	      4.65186988	      0.00000000	    -30.29631891	     -0.47357320	     -2.35377351	     15.83519572	     -8.68912582	     -4.37568425	     28.63345719	     94.83330425	      7.65777302	    -13.26565131	      0.54544227	     34.60100359	     99.29611254
      3.80000000	    -10.14433773	      0.89911187	      0.92060776	     -0.61428556	      0.77727923	     -0.18345405	     50.37907699	    -10.39755856	     -6.38818470	     72.34713314	     35.01546024	     -3.92063873	      0.00000000	     50.41585613	     -9.67425947	    -12.90547010	     71.03976598	     34.54299892	      4.30669570	      0.00000000	    -33.03631150	     -0.45049307	     -2.19799779	     17.14527475	     -8.85849900	     -4.68587901	     28.89729205	     94.84051792	      9.07474819	    -13.55364882	      0.63405810	     34.93249936	     99.30562263
      3.81666670	     -9.71269344	      0.86842602	      0.97451982	     -0.61837119	      0.76637964	     -0.18341714	     51.65068996	    -10.65226302	     -6.13711807	     74.86156668	     35.89977411	     -3.79044411	      0.00000000	     51.84405462	     -9.82858438	    -12.31419481	     73.76977029	     35.49002289	      4.20122682	      0.00000000	    -35.72462689	     -0.33259979	     -1.92216019	     18.45073110	     -9.12384761	     -5.07166939	     29.17903061	     94.83116501	     10.51207815	    -13.87780533	      0.75379459	     35.36884776	     99.31550946
      3.83333330	     -9.32626334	      0.81768259	      0.90865274	     -0.62270134	      0.75825883	     -0.18364237	     52.88754564	    -10.76242295	     -5.90187901	     77.20893623	     36.77196915	     -3.51190410	      0.00000000	     53.03953307	    -10.05155181	    -11.83257791	     76.08714248	     36.56954782	      4.64109707	      0.00000000	    -38.32079242	     -0.25099481	     -1.45341320	     19.63818729	     -9.45531500	     -5.82435342	     29.42269889	     94.81250822	     12.06561131	    -14.24139072	      1.15456771	     35.91799925	     99.34879267
      3.85000000	     -9.15523930	      0.83920870	      0.78336212	     -0.62621878	      0.75496518	     -0.18270820	     54.15494888	    -10.79380435	     -5.65924576	     79.04624171	     37.04916952	     -3.67150128	      0.00000000	     54.20340228	    -10.12296136	    -11.32988505	     77.79734885	     36.84898181	      4.43913104	      0.00000000	    -40.59918303	     -0.25683561	     -1.27344377	     20.93301419	     -9.60417403	     -5.98665944	     29.68481696	     94.80466128	     13.36795880	    -14.60347113	      1.10831452	     36.10274323	     99.33972612
      3.86666670	     -8.57788653	      0.76671301	      0.74849888	     -0.62848659	      0.74934431	     -0.18317325	     54.39903505	    -10.78611785	     -5.61441727	     80.24144552	     37.69449599	     -3.57229130	      0.00000000	     54.70839274	    -10.30741143	    -10.94233483	     79.27243011	     37.16464012	      4.34850474	      0.00000000	    -43.14460149	     -0.22180383	     -0.75099621	     21.98820004	     -9.88945515	     -6.72795624	     29.87027722	     94.77718239	     14.87187550	    -14.84709321	      1.51310616	     36.30934167	     99.36256581
      3.88333330	     -8.21929897	      0.73933416	      0.71403022	     -0.62722417	      0.74465762	     -0.18326626	     54.48975403	    -10.77207199	     -5.46007001	     81.12179269	     38.26695141	     -3.86294950	      0.00000000	     55.18741784	    -10.34956375	    -10.56470427	     80.65287804	     37.52849206	      4.01369844	      0.00000000	    -45.18342033	     -0.19834043	     -0.51097460	     22.84310816	    -10.03854125	     -7.05638762	     29.96847985	     94.77121653	     16.01939697	    -15.10882544	      1.65954075	     36.34471652	     99.36030040
      3.90000000	     -7.69778429	      0.69446751	      0.71938581	     -0.63112462	      0.74185797	     -0.18364561	     54.56157096	    -10.78448503	     -5.32187047	     81.97236675	     38.78879121	     -3.92193050	      0.00000000	     55.43483940	    -10.33626766	    -10.22989868	     81.80622943	     37.87318449	      3.97397493	      0.00000000	    -47.41690243	     -0.18521454	     -0.26522537	     23.68375614	    -10.24656094	     -7.37831392	     30.07511386	     94.76353629	     17.20919736	    -15.32572087	      1.81997659	     36.38058111	     99.35186147
      3.91666670	     -7.20987518	      0.67406137	      0.78968710	     -0.63294880	      0.73820899	     -0.18332600	     54.53407202	    -10.89438928	     -5.26267625	     82.83493163	     39.12972145	     -3.82649919	      0.00000000	     55.54813602	    -10.27586955	     -9.98189818	     82.60803752	     38.27310954	      4.13920081	      0.00000000	    -49.36366456	     -0.16981823	     -0.08106440	     24.56495878	    -10.44569384	     -7.65565017	     30.19815016	     94.76041592	     18.36346731	    -15.50946567	      1.98496629	     36.42090927	     99.33544060
      3.93333330	     -7.12227205	      0.68608317	      0.79174634	     -0.63544112	      0.73341942	     -0.18303878	     55.01706783	    -10.96767841	     -5.17866864	     83.72393613	     39.20121829	     -3.88817247	      0.00000000	     56.14300365	    -10.28139129	     -9.81012923	     83.48833237	     38.35624689	      4.12758385	      0.00000000	    -50.61227674	     -0.24414429	     -0.06905751	     25.29144581	    -10.57633940	     -7.71117800	     30.34786564	     94.75740861	     19.09999366	    -15.66843517	      1.94701514	     36.49768288	     99.32464109
      3.95000000	     -6.50095372	      0.67012782	      0.87084181	     -0.63625001	      0.72892022	     -0.18258761	     54.80800608	    -11.02069662	     -5.10614958	     84.41928391	     39.79586252	     -4.02650544	      0.00000000	     56.09534277	    -10.29463413	     -9.58333294	     84.26174621	     39.40337823	      4.74575840	      0.00000000	    -52.38607051	     -0.25920778	      0.05791969	     26.01401210	    -10.80400362	     -7.95936160	     30.57733485	     94.77243056	     20.20109592	    -15.84669423	      2.12375943	     36.38039039	     99.27555970
      3.96666670	     -6.48646200	      0.69481675	      0.97772284	     -0.63786379	      0.72545109	     -0.18219730	     55.17708035	    -11.11506644	     -5.01278750	     85.12525740	     40.13831266	     -4.17776635	      0.00000000	     56.86520149	    -10.29092586	     -9.39340823	     85.14103904	     39.61097438	      4.75463782	      0.00000000	    -53.35912058	     -0.30455763	      0.00708433	     26.56716129	    -10.91516270	     -8.01435062	     30.74043263	     94.77625659	     20.99997228	    -16.00791351	      2.09436797	     36.48845465	     99.25506380
      3.98333330	     -6.21546933	      0.56972245	      1.06360994	     -0.64005180	      0.72406226	     -0.18177711	     55.30702034	    -11.04541295	     -5.09534577	     85.61378616	     40.65849861	     -4.34065074	      0.00000000	     57.20356192	    -10.39893393	     -9.11993462	     85.90467675	     40.14167161	      5.09247936	      0.00000000	    -54.22850233	     -0.21783604	      0.10083144	     26.92628210	    -11.05541210	     -8.13519672	     31.05627595	     94.80662446	     21.62841384	    -15.98507653	      2.15370418	     36.43667380	     99.19943431
      4.00000000	     -6.16476621	      0.56239096	      1.12171226	     -0.64051918	      0.72358674	     -0.18153881	     55.52479259	    -11.00328498	     -5.07885164	     85.86219529	     40.75069973	     -4.42782044	      0.00000000	     57.53172081	    -10.45145981	     -9.00142781	     86.27320158	     40.12403746	      5.14829750	      0.00000000	    -54.85182121	     -0.23085329	      0.05140519	     27.29591369	    -11.12206773	     -8.16803234	     31.21430536	     94.81475630	     22.12243839	    -16.01401867	      2.12619568	     36.49784495	     99.18022164
      4.01666670	     -5.74265364	      0.36360878	      1.19015057	     -0.64033169	      0.72363829	     -0.18155268	     55.05112451	    -10.75365927	     -5.22811528	     85.77645240	     41.01517944	     -4.63112115	      0.00000000	     57.25399236	    -10.66935042	     -8.78181802	     86.52649725	     40.44798409	      5.54298344	      0.00000000	    -55.68943182	     -0.04817969	      0.19924199	     27.38139997	    -11.22705638	     -8.29909642	     31.87804381	     94.87434996	     22.52198928	    -15.87459192	      2.03885682	     36.51033708	     99.08226629
      4.03333330	     -5.45485084	      0.28620124	      1.24551231	     -0.64092578	      0.72633488	     -0.18154434	     54.63445283	    -10.59159694	     -5.25824062	     85.52418696	     40.75168565	     -4.84656747	      0.00000000	     56.77117333	    -10.72751305	     -8.74334407	     86.24239333	     40.53858033	      5.72988809	      0.00000000	    -56.27246668	      0.03125317	      0.25909315	     27.38126114	    -11.28901573	     -8.46061828	     32.52457736	     94.94576695	     22.83131040	    -15.73216537	      1.88893243	     36.62961665	     98.97857523
      4.05000000	     -5.35719582	      0.25623909	      1.33018169	     -0.64220574	      0.72937936	     -0.18242628	     54.23182608	    -10.63268394	     -5.38708185	     85.12036041	     40.29160464	     -5.14409710	      0.00000000	     56.44702950	    -10.61495558	     -8.73038798	     85.85959728	     40.17021636	      5.67220514	      0.00000000	    -56.53950631	      0.10583776	      0.29343948	     27.38475692	    -11.35209599	     -8.56890334	     32.79650928	     94.99881976	     23.13358907	    -15.53134402	      1.77481175	     36.89726106	     98.91579060
      4.06666670	     -5.00871101	      0.15961219	      1.26797461	     -0.64471481	      0.72999723	     -0.18202569	     53.75789542	    -10.36510139	     -5.34706637	     84.66984380	     39.87016519	     -5.54710620	      0.00000000	     55.82829295	    -10.66543948	     -8.67215140	     85.36502523	     40.38702892	      5.77768523	      0.00000000	    -56.78987666	      0.16921443	      0.36904858	     27.30852275	    -11.39089740	     -8.79806151	     33.44714292	     95.10712537	     23.17532067	    -15.39386678	      1.48795053	     37.16614021	     98.80999193
      4.08333330	     -5.01544154	      0.15667037	      1.25345276	     -0.64549407	      0.73139040	     -0.18202838	     53.61949527	    -10.26842742	     -5.30833546	     84.34734407	     39.75992123	     -5.53727375	      0.00000000	     55.66799169	    -10.60076979	     -8.73402528	     84.99162685	     40.35464787	      5.80461035	      0.00000000	    -56.42916309	      0.22484618	      0.33667918	     27.19769835	    -11.36082866	     -8.81199206	     33.51451435	     95.11891181	     23.07376959	    -15.29662905	      1.47962389	     37.21602403	     98.80325622
      4.10000000	     -4.75635818	      0.21442730	      1.07137425	     -0.64206001	      0.73864436	     -0.18239480	     52.87272787	    -10.06096953	     -5.16849160	     83.54507117	     38.77081468	     -6.14504001	      0.00000000	     54.74196363	    -10.67339102	     -9.09847189	     84.10699370	     39.81718730	      5.76325278	      0.00000000	    -56.40155040	      0.12238441	      0.34400293	     26.43736634	    -11.26322207	     -9.55232017	     35.07065469	     95.50617396	     22.53298813	    -14.96558193	      0.35148350	     38.25274902	     98.56486024
      4.11666670	     -4.65995067	      0.33363088	      0.87131961	     -0.64634952	      0.74363146	     -0.18154618	     52.63283109	     -9.87852664	     -5.02348954	     82.80691611	     38.04520087	     -6.19260682	      0.00000000	     53.91954431	    -10.59030854	     -9.43691207	     82.82271028	     39.28207333	      5.71976107	      0.00000000	    -55.97020955	     -0.03173694	      0.22084273	     26.25254933	    -11.16702833	     -9.61721042	     35.17984536	     95.60759061	     22.32646110	    -14.92169966	      0.23875292	     38.31636841	     98.55895360
      4.13333330	     -4.47337427	      0.52600053	      0.75896427	     -0.64385402	      0.74974708	     -0.18025906	     51.95561956	     -9.73555603	     -4.84471962	     81.80702869	     37.38227164	     -6.37866527	      0.00000000	     52.79945619	    -10.48572738	     -9.84915560	     81.36523601	     38.72879387	      5.87069579	      0.00000000	    -55.46540565	     -0.24282720	      0.06420811	     25.79582201	    -10.98321596	     -9.65357140	     35.28737495	     95.73054513	     21.97300104	    -14.85645531	      0.11719877	     38.43076106	     98.56064138
      4.15000000	     -4.52880018	      0.73710351	      0.65364198	     -0.64543151	      0.75192857	     -0.18089617	     51.57355905	     -9.65749980	     -4.64114714	     80.83703599	     37.07912228	     -6.83868035	      0.00000000	     52.17162669	    -10.31252703	    -10.19325625	     80.28466231	     38.10101175	      5.44485979	      0.00000000	    -54.61624388	     -0.47454671	     -0.12880672	     25.13810400	    -10.86938003	     -9.70950519	     35.59244271	     95.87334736	     21.44692614	    -14.83202211	     -0.02109242	     38.70509159	     98.57418173
      4.16666670	     -4.75759322	      0.99358485	      0.68550528	     -0.64515559	      0.75858343	     -0.17980890	     51.07239392	     -9.64562792	     -4.52985432	     79.37167123	     36.33768208	     -7.09554181	      0.00000000	     51.43485550	    -10.08656573	    -10.67130213	     78.78610477	     36.96893113	      4.96704146	      0.00000000	    -53.51869097	     -0.70817339	     -0.37426420	     24.36488280	    -10.68044884	     -9.83493724	     36.01668462	     96.06703764	     20.87712915	    -14.83151058	     -0.19143002	     39.16237474	     98.61954760
      4.18333330	     -5.05804433	      1.03792471	      0.64181214	     -0.64460667	      0.76540490	     -0.17932307	     50.32596612	     -9.42353126	     -4.60107717	     77.66011792	     35.74314244	     -7.15403316	      0.00000000	     50.67981023	    -10.02631882	    -11.00861710	     77.09955591	     35.97927095	      4.96489345	      0.00000000	    -52.23844615	     -0.82335270	     -0.47260754	     23.66867264	    -10.58070404	     -9.88416749	     36.13283783	     96.16533432	     20.20351162	    -14.80204663	     -0.24956521	     39.29882448	     98.65280757
      4.20000000	     -5.33667696	      1.18700990	      0.53217724	     -0.64152772	      0.77301255	     -0.17903294	     49.47044081	     -9.28818184	     -4.58545312	     75.76146630	     34.81115524	     -7.52051169	      0.00000000	     49.77882082	     -9.75705015	    -11.43796509	     75.16472014	     35.07503160	      4.49823057	      0.00000000	    -50.80645603	     -1.05639634	     -0.65687875	     22.74627929	    -10.37187973	     -9.94016485	     36.41372938	     96.36776474	     19.33490782	    -14.74994492	     -0.39535954	     39.52278874	     98.72485303
      4.21666670	     -5.69170521	      1.29411759	      0.55315252	     -0.64184861	      0.78366141	     -0.17984858	     48.48801227	     -9.21636530	     -4.72330137	     73.39043168	     33.64730133	     -7.47860763	      0.00000000	     48.81722656	     -9.36173516	    -11.81671466	     72.85702503	     33.86225476	      4.22510388	      0.00000000	    -49.32273989	     -1.13605981	     -0.82858486	     21.97324355	    -10.25111073	     -9.93278442	     36.42073435	     96.53989983	     18.69756116	    -14.64123041	     -0.44208656	     39.63862134	     98.80520293
      4.23333330	     -5.85764910	      1.35993154	      0.59748416	     -0.63746299	      0.79647454	     -0.17897134	     47.08128187	     -9.11581122	     -4.87539191	     70.75398997	     32.36509377	     -7.44958426	      0.00000000	     47.54537439	     -9.00572177	    -12.16855325	     70.25172856	     32.30949775	      3.85063741	      0.00000000	    -47.99994802	     -1.14640300	     -0.99439002	     21.15094648	    -10.08893320	     -9.89247824	     36.22880541	     96.71490303	     17.95418904	    -14.49549584	     -0.46907162	     39.52056080	     98.89127695
      4.25000000	     -5.96911931	      1.51652971	      0.72315479	     -0.63348814	      0.80606510	     -0.17816672	     45.30684243	     -9.09072431	     -5.13421601	     67.74663234	     31.09425233	     -7.55660397	      0.00000000	     45.92806993	     -8.54513087	    -12.58105809	     67.37709060	     30.72336598	      3.64061706	      0.00000000	    -46.60120653	     -1.23379667	     -1.23896840	     20.29204155	     -9.85754134	     -9.80202269	     35.89991545	     96.90826722	     17.14662779	    -14.36591398	     -0.48628180	     39.16410003	     98.98335459
      4.26666670	     -6.20684196	      1.64296796	      0.94882771	     -0.62767484	      0.80826336	     -0.17705722	     43.89608561	     -9.15799153	     -5.44885245	     65.34435448	     30.37410371	     -7.38960461	      0.00000000	     44.66109295	     -8.23078951	    -12.97773194	     65.02750475	     29.79645066	      3.83459836	      0.00000000	    -44.70427469	     -1.27922849	     -1.45103153	     19.17518956	     -9.64533259	     -9.72264168	     35.53023724	     97.01304596	     16.13555366	    -14.31591967	     -0.45538567	     38.78312831	     99.03290347
      4.28333330	     -6.39222335	      1.65064459	      0.96894856	     -0.62354763	      0.81732077	     -0.17661922	     42.22671776	     -8.93960543	     -5.71598106	     62.75470902	     29.75063309	     -7.27254229	      0.00000000	     43.34543158	     -8.01955260	    -13.21598840	     62.95998585	     28.83055585	      3.60354499	      0.00000000	    -42.72223760	     -1.27851881	     -1.63329318	     18.05329815	     -9.37926393	     -9.61782903	     35.08931127	     97.12462355	     14.98385879	    -14.21047167	     -0.42530396	     38.23652077	     99.07909758
      4.30000000	     -6.57846954	      1.73849960	      1.03878675	     -0.61638729	      0.82083359	     -0.17582309	     40.93206252	     -8.94454239	     -6.04556927	     60.84887301	     29.10289235	     -7.35314629	      0.00000000	     41.97123562	     -7.70311252	    -13.46961233	     60.86409220	     28.33206654	      3.68920672	      0.00000000	    -40.46933607	     -1.37798898	     -1.89330218	     16.87088640	     -9.11776545	     -9.48065175	     34.52931968	     97.24993966	     13.69642524	    -14.10382149	     -0.42726730	     37.48101052	     99.11235172
      4.31666670	     -7.00601308	      1.72284288	      0.95013562	     -0.61223794	      0.82876546	     -0.17469216	     39.72627147	     -8.64858580	     -6.25243497	     58.50874083	     28.73949883	     -7.07940314	      0.00000000	     40.74155562	     -7.60012372	    -13.82680281	     58.46609839	     27.65886753	      3.74555003	      0.00000000	    -37.90475427	     -1.47963346	     -2.00926710	     15.63388292	     -8.80791814	     -9.31473600	     33.95220877	     97.35286123	     12.35111266	    -14.01367411	     -0.42210837	     36.82226173	     99.13006565
      4.33333330	     -7.78552475	      1.76962831	      0.79321111	     -0.60286813	      0.82786629	     -0.17421510	     39.23461852	     -8.59863377	     -6.52569467	     56.86616910	     28.48563425	     -6.67749014	      0.00000000	     40.05673739	     -7.44187903	    -13.99647238	     56.59156675	     27.51905314	      3.94718351	      0.00000000	    -34.42456759	     -1.62382649	     -2.31348236	     14.49189150	     -8.41935862	     -8.87553100	     32.65003903	     97.58142124	     10.75601430	    -13.87494663	     -0.52720178	     35.33373816	     99.11609908
      4.35000000	     -8.70770111	      1.72982781	      0.45831154	     -0.60035964	      0.83225873	     -0.17495275	     39.00953034	     -8.33558990	     -6.65260850	     55.08985810	     27.63071828	     -6.56970591	      0.00000000	     39.61320976	     -7.27726948	    -14.06691923	     54.67926355	     27.54457593	      4.16579957	      0.00000000	    -30.87022186	     -1.71209116	     -2.33450338	     13.17670153	     -8.26812018	     -8.36235472	     31.76408059	     97.76099668	      9.00815726	    -13.62511818	     -0.57164072	     34.33231373	     99.06209951
      4.36666670	     -9.64994252	      1.78971228	      0.47304501	     -0.59773623	      0.84028704	     -0.17479746	     38.49638439	     -8.19818749	     -6.83234414	     52.74626667	     26.89338144	     -6.46566940	      0.00000000	     38.79695281	     -6.72372667	    -14.05672111	     51.87906564	     27.04216475	      4.28379195	      0.00000000	    -27.25188448	     -1.81035012	     -2.68962763	     11.89885268	     -7.98133012	     -7.79924808	     30.84713273	     97.88586845	      7.36439239	    -13.50400888	     -0.50869108	     33.33627081	     98.99583396
      4.38333330	    -10.29174238	      1.79813057	      0.39163310	     -0.59797457	      0.84902515	     -0.17609148	     37.67006065	     -7.96170294	     -7.05835751	     49.80099584	     26.03435720	     -6.12330446	      0.00000000	     37.97180011	     -6.30731724	    -14.24760528	     49.09702405	     25.95367178	      4.50574587	      0.00000000	    -24.35804959	     -1.82160106	     -2.75881863	     10.72073511	     -7.85301164	     -7.53306686	     30.44609404	     97.92191205	      5.94384440	    -13.32978517	     -0.40972070	     33.00628367	     98.97114609
      4.40000000	    -11.36073469	      2.02223924	      0.46864782	     -0.59404506	      0.85755826	     -0.17650076	     37.23639274	     -7.92397739	     -6.97081830	     46.68840554	     24.62422004	     -6.22183930	      0.00000000	     37.37867623	     -5.39789808	    -14.15321220	     45.58833848	     24.23870907	      4.00496921	      0.00000000	    -20.76301898	     -2.08648878	     -3.16870528	      9.67052747	     -7.58744188	     -6.76076229	     29.58818866	     97.98431402	      4.36470213	    -13.17380751	     -0.24993625	     32.43635201	     98.88159957
      4.41666670	    -12.20473539	      2.26459557	      0.58153210	     -0.59272840	      0.86639534	     -0.17677326	     36.60678169	     -7.93727051	     -7.04997167	     43.60260352	     22.88300500	     -6.29048444	      0.00000000	     36.52847730	     -4.52237102	    -14.37757165	     41.93360899	     22.16736446	      3.59925922	      0.00000000	    -17.92442378	     -2.40295810	     -3.40677019	      8.68604697	     -7.42183610	     -6.02844876	     29.19266636	     98.00845489	      3.08666190	    -13.04506862	     -0.06222192	     32.25431798	     98.79086031
      4.43333330	    -12.81360006	      2.48725435	      0.81987684	     -0.58764528	      0.87637254	     -0.17726377	     35.39363363	     -7.94851736	     -7.13409958	     40.19856012	     20.98324912	     -6.22401813	      0.00000000	     35.24237836	     -3.56936216	    -14.35528902	     37.96507957	     19.80332290	      3.23752423	      0.00000000	    -15.38060618	     -2.72897469	     -3.61739885	      7.63659471	     -7.24601242	     -5.41627524	     28.69593150	     97.99664187	      1.92984149	    -12.88628956	      0.16422190	     32.16466147	     98.71270148
      4.45000000	    -13.44952398	      2.64769872	      1.04884688	     -0.58104819	      0.88158154	     -0.17777355	     34.28321311	     -8.01784259	     -7.37862749	     37.01814471	     19.01263050	     -6.39312990	      0.00000000	     33.87207595	     -2.67236447	    -14.26085635	     34.11550498	     17.80205895	      3.01257452	      0.00000000	    -12.94411784	     -2.93621310	     -3.67476002	      6.57104907	     -7.15000229	     -4.70883313	     28.13033206	     97.95279712	      0.78422053	    -12.73028196	      0.44736183	     32.16499472	     98.61729693
      4.46666670	    -13.95370018	      2.83865853	      1.12120355	     -0.57689899	      0.88824362	     -0.17756311	     32.85359997	     -7.87753545	     -7.29277611	     33.48929942	     17.60486801	     -6.20327968	      0.00000000	     32.26292682	     -1.79466393	    -14.08149328	     30.14607167	     16.04565607	      3.04930324	      0.00000000	    -10.68047408	     -3.22942982	     -3.67633570	      5.61154482	     -7.05492035	     -3.98093099	     27.63907043	     97.88987533	     -0.24940850	    -12.53536386	      0.69907121	     32.14561089	     98.50976098
      4.48333330	    -14.56039715	      2.77587105	      1.00863638	     -0.57392278	      0.89151531	     -0.17700964	     31.62610072	     -7.42525118	     -7.33531275	     29.82292368	     16.37575835	     -5.67830504	      0.00000000	     30.98303456	     -1.33502179	    -13.92368220	     26.54181992	     14.65897000	      3.58031213	      0.00000000	     -8.39764952	     -3.19271141	     -3.48079364	      4.67937624	     -7.02375915	     -3.66398165	     27.37785583	     97.87695269	     -1.25762771	    -12.22876472	      0.81808914	     32.17753634	     98.47285354
      4.50000000	    -14.82952103	      2.82032499	      0.80215372	     -0.57181567	      0.90221630	     -0.17719962	     29.97805103	     -6.91886704	     -6.75751379	     25.87329700	     14.72293134	     -5.95393085	      0.00000000	     29.23112971	     -0.64736991	    -13.15774674	     22.48951955	     12.85470239	      3.08031710	      0.00000000	     -6.74446325	     -3.25358707	     -3.17200300	      4.09639920	     -7.05623443	     -2.62922380	     26.80260337	     97.83937770	     -2.00294209	    -11.94956037	      0.94075002	     32.16397650	     98.33669023
      4.51666670	    -14.92647653	      2.74076272	      0.61596882	     -0.56797083	      0.90975300	     -0.17714619	     27.96567310	     -6.31760971	     -6.32504587	     21.64022688	     12.95367442	     -5.91135246	      0.00000000	     27.22396396	     -0.13692805	    -12.51167970	     18.37841153	     11.34211404	      3.28964422	      0.00000000	     -5.33834843	     -3.13408890	     -2.96964931	      3.52007265	     -7.13126891	     -1.62147464	     26.49359042	     97.77259095	     -2.82478484	    -11.67350746	      1.02743971	     32.28051145	     98.20295226
      4.53333330	    -14.76869775	      2.72767988	      0.48285869	     -0.56388094	      0.92011189	     -0.17695764	     25.39430490	     -5.79181603	     -5.91389656	     17.23820531	     11.09490637	     -5.62391338	      0.00000000	     24.78596151	      0.42221269	    -11.72245192	     14.22749175	      9.75478535	      3.58152201	      0.00000000	     -4.29506314	     -3.09809191	     -2.82894898	      3.02127964	     -7.11162692	     -0.80353886	     26.21106104	     97.70012466	     -3.51257298	    -11.45045707	      1.09776487	     32.35374476	     98.10057467
      4.55000000	    -15.00227491	      2.68987216	      0.36959374	     -0.55865381	      0.92420218	     -0.17715628	     23.49576659	     -5.37728534	     -5.75424598	     13.42769458	      9.36976022	     -4.93151679	      0.00000000	     22.87697163	      0.85572911	    -11.31814378	     10.42978273	      8.25049660	      4.24478806	      0.00000000	     -2.69806356	     -3.01193938	     -2.74440258	      2.22683036	     -7.06327018	     -0.50514327	     26.02114946	     97.67978263	     -4.35637099	    -11.20963822	      1.18644128	     32.44652032	     98.07885225
      4.56666670	    -13.90868223	      2.66078083	      0.11404861	     -0.55337190	      0.93442044	     -0.17715799	     20.24979431	     -4.93725615	     -5.15299829	      9.65133082	      7.41633964	     -4.97248039	      0.00000000	     19.42376037	      1.31766323	    -10.48602842	      6.52117901	      6.90337336	      4.36785612	      0.00000000	     -3.22529045	     -2.86399796	     -2.75076943	      2.07976862	     -7.06139269	      0.18098864	     25.71094310	     97.62778939	     -4.75828501	    -10.96198187	      1.25129318	     32.65415880	     98.01759691
      4.58333330	    -13.37475323	      2.63964058	     -0.00386057	     -0.54858824	      0.93616578	     -0.17599721	     17.79900226	     -4.58154952	     -4.89633025	      6.52167506	      6.03220231	     -4.57086932	      0.00000000	     16.94091649	      1.64790040	    -10.05306782	      3.35186966	      5.92136288	      4.75929422	      0.00000000	     -2.92784761	     -2.82049282	     -2.77934473	      1.65760296	     -7.00478160	      0.74395014	     25.47816310	     97.55683718	     -5.39571929	    -10.84899960	      1.25321188	     32.91621922	     97.97050812
      4.60000000	    -12.86835941	      2.60978013	     -0.16329426	     -0.54748893	      0.94150422	     -0.17586140	     15.78638090	     -4.27772191	     -4.65371171	      3.90256897	      4.96064655	     -4.19619479	      0.00000000	     14.84668340	      1.88512738	     -9.59543972	      0.73695434	      5.24155280	      5.24994422	      0.00000000	     -2.81059574	     -2.77100869	     -2.74160499	      1.42205815	     -6.99828177	      1.19202562	     25.35039318	     97.47736807	     -5.81437222	    -10.67648736	      1.21879141	     33.15738992	     97.94236124
      4.61666670	    -12.85517454	      2.47377302	     -0.07403295	     -0.54339208	      0.94089221	     -0.17523818	     14.48981035	     -3.91086066	     -4.53529890	      1.64034252	      4.12305768	     -3.83409636	      0.00000000	     14.32989909	      1.85379516	     -9.15555992	      0.00000000	      5.49007055	      5.63132187	      0.00000000	     -2.21020190	     -2.63032112	     -2.79347612	      1.05346437	     -6.94201519	      1.33826206	     25.26432438	     97.44230236	     -6.22055654	    -10.60276694	      1.21416289	     33.25166943	     97.94082867
      4.63333330	    -12.87345328	      2.41837461	      0.03384794	     -0.54858350	      0.93952025	     -0.17459283	     13.67667118	     -3.69143633	     -4.41982908	      0.00000000	      3.89196186	     -3.75833195	      0.00000000	     14.33298492	      1.84318249	     -9.06923361	      0.00000000	      5.79201250	      5.68363066	      0.00000000	     -1.86296786	     -2.61789033	     -2.88566763	      0.88800673	     -6.83457517	      1.42033525	     25.24403572	     97.42838260	     -6.25278764	    -10.57087195	      1.21993146	     33.38894184	     97.94546559
      4.65000000	    -12.83927837	      2.43160870	      0.03609552	     -0.54865701	      0.93726895	     -0.17437783	     13.69679831	     -3.62573148	     -4.42485945	      0.00000000	      3.88648693	     -3.76056553	      0.00000000	     14.31924016	      1.88687204	     -9.06327384	      0.00000000	      5.79705059	      5.68608502	      0.00000000	     -1.85624723	     -2.62009865	     -2.88280891	      0.89770726	     -6.83008923	      1.42191239	     25.24822900	     97.42804737	     -6.25070893	    -10.56674808	      1.22118463	     33.39370251	     97.94576409
      4.66666670	    -12.78379944	      2.40775822	     -0.08507040	     -0.54840413	      0.93536298	     -0.17377460	     13.68240556	     -3.49009739	     -4.49537963	      0.00000000	      3.85185981	     -3.81267999	      0.00000000	     14.23640764	      1.83421882	     -9.00909625	      0.00000000	      5.87758419	      5.67801111	      0.00000000	     -1.74211974	     -2.67157845	     -2.85331327	      1.04050726	     -6.75387164	      1.44033860	     25.31312752	     97.42532852	     -6.16762593	    -10.53148510	      1.23419512	     33.47472160	     97.94934462
      4.68333330	    -12.50293673	      2.26653381	     -0.06205756	     -0.54442530	      0.93354127	     -0.17352676	     13.26634595	     -3.28674883	     -4.30888283	      0.00000000	      3.62041579	     -4.37545649	      0.00000000	     13.83851983	      1.68470984	     -8.75927014	      0.00000000	      6.33921080	      5.31283356	      0.00000000	     -2.05909292	     -2.48117507	     -2.72264738	      1.15576255	     -6.82008057	      1.54396121	     25.31679423	     97.36996442	     -6.16408928	    -10.54139890	      1.39003213	     34.12723655	     98.01439807
      4.70000000	    -12.47520777	      2.22024298	     -0.01376034	     -0.54457365	      0.93064231	     -0.17364662	     13.05992355	     -3.17706824	     -4.28799423	      0.00000000	      3.65096337	     -4.46836356	      0.00000000	     13.66810193	      1.62241771	     -8.80942352	      0.00000000	      6.35084048	      5.24432251	      0.00000000	     -1.89577031	     -2.48124804	     -2.73751025	      1.17470557	     -6.76164826	      1.55896175	     25.34537674	     97.36543305	     -6.11719958	    -10.57213233	      1.39563019	     34.18157965	     98.02018366
      4.71666670	    -11.68544026	      2.02260619	     -0.06529091	     -0.54495301	      0.93093659	     -0.17332886	     12.05353681	     -2.90108394	     -3.48092458	      0.00000000	      3.41264645	     -6.10607972	      0.00000000	     12.62088462	      1.36845150	     -8.41861343	      0.00000000	      6.45085812	      4.56873389	      0.00000000	     -3.00617218	     -2.19201097	     -2.75919434	      1.50138578	     -6.82336471	      1.62477424	     25.44659451	     97.27150557	     -5.87270597	    -10.62635221	      1.62203508	     34.46748159	     98.14331207
      4.73333330	    -11.25399937	      1.81306565	     -0.14736163	     -0.54851799	      0.92765071	     -0.17292404	     11.62179016	     -2.62413622	     -2.79694008	      0.15330362	      3.29469264	     -7.30509616	      0.00000000	     12.03812489	      1.09845641	     -8.29424428	      0.00000000	      6.47667184	      4.14633800	      0.00000000	     -3.57976772	     -1.84065402	     -2.70269230	      1.84451911	     -7.01361360	      1.64222645	     25.54743147	     97.20110195	     -5.54286088	    -10.50552875	      1.74137907	     34.48865482	     98.23470207
      4.75000000	    -10.96645245	      1.68827774	     -0.42904633	     -0.54611110	      0.92670916	     -0.17195820	     12.22480499	     -2.47078439	     -2.37329265	      1.86954669	      3.76234210	     -8.06286443	      0.00000000	     11.65732411	      0.84577234	     -8.30382429	      0.00000000	      6.44419971	      3.88388608	      0.00000000	     -4.08043889	     -1.65258173	     -2.55498966	      2.21280862	     -7.06308884	      1.64157824	     25.65419537	     97.16809973	     -5.23755996	    -10.49790822	      1.73495436	     34.38773710	     98.27482453
      4.76666670	    -10.61945394	      1.67376777	     -0.80690392	     -0.54766649	      0.92401759	     -0.17142183	     13.07215773	     -2.43742195	     -1.81969576	      4.12944126	      4.53854786	     -9.01337448	      0.00000000	     11.46760247	      0.70109069	     -8.42692990	      0.27974085	      6.29236051	      3.19570467	      0.00000000	     -4.81466587	     -1.56173232	     -2.26423722	      2.61146911	     -7.13936929	      1.64129342	     25.75289472	     97.14200194	     -4.85584237	    -10.46377245	      1.68789354	     34.21334781	     98.30986345
      4.78333330	    -10.89766809	      1.62460123	     -0.95522127	     -0.55248311	      0.92260590	     -0.17065486	     14.93898440	     -2.39536901	     -1.31814327	      6.77769646	      4.95169061	    -10.37851137	      0.00000000	     13.24013585	      0.32455133	     -8.47422839	      2.73901947	      6.71781020	      1.99099983	      0.00000000	     -5.05811621	     -1.51636217	     -1.90100745	      2.88665832	     -7.19777031	      1.60961523	     25.96917659	     97.08721756	     -4.23482177	    -10.47646765	      1.57545785	     33.93031799	     98.40384849
      4.80000000	    -11.16171015	      1.71716907	     -0.89847443	     -0.55239868	      0.91692395	     -0.17088621	     16.84506577	     -2.59460094	     -1.16900277	      9.73916947	      6.10568339	    -11.17366951	      0.00000000	     15.39543316	      0.06131443	     -8.85897284	      6.04541251	      7.59912948	      0.91448684	      0.00000000	     -5.26890658	     -1.59912499	     -1.87652246	      3.13192292	     -7.24073416	      1.45922980	     26.16896632	     97.02986572	     -3.83917606	    -10.53969587	      1.54897061	     33.79130025	     98.50482729
      4.81666670	    -11.60528451	      1.74918753	     -0.82267931	     -0.54947807	      0.90949424	     -0.17036009	     19.06959330	     -2.79571390	     -1.22653969	     13.29420248	      7.49144039	    -11.63840512	      0.00000000	     17.98582831	     -0.42340788	     -9.35755298	     10.05216347	      8.73123959	     -0.03992365	      0.00000000	     -5.29707048	     -1.53862743	     -1.79489510	      3.20458889	     -7.29926500	      1.19359394	     26.34003928	     96.96978199	     -3.59409910	    -10.62158407	      1.46925040	     33.69149873	     98.59750512
      4.83333330	    -12.13040294	      1.77439577	     -0.61529688	     -0.55430748	      0.90153920	     -0.17122208	     21.57683709	     -3.09768480	     -1.51564412	     17.04249798	      9.09270704	    -12.08471638	      0.00000000	     21.06971022	     -0.92926170	     -9.93625404	     14.60551097	     10.14259800	     -1.05576004	      0.00000000	     -5.34861104	     -1.47502098	     -1.73542682	      3.31380315	     -7.41391018	      0.86591991	     26.53640765	     96.91812446	     -3.26862123	    -10.73527579	      1.37713183	     33.69487299	     98.67795298
      4.85000000	    -12.78764786	      1.77293474	     -0.36647391	     -0.55450144	      0.89242102	     -0.17216872	     24.50498007	     -3.50883326	     -1.93980615	     21.29890663	     10.98384911	    -12.22991469	      0.00000000	     24.45960467	     -1.54445886	    -10.52672870	     19.87445041	     11.97564436	     -1.72798439	      0.00000000	     -5.20797397	     -1.33530818	     -1.80006420	      3.35150057	     -7.56100997	      0.48304272	     26.69559743	     96.87386641	     -3.11346213	    -10.82993505	      1.28380888	     33.80759790	     98.75023502
      4.86666670	    -13.45909550	      1.72640670	     -0.09959957	     -0.55458694	      0.88604930	     -0.17280307	     27.37068211	     -3.96487512	     -2.49552970	     25.69130487	     13.20845176	    -12.00111635	      0.00000000	     27.71127174	     -2.26608524	    -11.21104606	     25.17341540	     14.16063751	     -1.84690570	      0.00000000	     -5.04625002	     -1.12122728	     -1.84670803	      3.33425931	     -7.76766545	      0.03769180	     26.84852585	     96.83254736	     -3.05094208	    -10.90671372	      1.16015757	     34.02664632	     98.81529196
      4.88333330	    -14.18651536	      1.59065244	      0.10970824	     -0.55939131	      0.87248287	     -0.17330298	     30.81573283	     -4.45871252	     -3.23098656	     30.92209726	     15.75581218	    -11.50402151	      0.00000000	     31.38133171	     -3.19290625	    -11.91032268	     30.82285481	     16.58436690	     -1.82994556	      0.00000000	     -5.03452974	     -0.80103321	     -1.86753922	      3.47049409	     -8.05988950	     -0.40853526	     27.17686338	     96.80835023	     -2.96188493	    -10.99685684	      1.01659199	     34.40331360	     98.88683598
      4.90000000	    -14.83457009	      1.49438900	      0.29220625	     -0.56079193	      0.86340735	     -0.17306701	     34.17081432	     -5.08527567	     -4.00925144	     36.15623637	     18.31447147	    -10.69795501	      0.00000000	     34.61712299	     -4.09189082	    -12.45673665	     36.18809785	     19.30720888	     -1.12400151	      0.00000000	     -5.08997969	     -0.52603294	     -1.93639868	      3.71010569	     -8.30522067	     -0.86799282	     27.49135400	     96.80168164	     -2.89645773	    -11.09928741	      0.81942120	     34.75928432	     98.96240380
      4.91666670	    -14.99342084	      1.48647396	      0.41615521	     -0.55981596	      0.85933329	     -0.17351020	     36.62115460	     -5.81022811	     -4.73128058	     40.85447805	     20.65279675	     -9.57891382	      0.00000000	     36.78708861	     -4.84775849	    -12.94902916	     40.40142943	     21.73108023	     -0.15995594	      0.00000000	     -5.65952686	     -0.35640256	     -2.03469839	      4.06781351	     -8.44788981	     -1.34343871	     27.62128514	     96.80779258	     -2.80097715	    -11.19335193	      0.58898427	     34.97009046	     99.04176843
      4.93333330	    -14.85244421	      1.49325096	      0.40360322	     -0.56145397	      0.85128369	     -0.17358691	     38.45817546	     -6.46146418	     -5.40338549	     44.95553585	     22.90831562	     -8.41382935	      0.00000000	     38.43158890	     -5.66687774	    -13.42562237	     44.49867467	     23.92907888	      0.62801361	      0.00000000	     -6.65150481	     -0.21626690	     -2.06145642	      4.55613819	     -8.58784955	     -1.81146925	     27.55696566	     96.81731928	     -2.61663135	    -11.30755574	      0.28871479	     35.24549860	     99.11801589
      4.95000000	    -14.78207146	      1.55594565	      0.54640736	     -0.56219829	      0.83757452	     -0.17149259	     39.99124122	     -7.14818126	     -6.05322479	     48.69681464	     24.98631892	     -7.25793715	      0.00000000	     39.88970369	     -6.40866683	    -13.85935169	     47.97954688	     26.01671799	      1.84824423	      0.00000000	     -7.63157940	     -0.17422857	     -2.34217594	      5.06880848	     -8.58808722	     -2.33393726	     27.44615512	     96.80984125	     -2.42641219	    -11.53323587	     -0.05199502	     35.43510859	     99.20831275
      4.96666670	    -14.78113070	      1.52423542	      0.66757113	     -0.56488715	      0.82526111	     -0.17008124	     41.83187530	     -7.77908659	     -6.71686391	     52.51703105	     26.90752792	     -6.38697821	      0.00000000	     41.72580512	     -7.30004315	    -14.28146115	     51.72098728	     27.98092984	      2.84293196	      0.00000000	     -8.73029000	     -0.07750175	     -2.49111169	      5.70436126	     -8.62824559	     -2.85057191	     27.33754749	     96.79515415	     -2.09301903	    -11.75930512	     -0.42711406	     35.61848051	     99.29671538
      4.98333330	    -14.66281625	      1.27348589	      0.80808285	     -0.56673693	      0.81849228	     -0.16953627	     43.07640498	     -8.00345117	     -7.37755738	     55.56829370	     29.18598791	     -5.40288734	      0.00000000	     43.46604223	     -8.27471552	    -14.27201328	     55.38999648	     29.65940793	      3.65044639	      0.00000000	     -9.93686523	      0.19839738	     -2.53085905	      6.37714716	     -8.72044760	     -3.37996149	     27.15715319	     96.76382924	     -1.69474483	    -11.91443405	     -0.82077248	     35.70457145	     99.38181204
      5.00000000	    -14.39097600	      1.03531563	      0.93172009	     -0.56610853	      0.81218311	     -0.16935248	     44.04894952	     -8.24271621	     -7.84756238	     58.69350157	     30.95272076	     -4.76651858	      0.00000000	     44.97425678	     -9.15287950	    -14.12691397	     58.68801969	     31.10809991	      4.46668790	      0.00000000	    -11.43450027	      0.44272619	     -2.45427785	      7.09318475	     -8.80390889	     -3.91594783	     26.89077350	     96.72255183	     -1.25116399	    -12.01295870	     -1.22009741	     35.71456369	     99.47506938
      5.01666670	    -14.04480146	      0.88620071	      1.04102419	     -0.57017159	      0.80542884	     -0.16928364	     44.86807876	     -8.53327325	     -8.23618554	     61.37028201	     32.32709891	     -4.47508417	      0.00000000	     46.04619074	     -9.83330545	    -13.96521214	     61.45772095	     32.45734914	      5.14616487	      0.00000000	    -13.21791826	      0.55894162	     -2.36099297	      7.96534183	     -8.87794811	     -4.44404057	     26.75801215	     96.67280636	     -0.54016273	    -12.16035665	     -1.53498839	     35.71936717	     99.58257381
      5.03333330	    -13.55325261	      0.69370402	      1.11097557	     -0.57457092	      0.79977215	     -0.17024126	     45.75053608	     -8.69442974	     -8.34821769	     64.00952235	     33.59054752	     -4.17866573	      0.00000000	     46.77262064	    -10.25077970	    -13.50395825	     63.69895717	     33.79050945	      5.78940187	      0.00000000	    -15.38953622	      0.77831042	     -2.30272278	      9.08348748	     -9.00736178	     -4.98884914	     26.69170480	     96.61819704	      0.35953995	    -12.27638639	     -1.68675696	     35.71591449	     99.70605112
      5.05000000	    -12.78067737	      0.44304993	      1.27583042	     -0.57824244	      0.79932718	     -0.16962288	     45.83001184	     -8.72421278	     -8.56309690	     65.78166523	     34.65454038	     -3.94981398	      0.00000000	     47.24694327	    -10.63885129	    -13.01078950	     65.64162732	     34.71037633	      6.12897757	      0.00000000	    -18.16556986	      1.04535040	     -2.28841736	     10.33473633	     -9.11962415	     -5.59820245	     26.70263261	     96.55152668	      1.49157848	    -12.45155782	     -1.67578179	     35.75326322	     99.84288569
      5.06666670	    -12.17447322	      0.35712326	      1.44381175	     -0.58378196	      0.79004002	     -0.16964010	     46.71126012	     -9.02870968	     -8.60664750	     68.14549582	     35.60378176	     -3.95198225	      0.00000000	     48.00864370	    -10.81102886	    -12.54259825	     67.59405643	     35.90666268	      6.67431584	      0.00000000	    -21.03954681	      1.09370744	     -2.17214552	     11.58487016	     -9.25070915	     -6.26552598	     26.87471176	     96.48000856	      2.73252340	    -12.71118878	     -1.49187418	     35.93355368	     99.99051693
      5.08333330	    -11.63006746	      0.31141428	      1.61725655	     -0.59204365	      0.78533988	     -0.16938122	     47.78288773	     -9.31755236	     -8.60822905	     70.15191760	     36.47047861	     -3.60772093	      0.00000000	     48.84997432	    -10.87367226	    -12.15127184	     69.13565290	     36.40684764	      6.70286418	      0.00000000	    -24.17481600	      1.12913914	     -2.01504011	     12.98716802	     -9.42865142	     -6.99821102	     27.23672322	     96.39433822	      4.36323513	    -13.06937740	     -1.12066216	     36.34694324	    100.14849028
      5.10000000	    -11.05691743	      0.30021099	      1.68123897	     -0.59333838	      0.77883514	     -0.16993978	     48.75299736	     -9.63714696	     -8.56544052	     72.25482022	     36.85186091	     -3.54527218	      0.00000000	     49.65368057	    -10.92061955	    -11.63122786	     70.97295292	     36.87004205	      6.51348013	      0.00000000	    -27.19781677	      1.18905852	     -1.78265111	     14.32900308	     -9.65541771	     -7.75771667	     27.54866224	     96.29874596	      5.86739479	    -13.37757258	     -0.71279845	     36.84335250	    100.27380564
      5.11666670	    -10.66270785	      0.32800441	      1.50279421	     -0.59774457	      0.76922290	     -0.17025024	     50.01041205	     -9.82651118	     -8.29755464	     74.40016743	     37.51798872	     -3.55170791	      0.00000000	     50.74701188	    -11.09776501	    -11.23752467	     73.08918388	     37.54976135	      6.12868906	      0.00000000	    -29.77097376	      1.17652589	     -1.66442276	     15.80838498	     -9.84264283	     -8.05752225	     27.87953989	     96.25794726	      7.24097940	    -13.64053873	     -0.60182262	     37.01042774	    100.30397704
      5.13333330	    -10.38417289	      0.37222316	      1.35607098	     -0.60151754	      0.76109853	     -0.16975887	     51.41073735	    -10.09721213	     -8.06734711	     76.67496483	     37.68770303	     -3.59810561	      0.00000000	     51.96497222	    -11.22972350	    -10.83490964	     75.21448322	     37.91616422	      5.83352217	      0.00000000	    -32.29169524	      1.22025842	     -1.52589403	     17.23405285	    -10.07300669	     -8.24008002	     28.19894270	     96.22690388	      8.60849340	    -13.94443002	     -0.60626105	     37.19172204	    100.30858365
      5.15000000	     -9.61487520	      0.41072967	      1.07768391	     -0.60796953	      0.75940471	     -0.16962506	     51.92044899	    -10.14933860	     -7.85374631	     78.22145429	     38.25031503	     -3.32151165	      0.00000000	     52.57975071	    -11.30522963	    -10.45642550	     77.03436070	     38.38701041	      5.57788204	      0.00000000	    -35.54684297	      1.13280172	     -0.93389305	     18.75317782	    -10.41024883	     -9.01323854	     28.86478632	     96.09168704	     10.28626319	    -14.23081439	     -0.08367385	     37.62604048	    100.38626998
      5.16666670	     -9.48180220	      0.47697839	      0.83087050	     -0.61056937	      0.75269551	     -0.16886605	     53.09120873	    -10.10679509	     -7.48707993	     79.78598221	     38.69164582	     -3.41972403	      0.00000000	     53.72616478	    -11.31354742	    -10.07853194	     78.53714247	     38.92870343	      5.36369937	      0.00000000	    -37.84024569	      1.07213918	     -0.69512394	     20.13573769	    -10.61044915	     -9.18213694	     29.21510995	     96.06073414	     11.53903592	    -14.52880522	     -0.08174612	     37.80935571	    100.38762115
      5.18333330	     -8.80172808	      0.60152377	      0.54057575	     -0.61301786	      0.75153353	     -0.16845278	     53.22570670	    -10.10938306	     -7.15132619	     80.81449586	     39.04165002	     -3.39956866	      0.00000000	     53.80695560	    -11.37754597	     -9.89322337	     79.62660215	     39.59259435	      5.52200195	      0.00000000	    -40.76074682	      0.83112136	     -0.19371332	     21.35784453	    -10.88171455	     -9.65478356	     29.69581026	     95.96831626	     13.02720663	    -14.73848554	      0.23035330	     38.21364088	    100.42400990
      5.20000000	     -8.36423367	      0.68327445	      0.43643139	     -0.61328743	      0.74413825	     -0.16813579	     53.59444191	    -10.26167470	     -6.96500369	     81.95525734	     39.46701325	     -3.07328763	      0.00000000	     54.26841138	    -11.40692942	     -9.59188681	     80.93969222	     39.94770417	      5.53856589	      0.00000000	    -43.19895793	      0.71984953	      0.42300531	     21.86790039	    -11.04969148	    -11.56286035	     30.98870379	     95.59219024	     14.70868938	    -15.19474253	      2.10467644	     38.37765592	    100.59738183
      5.21666670	     -8.32143050	      0.73966697	      0.35242427	     -0.61655395	      0.73876085	     -0.16737025	     54.33819660	    -10.24992874	     -6.72127139	     82.99010554	     39.83390599	     -3.22193195	      0.00000000	     54.97714137	    -11.38303348	     -9.29319836	     82.14845815	     40.30068395	      5.43017247	      0.00000000	    -45.00314391	      0.70987342	      0.53769923	     22.91251671	    -11.22157036	    -11.61327240	     31.16083852	     95.58743768	     15.86255212	    -15.43785382	      2.00419255	     38.50949855	    100.57517577
      5.23333330	     -7.74332200	      0.75680696	      0.29272287	     -0.61653070	      0.73470715	     -0.16774672	     54.26132397	    -10.26413421	     -6.56595765	     83.90210390	     40.82093374	     -2.84882332	      0.00000000	     54.90596158	    -11.54036202	     -9.14135588	     83.08407695	     40.79912258	      5.50552772	      0.00000000	    -47.23739216	      0.66531009	      0.85228065	     23.80656593	    -11.51281602	    -11.77746359	     31.21238235	     95.57139893	     17.10547670	    -15.47136239	      2.10718194	     38.49503482	    100.53813546
      5.25000000	     -7.67694757	      0.75845478	      0.34766070	     -0.61876105	      0.73015242	     -0.16704031	     54.91557676	    -10.33110965	     -6.44361472	     84.93602947	     41.09847602	     -2.89773640	      0.00000000	     55.52259259	    -11.61036704	     -8.90494398	     84.22856155	     40.98893327	      5.31956656	      0.00000000	    -48.66453430	      0.65714039	      0.89862103	     24.55809370	    -11.62932611	    -11.81397085	     31.35807030	     95.56532418	     18.03164911	    -15.62843098	      2.08316904	     38.58710441	    100.52450999
      5.26666670	     -7.31157650	      0.70618912	      0.44898385	     -0.61717467	      0.72608695	     -0.16619171	     54.82844588	    -10.36046774	     -6.42733674	     85.75633264	     41.71678961	     -2.88276434	      0.00000000	     55.93759231	    -11.88277858	     -8.80868961	     85.42623422	     40.77422414	      4.83494967	      0.00000000	    -50.05103266	      0.69286978	      1.13991179	     24.88911772	    -11.75443174	    -11.89850138	     31.36846795	     95.55066965	     18.71384586	    -15.59276662	      2.18018637	     38.56182003	    100.50370765
      5.28333330	     -7.26595279	      0.71458846	      0.56979205	     -0.61733908	      0.72411584	     -0.16638997	     55.07147754	    -10.44883397	     -6.40611328	     86.24088446	     41.76184078	     -2.87554247	      0.00000000	     56.33986861	    -11.95708115	     -8.81575289	     86.12908931	     40.84446464	      4.79076181	      0.00000000	    -51.03808789	      0.70734731	      1.15129142	     25.22020184	    -11.78839911	    -11.91970979	     31.41646964	     95.54634838	     19.21962812	    -15.58169265	      2.18989419	     38.57041354	    100.49337143
      5.30000000	     -6.81081043	      0.65969741	      0.71204431	     -0.61617392	      0.72465520	     -0.16638143	     54.47960462	    -10.56574666	     -6.55332584	     86.39974159	     41.85763036	     -2.80480733	      0.00000000	     55.88552029	    -12.06042497	     -8.84027392	     86.25324255	     40.97339181	      5.01320536	      0.00000000	    -52.25991788	      0.74478187	      1.36117890	     25.45865161	    -11.87570813	    -11.99019815	     31.40349276	     95.53865161	     19.79445532	    -15.36527504	      2.27205246	     38.39977283	    100.45464550
      5.31666670	     -6.70351445	      0.68192806	      0.90668289	     -0.61851966	      0.72489538	     -0.16647925	     54.40396560	    -10.73726202	     -6.61979507	     86.57638293	     41.70761930	     -3.09227841	      0.00000000	     55.79152578	    -11.98817780	     -8.89108002	     86.11529483	     40.89856949	      5.28376527	      0.00000000	    -52.94131746	      0.76692771	      1.34074226	     25.62194079	    -11.82457155	    -12.00009271	     31.51504271	     95.53871429	     20.25229241	    -15.28755836	      2.32154865	     38.35779561	    100.43090223
      5.33333330	     -6.46125171	      0.67885444	      1.07757912	     -0.61833023	      0.72624953	     -0.16668922	     53.97595884	    -10.83318220	     -6.74413923	     86.48722619	     41.58315590	     -3.42682072	      0.00000000	     55.42548823	    -11.96966148	     -8.95983528	     85.86989131	     40.48711610	      5.29243739	      0.00000000	    -53.58964053	      0.79454710	      1.35511088	     25.71953865	    -11.76033824	    -12.00475981	     31.67551994	     95.54526405	     20.66672866	    -15.15846094	      2.38214126	     38.37544754	    100.40358481
      5.35000000	     -6.48979638	      0.65873418	      1.14121111	     -0.61633756	      0.72432093	     -0.16642909	     53.94977618	    -10.84413084	     -6.79430755	     86.57115931	     41.59231038	     -3.44827004	      0.00000000	     55.38060716	    -12.02566147	     -8.93966273	     85.83336843	     40.47440908	      5.27317355	      0.00000000	    -53.65745018	      0.78236217	      1.33454313	     25.66303247	    -11.68736897	    -11.99187403	     31.67286636	     95.54742894	     20.66466801	    -15.07352393	      2.40186977	     38.38515133	    100.40297834
      5.36666670	     -6.19333541	      0.56178601	      1.19166890	     -0.61815140	      0.72827474	     -0.16645541	     53.24206892	    -10.78144486	     -7.04073496	     86.07699679	     41.50512368	     -3.95682268	      0.00000000	     54.91534368	    -11.88189249	     -8.74935072	     85.57552831	     40.17744049	      4.87104256	      0.00000000	    -53.97284090	      0.84077117	      1.44919279	     25.45415097	    -11.58226069	    -11.97339739	     32.16228789	     95.57429487	     20.81305131	    -14.82644393	      2.36869656	     38.62577007	    100.36027824
      5.38333330	     -6.01125496	      0.62684598	      1.12200843	     -0.61674661	      0.73245948	     -0.16763615	     52.80923654	    -10.75543866	     -6.95274821	     85.63218451	     41.02990231	     -4.09580063	      0.00000000	     54.33256802	    -11.70906432	     -8.87804235	     84.97587418	     39.90413660	      4.71759107	      0.00000000	    -54.05495910	      0.76218083	      1.48080955	     25.10679247	    -11.50100030	    -11.99357066	     32.73649850	     95.61756128	     20.69043312	    -14.60841456	      2.24156290	     38.83467336	    100.30882188
      5.40000000	     -5.84880394	      0.64393383	      1.05723421	     -0.61797874	      0.73595507	     -0.16682266	     52.22125274	    -10.63593171	     -6.97165496	     84.86270939	     40.64678855	     -4.17713742	      0.00000000	     53.74144595	    -11.61485450	     -8.98596465	     84.26384945	     39.28580819	      4.42827489	      0.00000000	    -53.81215390	      0.70023431	      1.48764026	     24.73749607	    -11.34337074	    -12.00752033	     33.19340108	     95.66723737	     20.47514955	    -14.45735992	      2.09781027	     39.05649866	    100.27456613
      5.41666670	     -5.71333893	      0.65011459	      0.90298494	     -0.61897977	      0.73942597	     -0.16594005	     51.85878187	    -10.40595291	     -6.91748667	     84.16000083	     40.08268303	     -4.36391515	      0.00000000	     53.32466056	    -11.57491436	     -9.10765627	     83.52086151	     38.72859597	      4.05714549	      0.00000000	    -53.40539722	      0.56749093	      1.48919002	     24.25903943	    -11.15165497	    -11.99994699	     33.72439312	     95.73971661	     20.13770767	    -14.34509064	      1.90020191	     39.32481978	    100.24901713
      5.43333330	     -5.76568038	      0.65493249	      0.90432072	     -0.62086712	      0.74550963	     -0.16683385	     51.23418243	    -10.28124186	     -7.06200880	     82.80780524	     39.40618684	     -4.49223303	      0.00000000	     52.92042454	    -11.41985646	     -9.24785143	     82.40889981	     37.98444934	      3.92938649	      0.00000000	    -52.72522645	      0.55676686	      1.45411588	     23.79889131	    -11.00668702	    -11.98536001	     34.07361683	     95.81150676	     19.83313714	    -14.23367960	      1.76506881	     39.54269110	    100.24771790
      5.45000000	     -5.73914989	      0.66152337	      0.89158717	     -0.62025297	      0.75381802	     -0.16662055	     50.21484632	    -10.00229519	     -7.15719482	     80.85013547	     38.87182662	     -4.55455852	      0.00000000	     51.89817908	    -11.25362737	     -9.47453970	     80.63716130	     37.25874378	      3.66001925	      0.00000000	    -52.07829416	      0.49896925	      1.39399115	     23.18078468	    -10.79682137	    -11.94955837	     34.52193025	     95.94759382	     19.50591664	    -14.12622363	      1.58666114	     39.82209307	    100.28018481
      5.46666670	     -5.91646409	      0.66688378	      0.86947708	     -0.61960970	      0.76315295	     -0.16654964	     49.44986488	     -9.83176273	     -7.35218029	     78.82850398	     38.04382211	     -4.26278291	      0.00000000	     51.10500905	    -11.02121071	     -9.69993936	     78.73435873	     36.75015230	      4.07540949	      0.00000000	    -51.17769058	      0.46537330	      1.26987928	     22.62048949	    -10.58396999	    -11.90142515	     34.61476978	     96.01930949	     19.15819131	    -14.05640568	      1.56947440	     39.92170807	    100.31447332
      5.48333330	     -5.85423284	      0.70117539	      0.79667325	     -0.61693870	      0.77162299	     -0.16606019	     48.11452275	     -9.57424821	     -7.44419918	     76.69022057	     37.02856340	     -4.54764907	      0.00000000	     49.65434981	    -10.91793624	    -10.13118118	     76.63982231	     35.80904033	      3.91118420	      0.00000000	    -50.42334403	      0.36202409	      1.11903273	     22.00389975	    -10.30719578	    -11.81033826	     34.76158598	     96.15816672	     18.65818683	    -14.00805420	      1.54344484	     39.95415700	    100.38860993
      5.50000000	     -6.06797672	      0.79898504	      0.69569459	     -0.61541675	      0.77743048	     -0.16616827	     47.09007131	     -9.45794411	     -7.54843756	     74.62327321	     36.03549292	     -4.57640937	      0.00000000	     48.45571908	    -10.77044380	    -10.66146801	     74.49845873	     34.83587090	      3.95222602	      0.00000000	    -49.14894123	      0.26999379	      0.91080670	     21.31302468	    -10.08381482	    -11.73433234	     34.74539328	     96.24897079	     18.07248528	    -14.04483697	      1.56803754	     39.84519130	    100.44411417
      5.51666670	     -6.20535524	      0.88265342	      0.54387486	     -0.61230803	      0.78937950	     -0.16499039	     45.67160952	     -9.12300021	     -7.54790831	     71.87244560	     35.05096765	     -4.29596285	      0.00000000	     46.96066274	    -10.56449626	    -11.12999476	     71.96025757	     33.87226912	      3.82033203	      0.00000000	    -47.88241267	      0.06445935	      0.70976845	     20.58136045	     -9.74914270	    -11.61436689	     34.66151963	     96.34789129	     17.37576029	    -14.09367366	      1.60134070	     39.63710127	    100.50325160
      5.53333330	     -6.06545267	      0.99307967	      0.42883482	     -0.61012291	      0.79958029	     -0.16474717	     43.92069129	     -8.89338688	     -7.66943656	     69.22462646	     34.22564946	     -4.18475075	      0.00000000	     44.90510203	    -10.24040727	    -11.51085024	     69.14421738	     33.02427894	      3.62161923	      0.00000000	    -46.77972829	     -0.19000310	      0.47388616	     19.90061163	     -9.41279546	    -11.35054316	     34.42390957	     96.52768639	     16.67389473	    -14.07189071	      1.63257375	     39.26692367	    100.59263144
      5.55000000	     -6.34064392	      1.12310142	      0.48132928	     -0.60931912	      0.80750217	     -0.16600821	     42.75448650	     -8.81970069	     -7.82058349	     66.86257239	     33.17655772	     -4.15909526	      0.00000000	     43.57901936	     -9.85333090	    -12.05447344	     66.46956758	     31.91892427	      3.70706834	      0.00000000	    -45.14360160	     -0.30391295	      0.22025964	     19.10917429	     -9.23605036	    -11.14050268	     34.16871447	     96.64039373	     15.98564721	    -14.08294006	      1.69889568	     39.02078811	    100.65067710
      5.56666670	     -6.49990364	      1.21178651	      0.48163720	     -0.60010428	      0.81124869	     -0.16639183	     41.20262655	     -8.82102345	     -8.01598882	     64.53074226	     32.25552926	     -4.30592099	      0.00000000	     42.29502565	     -9.58285105	    -12.43603462	     64.50889744	     30.96546227	      3.55190685	      0.00000000	    -43.14753394	     -0.38465392	     -0.06063105	     18.08938446	     -8.97605786	    -10.89177288	     33.71509636	     96.75763003	     14.79764540	    -13.98968261	      1.78411790	     38.43599741	    100.70192072
      5.58333330	     -7.03210539	      1.43054826	      0.46166091	     -0.59897166	      0.81527851	     -0.16520725	     40.55440810	     -8.80705143	     -7.92427151	     62.67964184	     31.49113328	     -4.98764521	      0.00000000	     41.49298508	     -9.19460097	    -12.95698643	     62.38515398	     30.65060077	      3.83188603	      0.00000000	    -40.61276242	     -0.67934950	     -0.53736509	     17.12957539	     -8.62481546	    -10.29189958	     32.91454720	     96.99379064	     13.63626271	    -13.97905099	      1.79228643	     37.50239601	    100.75570266
      5.60000000	     -7.78902912	      1.50743207	      0.41286584	     -0.59445757	      0.81829718	     -0.16665563	     40.23331954	     -8.86199602	     -8.16243492	     60.91780092	     30.48301636	     -4.67077698	      0.00000000	     40.81328235	     -8.88107965	    -13.39148534	     60.15156898	     30.44668944	      4.63878315	      0.00000000	    -37.71744748	     -0.76292748	     -0.73131331	     15.88307045	     -8.51323793	    -10.00046275	     32.37637635	     97.08880006	     12.30356438	    -13.86131181	      1.85821889	     37.09255540	    100.77310111
      5.61666670	     -8.85475262	      1.62305743	      0.37209766	     -0.59082831	      0.82478497	     -0.16774697	     40.02616483	     -8.84019991	     -8.33447645	     58.70642816	     29.34702144	     -4.76256544	      0.00000000	     40.34594806	     -8.41702214	    -13.77190846	     57.60093965	     30.29371131	      5.27327501	      0.00000000	    -34.27065447	     -0.89681487	     -1.06609956	     14.62398194	     -8.28177111	     -9.63315818	     31.77865531	     97.18306261	     10.72431131	    -13.74465991	      1.94546731	     36.35318061	    100.78089045
      5.63333330	     -9.98183570	      1.61657266	      0.26825262	     -0.58900669	      0.83491373	     -0.16906113	     39.65590034	     -8.47842378	     -8.33293848	     55.78413583	     28.13980692	     -5.21218848	      0.00000000	     39.76174719	     -7.90646678	    -13.81818167	     54.73293089	     29.24149463	      5.02936750	      0.00000000	    -30.50286336	     -0.94051077	     -1.35171727	     13.47379397	     -8.01759861	     -8.78521089	     30.46866918	     97.35547419	      9.12582139	    -13.46544931	      2.02039576	     35.08171559	    100.73872427
      5.65000000	    -10.58786585	      1.57177845	      0.27102615	     -0.58272001	      0.84224258	     -0.17045476	     38.34091869	     -8.30190623	     -8.79676706	     52.48612305	     26.76902699	     -4.73002881	      0.00000000	     38.43880461	     -7.45259271	    -14.09055809	     51.44298589	     28.01978836	      5.57316150	      0.00000000	    -27.40470088	     -0.89100531	     -1.46291813	     12.07510266	     -7.89366374	     -8.49746220	     29.93110858	     97.39817011	      7.58009861	    -13.18955128	      2.15700636	     34.62713844	    100.72773545
      5.66666670	    -11.57627991	      1.64758519	      0.12032439	     -0.58444789	      0.85299080	     -0.17268091	     37.74588035	     -8.03919501	     -8.76607015	     49.03335319	     24.78683160	     -5.35465662	      0.00000000	     37.50636016	     -6.68001086	    -14.21763498	     47.68817614	     26.51280199	      5.26492348	      0.00000000	    -23.87398313	     -0.99106059	     -1.80145709	     11.29354638	     -7.89379664	     -6.54844619	     28.28229933	     97.56131047	      6.13562666	    -12.84741015	      2.38214988	     33.43839046	    100.49844960
      5.68333330	    -12.17418402	      1.66779963	      0.11294614	     -0.58345841	      0.85973701	     -0.17330715	     36.65472012	     -7.85970973	     -9.09304650	     45.63144534	     23.14980755	     -4.93660320	      0.00000000	     36.48079212	     -6.03019542	    -14.35798628	     44.20188068	     24.89220497	      5.31189056	      0.00000000	    -21.13190723	     -0.98739273	     -1.97970152	     10.15258569	     -7.78205305	     -6.29051845	     28.11614927	     97.55309140	      4.86093477	    -12.60034168	      2.55220284	     33.37650522	    100.47835758
      5.70000000	    -13.04977779	      1.88405205	      0.21262595	     -0.57940687	      0.86944944	     -0.17446764	     35.86329841	     -7.69885301	     -8.86736983	     42.05643946	     21.29435087	     -5.38238114	      0.00000000	     35.72341728	     -4.97613190	    -14.14672768	     40.56457006	     22.78131643	      4.31860291	      0.00000000	    -18.14572343	     -1.21473114	     -2.36296192	      9.09954077	     -7.59990737	     -5.55616863	     27.72196607	     97.51786132	      3.45440847	    -12.45457267	      2.86756585	     33.22440669	    100.40220344
      5.71666670	    -13.83763860	      1.97798399	      0.34531448	     -0.57734806	      0.87789930	     -0.17575064	     34.81483431	     -7.45296477	     -8.88168853	     38.17020319	     19.53954274	     -5.44104341	      0.00000000	     34.80884806	     -4.11048483	    -14.07616919	     36.74258654	     20.57328298	      3.91936759	      0.00000000	    -15.46657132	     -1.34641343	     -2.53683555	      8.06477378	     -7.51718041	     -4.83471526	     27.35601651	     97.46268929	      2.30673219	    -12.28627426	      3.21369669	     33.30514158	    100.33303513
      5.73333330	    -14.37670625	      2.20590641	      0.47962097	     -0.57470889	      0.88999110	     -0.17606610	     33.20254598	     -7.17118915	     -8.52795948	     33.73764834	     17.65730940	     -5.42936834	      0.00000000	     33.24668441	     -3.02190978	    -14.02933432	     32.10490166	     17.99257823	      3.74303308	      0.00000000	    -13.21547283	     -1.66563105	     -2.75854456	      7.13132211	     -7.34687557	     -4.09381983	     27.04060898	     97.39293420	      1.31987536	    -12.16388710	      3.58822506	     33.36063302	    100.26882649
      5.75000000	    -14.68584066	      2.38441594	      0.61366329	     -0.57273160	      0.89880744	     -0.17794666	     31.26867016	     -6.89021919	     -8.11127178	     29.21759348	     15.85571484	     -5.45509640	      0.00000000	     31.35232143	     -1.94307871	    -13.86235793	     27.35080409	     15.57770577	      3.86533719	      0.00000000	    -11.36372818	     -1.89718791	     -2.94130802	      6.31314111	     -7.24555867	     -3.33424848	     26.77036631	     97.30476462	      0.39655900	    -12.03797312	      3.98517101	     33.49738461	    100.19931847
      5.76666670	    -15.25110279	      2.41832594	      0.59720567	     -0.57137021	      0.89998465	     -0.17849683	     29.89087517	     -6.51300105	     -7.82899302	     25.11775627	     14.54932434	     -4.96878633	      0.00000000	     29.94710910	     -1.17507441	    -13.55246686	     23.16456853	     14.19533939	      4.57921240	      0.00000000	     -9.10567548	     -1.98557123	     -2.89192549	      5.36045759	     -7.20758892	     -3.03111482	     26.62831743	     97.28541791	     -0.56102049	    -11.80249955	      4.17771404	     33.66473136	    100.18439769
      5.78333330	    -15.15853555	      2.56699607	      0.42412488	     -0.56673411	      0.90958089	     -0.17965597	     27.65924153	     -6.12371376	     -6.86394148	     20.76024502	     12.43769104	     -5.62134810	      0.00000000	     27.50617273	     -0.21143444	    -12.80021462	     18.49312388	     12.25341398	      4.36970557	      0.00000000	     -7.91826080	     -2.13712766	     -2.85916615	      4.84298858	     -7.19975622	     -2.08247875	     26.30336231	     97.23414341	     -1.32517599	    -11.65651218	      4.50020071	     33.92389939	    100.11332552
      5.80000000	    -15.56297497	      2.53382586	      0.32336930	     -0.56634976	      0.91783094	     -0.18085854	     26.09683307	     -5.70855710	     -6.57226346	     16.69325300	     10.60262251	     -5.11060763	      0.00000000	     25.81115692	      0.40784207	    -12.43957720	     14.32643760	     10.57085882	      4.97661015	      0.00000000	     -6.09662510	     -2.08743055	     -2.80912434	      4.08143285	     -7.17923366	     -1.70255736	     26.15171049	     97.21928728	     -2.21140249	    -11.40895690	      4.66216173	     34.07451275	    100.09347696
      5.81666670	    -15.07445616	      2.64726459	      0.14914719	     -0.56528487	      0.92241422	     -0.18213927	     23.76319393	     -5.42165008	     -5.58189536	     13.05365740	      8.82526585	     -5.45970612	      0.00000000	     23.14517699	      1.18165584	    -11.54887537	     10.10984097	      8.67901550	      4.64782846	      0.00000000	     -5.77226122	     -2.19625067	     -2.80207310	      3.80124241	     -7.22612175	     -0.84200793	     25.89811404	     97.19422264	     -2.77424926	    -11.26340029	      4.86760260	     34.39671843	    100.04304017
      5.83333330	    -14.83148002	      2.61209371	     -0.12279033	     -0.56069757	      0.92677203	     -0.18316666	     21.66670435	     -5.08376165	     -5.32037850	      9.81010372	      7.23380722	     -5.28599437	      0.00000000	     20.89674317	      1.60489511	    -11.22892617	      6.41681871	      7.15148258	      4.85726369	      0.00000000	     -4.90247084	     -2.16211390	     -2.75925307	      3.30290172	     -7.31468832	     -0.07931152	     25.78994759	     97.15692359	     -3.55252038	    -11.08114353	      5.00900835	     34.75796084	    100.00055779
      5.85000000	    -14.57689303	      2.59059740	     -0.36848576	     -0.56257076	      0.92926606	     -0.18225780	     19.80514450	     -4.73961917	     -4.64258758	      6.63431144	      5.83301270	     -5.14251153	      0.00000000	     19.09177626	      1.93617121	    -10.58118381	      3.52891710	      6.14336566	      4.94139344	      0.00000000	     -4.43821786	     -2.17079377	     -2.67184486	      3.03207305	     -7.40684157	      0.73568808	     25.74957937	     97.09855532	     -3.99143229	    -11.01955924	      5.11110323	     35.20811443	     99.96924641
      5.86666670	    -14.32730074	      2.52026812	     -0.72156869	     -0.56050126	      0.93145044	     -0.18190837	     18.11857025	     -4.37532317	     -4.15661026	      3.81263348	      4.52413558	     -4.82295806	      0.00000000	     17.40133467	      2.10164219	    -10.05402074	      0.88062688	      5.45652654	      5.27427590	      0.00000000	     -3.92847716	     -2.12333514	     -2.53303251	      2.78214201	     -7.49334136	      1.40081353	     25.71995364	     97.03057792	     -4.51434411	    -10.91856831	      5.16718551	     35.42400349	     99.95164703
      5.88333330	    -14.40829166	      2.50860138	     -0.80511466	     -0.55795336	      0.93497934	     -0.18215079	     16.97084612	     -4.14245440	     -3.79721433	      1.27207297	      3.44760455	     -4.23441192	      0.00000000	     16.97851333	      2.19144926	     -9.80877712	      0.00000000	      5.14142703	      5.30987494	      0.00000000	     -3.12170800	     -2.20360462	     -2.51765126	      2.43591766	     -7.43885402	      1.63570495	     25.67278919	     97.00014909	     -4.88423896	    -10.91305890	      5.22051141	     35.58520691	     99.95654408
      5.90000000	    -14.38087461	      2.49741813	     -0.81988313	     -0.55768476	      0.92983829	     -0.18168173	     16.28315344	     -4.00119751	     -3.51238275	      0.00000000	      2.99215446	     -3.97435501	      0.00000000	     16.81978987	      2.18604598	     -9.54484870	      0.00000000	      5.34366047	      5.20031741	      0.00000000	     -2.64871101	     -2.29986637	     -2.55216782	      2.25496658	     -7.40393705	      1.81051731	     25.64983598	     96.97966597	     -5.04463828	    -10.96312486	      5.29496061	     35.76110736	     99.97109672
      5.91666670	    -14.36085852	      2.49791376	     -0.97919348	     -0.55804813	      0.92657461	     -0.18200625	     16.21237653	     -3.92647782	     -3.29949207	      0.00000000	      3.10825603	     -3.90722195	      0.00000000	     16.70946442	      2.16016320	     -9.37113470	      0.00000000	      5.58072472	      5.00951335	      0.00000000	     -2.28236387	     -2.37673995	     -2.46654676	      2.08959329	     -7.38774206	      1.94269334	     25.59908088	     96.96778333	     -5.17394121	    -10.98839530	      5.35814975	     35.90643589	     99.98468536
      5.93333330	    -14.31702919	      2.43281272	     -0.96750787	     -0.55612462	      0.92468217	     -0.18221011	     16.09141347	     -3.81611588	     -3.26255207	      0.00000000	      3.15804542	     -3.92985041	      0.00000000	     16.58094241	      2.11905563	     -9.41339536	      0.00000000	      5.62433529	      4.91635106	      0.00000000	     -2.02808778	     -2.46479428	     -2.51386074	      2.01450591	     -7.41288244	      1.95823940	     25.58332109	     96.96486071	     -5.16257081	    -10.98351693	      5.37186430	     35.94572665	     99.98759905
      5.95000000	    -14.39264668	      2.34342102	     -1.08946576	     -0.55944684	      0.92095990	     -0.18364972	     16.10667944	     -3.69197739	     -2.84576778	      0.00000000	      3.50215226	     -4.37539654	      0.00000000	     16.55960569	      2.06745705	     -9.15611152	      0.00000000	      6.06803694	      4.14868295	      0.00000000	     -1.54302694	     -2.32182831	     -2.24863858	      1.81585130	     -7.53454841	      2.14332187	     25.39897058	     96.93966275	     -5.27739624	    -10.96094430	      5.51223778	     36.03359099	    100.02041572
      5.96666670	    -14.31605416	      2.23680633	     -1.21441028	     -0.55930369	      0.92483896	     -0.18362098	     16.08342221	     -3.54790598	     -2.16831869	      0.00000000	      3.09412414	     -5.55680272	      0.00000000	     16.45228032	      1.98564262	     -8.69901992	      0.00000000	      5.74136595	      3.09064573	      0.00000000	     -1.42661842	     -2.25834575	     -2.08249431	      1.77042912	     -7.65873426	      2.48026826	     25.15965740	     96.84728124	     -5.07608258	    -10.93469962	      5.77746961	     35.74082593	    100.09978249
      5.98333330	    -14.02387008	      2.06502426	     -1.30541328	     -0.56255566	      0.92177803	     -0.18404726	     15.88864670	     -3.35209031	     -1.58199535	      0.00000000	      2.57769465	     -6.65535563	      0.00000000	     16.11354029	      1.84598433	     -8.45915597	      0.00000000	      5.78440793	      2.56920124	      0.00000000	     -1.79248650	     -2.05211845	     -1.93605250	      1.98567002	     -7.84835804	      2.68582716	     25.12192701	     96.74951844	     -4.71486150	    -10.91298136	      5.91799884	     35.45395137	    100.15496150
      6.00000000	    -13.90973539	      1.96053453	     -1.29614874	     -0.56120728	      0.92206543	     -0.18427190	     15.77265052	     -3.22807579	     -1.39344564	      0.00000000	      2.46783429	     -6.70445367	      0.00000000	     15.95063125	      1.74716637	     -8.35820252	      0.00000000	      5.70992732	      2.53734661	      0.00000000	     -1.77042665	     -2.05141132	     -1.89087030	      2.02227309	     -7.89917881	      2.68388456	     25.11985160	     96.74160962	     -4.75440433	    -10.86989145	      5.92790475	     35.40699907	    100.15807250
      6.01666670	    -13.11887752	      1.86865890	     -1.71741233	     -0.55783113	      0.92039802	     -0.18444291	     15.82407347	     -3.11943874	     -0.30969785	      1.66842526	      2.41434582	     -8.66573281	      0.00000000	     14.94407055	      1.58172972	     -8.13042496	      0.00000000	      5.16336419	      1.25574068	      0.00000000	     -3.01949778	     -1.82112732	     -1.44393309	      2.34668658	     -8.06930926	      2.71982498	     24.93280679	     96.67855561	     -4.18035998	    -10.69721833	      5.76235991	     34.89897208	    100.15219707
      6.03333330	    -13.24319976	      1.77545563	     -1.94808304	     -0.56780585	      0.91528683	     -0.18322684	     17.59243132	     -2.99326035	      0.38535212	      4.41391731	      2.41764878	    -10.58268030	      0.00000000	     15.88595444	      1.30985335	     -8.02625856	      1.23826606	      5.14952475	     -0.13666131	      0.00000000	     -3.23686195	     -1.64190454	     -1.09165984	      2.64024325	     -8.28485831	      2.71969804	     25.02312485	     96.57537284	     -3.63016178	    -10.53579537	      5.58146068	     34.42902568	    100.17048730
      6.05000000	    -13.51743683	      1.72342379	     -1.91562955	     -0.56519367	      0.91311508	     -0.18271645	     19.63629265	     -2.96871361	      0.71136660	      7.65901522	      3.16826042	    -11.82915729	      0.00000000	     17.75203517	      0.94557190	     -8.19978297	      4.14897300	      5.64297208	     -1.18812425	      0.00000000	     -3.37250535	     -1.56848442	     -1.11593741	      2.95757544	     -8.24948549	      2.60850219	     25.13088448	     96.49763387	     -3.25127645	    -10.56095968	      5.39046242	     34.04146401	    100.17979622
      6.06666670	    -13.34746484	      1.74735938	     -1.81646703	     -0.56523608	      0.91485284	     -0.18353350	     21.17585820	     -3.10003023	      0.79904886	     11.01302772	      4.39752142	    -12.70997525	      0.00000000	     19.34885517	      0.68196031	     -8.53116392	      7.44519934	      6.53793651	     -2.15675308	      0.00000000	     -4.21853122	     -1.53305320	     -1.15315175	      3.30078322	     -8.31114348	      2.48876673	     25.20914693	     96.46351078	     -2.83845939	    -10.56159180	      5.26506962	     33.85640662	    100.17476354
      6.08333330	    -14.02538249	      1.73303961	     -1.74547600	     -0.56358009	      0.90758436	     -0.18232415	     23.75602940	     -3.19281954	      0.64412512	     14.69561066	      5.52739087	    -13.28948703	      0.00000000	     22.26287101	      0.11857697	     -9.15970922	     11.74445421	      7.45712320	     -3.09530962	      0.00000000	     -3.63403161	     -1.48864076	     -1.10969330	      3.19361809	     -8.31526674	      2.21539762	     25.20666379	     96.41143201	     -2.72405938	    -10.55295863	      4.96153984	     33.55580387	    100.15254507
      6.10000000	    -14.41198288	      1.77247442	     -1.70741395	     -0.56714878	      0.89849775	     -0.18266232	     26.19675272	     -3.38713751	      0.43333122	     18.60451965	      7.15764164	    -13.77854671	      0.00000000	     25.02623001	     -0.41218026	     -9.75391198	     16.26455689	      8.90714257	     -3.96325755	      0.00000000	     -3.69128137	     -1.45619881	     -0.95416441	      3.36332821	     -8.37697371	      1.93546821	     25.21887564	     96.38015257	     -2.44492284	    -10.56541894	      4.70577264	     33.37136258	    100.13679891
      6.11666670	    -14.85153645	      1.84405316	     -1.67216016	     -0.57031227	      0.89019473	     -0.18238979	     28.84673738	     -3.69316479	      0.06388714	     22.66756508	      8.84761632	    -14.00537918	      0.00000000	     28.01995681	     -0.99849196	    -10.48599867	     21.04087661	     10.52157703	     -4.67543791	      0.00000000	     -3.79705980	     -1.44540004	     -0.91296648	      3.56510399	     -8.44234263	      1.61276852	     25.33039204	     96.35821296	     -2.20599877	    -10.66962398	      4.46298486	     33.41870450	    100.12775272
      6.13333330	    -15.36550573	      1.86082420	     -1.70213353	     -0.57343641	      0.87986758	     -0.18255234	     32.18789267	     -4.01323472	     -0.37015563	     27.76373991	     10.90342877	    -14.06033144	      0.00000000	     31.24358265	     -1.77639927	    -11.14270526	     26.27363309	     12.78605683	     -4.95672816	      0.00000000	     -3.91221037	     -1.35125028	     -0.92029163	      3.77920258	     -8.55140166	      1.26600385	     25.50356105	     96.34622855	     -2.04552197	    -10.78843633	      4.21672635	     33.63964240	    100.12620898
      6.15000000	    -15.82363811	      1.88384961	     -1.68414963	     -0.57697964	      0.87338936	     -0.18211173	     35.42514340	     -4.38467207	     -0.88626092	     32.87001650	     13.21668085	    -13.63265220	      0.00000000	     34.36689052	     -2.55375421	    -11.67018901	     31.43164744	     15.05470539	     -5.11198862	      0.00000000	     -4.23954584	     -1.27544982	     -0.91112094	      4.07350563	     -8.63034036	      0.88138000	     25.67091449	     96.34272075	     -2.03629859	    -10.95521518	      3.90191129	     34.01874195	    100.12863005
      6.16666670	    -16.00207093	      1.76243365	     -1.60251402	     -0.57679919	      0.86396601	     -0.18159342	     38.04733700	     -4.75673451	     -1.61295355	     37.59118814	     15.48767807	    -12.82864108	      0.00000000	     37.20542882	     -3.47268332	    -12.04545961	     36.62342313	     17.43820973	     -4.86065968	      0.00000000	     -4.92717727	     -1.04040584	     -1.06590733	      4.41428228	     -8.71116254	      0.44292650	     25.82504808	     96.33793543	     -2.01760966	    -11.07728624	      3.54049954	     34.45648625	    100.14488666
      6.18333330	    -15.95350624	      1.59723454	     -1.62628776	     -0.57901241	      0.85460915	     -0.18174227	     40.43067739	     -5.10795345	     -2.24851212	     42.30632857	     18.00465881	    -11.69839241	      0.00000000	     39.55450515	     -4.46753361	    -12.42946575	     41.48645668	     19.76283231	     -4.45480665	      0.00000000	     -5.90087206	     -0.74466021	     -1.18800116	      4.91971924	     -8.80192796	     -0.02813765	     26.00370774	     96.33597352	     -1.94854049	    -11.13834758	      3.10032477	     34.91948445	    100.17387553
      6.20000000	    -15.70075758	      1.41247861	     -1.62249250	     -0.57664343	      0.84553817	     -0.18187688	     42.04637843	     -5.49134759	     -2.94947831	     46.44941983	     20.46499671	    -10.54308642	      0.00000000	     41.29084109	     -5.37925359	    -12.62279869	     46.00407385	     22.34393303	     -3.83725501	      0.00000000	     -7.01775095	     -0.42006532	     -1.41484313	      5.42731674	     -8.87545579	     -0.53937497	     26.20111908	     96.32156638	     -1.91177623	    -11.17891801	      2.61456422	     35.33127919	    100.22174222
      6.21666670	    -15.28656240	      1.20222882	     -1.68024306	     -0.57959367	      0.83528620	     -0.18072418	     43.26817123	     -5.78418860	     -3.60977602	     50.09044827	     22.86765079	     -9.47537824	      0.00000000	     42.75720160	     -6.30308792	    -12.73169582	     50.05963357	     24.98157243	     -2.98016402	      0.00000000	     -8.32871852	     -0.12541262	     -1.52197013	      6.01361187	     -8.91693733	     -1.03455533	     26.27816878	     96.30078855	     -1.73569732	    -11.28883350	      2.12213324	     35.69435262	    100.28456943
      6.23333330	    -14.85706209	      1.03087404	     -1.54846612	     -0.58452072	      0.82674019	     -0.17884951	     44.69485449	     -6.14892844	     -4.17258859	     53.77677173	     24.88428892	     -8.44279878	      0.00000000	     44.25290600	     -7.14322863	    -12.84376760	     53.75252316	     26.78038906	     -2.33490646	      0.00000000	     -9.93480256	      0.05563100	     -1.67509730	      6.72295004	     -8.86234528	     -1.53723173	     26.32618244	     96.27060756	     -1.31338929	    -11.51998865	      1.66891391	     36.02966302	    100.38151906
      6.25000000	    -14.40500910	      0.83245151	     -1.35536998	     -0.58378937	      0.81843402	     -0.17879569	     45.60222364	     -6.48985217	     -4.69870145	     56.84676032	     26.82617409	     -7.68946244	      0.00000000	     45.40213975	     -7.79017476	    -12.65362598	     56.87759317	     29.05237817	     -1.09181799	      0.00000000	    -11.53103106	      0.26138994	     -1.89059965	      7.50116820	     -8.78942240	     -2.03959263	     26.24695817	     96.23268950	     -0.76710279	    -11.73972336	      1.34989136	     36.13796868	    100.50670032
      6.26666670	    -13.78832683	      0.66545338	     -1.15822339	     -0.58522644	      0.81456244	     -0.17781929	     46.22683843	     -6.80060631	     -5.30703207	     59.49826132	     28.51626972	     -6.88316231	      0.00000000	     46.18555899	     -8.43393480	    -12.66745354	     59.33618664	     30.29765878	     -0.32808773	      0.00000000	    -13.62481578	      0.39887783	     -1.98155190	      8.40595196	     -8.69646021	     -2.52779042	     26.12617440	     96.19117438	      0.01851670	    -12.00892073	      1.14831065	     36.14465038	    100.63335265
      6.28333330	    -13.09811073	      0.31970914	     -0.92319195	     -0.58634724	      0.80628381	     -0.17813153	     46.68154939	     -7.07814428	     -5.99121035	     62.30415683	     29.93420837	     -6.28186686	      0.00000000	     46.90088259	     -9.09548133	    -12.17428556	     62.11799524	     31.36018830	      0.15358774	      0.00000000	    -15.89440257	      0.74782368	     -1.96301200	      9.38808556	     -8.72213395	     -3.02732640	     26.05601642	     96.13827825	      0.89926058	    -12.19635558	      1.12188975	     36.19724973	    100.76549456
      6.30000000	    -12.31341208	      0.06207090	     -0.66717842	     -0.59201551	      0.80138693	     -0.17833259	     46.95228172	     -7.22008400	     -6.40045932	     64.53595223	     31.36107419	     -6.04062111	      0.00000000	     47.53082862	     -9.54835748	    -11.84381588	     64.45809181	     32.91763072	      1.13428488	      0.00000000	    -18.59754991	      0.95195030	     -1.95429106	     10.40006279	     -8.69034822	     -3.57800120	     26.04307545	     96.06891921	      2.00794359	    -12.43191113	      1.25927670	     36.33128577	    100.91061904
      6.31666670	    -11.37188314	     -0.11165792	     -0.26499805	     -0.59993459	      0.79647855	     -0.17949499	     47.01317942	     -7.53063508	     -6.71807557	     66.41417576	     32.69952064	     -5.75590644	      0.00000000	     47.95847016	     -9.79007212	    -11.49265630	     66.60793473	     33.83971865	      1.50994587	      0.00000000	    -21.71176627	      1.10712130	     -1.99942800	     11.71326821	     -8.70350139	     -4.17165418	     26.07282751	     95.99029435	      3.47917829	    -12.75027568	      1.61089736	     36.53151825	    101.06330900
      6.33333330	    -10.61923520	     -0.10882444	     -0.02590167	     -0.60102873	      0.78795048	     -0.17891597	     47.78510854	     -8.01038093	     -6.76085955	     69.05233755	     33.35912664	     -6.00004537	      0.00000000	     48.50703566	     -9.96452473	    -11.31124332	     68.60619810	     35.05227130	      2.18878897	      0.00000000	    -24.77511705	      1.08763639	     -1.86922617	     12.93795713	     -8.75310445	     -4.78789933	     26.12853833	     95.90337515	      4.91313505	    -13.11545191	      2.03698443	     36.79942800	    101.19057662
      6.35000000	    -10.00913250	     -0.20314505	      0.25676823	     -0.60747083	      0.78078611	     -0.17975171	     48.58431397	     -8.35345842	     -6.91188596	     71.15089003	     34.42814007	     -5.75666916	      0.00000000	     49.59386552	    -10.17590459	    -10.98474417	     70.91283801	     35.39465674	      1.99334394	      0.00000000	    -27.88344556	      1.26655855	     -1.66800405	     14.17519969	     -8.86935874	     -5.56067536	     26.29077922	     95.77812831	      6.54654390	    -13.52702783	      2.69277547	     37.33916336	    101.32843000
      6.36666670	     -9.40248036	     -0.21972670	      0.49299525	     -0.61311689	      0.77778421	     -0.18101055	     49.23130210	     -8.63535134	     -6.82931925	     72.71366895	     35.03220489	     -5.71517850	      0.00000000	     50.52222547	    -10.16306392	    -10.65207891	     72.73558897	     35.60011641	      1.89163065	      0.00000000	    -31.08104464	      1.39857950	     -1.52616144	     15.57314695	     -9.04172137	     -6.23166259	     26.63640863	     95.66477764	      8.31764104	    -13.89556597	      3.23328977	     37.81645080	    101.41805521
      6.38333330	     -8.77428684	     -0.25944440	      0.47796715	     -0.61409364	      0.77035442	     -0.18110495	     49.82487520	     -8.85517081	     -6.70079994	     74.66619127	     35.67043804	     -5.81054235	      0.00000000	     51.23748221	    -10.36993197	    -10.33141289	     74.77712831	     36.15414647	      1.66607127	      0.00000000	    -33.91689579	      1.51050596	     -1.36927168	     16.88096812	     -9.18802002	     -6.56915269	     26.86659072	     95.60716064	      9.73257197	    -14.14830505	      3.43620499	     37.97188627	    101.43965634
      6.40000000	     -8.04964046	     -0.20544117	      0.40052928	     -0.62031099	      0.76318460	     -0.18122070	     50.50502605	     -9.06909217	     -6.52961385	     76.65796909	     36.05575480	     -5.75034824	      0.00000000	     51.80227811	    -10.50477846	    -10.14707886	     76.59688938	     37.02575734	      2.24881624	      0.00000000	    -37.17385361	      1.45329665	     -0.90746775	     18.27399297	     -9.51574798	     -7.20407464	     27.30864304	     95.48813843	     11.42620411	    -14.47469423	      3.85518364	     38.49269832	    101.46469012
      6.41666670	     -7.49271272	     -0.14366908	      0.32689896	     -0.61707880	      0.75335047	     -0.18094556	     51.50846009	     -9.40286633	     -6.22959968	     79.11475344	     36.56054620	     -5.77004963	      0.00000000	     52.43658015	    -10.71263068	     -9.84563242	     78.75519546	     38.13562183	      2.46535963	      0.00000000	    -39.58087418	      1.47968471	     -0.72736347	     19.35498718	     -9.71094572	     -7.50465844	     27.63051073	     95.42832204	     12.55011878	    -14.71570822	      3.97842494	     38.61969948	    101.45785106
      6.43333330	     -6.94722019	     -0.07324404	      0.20106140	     -0.62202380	      0.74912890	     -0.18106091	     52.04842911	     -9.49114114	     -5.98363287	     80.74585046	     37.36346465	     -5.72646876	      0.00000000	     53.03961723	    -10.97291701	     -9.77625457	     80.56648191	     38.88593361	      2.88116957	      0.00000000	    -42.17238331	      1.40304566	     -0.39804980	     20.52866602	     -9.95276723	     -7.81874211	     28.04333393	     95.36158597	     13.88641438	    -15.02050849	      4.10620191	     38.83900246	    101.44258568
      6.45000000	     -6.36992304	     -0.06366127	      0.09226597	     -0.62368191	      0.74209742	     -0.18092403	     52.50370388	     -9.54555320	     -5.74552671	     82.34662474	     38.60426294	     -5.18768154	      0.00000000	     53.52465518	    -11.18608216	     -9.59594893	     82.12181644	     39.95473372	      3.68143956	      0.00000000	    -44.61076985	      1.39668326	     -0.04229552	     21.48854455	    -10.25332449	     -8.27446127	     28.44535450	     95.26009130	     15.20045920	    -15.30296541	      4.42683464	     39.09210595	    101.42234505
      6.46666670	     -6.08625062	     -0.02349134	     -0.12418755	     -0.62898863	      0.73788020	     -0.17958805	     53.15332439	     -9.44850624	     -5.43296568	     83.64820113	     39.52046403	     -5.16917959	      0.00000000	     54.19408501	    -11.44470829	     -9.45704863	     83.55066903	     40.29539606	      3.57642947	      0.00000000	    -46.71912996	      1.20207768	      0.23478706	     22.48986860	    -10.43132207	     -8.45534307	     28.76185289	     95.21875173	     16.34939803	    -15.57430366	      4.48618443	     39.27451047	    101.39802777
      6.48333330	     -5.74549752	      0.07637232	     -0.34176933	     -0.63327488	      0.73234903	     -0.17981090	     53.91110193	     -9.45368450	     -5.12618701	     84.87159100	     40.24899233	     -4.81258815	      0.00000000	     54.87578877	    -11.56457205	     -9.39861475	     84.81616039	     40.68430047	      3.63673612	      0.00000000	    -48.81449819	      0.94915433	      0.52766172	     23.46683897	    -10.71358068	     -8.63768213	     29.14231490	     95.17642205	     17.64104206	    -15.80978372	      4.63038962	     39.64136995	    101.37420695
      6.50000000	     -5.47724402	      0.16081336	     -0.48980598	     -0.63065232	      0.72553605	     -0.17951601	     54.35034077	     -9.59137847	     -4.93061649	     86.02348087	     41.14934995	     -3.98924766	      0.00000000	     55.36069946	    -11.65930621	     -9.16944999	     86.21904575	     41.36758154	      4.02484287	      0.00000000	    -50.52704679	      0.74156472	      0.76392500	     24.17550424	    -10.98018405	     -8.88794254	     29.69183998	     95.11591601	     18.50215496	    -15.97397319	      4.86775943	     39.94498930	    101.32913323
      6.51666670	     -5.32190242	      0.30968136	     -0.56052809	     -0.62854104	      0.72423225	     -0.17791980	     54.75473952	     -9.78075235	     -4.74424684	     87.04063165	     41.20263548	     -3.89383930	      0.00000000	     55.47247104	    -11.70209732	     -9.08367063	     86.95515131	     41.86977908	      4.27181445	      0.00000000	    -52.06615687	      0.45741566	      0.84978417	     24.82320281	    -11.09235089	     -9.02425957	     29.86539016	     95.09071351	     19.38140042	    -16.08606066	      4.92897354	     40.03649983	    101.28390614
      6.53333330	     -5.25274678	      0.32815606	     -0.59646290	     -0.62912887	      0.71808813	     -0.17790899	     55.29174835	     -9.92283485	     -4.71252328	     88.10629107	     41.28087635	     -3.90106637	      0.00000000	     55.98330429	    -11.83232869	     -8.95449103	     87.87612289	     41.96135463	      4.21673657	      0.00000000	    -53.26098320	      0.33952499	      0.88441370	     25.44600777	    -11.19178853	     -9.07792371	     30.02146646	     95.08103339	     20.01050453	    -16.21436029	      4.89207502	     40.11342942	    101.26358398
      6.55000000	     -5.08747125	      0.37354789	     -0.62628208	     -0.62980866	      0.71314586	     -0.17746869	     55.45971804	    -10.09907619	     -4.71612880	     88.94504384	     41.76530408	     -3.90982799	      0.00000000	     56.38657229	    -11.96610358	     -8.90781080	     88.82104398	     42.20050598	      4.15252286	      0.00000000	    -54.28414843	      0.14936589	      0.95787632	     25.87221787	    -11.27935778	     -9.17968834	     30.21169766	     95.06304538	     20.56149289	    -16.26384915	      4.89104248	     40.26999498	    101.21706102
      6.56666670	     -5.02855400	      0.40825076	     -0.55437254	     -0.63052769	      0.71015422	     -0.17713372	     55.67195952	    -10.31096409	     -4.76315615	     89.65422153	     41.93205015	     -3.97809036	      0.00000000	     56.83045120	    -12.12149225	     -8.94501028	     89.46656875	     42.21048340	      4.11978640	      0.00000000	    -55.01685524	      0.07529748	      0.93392932	     26.23959020	    -11.33887577	     -9.21672204	     30.33723092	     95.05746885	     21.02358389	    -16.30895438	      4.84784646	     40.36937093	    101.19773046
      6.58333330	     -5.11129904	      0.48464388	     -0.38874881	     -0.63641103	      0.70856191	     -0.17699589	     56.20141870	    -10.64682117	     -4.94232108	     90.14436492	     42.27548435	     -3.92061723	      0.00000000	     57.57704820	    -11.97835735	     -8.93169216	     89.92654988	     41.88616896	      3.84541528	      0.00000000	    -55.74418033	     -0.07577746	      1.00947334	     26.49805920	    -11.51376786	     -9.36363834	     30.81458077	     95.04518357	     21.61614502	    -16.27934002	      4.74816864	     40.86257692	    101.10711189
      6.60000000	     -5.22806336	      0.51269032	     -0.23102510	     -0.63461595	      0.70906317	     -0.17714098	     56.34551451	    -10.87980969	     -5.14584530	     90.23323655	     42.28449714	     -3.90541735	      0.00000000	     57.99954387	    -11.93765762	     -8.90804633	     90.14884317	     41.27341531	      3.58236261	      0.00000000	    -56.27664521	     -0.10496428	      0.99837930	     26.67567214	    -11.57401306	     -9.50319590	     31.17477919	     95.04241671	     21.99752693	    -16.22172228	      4.64394380	     41.18748596	    101.03359901
      6.61666670	     -5.40080230	      0.52059207	     -0.17004985	     -0.63068589	      0.71039944	     -0.17613433	     56.30753939	    -10.95802866	     -5.22698126	     89.96512311	     42.25372338	     -3.90208630	      0.00000000	     58.01985761	    -12.00184390	     -8.91514295	     90.08110124	     41.26109852	      3.60527922	      0.00000000	    -56.39455687	     -0.18033306	      0.89921343	     26.72634655	    -11.57267980	     -9.51619069	     31.21634021	     95.04263961	     22.11051699	    -16.15938472	      4.64072822	     41.22932010	    101.02822809
      6.63333330	     -4.96889313	      0.39169481	     -0.03465904	     -0.63098439	      0.71189269	     -0.17647360	     55.39048865	    -11.00832073	     -5.54306783	     89.42484167	     42.16787725	     -3.81004418	      0.00000000	     57.27522381	    -11.98534629	     -8.71853287	     89.83059697	     41.11200650	      3.70846397	      0.00000000	    -57.14643587	      0.01525147	      0.95590603	     26.72893508	    -11.57722129	     -9.83938564	     31.90382806	     95.04986028	     22.31032800	    -16.02419820	      4.27029775	     41.50984212	    100.90879930
      6.65000000	     -5.08346857	      0.39049603	     -0.09084279	     -0.63235297	      0.71346323	     -0.17685331	     55.18439585	    -10.92609125	     -5.62327029	     88.94646653	     42.16966657	     -3.75188764	      0.00000000	     57.20842403	    -11.95135135	     -8.78509332	     89.56461105	     41.00146558	      3.73381960	      0.00000000	    -56.98537838	     -0.05644433	      0.88253678	     26.59603190	    -11.48619018	     -9.85245423	     31.95077323	     95.05478114	     22.27527321	    -15.93403006	      4.25353380	     41.54144110	    100.90008566
      6.66666670	     -4.76401918	      0.33797320	     -0.22946649	     -0.63352853	      0.71773947	     -0.17718463	     54.49608814	    -10.70935423	     -5.63332440	     88.22702469	     42.05749756	     -3.52237045	      0.00000000	     56.46101938	    -12.00228215	     -8.96488371	     88.91951903	     40.45130350	      3.54202790	      0.00000000	    -57.26197599	     -0.06564784	      0.89037951	     26.27369883	    -11.38819985	    -10.13221564	     32.67705461	     95.08445913	     22.17933196	    -15.78984529	      3.83527720	     41.72209793	    100.81269872
      6.68333330	     -4.67567086	      0.40010967	     -0.41501012	     -0.63451535	      0.72378763	     -0.17649006	     53.90660044	    -10.49905872	     -5.53776920	     87.20656795	     41.49967495	     -3.62897991	      0.00000000	     55.53401530	    -11.94953440	     -9.27830495	     87.60423214	     40.29609143	      3.69693393	      0.00000000	    -57.08101299	     -0.17880453	      0.81349952	     25.91262896	    -11.28870335	    -10.35611032	     33.23666687	     95.12537097	     22.02209680	    -15.68949445	      3.51204423	     41.89539644	    100.76265541
      6.70000000	     -4.61900282	      0.43608551	     -0.64428630	     -0.63537002	      0.72801201	     -0.17596426	     53.42692169	    -10.17318814	     -5.39927383	     86.11170048	     41.05064207	     -3.48438541	      0.00000000	     54.65290554	    -11.97717631	     -9.48664519	     86.45774454	     40.47604038	      3.91903252	      0.00000000	    -56.73761724	     -0.32387769	      0.73967786	     25.57657250	    -11.13419767	    -10.51684193	     33.75995007	     95.18291376	     21.82841702	    -15.66351892	      3.27031169	     42.05257558	    100.74191513
      6.71666670	     -4.60662032	      0.54817978	     -0.88205004	     -0.63758953	      0.73507818	     -0.17654119	     52.84619717	     -9.95615116	     -5.31476042	     84.77561631	     40.31130585	     -3.77010745	      0.00000000	     53.69650341	    -11.87205662	     -9.87798285	     84.97133934	     40.04482869	      3.96980642	      0.00000000	    -56.32974184	     -0.55439380	      0.65661380	     25.23643761	    -11.03918476	    -10.61794944	     34.29382060	     95.26429641	     21.55949539	    -15.60160478	      3.03593802	     42.19514227	    100.73439770
      6.73333330	     -4.57837678	      0.65525591	     -1.06673912	     -0.63695884	      0.74376456	     -0.17647680	     52.23347757	     -9.72469373	     -5.23209113	     83.30416449	     39.46622426	     -4.10659885	      0.00000000	     52.74380840	    -11.75487204	    -10.34280288	     83.29751090	     39.01764654	      3.35536587	      0.00000000	    -55.85186250	     -0.75471190	      0.55600972	     24.73109719	    -10.92896930	    -10.70456457	     34.77561265	     95.38950342	     21.27047447	    -15.49070054	      2.81861955	     42.50863541	    100.75474733
      6.75000000	     -4.58315226	      0.66777043	     -1.01016194	     -0.63093622	      0.74927494	     -0.17681329	     51.21662873	     -9.63753769	     -5.33774632	     81.73614311	     38.76989447	     -4.19594652	      0.00000000	     51.68840830	    -11.62928930	    -10.63804978	     81.67408679	     38.28894193	      3.18633531	      0.00000000	    -55.11364362	     -0.65936480	      0.39211782	     24.01665654	    -10.80287774	    -10.79370223	     34.98719045	     95.52385632	     20.71173054	    -15.40121492	      2.66218701	     42.55246755	    100.79699669
      6.76666670	     -4.76943291	      0.72609074	     -1.08457789	     -0.63343771	      0.75842751	     -0.17717433	     50.36417423	     -9.51401192	     -5.48900198	     79.82589271	     37.64712821	     -4.54464392	      0.00000000	     50.65393559	    -11.43938268	    -11.04268751	     79.87772070	     37.13666554	      2.87770752	      0.00000000	    -54.18067762	     -0.68213269	      0.24887207	     23.44443836	    -10.73049263	    -10.80955138	     35.24648639	     95.65625457	     20.24359592	    -15.32495956	      2.56255507	     42.55240750	    100.85114191
      6.78333330	     -5.02086970	      0.74335704	     -1.02196404	     -0.63039975	      0.76679488	     -0.17667084	     49.37192409	     -9.35997435	     -5.68005612	     77.74823276	     36.74085166	     -4.39675662	      0.00000000	     49.71615304	    -11.26991286	    -11.36939159	     77.92888780	     36.16046049	      2.92640634	      0.00000000	    -53.00766742	     -0.60202715	      0.13879488	     22.67319112	    -10.64633440	    -10.80048343	     35.23756468	     95.72399742	     19.59859591	    -15.25161196	      2.54501894	     42.43459184	    100.88335967
      6.80000000	     -5.26916513	      0.79041548	     -0.98329420	     -0.63074288	      0.77538169	     -0.17577116	     48.34347871	     -9.16230368	     -5.89654585	     75.47227884	     35.59358646	     -4.71614354	      0.00000000	     48.83686089	    -11.03415327	    -11.67717378	     75.96118561	     34.80850442	      2.38007983	      0.00000000	    -51.84846792	     -0.63939895	     -0.03334395	     21.85796329	    -10.49726267	    -10.74738018	     35.28742983	     95.85413248	     18.94117258	    -15.14289590	      2.46406897	     42.24312675	    100.94318610
      6.81666670	     -5.64537051	      0.80700485	     -1.02912675	     -0.62900761	      0.78216022	     -0.17606331	     47.41303967	     -8.88692824	     -6.01051417	     73.10431201	     34.82584313	     -4.44192257	      0.00000000	     48.09975092	    -10.86608796	    -12.01829943	     73.89460327	     33.87485483	      2.62104684	      0.00000000	    -50.29061147	     -0.62481782	     -0.11133832	     20.99194729	    -10.38895687	    -10.68760090	     35.19599084	     95.91720598	     18.07829800	    -15.05196715	      2.47997876	     42.04477744	    100.97656234
      6.83333330	     -6.07477575	      0.82878479	     -0.95961239	     -0.62632087	      0.79096580	     -0.17531451	     46.38067105	     -8.71636658	     -6.25845557	     70.64699556	     33.81633920	     -4.43225576	      0.00000000	     47.27359617	    -10.63980805	    -12.33234570	     71.70983309	     32.87550862	      2.79134011	      0.00000000	    -48.60867138	     -0.61292888	     -0.27161911	     20.12987398	    -10.23190079	    -10.56619420	     35.03517497	     95.99448220	     17.23003248	    -14.98201591	      2.48791787	     41.70018433	    101.01220465
      6.85000000	     -6.55508745	      0.93617206	     -0.81211305	     -0.62470565	      0.79659174	     -0.17533785	     45.79649049	     -8.70760052	     -6.44412368	     68.74793658	     32.65979006	     -4.61633211	      0.00000000	     46.40181854	    -10.27795235	    -12.74923881	     69.35329832	     32.00438822	      2.94420005	      0.00000000	    -46.66228788	     -0.60787160	     -0.55594172	     19.23218125	    -10.08211562	    -10.38859370	     34.77059634	     96.07820474	     16.38957362	    -14.93058915	      2.52347671	     41.28212384	    101.04887087
      6.86666670	     -7.06754350	      1.05853009	     -0.67099034	     -0.61504916	      0.80486320	     -0.17559728	     44.49369111	     -8.73918893	     -6.75873682	     66.07243339	     31.48796499	     -4.72560406	      0.00000000	     45.11698849	     -9.87866686	    -13.17919569	     66.68159881	     31.23064562	      3.20645563	      0.00000000	    -44.33734632	     -0.63634630	     -0.80497524	     18.22865879	     -9.82898866	    -10.15866769	     34.19425575	     96.16819825	     15.23434563	    -14.76115465	      2.58778483	     40.57292434	    101.07814642
      6.88333330	     -7.57071836	      1.17683959	     -0.56624466	     -0.61159842	      0.80986421	     -0.17691147	     43.40591634	     -8.78413396	     -7.00080681	     63.57482301	     30.66499314	     -4.76677733	      0.00000000	     43.99451743	     -9.46369847	    -13.67498063	     64.17679394	     30.85003545	      3.70377651	      0.00000000	    -41.79183342	     -0.61661369	     -1.08184011	     17.15039983	     -9.66512480	     -9.92647062	     33.50965327	     96.24496748	     14.00990779	    -14.55603687	      2.65930503	     39.88333518	    101.09344069
      6.90000000	     -8.05375811	      1.25937196	     -0.55090799	     -0.60558415	      0.81926748	     -0.17535320	     42.18743648	     -8.60255851	     -7.07102158	     61.13307775	     29.57357577	     -5.50300602	      0.00000000	     42.76464390	     -9.11306208	    -14.04303833	     61.70833087	     30.24540759	      3.88659294	      0.00000000	    -38.90276542	     -0.68056197	     -1.41411794	     16.40132747	     -9.35756329	     -9.17411452	     31.73782565	     96.44364731	     12.82351281	    -14.26608542	      2.65860766	     38.19556151	    101.06854324
      6.91666670	     -8.65070874	      1.26760829	     -0.50683409	     -0.60140245	      0.82586786	     -0.17619740	     41.17461173	     -8.49962999	     -7.44349019	     58.65520626	     28.59308415	     -5.35434494	      0.00000000	     41.63605232	     -8.73437625	    -14.29237236	     59.17349516	     29.80364063	      4.50151798	      0.00000000	    -36.07870793	     -0.65792921	     -1.49761144	     15.17974816	     -9.25344938	     -8.88787346	     31.22710086	     96.49951627	     11.43137938	    -14.01517622	      2.77982775	     37.68789217	    101.05748936
      6.93333330	     -9.55465584	      1.31977087	     -0.53295670	     -0.59968651	      0.83064475	     -0.17706374	     40.64086266	     -8.22395244	     -7.37824917	     56.20844011	     27.67759306	     -5.70677581	      0.00000000	     40.97996905	     -8.24527605	    -14.34104752	     56.70634490	     29.27282497	      4.35572773	      0.00000000	    -32.58058159	     -0.67271535	     -1.77550817	     14.10938543	     -8.99623112	     -8.13466860	     30.07484258	     96.60346426	     10.00469204	    -13.76157387	      2.87349559	     36.49553055	    100.97643610
      6.95000000	    -10.15969049	      1.33412460	     -0.56453096	     -0.59274752	      0.84190460	     -0.17689339	     39.10436401	     -7.92904368	     -7.54810512	     52.84932593	     26.64281378	     -5.37563425	      0.00000000	     39.54875089	     -7.78817339	    -14.58765280	     53.39342833	     28.34700776	      4.73952877	      0.00000000	    -29.60560899	     -0.68087750	     -1.88803133	     12.76584899	     -8.82484718	     -7.89201054	     29.59906123	     96.62511604	      8.44722611	    -13.50891795	      3.01932681	     35.98650145	    100.95355029
      6.96666670	    -10.96817627	      1.69939789	     -0.70793859	     -0.59052161	      0.84656614	     -0.17733234	     38.58831521	     -7.92419776	     -7.26782672	     50.38551894	     25.10250403	     -5.82364012	      0.00000000	     38.41556098	     -6.94090211	    -14.96996242	     49.90055075	     26.95741779	      4.36948700	      0.00000000	    -26.35227579	     -1.06874523	     -2.28846821	     11.74477643	     -8.47213693	     -7.18854199	     28.73037564	     96.65672445	      6.94412271	    -13.39821239	      3.19417091	     35.06479139	    100.84480650
      6.98333330	    -11.64242777	      1.80590173	     -0.90207634	     -0.59134960	      0.85626972	     -0.17848507	     37.87449329	     -7.68307240	     -7.35962495	     47.48411188	     23.72390353	     -5.33148756	      0.00000000	     37.62250692	     -6.36276143	    -15.33816598	     46.65152845	     25.33673468	      4.39197288	      0.00000000	    -23.62906085	     -1.18442993	     -2.26972538	     10.77516861	     -8.33011753	     -6.85562644	     28.47257462	     96.66279245	      5.61755625	    -13.14821902	      3.35677110	     34.87556150	    100.80182141
      7.00000000	    -12.57696218	      2.20063114	     -0.91419552	     -0.58687901	      0.86312717	     -0.17949833	     37.48905557	     -7.76885452	     -7.05173994	     44.64097372	     22.16640470	     -5.59759597	      0.00000000	     37.05160767	     -5.25730640	    -15.32757640	     43.21278894	     23.09550798	      3.16457405	      0.00000000	    -20.40759085	     -1.64838937	     -2.46954508	      9.73124026	     -8.09180659	     -6.08138938	     27.91633083	     96.66071855	      4.12834238	    -12.96594981	      3.62273740	     34.52076044	    100.68873371
      7.01666670	    -13.38724395	      2.41369935	     -0.69825208	     -0.58564658	      0.87626630	     -0.17951620	     36.55722983	     -7.66501141	     -6.99376894	     40.82223088	     20.30819979	     -5.97669217	      0.00000000	     36.06318202	     -4.23523810	    -15.37875469	     39.18343050	     20.57534722	      2.52028053	      0.00000000	    -17.72695423	     -1.84579429	     -2.73956985	      8.69127401	     -7.93003251	     -5.27674875	     27.52293030	     96.60787068	      2.87663178	    -12.83912253	      3.93776357	     34.41454373	    100.55910558
      7.03333330	    -13.90363222	      2.56097772	     -0.55289138	     -0.58202735	      0.88626818	     -0.18035297	     34.95974327	     -7.44279095	     -6.90011894	     36.56438933	     18.32191306	     -6.11231070	      0.00000000	     34.48952735	     -3.19823271	    -15.23415554	     34.69988460	     18.11743855	      2.33221340	      0.00000000	    -15.45991978	     -1.97452712	     -2.97418866	      7.72243813	     -7.75775012	     -4.51708709	     27.11395791	     96.51921009	      1.73210669	    -12.69419225	      4.25074207	     34.44248547	    100.43391799
      7.05000000	    -14.25266128	      2.78167713	     -0.37625540	     -0.57962543	      0.89675824	     -0.18087288	     33.00481016	     -7.24767067	     -6.67615293	     31.94879628	     16.26454897	     -6.17775213	      0.00000000	     32.48619045	     -2.07376858	    -15.09061291	     29.83913502	     15.42126572	      2.21900332	      0.00000000	    -13.56361400	     -2.24660947	     -3.13901738	      6.88365103	     -7.59640846	     -3.79793735	     26.84646234	     96.41624486	      0.77487327	    -12.58272143	      4.53949476	     34.52562839	    100.32151668
      7.06666670	    -14.47002802	      2.95326435	     -0.33767869	     -0.57696300	      0.90240588	     -0.18162092	     30.94424838	     -7.01741480	     -6.39916047	     27.40405186	     14.41549776	     -6.10176582	      0.00000000	     30.30553473	     -1.05502946	    -14.79832138	     24.98636026	     13.21613695	      2.43439670	      0.00000000	    -11.90333408	     -2.41938622	     -3.21146721	      6.24264561	     -7.49902770	     -3.01438251	     26.52714867	     96.30559467	      0.01609346	    -12.45341846	      4.83236910	     34.55379292	    100.21158045
      7.08333330	    -14.54658918	      3.04230289	     -0.42000962	     -0.57675605	      0.91331686	     -0.18328565	     28.67048520	     -6.67198806	     -6.06996328	     22.72468566	     12.14655797	     -5.93561328	      0.00000000	     27.87933846	     -0.10857420	    -14.24353378	     19.98863967	     11.01320929	      2.68716992	      0.00000000	    -10.53700766	     -2.48802717	     -3.12749355	      5.69764461	     -7.50528363	     -2.21599420	     26.34013367	     96.19951494	     -0.63960756	    -12.25100904	      5.10635726	     34.62348374	    100.10958427
      7.10000000	    -14.54384365	      3.01888653	     -0.52127597	     -0.57269334	      0.91501922	     -0.18258284	     26.59713179	     -6.25265184	     -5.68600381	     18.40609636	     10.40292595	     -5.69222755	      0.00000000	     25.56696213	      0.58624342	    -13.57482323	     15.45586232	      9.34983786	      3.00753749	      0.00000000	     -9.35668796	     -2.44732721	     -2.99476818	      5.19024943	     -7.53260858	     -1.42490782	     26.16740177	     96.09773558	     -1.28217619	    -12.09263369	      5.32675260	     34.79287379	    100.01529909
      7.11666670	    -14.91366570	      2.96526579	     -0.72048099	     -0.56966172	      0.92216961	     -0.18277848	     25.23498396	     -5.84074150	     -5.44230117	     14.96155998	      8.84237431	     -5.09256175	      0.00000000	     23.94178002	      1.05088396	    -13.05807356	     11.72280789	      8.03659710	      3.61611175	      0.00000000	     -7.66500636	     -2.32181680	     -2.75699092	      4.47673255	     -7.52465285	     -1.11425654	     26.04031042	     96.07246108	     -2.14501998	    -11.84494147	      5.42221296	     34.86869865	     99.98544153
      7.13333330	    -14.38925470	      2.98020679	     -0.93353208	     -0.56746620	      0.92208189	     -0.18345426	     23.16429817	     -5.54503971	     -4.78615349	     12.06618417	      7.37445188	     -5.36980600	      0.00000000	     21.47363742	      1.59548420	    -12.27257448	      8.12818449	      6.61834230	      3.17705664	      0.00000000	     -7.40641294	     -2.34253553	     -2.62249663	      4.23285956	     -7.65127762	     -0.28586715	     25.96408849	     96.01761230	     -2.59020145	    -11.69695847	      5.48440084	     35.03778290	     99.89607153
      7.15000000	    -14.59061491	      2.97103851	     -1.01438294	     -0.56466896	      0.92683782	     -0.18379542	     21.82500810	     -5.29176045	     -4.49073451	      9.20325848	      6.17149876	     -4.87517900	      0.00000000	     20.14522332	      2.01043693	    -11.70322129	      5.20888445	      5.76265780	      3.60932660	      0.00000000	     -6.03401550	     -2.34328581	     -2.50065939	      3.59492061	     -7.67448593	      0.06198523	     25.88404254	     95.99186503	     -3.27795538	    -11.54078151	      5.52299724	     35.13600525	     99.86219529
      7.16666670	    -14.09208383	      2.92613899	     -1.16447294	     -0.56453856	      0.93051062	     -0.18398454	     19.69304398	     -5.00749271	     -4.05580089	      6.24078158	      4.87252280	     -4.99261094	      0.00000000	     18.14156025	      2.37681691	    -11.00687425	      2.41462219	      4.97801116	      3.59815325	      0.00000000	     -5.90402890	     -2.32813228	     -2.38037705	      3.38219525	     -7.82445217	      0.79325882	     25.75364216	     95.94381855	     -3.61430732	    -11.37489148	      5.55500792	     35.21845153	     99.79728113
      7.18333330	    -13.79483044	      2.84363993	     -1.26675854	     -0.55985851	      0.93471214	     -0.18279574	     17.93725905	     -4.69686148	     -3.66681964	      3.83811791	      3.86037375	     -4.79416441	      0.00000000	     16.44392561	      2.53579632	    -10.38194539	      0.22753531	      4.34523782	      3.75213162	      0.00000000	     -5.45883502	     -2.26399021	     -2.24892276	      3.06344843	     -7.86321154	      1.43125679	     25.57298747	     95.86498418	     -4.04986216	    -11.25821824	      5.55736078	     35.16792974	     99.73507533
      7.20000000	    -13.92160098	      2.68773364	     -1.17973301	     -0.56221165	      0.93203222	     -0.18210847	     17.01489165	     -4.35475132	     -3.53673939	      1.80946290	      3.06510668	     -4.59245906	      0.00000000	     16.35100782	      2.44459983	    -10.03841853	      0.00000000	      4.63700933	      3.90549156	      0.00000000	     -4.74532057	     -2.13188022	     -2.22366721	      2.72666700	     -7.87403383	      1.64930932	     25.52811062	     95.83400820	     -4.36168802	    -11.23131261	      5.56514455	     35.23082599	     99.71885321
      7.21666670	    -13.96067337	      2.50469038	     -1.03342984	     -0.56020204	      0.92889002	     -0.18254532	     16.18552647	     -4.03209164	     -3.46559886	      0.19432296	      2.16961848	     -4.67607422	      0.00000000	     16.26529824	      2.29253727	     -9.70628341	      0.00000000	      5.05435833	      4.04622565	      0.00000000	     -4.22338402	     -1.99524766	     -2.32410168	      2.48323729	     -7.90043079	      1.86907777	     25.49931726	     95.79978671	     -4.58913889	    -11.19266405	      5.55712260	     35.22904598	     99.70284410
      7.23333330	    -13.96053781	      2.51560384	     -1.13212820	     -0.56314042	      0.92934732	     -0.18266923	     16.15823745	     -3.93595533	     -3.45382255	      0.00000000	      2.19155233	     -4.68769764	      0.00000000	     16.26766817	      2.31649671	     -9.64970980	      0.00000000	      5.09938603	      4.06038824	      0.00000000	     -4.16350606	     -2.02841776	     -2.32834367	      2.48162702	     -7.90778456	      1.87572723	     25.50323649	     95.79854897	     -4.59176145	    -11.19674449	      5.55372773	     35.22879096	     99.70190631
      7.25000000	    -14.24714925	      2.39231255	     -1.25766715	     -0.56401305	      0.92326343	     -0.18263068	     16.54150197	     -3.69160151	     -2.73806078	      0.00000000	      2.11766682	     -5.50672717	      0.00000000	     16.54912419	      2.13845621	     -9.26220220	      0.00000000	      5.75591809	      3.73475780	      0.00000000	     -3.40802927	     -1.96330771	     -2.03970766	      2.23646389	     -8.05658473	      2.36630163	     25.41057688	     95.74598232	     -4.68415141	    -11.12835884	      5.34535234	     35.02044354	     99.64991582
      7.26666670	    -14.25345050	      2.34406175	     -1.34761827	     -0.56344171	      0.92065281	     -0.18245407	     16.54565046	     -3.57872255	     -2.72906891	      0.00000000	      2.09216321	     -5.54189794	      0.00000000	     16.42476488	      2.07387062	     -9.19737979	      0.00000000	      5.79814393	      3.73267492	      0.00000000	     -3.36489949	     -1.98335298	     -2.04329181	      2.24401363	     -8.10341535	      2.36557682	     25.40843561	     95.74317019	     -4.69679529	    -11.12256209	      5.34299288	     35.00528505	     99.64935266
      7.28333330	    -13.78428838	      2.07895254	     -1.53118366	     -0.56234962	      0.92158141	     -0.18260606	     16.01744944	     -3.22805370	     -1.95968901	      0.00000000	      1.35348639	     -7.30012096	      0.00000000	     15.79662933	      1.78100401	     -8.53912187	      0.00000000	      6.15723480	      2.81398638	      0.00000000	     -3.84805104	     -1.65067603	     -1.69263166	      2.37578617	     -8.38374972	      2.60287542	     25.18702352	     95.69432572	     -4.38981187	    -10.88639965	      5.05620037	     34.37710807	     99.59626519
      7.30000000	    -13.68979105	      2.05384801	     -1.88008763	     -0.56433283	      0.92001309	     -0.18210636	     16.60217886	     -3.10835549	     -1.31780261	      1.33324696	      1.73248934	     -8.18098940	      0.00000000	     15.66027498	      1.65488370	     -8.47152261	      0.00000000	      6.08963371	      2.17376732	      0.00000000	     -3.98115242	     -1.60161129	     -1.40292112	      2.57150382	     -8.51365954	      2.73040599	     25.18808601	     95.65761268	     -4.25054110	    -10.77344948	      4.90263343	     34.05898795	     99.57214356
      7.31666670	    -13.50386944	      2.13089429	     -2.28365211	     -0.56719998	      0.91773511	     -0.18051246	     17.65522955	     -3.08949083	     -0.66920317	      3.68209811	      2.47445124	     -9.18554300	      0.00000000	     15.49846659	      1.58365737	     -8.37135220	      0.00000000	      5.76697812	      1.31090914	      0.00000000	     -4.44861648	     -1.68057339	     -1.08729531	      2.90026946	     -8.63330123	      2.80468514	     25.21588407	     95.63484520	     -3.91634870	    -10.71472788	      4.71871632	     33.71173540	     99.54537903
      7.33333330	    -13.88663583	      2.18013367	     -2.46555342	     -0.56980912	      0.91723371	     -0.17990089	     19.71828594	     -3.09879381	     -0.03271511	      6.51495650	      2.91212096	    -10.47128491	      0.00000000	     16.87384348	      1.38367381	     -8.27951057	      1.55818067	      5.65891883	     -0.05669247	      0.00000000	     -4.40357722	     -1.66386518	     -0.77641193	      3.11920762	     -8.78394815	      2.83938011	     25.22147449	     95.59170093	     -3.38583470	    -10.59150596	      4.41469065	     33.20552491	     99.51386536
      7.35000000	    -14.24863490	      2.26360035	     -2.50265984	     -0.57194528	      0.91092957	     -0.17894160	     22.02393468	     -3.16399142	      0.24640994	     10.06864727	      3.84408182	    -11.48429607	      0.00000000	     18.89651971	      1.13180761	     -8.47411033	      4.21953349	      6.13742175	     -1.12925899	      0.00000000	     -4.56933635	     -1.70792614	     -0.74821939	      3.47495805	     -8.82231882	      2.76002816	     25.23533700	     95.55660011	     -2.93918046	    -10.65539383	      4.21614070	     32.93660366	     99.50937719
      7.36666670	    -14.67203684	      2.41722066	     -2.30637163	     -0.57053017	      0.90993257	     -0.17837302	     24.48786003	     -3.40391989	      0.43822807	     13.83456333	      5.12955591	    -12.25562678	      0.00000000	     21.29264010	      0.89236545	     -8.75631425	      7.71143363	      6.74792968	     -2.28096137	      0.00000000	     -4.63158009	     -1.87249919	     -0.81623305	      3.64453827	     -8.78385873	      2.52165468	     25.22010211	     95.52302939	     -2.59599434	    -10.75616763	      4.02680823	     32.66232032	     99.50494716
      7.38333330	    -15.10521112	      2.51770209	     -2.02302396	     -0.57189855	      0.90004168	     -0.17741543	     27.06202357	     -3.67792949	      0.28335975	     17.94195637	      6.59105094	    -12.90475020	      0.00000000	     24.14210436	      0.47914044	     -9.23994118	     12.08414407	      7.67716457	     -3.49581999	      0.00000000	     -4.74723374	     -1.94185819	     -0.91987745	      3.82583950	     -8.80116842	      2.18470085	     25.23149218	     95.50378591	     -2.25609992	    -10.89738217	      3.81457116	     32.44357557	     99.49167861
      7.40000000	    -15.64412056	      2.59333711	     -1.87061616	     -0.57461407	      0.89028626	     -0.17703907	     29.99201380	     -3.97408300	     -0.05124661	     22.56422989	      8.39960304	    -13.37235015	      0.00000000	     27.50836807	     -0.11831838	     -9.92262099	     17.28309190	      9.23648371	     -4.40686874	      0.00000000	     -4.72183785	     -1.95116141	     -1.00785739	      4.02428273	     -8.85911729	      1.80337371	     25.32013038	     95.50827284	     -2.02640511	    -11.01211795	      3.55959783	     32.32525397	     99.46361304
      7.41666670	    -16.23779595	      2.57929084	     -1.64225003	     -0.57680334	      0.88206372	     -0.17656601	     33.04386094	     -4.28561731	     -0.42352476	     27.26504224	     10.64254793	    -13.35593625	      0.00000000	     31.01310036	     -0.89577184	    -10.60594403	     23.01286461	     11.21042377	     -4.99247106	      0.00000000	     -4.67132365	     -1.81626886	     -1.13531215	      4.17458844	     -8.96040618	      1.36500336	     25.46834925	     95.52283180	     -1.84854197	    -11.17459584	      3.29561650	     32.41432657	     99.43361691
      7.43333330	    -16.61418399	      2.40560194	     -1.44955818	     -0.57538980	      0.86986126	     -0.17659603	     35.93246973	     -4.58645239	     -1.05937177	     32.37247529	     13.34779834	    -12.85222380	      0.00000000	     34.36022901	     -1.96656927	    -11.26579070	     29.28780345	     13.77769566	     -5.13809237	      0.00000000	     -4.76940034	     -1.48222208	     -1.30790637	      4.34847170	     -9.10787852	      0.88982542	     25.60216692	     95.54701674	     -1.83599733	    -11.29097375	      2.99488193	     32.67191948	     99.40002528
      7.45000000	    -16.95942874	      2.21255994	     -1.32635094	     -0.57678585	      0.85989084	     -0.17583990	     38.76295652	     -4.92918135	     -1.87512233	     37.39312255	     16.17539477	    -11.81151373	      0.00000000	     37.66613153	     -3.14169629	    -11.87600303	     35.51538052	     16.60621510	     -4.80804360	      0.00000000	     -4.95830594	     -1.13105562	     -1.45117781	      4.58837380	     -9.25804454	      0.38731910	     25.76481315	     95.58108268	     -1.89062902	    -11.39690372	      2.62937035	     32.87362965	     99.36228653
      7.46666670	    -17.02530656	      2.04513869	     -1.38324699	     -0.57312680	      0.84795652	     -0.17518172	     41.23089401	     -5.38349159	     -2.65163042	     42.67808379	     18.92580273	    -10.47580946	      0.00000000	     40.05931464	     -4.35165762	    -12.47902775	     40.91289353	     19.84887942	     -3.78624036	      0.00000000	     -5.27269870	     -0.79165155	     -1.63761425	      4.91179111	     -9.37772729	     -0.13826633	     25.85670814	     95.62147471	     -2.08137926	    -11.48373277	      2.16096970	     33.04942140	     99.31559210
      7.48333330	    -17.02583489	      1.84428805	     -1.41379100	     -0.57409787	      0.83784690	     -0.17365005	     43.23819228	     -5.78784210	     -3.48278842	     47.13339528	     21.70865914	     -9.24067341	      0.00000000	     42.35936804	     -5.56888053	    -12.88705713	     45.92049418	     22.93053778	     -2.84830552	      0.00000000	     -5.84113561	     -0.46558463	     -1.90667096	      5.23621777	     -9.40937848	     -0.66759946	     25.90664499	     95.64949975	     -2.17128312	    -11.61633682	      1.67080271	     33.20619952	     99.27954347
      7.50000000	    -16.87112527	      1.71506967	     -1.45574229	     -0.57927002	      0.82878876	     -0.17192466	     45.09151113	     -6.24592586	     -4.25431186	     51.11831467	     24.02545781	     -7.83933366	      0.00000000	     44.00491199	     -6.72907802	    -13.41235031	     49.88698078	     25.58914236	     -1.56644045	      0.00000000	     -6.73310868	     -0.29562091	     -2.13964010	      5.85607007	     -9.36120910	     -1.15693229	     25.89256397	     95.67064034	     -2.02046182	    -11.85961483	      1.14626653	     33.36517008	     99.25556991
      7.51666670	    -16.75249899	      1.50896892	     -1.39629833	     -0.58255531	      0.81903794	     -0.17170602	     46.70267085	     -6.66921529	     -5.13281972	     54.47582189	     26.07900144	     -6.49795077	      0.00000000	     45.79870295	     -7.87417269	    -13.70965961	     53.71391436	     27.54579903	     -0.61469246	      0.00000000	     -7.85304466	     -0.06934759	     -2.30952265	      6.50931054	     -9.35237360	     -1.66684158	     25.83997596	     95.66961947	     -1.71969944	    -12.08077197	      0.67537331	     33.55581707	     99.25673308
      7.53333330	    -16.42579683	      1.22422339	     -1.29061355	     -0.58564753	      0.81438878	     -0.17122326	     47.82087075	     -7.03145886	     -6.05788359	     57.41758108	     27.39081874	     -5.58892099	      0.00000000	     47.12938225	     -8.88032732	    -13.74554846	     56.99980118	     29.37691668	      0.58075925	      0.00000000	     -9.41672452	      0.25352903	     -2.47892461	      7.36778707	     -9.36001135	     -2.17691864	     25.86248289	     95.65287628	     -1.16041351	    -12.26123115	      0.28201762	     33.64318445	     99.28409623
      7.55000000	    -15.75001086	      0.82970016	     -1.14140925	     -0.58829724	      0.81058550	     -0.17183297	     48.45268722	     -7.29870965	     -6.89418566	     60.07918233	     28.53817696	     -5.09486473	      0.00000000	     48.12958505	     -9.72413220	    -13.52537874	     59.96589802	     30.82277376	      1.61807135	      0.00000000	    -11.74036513	      0.71406116	     -2.48371278	      8.38696306	     -9.42298795	     -2.70832084	     25.90031113	     95.62773225	     -0.35218316	    -12.36840727	     -0.02605290	     33.81014316	     99.33507836
      7.56666670	    -14.85143938	      0.52787207	     -0.92923111	     -0.59214048	      0.80443161	     -0.17241919	     48.73732080	     -7.64835860	     -7.57398696	     62.43602630	     29.44798779	     -4.47980734	      0.00000000	     48.84190964	    -10.31918301	    -13.17928702	     62.69187748	     32.09155325	      2.34682124	      0.00000000	    -14.41424241	      1.04276101	     -2.51168221	      9.56236645	     -9.50902527	     -3.24453708	     25.92433595	     95.59950011	      0.68352935	    -12.45818064	     -0.16162969	     33.98198851	     99.41091548
      7.58333330	    -13.85532202	      0.28055206	     -0.72522814	     -0.59420278	      0.79910351	     -0.17270537	     49.08969328	     -8.01455444	     -7.94460601	     64.92978809	     30.63988229	     -4.00245860	      0.00000000	     49.40078587	    -10.85915191	    -12.88372444	     65.26353112	     33.24410294	      3.02704576	      0.00000000	    -17.41873119	      1.32564152	     -2.54890887	     10.96504933	     -9.57108740	     -3.79879397	     26.07003785	     95.56808426	      1.91896097	    -12.60371017	     -0.11328033	     34.18692192	     99.49731315
      7.60000000	    -12.81020561	      0.08872820	     -0.39991975	     -0.59683354	      0.79166483	     -0.17200555	     49.22491478	     -8.35767983	     -8.25669142	     67.22617343	     31.98257430	     -3.62834927	      0.00000000	     49.75969309	    -11.23391198	    -12.54241832	     67.41274916	     34.16420820	      3.56195986	      0.00000000	    -20.51971265	      1.47953159	     -2.42954980	     12.32011468	     -9.64379533	     -4.37346576	     26.15208092	     95.53686656	      3.26581033	    -12.80809148	      0.09208829	     34.32242892	     99.57260641
      7.61666670	    -11.95994494	      0.06033972	     -0.28196691	     -0.60079310	      0.78160877	     -0.17282332	     49.78018729	     -8.83353297	     -8.37640733	     69.88775592	     33.19182393	     -3.24361153	      0.00000000	     50.55252967	    -11.50300328	    -12.22465880	     69.86909498	     35.21005173	      4.03452071	      0.00000000	    -23.50925901	      1.44432947	     -2.23509880	     13.67875746	     -9.77461102	     -4.96939285	     26.28437927	     95.49730107	      4.69008492	    -13.09714284	      0.41053168	     34.65736147	     99.62589127
      7.63333330	    -11.12282776	      0.01548342	     -0.11999011	     -0.60119858	      0.77527797	     -0.17378451	     50.00144297	     -9.18331722	     -8.34073681	     72.10408461	     34.86332543	     -2.65444108	      0.00000000	     51.24975404	    -11.71946377	    -11.88846921	     72.27592657	     35.79350043	      3.82905749	      0.00000000	    -26.56778917	      1.50240994	     -2.06170067	     14.92653347	     -9.92654556	     -5.71877211	     26.49891730	     95.42057818	      6.15070234	    -13.39691014	      0.83908731	     35.03116272	     99.65599446
      7.65000000	    -10.38227167	      0.01985477	     -0.19039094	     -0.60411476	      0.76675550	     -0.17329337	     50.39888739	     -9.43316200	     -8.14476422	     74.28140197	     36.35111101	     -2.30501188	      0.00000000	     51.81092706	    -12.00232363	    -11.61167974	     74.51652036	     36.83881597	      4.13490839	      0.00000000	    -29.45511742	      1.48437694	     -1.73902776	     16.17852225	    -10.07062394	     -6.44768557	     26.73324804	     95.33893846	      7.63689041	    -13.72441269	      1.23173896	     35.26365416	     99.64824391
      7.66666670	     -9.65506619	      0.02617537	     -0.30103023	     -0.60402101	      0.75849323	     -0.17333700	     50.78025458	     -9.60995133	     -7.84819954	     76.54799621	     37.93784311	     -1.75861381	      0.00000000	     52.43587287	    -12.34665707	    -11.30747851	     77.02163807	     37.50112626	      3.91470259	      0.00000000	    -32.26925699	      1.49344375	     -1.36051358	     17.30375648	    -10.23823305	     -7.15724329	     27.03419086	     95.24327448	      8.99437749	    -14.00032689	      1.51512704	     35.37755270	     99.60398678
      7.68333330	     -8.96572747	      0.08970292	     -0.49451530	     -0.61031344	      0.75401417	     -0.17296340	     51.44880856	     -9.65991457	     -7.44826383	     78.49570108	     38.95784569	     -1.48667812	      0.00000000	     53.00388460	    -12.59229294	    -11.21102308	     79.05505715	     38.10182372	      3.86740554	      0.00000000	    -35.22170773	      1.32331157	     -0.96864005	     18.61226846	    -10.38319541	     -7.85579468	     27.60906200	     95.14131457	     10.50714647	    -14.30264644	      1.78080308	     35.45758795	     99.54679557
      7.70000000	     -8.41305914	      0.11294046	     -0.66383137	     -0.61416312	      0.74836705	     -0.17304334	     52.50881248	     -9.75588133	     -7.08718025	     80.58783082	     39.50463606	     -1.54710023	      0.00000000	     53.74006761	    -12.74541558	    -10.92665982	     80.86900732	     38.54290216	      3.47220181	      0.00000000	    -37.86481008	      1.20079633	     -0.61412717	     19.87102871	    -10.58161082	     -8.21598154	     27.99598338	     95.08440890	     11.82966092	    -14.54999885	      1.86514292	     35.65463115	     99.50897516
      7.71666670	     -7.72607794	      0.21658365	     -0.79635601	     -0.61769344	      0.74229351	     -0.17246771	     53.19694369	     -9.88130777	     -6.74005708	     82.24320449	     39.81398088	     -1.58459484	      0.00000000	     54.20411833	    -12.87481059	    -10.79738916	     82.28082075	     39.21029957	      3.94035727	      0.00000000	    -40.76843240	      0.99997472	     -0.25916014	     21.01275165	    -10.77969394	     -8.86554253	     28.51577648	     94.96600047	     13.44231414	    -14.88693133	      2.15307192	     36.03418957	     99.46455065
      7.73333330	     -7.22638394	      0.30303601	     -0.83031620	     -0.62236298	      0.73559489	     -0.17165631	     53.97386165	     -9.96818212	     -6.44051906	     83.78135197	     40.10878877	     -1.86966404	      0.00000000	     54.93417503	    -12.99495964	    -10.60924636	     83.74205494	     39.46330997	      3.89203114	      0.00000000	    -43.29809237	      0.82921917	      0.05132782	     21.99177412	    -10.89854984	     -9.67196254	     29.31924890	     94.81843725	     14.98108492	    -15.28581605	      2.68074925	     36.26240364	     99.42235878
      7.75000000	     -7.08816593	      0.33444353	     -0.80038072	     -0.62524492	      0.73045723	     -0.17226227	     54.95396396	    -10.02146947	     -6.22421112	     85.01772677	     40.35758128	     -1.97132700	      0.00000000	     55.91991417	    -13.04232474	    -10.30089314	     85.05010911	     39.51103953	      3.68923935	      0.00000000	    -45.21381612	      0.80168617	      0.12053025	     22.97522496	    -11.03532098	     -9.77192753	     29.54125412	     94.80184171	     16.15214248	    -15.58631797	      2.63217069	     36.41083791	     99.40273839
      7.76666670	     -6.53075301	      0.24740795	     -0.71251646	     -0.62451444	      0.72660039	     -0.17117710	     54.99979288	    -10.04774553	     -6.23680575	     85.89910311	     40.83047539	     -1.89643228	      0.00000000	     56.19887800	    -13.15111385	     -9.86722858	     86.34399037	     39.61560422	      3.33111788	      0.00000000	    -47.39812159	      0.86443046	      0.37532286	     23.83787433	    -11.17831310	    -10.05772222	     29.69261143	     94.75400703	     17.44364870	    -15.76192404	      2.79634427	     36.49444524	     99.37810796
      7.78333330	     -6.07914009	      0.18387551	     -0.66531308	     -0.62880626	      0.72354837	     -0.17164512	     55.22549976	    -10.04055449	     -6.25098226	     86.77747885	     40.95157213	     -1.98437566	      0.00000000	     56.34813865	    -13.21731914	     -9.56516030	     87.21354301	     39.96086144	      3.51306380	      0.00000000	    -49.30667133	      0.87809726	      0.53932910	     24.74356060	    -11.30907321	    -10.32916511	     29.93814142	     94.70645202	     18.74429366	    -15.94474229	      3.00381476	     36.60632379	     99.35730261
      7.80000000	     -5.76433360	      0.23608129	     -0.50083130	     -0.63253395	      0.72027065	     -0.17192977	     55.67426635	    -10.16957086	     -6.14972107	     87.67527274	     41.10754080	     -2.17605553	      0.00000000	     56.60027896	    -13.06476282	     -9.37855800	     87.75078636	     40.39833516	      3.83464382	      0.00000000	    -50.94907852	      0.83275340	      0.63114204	     25.49026945	    -11.41650509	    -10.51598383	     30.12263903	     94.67847565	     19.86590379	    -16.04125894	      3.20248169	     36.79763065	     99.33281246
      7.81666670	     -5.71343902	      0.24483576	     -0.33532844	     -0.62994266	      0.71523069	     -0.17311996	     56.22854090	    -10.39286606	     -6.08546752	     88.56983897	     41.22432603	     -2.32484280	      0.00000000	     57.08679272	    -13.06394968	     -9.24384851	     88.47171201	     40.55241173	      3.82838706	      0.00000000	    -52.09754745	      0.86424986	      0.63844548	     26.05709118	    -11.50365905	    -10.57637448	     30.22949749	     94.66995819	     20.54131813	    -16.06374121	      3.23748695	     36.93636651	     99.31967254
      7.83333330	     -5.47542496	      0.23178965	     -0.12774476	     -0.63032189	      0.71220104	     -0.17252033	     56.21191432	    -10.56179732	     -6.13274978	     89.07319112	     41.55037974	     -2.69013846	      0.00000000	     57.14209490	    -12.89819606	     -9.00847439	     88.89700915	     41.04583511	      3.86348921	      0.00000000	    -53.10912159	      0.85761723	      0.75254555	     26.39393343	    -11.59928291	    -10.70270990	     30.27283171	     94.65471196	     21.21719996	    -15.98163636	      3.39240588	     37.26043447	     99.28862300
      7.85000000	     -5.31873194	      0.11666717	     -0.03481291	     -0.62935835	      0.71063721	     -0.17227764	     56.00859670	    -10.47791304	     -6.10918706	     89.46562723	     42.07715122	     -2.81837224	      0.00000000	     57.11376219	    -12.94188064	     -8.72600537	     89.22974061	     41.61349243	      4.14356141	      0.00000000	    -53.87384315	      0.89790175	      0.94018873	     26.58521013	    -11.63927317	    -10.82822447	     30.31926588	     94.64421313	     21.65046862	    -15.87057125	      3.51239873	     37.60856375	     99.24159056
      7.86666670	     -5.24079627	      0.01893969	     -0.00605594	     -0.62902091	      0.71018369	     -0.17177035	     55.82972311	    -10.34202962	     -6.15751098	     89.68510364	     42.39935151	     -2.89335390	      0.00000000	     57.09506209	    -13.01232430	     -8.49516293	     89.53626487	     42.13742743	      4.52512918	      0.00000000	    -54.46501568	      0.88940357	      1.15335651	     26.56323984	    -11.62965605	    -11.01044328	     30.54076894	     94.63956471	     21.93501486	    -15.74179606	      3.54405630	     38.16812790	     99.14818641
      7.88333330	     -5.26828793	      0.04475934	     -0.07112152	     -0.62806347	      0.71168472	     -0.17126601	     55.61691938	    -10.29031772	     -6.11290674	     89.68675682	     42.44335882	     -2.93303731	      0.00000000	     57.21587313	    -12.93411282	     -8.43573899	     89.62065685	     42.10742265	      4.49982988	      0.00000000	    -54.53419976	      0.74850653	      1.15769145	     26.58936079	    -11.57405554	    -11.00438959	     30.56572398	     94.64175800	     21.90191184	    -15.67186717	      3.55519617	     38.16920523	     99.14538830
      7.90000000	     -4.86559520	     -0.03076151	     -0.19081361	     -0.63004221	      0.71305010	     -0.17188546	     54.79122855	    -10.04724362	     -6.10685226	     89.37836882	     42.53184898	     -3.60691910	      0.00000000	     56.79856938	    -12.95319987	     -8.37512804	     89.47570597	     41.71836013	      3.92528075	      0.00000000	    -55.07961020	      0.68308392	      1.29334538	     26.42969239	    -11.47609183	    -11.08942920	     30.97069921	     94.68370885	     21.93571767	    -15.46053066	      3.29090383	     38.59157956	     99.03942580
      7.91666670	     -4.57152575	     -0.03823403	     -0.23567766	     -0.62940235	      0.71734918	     -0.17147881	     53.98565039	     -9.94198321	     -6.12245675	     88.67216564	     42.32864114	     -3.73824006	      0.00000000	     56.16072876	    -12.90917363	     -8.37502994	     89.02277796	     41.49439588	      4.16201581	      0.00000000	    -55.12798039	      0.61009907	      1.31149510	     26.20671247	    -11.34572670	    -11.13120505	     31.28432190	     94.72891689	     21.81729071	    -15.30230347	      3.07074584	     38.76543514	     98.97569332
      7.93333330	     -4.39475714	     -0.01129991	     -0.37006481	     -0.63269985	      0.71951684	     -0.17307775	     53.55977356	     -9.80067673	     -6.02897018	     87.98611208	     41.98294189	     -3.95960555	      0.00000000	     55.67721389	    -12.80232529	     -8.55938822	     88.41322672	     41.15808975	      3.84270410	      0.00000000	    -54.95599284	      0.52681441	      1.32486556	     25.85772098	    -11.25451383	    -11.16184778	     31.73054147	     94.79480648	     21.65500907	    -15.12999151	      2.80738090	     39.07208796	     98.92206281
      7.95000000	     -4.43049995	      0.07588249	     -0.51893210	     -0.63807576	      0.72376308	     -0.17276317	     53.48444049	     -9.69748265	     -5.94090618	     87.11561365	     41.32135936	     -4.28033103	      0.00000000	     55.44599360	    -12.63790222	     -8.75306956	     87.76821092	     40.66161139	      3.49428055	      0.00000000	    -54.52050646	      0.40841645	      1.26531341	     25.44296985	    -11.12200283	    -11.20533285	     32.45492409	     94.90592421	     21.44099033	    -15.00002952	      2.49064149	     39.59962744	     98.89925543
      7.96666670	     -4.38162965	      0.09784750	     -0.51141852	     -0.63291026	      0.73191257	     -0.17164680	     52.80001383	     -9.46872596	     -5.94781221	     85.76931561	     40.85039457	     -4.14687055	      0.00000000	     54.72764216	    -12.57850749	     -8.99581916	     86.64663613	     39.66111576	      3.14065746	      0.00000000	    -54.06374782	      0.40579134	      1.23915357	     24.97809555	    -10.94695335	    -11.24698806	     32.79249699	     95.00374348	     21.17604297	    -14.90076642	      2.33594162	     39.86553370	     98.92125342
      7.98333330	     -4.30115875	      0.05897666	     -0.51279846	     -0.63038728	      0.73883200	     -0.17193360	     51.61742195	     -9.25460895	     -6.12083645	     84.04409754	     40.33429739	     -4.18433384	      0.00000000	     53.74823819	    -12.57850428	     -9.29950512	     85.19747178	     38.61402488	      2.81542072	      0.00000000	    -53.49825059	      0.43961686	      1.25952012	     24.32269930	    -10.80608946	    -11.29343691	     33.01895961	     95.11100905	     20.77189964	    -14.75589920	      2.20301856	     40.11311493	     98.96422788
      8.00000000	     -4.34925130	      0.05278255	     -0.55681345	     -0.63442050	      0.74695537	     -0.17286551	     50.76434642	     -9.08574894	     -6.23012020	     82.27724074	     39.47275619	     -4.10409504	      0.00000000	     52.91109966	    -12.43299671	     -9.62962454	     83.52457177	     37.78834826	      2.84527374	      0.00000000	    -52.75375764	      0.47394389	      1.24220360	     23.82492651	    -10.70249945	    -11.28995840	     33.12789849	     95.18139401	     20.44767266	    -14.67354295	      2.15789311	     40.30496232	     99.00577460
      8.01666670	     -4.49314364	      0.10512663	     -0.55144961	     -0.63555059	      0.75227152	     -0.17231028	     50.32538875	     -9.05910512	     -6.36484535	     80.88210493	     38.30090198	     -4.24641659	      0.00000000	     52.07444937	    -12.21462144	     -9.92897807	     81.74018255	     37.07360185	      2.88958823	      0.00000000	    -51.79698843	      0.44114004	      1.12526846	     23.23873844	    -10.59042568	    -11.26383521	     33.23883303	     95.25400471	     20.03789736	    -14.60204812	      2.13452181	     40.50064124	     99.05670746
      8.03333330	     -4.47291287	      0.17200046	     -0.64615657	     -0.63436473	      0.76413254	     -0.17219676	     49.12990149	     -8.75723113	     -6.31448377	     78.64210158	     37.00658105	     -4.74069184	      0.00000000	     50.74653348	    -12.00871263	    -10.37301332	     79.55169651	     35.89157119	      2.53335022	      0.00000000	    -50.94287274	      0.32778671	      0.94878846	     22.70150964	    -10.34783004	    -11.20245873	     33.55467581	     95.40975792	     19.49816507	    -14.60998442	      2.07346131	     40.65057557	     99.17219525
      8.05000000	     -4.77967928	      0.30865373	     -0.65405326	     -0.63168751	      0.77303485	     -0.17197096	     48.19915548	     -8.65697462	     -6.46165310	     76.23451245	     35.63980289	     -4.58176937	      0.00000000	     49.46088770	    -11.76019117	    -10.93281189	     77.09524692	     34.83189996	      2.61336142	      0.00000000	    -49.68954413	      0.21207683	      0.74304214	     21.99140560	    -10.14325952	    -11.16647494	     33.59448787	     95.49182949	     18.92728095	    -14.63435409	      2.07602900	     40.58444378	     99.23846046
      8.06666670	     -5.06337708	      0.45600162	     -0.69498881	     -0.62930648	      0.77784167	     -0.17191079	     47.13403671	     -8.57297069	     -6.46350912	     74.04789997	     34.66504748	     -4.63917763	      0.00000000	     48.07857679	    -11.45713009	    -11.38143189	     74.55867093	     34.32084472	      2.87071020	      0.00000000	    -48.22048482	      0.07160809	      0.51156656	     21.22127440	     -9.91612683	    -11.09341997	     33.51897880	     95.58984333	     18.19164767	    -14.65579910	      2.10560560	     40.37374362	     99.31673512
      8.08333330	     -5.27178218	      0.55495147	     -0.69590268	     -0.62175379	      0.78546485	     -0.17252308	     45.76228583	     -8.47076602	     -6.47305933	     71.88156289	     34.08699937	     -4.63791749	      0.00000000	     46.84848774	    -11.21532849	    -11.86120960	     72.50410535	     33.40821934	      3.08282327	      0.00000000	    -46.57440579	      0.04948490	      0.34855393	     20.19603538	     -9.73344119	    -11.02371917	     33.16222662	     95.67215715	     17.19276490	    -14.58370556	      2.14374211	     40.01644428	     99.37496156
      8.10000000	     -5.60452454	      0.75353303	     -0.70398720	     -0.62221063	      0.79421333	     -0.17249873	     44.93620959	     -8.53649905	     -6.58006465	     70.00742773	     33.03480309	     -4.92021856	      0.00000000	     45.68597641	    -10.76383664	    -12.34763642	     70.15864411	     32.79235327	      3.31501201	      0.00000000	    -44.78635312	     -0.16287568	      0.07453038	     19.26954998	     -9.55787005	    -10.89770777	     32.76214334	     95.77037327	     16.22995784	    -14.54804960	      2.13552364	     39.53024111	     99.43088453
      8.11666670	     -6.10911842	      0.90168961	     -0.60343820	     -0.62326724	      0.80182656	     -0.17198149	     44.14636999	     -8.43413472	     -6.64050691	     67.65222018	     32.19135236	     -5.04192714	      0.00000000	     44.77832111	    -10.37385249	    -12.85398510	     67.67909605	     31.63879454	      3.28594848	      0.00000000	    -42.70178046	     -0.24717639	     -0.23565991	     18.38276570	     -9.32657899	    -10.71773398	     32.45611439	     95.86235171	     15.27373166	    -14.59724170	      2.15718928	     39.04684220	     99.48369167
      8.13333330	     -6.85300791	      1.10424074	     -0.51564671	     -0.61765653	      0.80526752	     -0.17144950	     43.53154614	     -8.40080797	     -6.69756583	     65.20911555	     31.40672895	     -5.31853343	      0.00000000	     44.38715519	     -9.91433636	    -13.18134153	     65.68922147	     30.89489483	      2.94559131	      0.00000000	    -39.99809168	     -0.46847336	     -0.60716261	     17.39178294	     -9.04375035	    -10.27522851	     31.69165503	     96.04466519	     14.08779302	    -14.61139574	      2.14357952	     38.27373363	     99.56135212
      8.15000000	     -7.77439575	      1.23546187	     -0.45050676	     -0.61426545	      0.81351674	     -0.17076592	     43.01770744	     -8.27034442	     -6.78628314	     62.76979041	     30.64722039	     -5.45382014	      0.00000000	     43.73393700	     -9.54164864	    -13.58784029	     63.16031561	     30.27679676	      3.29793709	      0.00000000	    -37.20232749	     -0.64429503	     -0.93308835	     16.35734250	     -8.86719974	     -9.79529254	     31.23906174	     96.20261616	     12.83830251	    -14.60989005	      2.14531957	     37.65606726	     99.61428048
      8.16666670	     -8.58802036	      1.23097638	     -0.51516203	     -0.60942935	      0.81810540	     -0.17099745	     42.40529177	     -8.14028893	     -7.11585333	     60.37197410	     29.82272472	     -5.13382788	      0.00000000	     42.93557521	     -9.26289522	    -13.85139086	     60.57417704	     29.71249540	      3.79568095	      0.00000000	    -34.44149343	     -0.71749295	     -0.98033581	     15.24821533	     -8.80490398	     -9.57747230	     30.92380314	     96.26031691	     11.51503382	    -14.54632421	      2.18127285	     37.30521168	     99.62753530
      8.18333330	     -9.57520270	      1.26332758	     -0.56965452	     -0.60597794	      0.82931003	     -0.17140075	     41.78187294	     -7.86321003	     -7.33362429	     57.35404114	     28.36330138	     -4.98807443	      0.00000000	     42.03985705	     -8.78130350	    -13.98331873	     57.58100812	     28.93685470	      4.18063481	      0.00000000	    -31.39905248	     -0.81026077	     -1.18703348	     14.00611779	     -8.60556243	     -9.30160112	     30.44692296	     96.31854803	     10.04546584	    -14.46455650	      2.20203010	     36.73385222	     99.62726996
      8.20000000	    -10.43036435	      1.27665898	     -0.58023685	     -0.60183546	      0.84063538	     -0.17209093	     40.62944129	     -7.50797935	     -7.45537409	     53.80831149	     26.19659775	     -6.03139948	      0.00000000	     40.80391564	     -8.17084148	    -14.01729018	     54.04783598	     28.03426974	      4.41398029	      0.00000000	    -28.16406306	     -0.82104515	     -1.57486972	     12.96016971	     -8.33160181	     -8.57747003	     29.34681793	     96.43860362	      8.55779125	    -14.30046238	      2.10038345	     35.54227387	     99.56940033
      8.21666670	    -11.06995630	      1.23437184	     -0.66638738	     -0.60103147	      0.84592297	     -0.17262504	     39.49327414	     -7.20135774	     -7.79758225	     50.60855213	     24.81991250	     -5.66715077	      0.00000000	     39.77894357	     -7.76733771	    -14.25772410	     50.93483235	     26.75719595	      4.65012173	      0.00000000	    -25.56127485	     -0.82386338	     -1.63043255	     11.83833815	     -8.23834623	     -8.27893665	     28.93087302	     96.47523226	      7.19277152	    -14.16193996	      2.15483088	     35.16736700	     99.54911450
      8.23333330	    -11.85665842	      1.46342423	     -0.70178568	     -0.59749454	      0.85540101	     -0.17485330	     38.47798021	     -7.13412346	     -7.75937830	     47.28795537	     22.96335132	     -6.36091497	      0.00000000	     38.80825328	     -6.88632905	    -14.48492747	     47.38562513	     24.89745084	      3.83151106	      0.00000000	    -22.66095414	     -1.04506738	     -2.09041237	     10.85454802	     -8.03795233	     -7.49970160	     28.10762406	     96.53497954	      5.80237024	    -13.99939264	      2.15581989	     34.33559818	     99.45332115
      8.25000000	    -12.79536164	      1.54183632	     -0.51027172	     -0.59827628	      0.86158116	     -0.17563517	     37.93489704	     -6.95592569	     -7.70772838	     44.08566069	     21.87149823	     -6.26588828	      0.00000000	     38.34524385	     -6.12795754	    -14.53440684	     44.27812858	     22.87911930	      3.22415882	      0.00000000	    -19.88430520	     -1.08632864	     -2.47908150	      9.79501982	     -8.00324431	     -6.69018749	     27.76548164	     96.54508284	      4.52354671	    -13.95582227	      2.27423986	     34.15699304	     99.35726059
      8.26666670	    -13.50242853	      1.58981546	     -0.09796025	     -0.59443528	      0.87352695	     -0.17699878	     36.71598929	     -6.84067531	     -7.84484361	     40.21840481	     20.13460153	     -6.25795063	      0.00000000	     37.34838763	     -5.25208446	    -14.50362637	     40.58288364	     20.15337003	      2.51974997	      0.00000000	    -17.47023350	     -1.09572036	     -2.86835192	      8.84032559	     -7.94372504	     -6.06286303	     27.50841548	     96.50952759	      3.45873465	    -13.83234272	      2.45208764	     34.00432504	     99.27586593
      8.28333330	    -14.29767062	      1.67888552	      0.19133364	     -0.59074419	      0.87874779	     -0.17804883	     35.56482224	     -6.72477418	     -7.90691242	     36.31812000	     18.51138925	     -6.13651997	      0.00000000	     36.27653738	     -4.27798560	    -14.32256951	     36.41315465	     18.11215345	      2.46943637	      0.00000000	    -14.93531592	     -1.19475227	     -3.08960092	      7.77816142	     -7.92962696	     -5.43796669	     27.16076807	     96.44253861	      2.30826119	    -13.72685376	      2.67006439	     33.93893486	     99.18656176
      8.30000000	    -15.05200868	      1.78320311	      0.41534439	     -0.59357360	      0.88916401	     -0.17941015	     34.31361912	     -6.49713341	     -7.71441122	     31.84504440	     16.56892468	     -6.19649356	      0.00000000	     35.03713097	     -3.17944767	    -14.02133241	     31.62164668	     15.84549471	      2.46620685	      0.00000000	    -12.74217823	     -1.34650211	     -3.18307315	      6.88814041	     -7.97309544	     -4.79241050	     26.87948185	     96.35735225	      1.38012473	    -13.58458012	      2.89987541	     33.96910128	     99.09364058
      8.31666670	    -15.48653063	      1.87035894	      0.38935617	     -0.58993545	      0.89898198	     -0.17889282	     32.30418846	     -6.05897511	     -7.36446742	     26.74484098	     14.31389816	     -6.12668323	      0.00000000	     33.12843011	     -2.24719414	    -13.59993869	     26.58837800	     13.42381148	      2.48366440	      0.00000000	    -10.91019077	     -1.47113963	     -3.11971758	      6.17788726	     -8.00783952	     -4.10413934	     26.50244025	     96.26974350	      0.50404163	    -13.39805634	      3.08375956	     33.94279412	     98.98748720
      8.33333330	    -15.84396461	      2.02836254	      0.27766312	     -0.59132294	      0.90610331	     -0.18036018	     30.46563892	     -5.68259540	     -6.79218488	     21.96458736	     12.05959166	     -6.10812258	      0.00000000	     31.19858463	     -1.31088357	    -13.19249187	     21.70339984	     11.03758256	      2.40669141	      0.00000000	     -9.40955359	     -1.66153749	     -2.98943879	      5.60661822	     -8.08335079	     -3.38241938	     26.39389217	     96.18687998	     -0.23357806	    -13.27658332	      3.24177790	     34.19875663	     98.88917102
      8.35000000	    -16.10974219	      2.18464766	      0.18880778	     -0.58872712	      0.90773936	     -0.18017529	     28.76233345	     -5.36147539	     -6.15120583	     17.75052796	     10.28182358	     -6.04511864	      0.00000000	     29.26027430	     -0.47383786	    -12.65673370	     17.20335244	      9.15500408	      2.38799652	      0.00000000	     -8.04530354	     -1.84588463	     -2.93566485	      5.06240505	     -8.13674320	     -2.64244843	     26.35629597	     96.10696008	     -0.94724132	    -13.22286613	      3.38391309	     34.59602181	     98.80286984
      8.36666670	    -16.36975709	      2.36308861	     -0.02507230	     -0.58721716	      0.91399871	     -0.17998367	     27.24490159	     -5.09373348	     -5.51190233	     14.01351433	      8.58465493	     -5.96991430	      0.00000000	     27.38207294	      0.29821002	    -12.11324385	     12.86455498	      7.57853491	      2.70884230	      0.00000000	     -6.78940841	     -2.06130334	     -2.78870833	      4.62074635	     -8.24037203	     -2.00294582	     26.46640464	     96.05041307	     -1.65139628	    -13.12665003	      3.47748101	     35.00179369	     98.73526185
      8.38333330	    -16.37959353	      2.49137777	     -0.20998929	     -0.58360323	      0.91619384	     -0.18068726	     25.61188580	     -4.89873158	     -5.05838224	     11.00714512	      6.88750213	     -5.92882441	      0.00000000	     25.44383716	      0.94167486	    -11.54806954	      9.03627800	      6.34067136	      2.91172706	      0.00000000	     -5.76775799	     -2.19172191	     -2.67119357	      4.07484539	     -8.33669495	     -1.37728673	     26.46683734	     96.00534668	     -2.37582558	    -13.07282184	      3.55134383	     35.49976791	     98.67948042
      8.40000000	    -16.28727047	      2.51976103	     -0.54109731	     -0.58149084	      0.92362748	     -0.18058844	     23.92406071	     -4.57551041	     -4.54336307	      8.01318886	      5.39597482	     -5.86855512	      0.00000000	     23.50994605	      1.34371925	    -11.03262266	      5.74473499	      5.24652424	      3.16224323	      0.00000000	     -4.95017315	     -2.19899099	     -2.46981865	      3.67030561	     -8.49434552	     -0.76249711	     26.52823755	     95.97471060	     -3.05812566	    -12.92069274	      3.54693353	     35.92119197	     98.62469475
      8.41666670	    -16.40363408	      2.53430865	     -0.70395947	     -0.57752400	      0.92383626	     -0.17983544	     22.45700576	     -4.29706176	     -4.14783768	      5.21814319	      4.23900755	     -5.32711768	      0.00000000	     22.07002757	      1.63714082	    -10.56119859	      3.03241794	      4.34349310	      3.58632513	      0.00000000	     -3.70239988	     -2.26955810	     -2.31915180	      3.06746224	     -8.50852239	     -0.50723763	     26.42010336	     95.96951933	     -3.75792972	    -12.79977091	      3.56971726	     36.09203259	     98.61191562
      8.43333330	    -15.85287144	      2.48018485	     -0.99447662	     -0.58010107	      0.92959735	     -0.18012091	     20.55910359	     -3.98387588	     -3.66104542	      2.74298226	      2.96171383	     -5.41892858	      0.00000000	     20.05208152	      1.82443766	    -10.02378295	      0.43059030	      3.64526103	      3.74375821	      0.00000000	     -3.84663267	     -2.19684536	     -2.15978678	      2.97390178	     -8.68333793	      0.09202085	     26.42123443	     95.96381122	     -4.12069971	    -12.66852034	      3.49482235	     36.56444745	     98.58599757
      8.45000000	    -15.94303836	      2.29760778	     -0.96913382	     -0.58013511	      0.92789381	     -0.18039469	     19.57581760	     -3.64019710	     -3.41337494	      0.59382234	      2.05960064	     -5.08405082	      0.00000000	     19.81898353	      1.69758504	     -9.58393171	      0.00000000	      3.91646314	      4.04973222	      0.00000000	     -3.16107852	     -1.99604871	     -2.15858750	      2.74377317	     -8.77416813	      0.29998755	     26.41592281	     95.95750919	     -4.49349972	    -12.57330825	      3.48178172	     36.80225420	     98.58903237
      8.46666670	    -15.98173611	      2.22702883	     -1.03131624	     -0.57903037	      0.92580117	     -0.18047989	     19.26408692	     -3.47399757	     -3.36776038	      0.00000000	      1.70209978	     -5.02685919	      0.00000000	     19.78580147	      1.63263249	     -9.35166475	      0.00000000	      4.44734673	      4.22758232	      0.00000000	     -2.74203102	     -1.90615358	     -2.12016984	      2.68209825	     -8.88425969	      0.46306003	     26.40655514	     95.95346262	     -4.70208773	    -12.45692653	      3.45557947	     37.03607767	     98.59512971
      8.48333330	    -15.94923454	      2.20525001	     -1.15397143	     -0.57736114	      0.92052144	     -0.18055638	     19.12660270	     -3.37771653	     -3.25851031	      0.00000000	      1.71575856	     -5.05706781	      0.00000000	     19.61239989	      1.58311766	     -9.22540866	      0.00000000	      4.81577267	      4.18685787	      0.00000000	     -2.35501254	     -1.86920588	     -2.02201957	      2.49458969	     -8.98403273	      0.54067134	     26.34740344	     95.95077633	     -4.96272563	    -12.38052875	      3.43793187	     37.14194082	     98.60020275
      8.50000000	    -15.93586233	      2.17302552	     -1.24294024	     -0.57778918	      0.91859618	     -0.18077941	     19.01603739	     -3.29543752	     -3.04524693	      0.00000000	      1.82168732	     -5.16856731	      0.00000000	     19.41303666	      1.55149073	     -9.02360878	      0.00000000	      5.22088416	      4.05863722	      0.00000000	     -1.95024353	     -1.81355955	     -1.92354788	      2.32712608	     -9.10776257	      0.60225862	     26.28800614	     95.94566441	     -5.14960808	    -12.26984034	      3.41639757	     37.23972829	     98.60718172
      8.51666670	    -15.92004612	      2.06156270	     -1.34152387	     -0.57766169	      0.92093275	     -0.18004170	     18.96804872	     -3.09419735	     -2.64380500	      0.00000000	      1.67373303	     -5.63968585	      0.00000000	     19.22970213	      1.41133417	     -8.73045320	      0.00000000	      5.54863529	      3.66477804	      0.00000000	     -1.64378055	     -1.68021183	     -1.73194740	      2.24993211	     -9.26513507	      0.71932877	     26.21728392	     95.92423513	     -5.16958946	    -12.11030488	      3.29272703	     37.37612334	     98.62535635
      8.53333330	    -15.85409629	      2.01471833	     -1.37379200	     -0.57636118	      0.92013045	     -0.17895235	     18.86539426	     -2.96227173	     -2.50695144	      0.00000000	      1.62898665	     -5.67476542	      0.00000000	     18.99845289	      1.34181370	     -8.65305729	      0.00000000	      5.56280258	      3.63444975	      0.00000000	     -1.51040049	     -1.71746440	     -1.81457722	      2.09609360	     -9.28901388	      0.72349156	     26.16676280	     95.92128701	     -5.20841836	    -12.05710379	      3.29259822	     37.35901629	     98.62928707
      8.55000000	    -15.20122460	      1.84240170	     -1.42079454	     -0.57675827	      0.92079119	     -0.17868560	     18.15356280	     -2.74254321	     -1.35111373	      0.00000000	      0.81482305	     -7.73291413	      0.00000000	     18.19421832	      1.17432925	     -8.00324372	      0.00000000	      5.51754419	      2.47677178	      0.00000000	     -2.31209918	     -1.43584584	     -1.65341859	      2.31032467	     -9.39708341	      0.75365387	     26.06071873	     95.85376189	     -4.79483122	    -11.72192259	      2.93861467	     36.62867355	     98.68687750
      8.56666670	    -14.99356324	      1.85089532	     -1.63139867	     -0.57536610	      0.92105030	     -0.17749682	     18.65585365	     -2.66778715	     -0.76745332	      1.44571051	      1.06616445	     -8.70245307	      0.00000000	     17.90741640	      1.09923086	     -7.95400298	      0.00000000	      5.14641533	      1.95762089	      0.00000000	     -2.61651453	     -1.45681137	     -1.51155222	      2.43293839	     -9.40860652	      0.69074935	     25.99623285	     95.79913696	     -4.59729883	    -11.54697292	      2.75159385	     36.14581877	     98.75026545
      8.58333330	    -14.86305209	      1.94005081	     -1.93787367	     -0.57752437	      0.91604558	     -0.17749212	     19.85931987	     -2.68720918	     -0.06076799	      3.84125267	      1.10996890	    -10.11558802	      0.00000000	     17.85607970	      1.07528415	     -7.87476334	      0.00000000	      4.56628460	      0.72582945	      0.00000000	     -3.02480074	     -1.51630381	     -1.12201987	      2.62012456	     -9.50080080	      0.52794243	     25.91751738	     95.71896525	     -4.11329965	    -11.33800610	      2.49029838	     35.48191222	     98.86358271
      8.60000000	    -15.00531813	      2.00039635	     -1.99057748	     -0.57551513	      0.91243577	     -0.17631445	     21.71168302	     -2.74262351	      0.31134521	      7.06601449	      1.82509459	    -11.42927009	      0.00000000	     18.94240063	      0.91341561	     -7.87833275	      1.80805971	      4.90907722	     -0.20954298	      0.00000000	     -3.20662497	     -1.55299326	     -1.13330454	      2.78745397	     -9.45730605	      0.30767568	     25.92035180	     95.64953911	     -3.81933761	    -11.27906326	      2.38062735	     35.00180723	     98.97710766
      8.61666670	    -15.43369491	      2.11481277	     -1.99779687	     -0.57692685	      0.90824865	     -0.17512128	     24.02280481	     -2.82556282	      0.64709947	     10.62865324	      2.93571779	    -12.58832101	      0.00000000	     20.82302030	      0.73369035	     -8.08366387	      4.36928494	      5.67894220	     -1.11865778	      0.00000000	     -3.10007891	     -1.63676241	     -1.08896900	      2.87726777	     -9.45691497	      0.02787016	     25.83846602	     95.58971130	     -3.53307938	    -11.20747266	      2.27063680	     34.54732761	     99.09320866
      8.63333330	    -15.79882278	      2.21471098	     -1.92800971	     -0.57511058	      0.90022703	     -0.17603650	     26.41178875	     -3.01839490	      0.75284039	     14.48106388	      4.17561781	    -13.78228208	      0.00000000	     23.02018647	      0.44826620	     -8.46960605	      7.91729774	      6.59985905	     -2.38699990	      0.00000000	     -3.02180425	     -1.67943544	     -1.08100032	      2.96015308	     -9.46869643	     -0.26779648	     25.73847767	     95.54029702	     -3.32463292	    -11.18923290	      2.21642062	     34.24725862	     99.19704718
      8.65000000	    -16.30986145	      2.42570820	     -1.77444421	     -0.57763684	      0.89878086	     -0.17636581	     29.06224538	     -3.35342883	      0.94024113	     18.48761709	      5.64235192	    -14.55973608	      0.00000000	     25.53206755	      0.31207988	     -8.82037424	     11.64269937	      7.58522133	     -3.44183064	      0.00000000	     -2.87814567	     -1.77824790	     -1.18310008	      3.12304182	     -9.43524559	     -0.62334019	     25.62744118	     95.49590970	     -3.07018105	    -11.17066286	      2.20802024	     33.96333164	     99.30202403
      8.66666670	    -16.67199264	      2.49058850	     -1.51680265	     -0.58165878	      0.89635750	     -0.17637829	     31.56709910	     -3.62808800	      0.87548968	     22.52730858	      7.14900289	    -15.22152939	      0.00000000	     28.16517168	     -0.05036868	     -9.29652827	     16.08875301	      8.86845566	     -4.32532627	      0.00000000	     -3.09382580	     -1.73135069	     -1.33992327	      3.36593373	     -9.42289561	     -1.01296239	     25.54402571	     95.46622664	     -2.70682388	    -11.23470473	      2.20962066	     33.74541388	     99.40489757
      8.68333330	    -16.85145677	      2.48870541	     -1.24549055	     -0.58102194	      0.89041788	     -0.17669700	     33.66840264	     -3.86756347	      0.74854776	     26.48095628	      8.97982607	    -15.60537029	      0.00000000	     30.74726673	     -0.53053400	     -9.66397329	     21.05211914	     10.61473555	     -4.97556627	      0.00000000	     -3.54125497	     -1.60375231	     -1.52012932	      3.61767316	     -9.43119155	     -1.47458135	     25.48843671	     95.43541431	     -2.36282681	    -11.31100843	      2.22811830	     33.70347096	     99.50710328
      8.70000000	    -16.93109178	      2.47257665	     -1.12424971	     -0.57949929	      0.87907457	     -0.17513960	     35.79489212	     -4.08422623	      0.54673336	     30.53675482	     10.88200251	    -15.67620939	      0.00000000	     33.17605698	     -1.16571133	    -10.26852344	     25.94723386	     12.99005220	     -4.97049668	      0.00000000	     -4.08495611	     -1.46508147	     -1.62485747	      3.90145280	     -9.44677697	     -1.95867729	     25.41655724	     95.41411647	     -2.16113257	    -11.37701689	      2.19319828	     33.73574575	     99.59091566
      8.71666670	    -16.88946535	      2.38965604	     -1.03398075	     -0.58377662	      0.87317524	     -0.17511424	     37.93198541	     -4.25236939	      0.26312176	     34.77917159	     13.01229003	    -15.55926190	      0.00000000	     35.48581440	     -1.89959049	    -10.78074981	     30.82490583	     15.36950736	     -4.85584566	      0.00000000	     -4.90625693	     -1.21997465	     -1.81264845	      4.35036632	     -9.44145724	     -2.47823752	     25.51323385	     95.39863238	     -1.83699084	    -11.44040047	      2.12177316	     33.83539758	     99.66895983
      8.73333330	    -16.70205098	      2.19294546	     -0.93000870	     -0.58329865	      0.85907184	     -0.17392700	     40.05854708	     -4.39375053	     -0.17163497	     39.45333139	     15.52598682	    -15.07854985	      0.00000000	     37.84705443	     -2.88631243	    -11.14025411	     36.23768856	     18.19050095	     -4.64012524	      0.00000000	     -5.81958121	     -0.87466577	     -2.08988994	      4.80718794	     -9.42841023	     -2.99255130	     25.66087403	     95.38888156	     -1.60475634	    -11.57104059	      1.98768758	     34.06081817	     99.73110912
      8.75000000	    -16.55971194	      2.00442384	     -0.90743028	     -0.58098744	      0.84444052	     -0.17282676	     42.38651206	     -4.64890685	     -0.76320804	     44.64528413	     18.14003934	    -14.30463877	      0.00000000	     40.22500493	     -4.00314439	    -11.44100455	     41.85585740	     21.27397053	     -4.18310384	      0.00000000	     -6.64820622	     -0.53918795	     -2.34465705	      5.25447012	     -9.35845286	     -3.51212489	     25.65164650	     95.38750223	     -1.49782025	    -11.70789052	      1.79237272	     34.18003610	     99.77709295
      8.76666670	    -16.40655690	      1.78411067	     -0.94733324	     -0.58372673	      0.83408022	     -0.17259627	     44.47227937	     -4.89572222	     -1.46048543	     49.33962906	     20.97284534	    -13.22521659	      0.00000000	     42.61577818	     -5.10196605	    -11.54185557	     47.18062852	     24.37391268	     -3.52897135	      0.00000000	     -7.55813461	     -0.21064426	     -2.53155127	      5.81168973	     -9.32183459	     -3.99165449	     25.64285297	     95.39464162	     -1.30944567	    -11.85838411	      1.54946389	     34.34673245	     99.81475773
      8.78333330	    -16.21675085	      1.54760628	     -1.00015071	     -0.58702031	      0.82597513	     -0.17251479	     46.17364443	     -5.22646560	     -2.32672892	     53.24306085	     23.36923102	    -12.01812444	      0.00000000	     44.69644541	     -6.08920547	    -11.58356494	     51.64349129	     26.96464928	     -2.59279885	      0.00000000	     -8.67327814	      0.11888931	     -2.66301991	      6.54197613	     -9.29352058	     -4.39896531	     25.61169078	     95.39949270	     -0.91221331	    -11.99545937	      1.34519973	     34.44812178	     99.85693147
      8.80000000	    -15.73352285	      1.23615581	     -1.07728612	     -0.58595696	      0.82354898	     -0.17242884	     46.85927544	     -5.50242085	     -3.26187688	     56.06455861	     25.21363441	    -10.70073690	      0.00000000	     46.02683976	     -7.00497812	    -11.48944802	     55.30939892	     28.63269083	     -1.87430952	      0.00000000	    -10.26890857	      0.50251551	     -2.67637330	      7.39332623	     -9.27199456	     -4.78743712	     25.61576361	     95.39783256	     -0.35752086	    -12.04455870	      1.18153346	     34.38603749	     99.90299600
      8.81666670	    -15.07225069	      0.97506153	     -1.06737714	     -0.59177703	      0.81929859	     -0.17190399	     47.42287327	     -5.83899137	     -4.19110653	     58.38531226	     26.51937345	     -9.58673467	      0.00000000	     46.85026688	     -7.66842135	    -11.40927893	     57.95233466	     30.03418562	     -1.04692632	      0.00000000	    -12.56484045	      0.75934621	     -2.58804108	      8.40379415	     -9.22864256	     -5.14213824	     25.58956257	     95.39283787	      0.47224950	    -12.18551874	      1.11176079	     34.42195787	     99.96240459
      8.83333330	    -14.30886925	      0.65195572	     -1.06015608	     -0.59972851	      0.80959750	     -0.17291289	     48.01627728	     -6.06707916	     -4.94616276	     60.69127380	     28.20968691	     -8.37547409	      0.00000000	     48.03243594	     -8.33784281	    -11.06119473	     60.91405251	     31.36028610	     -0.64162696	      0.00000000	    -15.25765319	      1.09691678	     -2.48539182	      9.69923643	     -9.31042718	     -5.47127585	     25.75750935	     95.38625273	      1.51375821	    -12.34136533	      1.21541801	     34.82961579	    100.04372006
      8.85000000	    -13.49689846	      0.40555703	     -1.04134402	     -0.60457399	      0.80439233	     -0.17313092	     48.53964242	     -6.39720229	     -5.60202943	     62.93907595	     29.24202289	     -7.74007401	      0.00000000	     49.04021976	     -8.88919984	    -10.73603066	     63.82164463	     31.96788100	     -0.66427433	      0.00000000	    -18.33952849	      1.32730839	     -2.30438594	     11.17398594	     -9.41243685	     -5.81459345	     26.20292398	     95.37823131	      2.79119987	    -12.53580167	      1.43480890	     35.34586760	    100.12892397
      8.86666670	    -12.67039694	      0.24703694	     -1.00065535	     -0.60752809	      0.79359261	     -0.17215462	     49.43051546	     -6.80350475	     -6.02869243	     65.74618637	     30.36205637	     -7.26959416	      0.00000000	     50.05918480	     -9.37945561	    -10.38565234	     66.47424970	     33.15945155	     -0.13592208	      0.00000000	    -21.37684837	      1.41138354	     -2.09823443	     12.61179062	     -9.51935535	     -6.16014079	     26.64424948	     95.37696187	      4.17448564	    -12.86798177	      1.76281254	     35.77543327	    100.20476923
      8.88333330	    -12.33757957	      0.21158426	     -0.75083620	     -0.61052239	      0.78853109	     -0.17113520	     50.63791763	     -7.11704850	     -6.10939636	     68.26344293	     31.09250325	     -7.56412869	      0.00000000	     51.50237376	     -9.67045725	    -10.22968852	     68.73651125	     33.49542229	     -0.22639130	      0.00000000	    -24.03987760	      1.40227839	     -2.07264682	     13.93559770	     -9.57827671	     -6.26723708	     26.91408142	     95.36900123	      5.77703572	    -13.26653990	      1.72319904	     36.05209530	    100.20390897
      8.90000000	    -11.14078808	      0.14901388	     -0.45899758	     -0.61224205	      0.77938053	     -0.17277044	     50.55849111	     -7.71652408	     -6.57511068	     70.39299967	     33.04528982	     -6.16611703	      0.00000000	     51.65556363	    -10.00331447	    -10.13322696	     70.87517926	     34.52454343	      0.52833754	      0.00000000	    -27.63642273	      1.50673821	     -1.86031177	     15.31392871	     -9.70590138	     -6.81218930	     27.30202476	     95.31827860	      7.54342092	    -13.70191631	      2.31211683	     36.68024267	    100.27957406
      8.91666670	    -10.55608767	      0.19925090	     -0.40117046	     -0.61728471	      0.76937953	     -0.17325712	     51.50867841	     -8.27338878	     -6.71574123	     73.03563124	     33.94633852	     -5.87839051	      0.00000000	     52.63707912	    -10.22845456	    -10.01244924	     73.16233361	     35.15421895	      0.68890209	      0.00000000	    -30.56328085	      1.44572428	     -1.62767967	     16.56285923	     -9.85137635	     -7.40149697	     27.78600707	     95.27217545	      9.18829564	    -14.14303597	      2.85781400	     37.13296401	    100.31582066
      8.93333330	    -10.04837426	      0.18366056	     -0.39264609	     -0.61541314	      0.76151043	     -0.17381843	     52.51338713	     -8.61534898	     -6.51099374	     75.73447609	     34.91734462	     -5.99919493	      0.00000000	     53.51004154	    -10.44794233	     -9.68914139	     75.72604212	     36.03070104	      0.52397457	      0.00000000	    -33.04974963	      1.51538994	     -1.44761368	     17.66964789	     -9.99149577	     -7.63680398	     28.03239199	     95.25231210	     10.46820730	    -14.41135673	      2.91727360	     37.23796853	    100.29918168
      8.95000000	     -9.10064636	      0.16137171	     -0.59423498	     -0.61771060	      0.75874042	     -0.17446827	     52.44099760	     -8.70266766	     -6.28901559	     77.47255394	     36.50367441	     -4.75577923	      0.00000000	     53.51851611	    -10.73942024	     -9.52690728	     77.60060154	     36.85039198	      1.07214473	      0.00000000	    -36.19268975	      1.50884816	     -1.01520680	     19.06250427	    -10.23871000	     -8.08514389	     28.38812422	     95.21462582	     12.02363909	    -14.63505890	      3.09148405	     37.19862674	    100.26005459
      8.96666670	     -8.12377429	      0.20484055	     -0.81652978	     -0.61763225	      0.75300979	     -0.17408871	     52.35377673	     -8.80120905	     -5.99144735	     79.14392061	     37.67323225	     -4.10325184	      0.00000000	     53.44127976	    -11.00033445	     -9.45968526	     79.40142786	     37.58586617	      1.26286226	      0.00000000	    -39.12657914	      1.36840770	     -0.61250978	     20.25011357	    -10.43196842	     -8.50263856	     28.72729803	     95.17608747	     13.39448244	    -14.85727150	      3.20664071	     37.15733975	    100.20079178
      8.98333330	     -7.50275230	      0.27290724	     -1.10854058	     -0.62406505	      0.74706147	     -0.17417553	     52.93851128	     -8.85083563	     -5.61240301	     80.79654029	     38.18042822	     -4.07084289	      0.00000000	     53.74973639	    -11.23857446	     -9.47382632	     80.97749268	     38.02711480	      1.04289894	      0.00000000	    -41.76360956	      1.18457004	     -0.33652772	     21.42224763	    -10.60395377	     -8.73767002	     29.01065251	     95.15018574	     14.71434352	    -15.14576275	      3.21344710	     37.22461272	    100.15854455
      9.00000000	     -6.75006512	      0.32866863	     -1.37634878	     -0.62635122	      0.73781266	     -0.17405025	     53.59997602	     -8.98160957	     -5.25621528	     82.85750043	     38.59928037	     -4.03968059	      0.00000000	     54.23604936	    -11.51559212	     -9.38456790	     82.77758291	     38.68078124	      1.02336374	      0.00000000	    -44.27871785	      1.00997149	     -0.07112386	     22.48295918	    -10.86311284	     -8.98148568	     29.33476553	     95.11730474	     15.94168304	    -15.41108637	      3.22310894	     37.34934836	    100.11135654
      9.01666670	     -6.20300108	      0.37963242	     -1.46764291	     -0.63063184	      0.73133240	     -0.17217248	     54.37988631	     -8.99856412	     -5.02935372	     84.55390051	     39.16634811	     -3.94639127	      0.00000000	     54.91480109	    -11.79072391	     -9.24889537	     84.60580790	     39.40670802	      1.42552688	      0.00000000	    -46.57968016	      0.84580147	      0.19604409	     23.30863996	    -11.08693355	     -9.39990123	     29.90121427	     95.04903468	     17.27655321	    -15.83126670	      3.36874378	     37.69446476	    100.04347488
      9.03333330	     -5.88577727	      0.38335553	     -1.38286404	     -0.63321571	      0.72360318	     -0.17210083	     55.41757074	     -9.09670748	     -4.88236028	     86.27148271	     39.48231612	     -4.10857677	      0.00000000	     55.93341233	    -11.98808136	     -8.96505309	     86.32989305	     39.67541122	      1.23872510	      0.00000000	    -48.35699817	      0.84418628	      0.20305111	     24.18994270	    -11.25398656	     -9.48427011	     30.08344732	     95.03623433	     18.47856262	    -16.20883666	      3.26201892	     37.92031371	    100.01871661
      9.05000000	     -5.48720042	      0.30568292	     -1.14960149	     -0.63336858	      0.71722199	     -0.17346636	     55.95994510	     -9.33897623	     -4.92470577	     87.76607185	     40.36008292	     -4.14508109	      0.00000000	     56.69941213	    -12.15691089	     -8.57985596	     88.07799233	     40.08533719	      1.34110310	      0.00000000	    -49.97602304	      0.88979355	      0.41214526	     24.73023016	    -11.49617547	     -9.68593819	     30.21114855	     95.00663578	     19.41858335	    -16.33129768	      3.33864211	     38.38713693	     99.97981442
      9.06666670	     -5.12132748	      0.31085022	     -0.93887512	     -0.63640118	      0.71592440	     -0.17386929	     56.12776115	     -9.62220484	     -5.01553143	     88.60901989	     40.55784033	     -4.00672097	      0.00000000	     57.08489587	    -12.26330214	     -8.57649040	     88.98253055	     39.99860472	      1.61460259	      0.00000000	    -51.63776567	      0.84819707	      0.54002655	     25.38717316	    -11.72270340	     -9.89141931	     30.46575202	     94.97768747	     20.48902029	    -16.44202485	      3.44336884	     38.88889461	     99.93450418
      9.08333330	     -4.86947950	      0.27778917	     -0.77868042	     -0.63528986	      0.70976521	     -0.17398582	     56.32491159	     -9.92202897	     -5.10155062	     89.52919378	     41.06993607	     -3.96635465	      0.00000000	     57.28954500	    -12.37078881	     -8.37875384	     89.76291064	     40.54850502	      1.83262753	      0.00000000	    -52.81867682	      0.82154352	      0.67597179	     25.89637302	    -11.92294934	    -10.02196727	     30.58367690	     94.96702356	     21.21403463	    -16.41450582	      3.49483837	     39.24237317	     99.88786605
      9.10000000	     -4.79028619	      0.23552072	     -0.68340618	     -0.63765357	      0.70818414	     -0.17266532	     56.35193674	    -10.04162655	     -5.28302336	     89.94637548	     41.70052785	     -3.71631147	      0.00000000	     57.78473314	    -12.60366094	     -8.38393757	     90.36062845	     40.34010968	      1.99856293	      0.00000000	    -53.96481683	      0.71692927	      0.85706919	     26.41337619	    -12.04249723	    -10.12812627	     30.71734776	     94.96624497	     22.00243293	    -16.40162260	      3.48476713	     39.61454213	     99.83550438
      9.11666670	     -4.54320846	      0.19568030	     -0.71758509	     -0.63430529	      0.70399384	     -0.17338026	     56.25624857	    -10.26268772	     -5.38871419	     90.55742723	     42.32861094	     -3.25649514	      0.00000000	     58.08773749	    -12.83197710	     -8.31309792	     91.19096013	     40.41343404	      1.92170734	      0.00000000	    -54.82819309	      0.67399330	      0.99998278	     26.68153915	    -12.15443786	    -10.27523594	     30.88605695	     94.97231303	     22.35848938	    -16.26470067	      3.40389981	     39.86966086	     99.76161854
      9.13333330	     -4.57141149	      0.24833581	     -0.68280259	     -0.63542731	      0.70121882	     -0.17309471	     56.45304636	    -10.49714161	     -5.41206291	     91.09639309	     42.56203138	     -3.18148525	      0.00000000	     58.42068772	    -12.87807971	     -8.24485151	     91.69386572	     40.62624095	      2.15926710	      0.00000000	    -55.35204438	      0.59357701	      0.99671119	     26.93403341	    -12.18959462	    -10.34973956	     31.10601949	     94.98096093	     22.71474494	    -16.18982341	      3.28050288	     40.05289668	     99.71410490
      9.15000000	     -4.47089532	      0.27235464	     -0.73235043	     -0.63612455	      0.69997364	     -0.17350304	     56.52718862	    -10.58637266	     -5.41849703	     91.44107062	     42.62848081	     -3.20565362	      0.00000000	     58.54282173	    -12.91832249	     -8.22376405	     92.16797909	     40.63152537	      2.16724386	      0.00000000	    -55.63052281	      0.54192401	      0.98432650	     26.98766744	    -12.13780635	    -10.34954590	     31.14679580	     94.98322639	     22.75181719	    -16.08847374	      3.27903592	     40.07385814	     99.70933747
      9.16666670	     -4.23025661	      0.32950130	     -0.75748076	     -0.63233397	      0.70358420	     -0.17284893	     56.06026687	    -10.62025874	     -5.43251007	     91.54005918	     43.22731375	     -2.75827071	      0.00000000	     58.07763559	    -12.95817978	     -8.36140122	     92.15148404	     41.04662543	      2.80355301	      0.00000000	    -56.01991282	      0.40122842	      0.99942709	     26.69087980	    -12.03749143	    -10.77419119	     32.38418695	     95.03528379	     22.78225784	    -15.81248625	      2.42300515	     40.60611357	     99.51931823
      9.18333330	     -4.31970407	      0.31522814	     -0.77204037	     -0.63634005	      0.70512098	     -0.17372636	     55.95087081	    -10.55739551	     -5.49753315	     91.25403690	     43.22579120	     -2.80198670	      0.00000000	     57.94589044	    -12.91175522	     -8.45682907	     91.77409816	     41.02715730	      2.80239179	      0.00000000	    -55.78786435	      0.42080163	      0.95053029	     26.65001393	    -11.96397957	    -10.78062757	     32.43945138	     95.03977160	     22.81768240	    -15.75370128	      2.40327075	     40.66108984	     99.51521113
      9.20000000	     -4.02711611	      0.46276637	     -0.84347585	     -0.63884180	      0.70993584	     -0.17370547	     55.33879788	    -10.48305730	     -5.34101751	     90.49550588	     42.79986752	     -3.47232883	      0.00000000	     57.22631095	    -12.66331226	     -8.73323120	     90.91322950	     40.64606672	      2.44779501	      0.00000000	    -56.08761483	      0.22871877	      0.76390483	     26.26402305	    -11.61592192	    -11.23563562	     33.77901111	     95.14197991	     22.72649158	    -15.56583057	      1.61035358	     41.17717033	     99.43228732
      9.21666670	     -3.92298487	      0.43199746	     -0.94637739	     -0.63914770	      0.71834446	     -0.17213567	     54.67128885	    -10.17062427	     -5.38620527	     89.28395379	     42.08925376	     -3.61503973	      0.00000000	     56.36626258	    -12.59321689	     -8.85879884	     89.72373810	     40.12132958	      2.73990982	      0.00000000	    -56.03086462	      0.12073160	      0.72633101	     26.09376672	    -11.45704260	    -11.40008552	     34.10575741	     95.21628915	     22.67312424	    -15.48403321	      1.33753900	     41.32377532	     99.43161389
      9.23333330	     -3.86611440	      0.50627219	     -0.98596148	     -0.64187717	      0.71834506	     -0.17457466	     54.34298102	    -10.11829728	     -5.26074876	     88.35019442	     41.23954161	     -4.25550716	      0.00000000	     55.85076973	    -12.45983050	     -9.11246457	     88.73685663	     39.62503271	      2.21932715	      0.00000000	    -55.63659264	      0.05705537	      0.61719706	     25.73263466	    -11.26054930	    -11.59190136	     34.74528941	     95.36794836	     22.49762153	    -15.34320397	      0.98364856	     41.55904129	     99.47209870
      9.25000000	     -3.93623939	      0.41524345	     -1.03401986	     -0.64238713	      0.72426271	     -0.17421811	     53.98205939	     -9.83094277	     -5.29974237	     87.15147665	     40.82967019	     -4.09895730	      0.00000000	     55.47613343	    -12.36214378	     -9.17563427	     87.70153951	     39.33278145	      2.35662365	      0.00000000	    -54.93761021	      0.10009303	      0.58456484	     25.37195309	    -11.12753025	    -11.60406590	     34.84256201	     95.41640638	     22.25271188	    -15.23721742	      0.94120205	     41.59060768	     99.49496240
      9.26666670	     -4.09147204	      0.34062771	     -1.09747899	     -0.64389889	      0.73221046	     -0.17425083	     53.45603150	     -9.49193358	     -5.37727432	     85.49516977	     40.00537026	     -4.15377746	      0.00000000	     54.95978138	    -12.25757080	     -9.27284747	     86.35513050	     38.57254033	      2.13785675	      0.00000000	    -54.29521066	      0.14809059	      0.59491673	     24.96298704	    -11.06541467	    -11.62439809	     35.33124099	     95.52837746	     22.01365147	    -15.20558533	      0.77395133	     41.73813753	     99.54950136
      9.28333330	     -4.03078228	      0.21005627	     -1.14124437	     -0.64176707	      0.74152164	     -0.17430734	     52.24663030	     -9.21509856	     -5.58661821	     83.62415758	     39.09121725	     -4.51685585	      0.00000000	     53.97735715	    -12.17265621	     -9.40272410	     84.81879256	     37.58965333	      1.57259367	      0.00000000	    -53.64493167	      0.24582618	      0.65226965	     24.30727399	    -10.95983750	    -11.60544654	     35.86370670	     95.72346994	     21.66375280	    -14.99128659	      0.59165228	     41.92358412	     99.65996175
      9.30000000	     -4.19830039	      0.18976469	     -1.20134751	     -0.63987008	      0.74996346	     -0.17520728	     51.27771044	     -9.03875290	     -5.78605951	     81.70789219	     37.97330145	     -4.53050830	      0.00000000	     52.96235554	    -12.01831827	     -9.70390956	     83.00145998	     36.66238519	      1.61054444	      0.00000000	    -52.69289584	      0.32900809	      0.58556091	     23.70578717	    -10.85609149	    -11.58694010	     35.96058685	     95.82647087	     21.16884919	    -14.88617881	      0.54667960	     41.86988721	     99.72765728
      9.31666670	     -4.16476228	      0.20880079	     -1.20062056	     -0.63851256	      0.75873652	     -0.17542221	     50.03552214	     -8.94599117	     -5.99481430	     79.64261502	     36.42078529	     -5.30553003	      0.00000000	     51.51861750	    -11.79235063	    -10.10235130	     80.76281458	     35.68029261	      1.19551481	      0.00000000	    -51.77975385	      0.37512627	      0.41929511	     23.14106248	    -10.68903530	    -11.50712501	     36.12237321	     96.02842642	     20.69106192	    -14.73024644	      0.45790998	     41.67537267	     99.85623695
      9.33333330	     -4.48206598	      0.34422000	     -1.23335333	     -0.63903962	      0.76723552	     -0.17507174	     49.19372963	     -8.89216459	     -6.07231080	     77.49260999	     34.81559688	     -5.59023294	      0.00000000	     50.35060028	    -11.47601738	    -10.61659410	     78.34061294	     34.77024229	      1.12829532	      0.00000000	    -50.52588385	      0.29025992	      0.23949300	     22.39571587	    -10.50942171	    -11.40638717	     36.00840848	     96.23794875	     20.09491547	    -14.64702253	      0.42166074	     41.43145467	     99.99883008
      9.35000000	     -4.91748255	      0.40614067	     -1.24542835	     -0.63691552	      0.77435606	     -0.17519190	     48.33137885	     -8.69235561	     -6.17289039	     75.23164630	     33.94073452	     -5.43646259	      0.00000000	     49.44891673	    -11.27012187	    -11.11352240	     76.07274133	     33.91380959	      1.37391728	      0.00000000	    -48.94951702	      0.30001679	      0.09621182	     21.59271897	    -10.37489185	    -11.32064555	     35.77018042	     96.33547147	     19.40629321	    -14.57642809	      0.46514160	     41.24785616	    100.07106071
      9.36666670	     -5.44896950	      0.51434642	     -1.20463548	     -0.63343583	      0.78411515	     -0.17497881	     47.18391163	     -8.49252386	     -6.33192988	     72.36356041	     33.11139917	     -5.33316422	      0.00000000	     48.38802907	    -10.90201891	    -11.52074530	     73.39330946	     33.11239143	      1.57626556	      0.00000000	    -47.23296062	      0.22385997	     -0.13902974	     20.68080389	    -10.16251986	    -11.18985150	     35.43151545	     96.44229634	     18.55143272	    -14.47963263	      0.52786602	     40.90860448	    100.15037097
      9.38333330	     -5.83413804	      0.65461724	     -1.03243505	     -0.63001999	      0.79378171	     -0.17529349	     45.93164478	     -8.45450710	     -6.44662389	     69.76786300	     32.15136784	     -5.39802509	      0.00000000	     47.09861424	    -10.48272678	    -12.03728400	     70.68506207	     31.94263485	      1.65486477	      0.00000000	    -45.47649758	      0.20126910	     -0.46288517	     19.78696768	     -9.95229361	    -11.02150624	     34.94858127	     96.56161406	     17.61938902	    -14.35733648	      0.58865085	     40.37457120	    100.23201128
      9.40000000	     -6.11453436	      0.89671704	     -0.96984688	     -0.62709281	      0.80351151	     -0.17497838	     44.50221660	     -8.41319031	     -6.45327066	     67.03719358	     30.94721467	     -6.06950150	      0.00000000	     45.39819587	     -9.91125679	    -12.55740946	     67.72053048	     30.88596144	      1.43811820	      0.00000000	    -43.54303335	      0.00180759	     -0.90505731	     19.06113727	     -9.66270933	    -10.60712778	     33.97876776	     96.80242980	     16.70140293	    -14.25427721	      0.61288508	     39.45702574	    100.37052459
      9.41666670	     -6.61791240	      0.98958236	     -0.96369301	     -0.62176522	      0.80906089	     -0.17489983	     43.42810186	     -8.27445267	     -6.64457430	     64.35099088	     30.23684431	     -5.69944772	      0.00000000	     44.43252119	     -9.59609211	    -12.97419685	     65.31997744	     30.04327171	      1.79009773	      0.00000000	    -41.25818375	     -0.05742690	     -1.04336635	     17.93280200	     -9.51415456	    -10.42059132	     33.43659572	     96.89182142	     15.44160864	    -14.07171235	      0.70015826	     38.98507811	    100.42289563
      9.43333330	     -7.31806622	      1.25664614	     -1.10986323	     -0.61650160	      0.81481558	     -0.17349773	     42.81907995	     -8.13415907	     -6.49288708	     62.06951530	     29.25397128	     -6.39688676	      0.00000000	     43.35955370	     -9.09882359	    -13.39400362	     62.65390464	     29.74915763	      2.13978296	      0.00000000	    -38.35207055	     -0.39063698	     -1.40706556	     16.99299523	     -9.18545162	     -9.82188512	     32.05762916	     97.11435334	     14.12765139	    -13.93567097	      0.69018962	     37.85347321	    100.50915163
      9.45000000	     -7.99728555	      1.30441955	     -1.27694364	     -0.60962893	      0.82368732	     -0.17495708	     41.61853552	     -7.90347204	     -6.58042513	     59.26304376	     28.54005873	     -6.18955028	      0.00000000	     42.04781273	     -8.73563422	    -13.65914599	     59.82622628	     29.45613184	      2.60397709	      0.00000000	    -35.54021709	     -0.42926712	     -1.49583854	     15.70799270	     -9.07374171	     -9.58066487	     31.48950359	     97.18316606	     12.57290140	    -13.69671739	      0.78873443	     37.36421755	    100.53905560
      9.46666670	     -8.98839630	      1.41469791	     -1.42469898	     -0.60815743	      0.82946158	     -0.17419146	     41.06797229	     -7.60194646	     -6.41501275	     56.50724476	     27.28010014	     -6.76712218	      0.00000000	     41.16919270	     -8.28181569	    -13.84268138	     56.97793892	     29.28581173	      3.09073441	      0.00000000	    -32.09906112	     -0.57416026	     -1.83304938	     14.55601426	     -8.75935838	     -8.96389207	     30.32839380	     97.30539037	     10.94411373	    -13.51841250	      0.84725324	     36.31426036	    100.55844511
      9.48333330	     -9.92069954	      1.39154916	     -1.27447445	     -0.60117675	      0.83486877	     -0.17465744	     40.29240655	     -7.32141117	     -6.53150769	     53.68404907	     26.37158522	     -6.67331318	      0.00000000	     40.33913299	     -7.76365919	    -13.78068831	     54.17448140	     28.68144074	      3.26486551	      0.00000000	    -28.62716557	     -0.51198654	     -2.15712206	     13.20081953	     -8.56052087	     -8.38441921	     29.29838611	     97.36024906	      9.30219462	    -13.32963838	      1.01933702	     35.46916607	    100.55303123
      9.50000000	    -10.61389051	      1.34517925	     -1.29707380	     -0.59951823	      0.84407623	     -0.17575630	     39.14572770	     -6.95302727	     -6.60678686	     50.58842927	     25.38408843	     -6.40282913	      0.00000000	     39.27099076	     -7.26851686	    -13.76871706	     51.19281368	     28.03139843	      3.68927416	      0.00000000	    -25.57263794	     -0.46337143	     -2.31617676	     11.83654228	     -8.48100025	     -8.13713449	     28.84219151	     97.36558007	      7.68642689	    -13.11576914	      1.18848151	     35.01907676	    100.55089398
      9.51666670	    -11.61480236	      1.46360931	     -1.25993155	     -0.59623864	      0.85442725	     -0.17704523	     38.42281132	     -6.74515390	     -6.49139251	     47.45333958	     23.51807763	     -7.23062074	      0.00000000	     38.55467777	     -6.47395870	    -13.67352771	     47.87924839	     26.56689387	      3.06575759	      0.00000000	    -22.01570142	     -0.55883940	     -2.71524950	     10.64517602	     -8.28766485	     -7.39990665	     28.08845214	     97.34451531	      5.98739147	    -12.90239197	      1.45013447	     34.25171116	    100.48650582
      9.53333330	    -12.67447876	      1.64934763	     -1.11759298	     -0.59781928	      0.86121898	     -0.17721487	     38.01757667	     -6.63730201	     -6.39244700	     44.28875980	     21.83184472	     -7.40038722	      0.00000000	     38.15918622	     -5.64179077	    -13.78166594	     44.45283393	     24.17537385	      2.19766607	      0.00000000	    -18.86801952	     -0.75926813	     -2.98439685	      9.48123802	     -8.16249156	     -6.71960626	     27.75168474	     97.28025397	      4.54980313	    -12.80422834	      1.77474966	     34.08713347	    100.42044944
      9.55000000	    -13.59105172	      1.89746930	     -0.93925279	     -0.59410025	      0.87441726	     -0.17728896	     37.00665478	     -6.48280224	     -6.06629431	     40.23444689	     20.03214279	     -7.29272203	      0.00000000	     36.96241908	     -4.62036029	    -13.89594681	     40.02647206	     21.42391090	      1.78128064	      0.00000000	    -15.97177395	     -1.04414639	     -3.24826297	      8.33680961	     -8.00588435	     -6.07357532	     27.38444011	     97.17981352	      3.28642832	    -12.72151017	      2.15961167	     34.02359465	    100.35656104
      9.56666670	    -14.18461807	      2.16556819	     -0.80626134	     -0.59488755	      0.88981649	     -0.17815733	     35.36187611	     -6.27933745	     -5.78983756	     35.31400110	     17.64605079	     -7.53629493	      0.00000000	     35.09982591	     -3.45676700	    -13.96840820	     34.71430972	     18.07839051	      1.33456239	      0.00000000	    -13.83575007	     -1.39329315	     -3.34646677	      7.41831198	     -7.88302425	     -5.42772032	     27.05466062	     97.06450762	      2.29899663	    -12.61895156	      2.59983006	     34.10405311	    100.29968852
      9.58333330	    -14.41239709	      2.50609615	     -0.95476232	     -0.59244818	      0.90090958	     -0.17865179	     33.37798853	     -6.06916056	     -5.24928986	     30.38961491	     15.31935126	     -7.41290023	      0.00000000	     32.59776838	     -2.22981173	    -13.88128135	     28.99969161	     15.19076418	      1.46456443	      0.00000000	    -12.24238942	     -1.80526448	     -3.27296855	      6.79693948	     -7.78086284	     -4.67592998	     26.77191196	     96.95423300	      1.47505918	    -12.48916459	      3.04411238	     34.21713608	    100.23491847
      9.60000000	    -14.54122602	      2.77231526	     -1.01190310	     -0.58880975	      0.90814915	     -0.17906592	     31.09931186	     -5.89988951	     -4.84221207	     25.55042914	     13.03812640	     -7.15560106	      0.00000000	     29.96501969	     -1.12458905	    -13.80698950	     23.39738725	     12.40399139	      1.69573801	      0.00000000	    -10.80482493	     -2.10892192	     -3.17490094	      6.17778850	     -7.76887889	     -3.90043745	     26.61438152	     96.84058379	      0.74806011	    -12.34908754	      3.49851031	     34.43184503	    100.16610217
      9.61666670	    -14.60690029	      3.00783331	     -1.12992531	     -0.58321874	      0.91200721	     -0.17873124	     28.77849524	     -5.75570063	     -4.48625139	     20.86677412	     10.93668419	     -6.88421788	      0.00000000	     27.65100976	     -0.17816585	    -13.54066575	     18.40091771	     10.06683603	      1.94524654	      0.00000000	     -9.47512299	     -2.39381410	     -3.03465645	      5.61247067	     -7.75723167	     -3.16213393	     26.44969960	     96.73763759	      0.04234076	    -12.22445781	      3.90470791	     34.68257571	    100.09364842
      9.63333330	    -14.73247278	      3.17257803	     -1.43462535	     -0.58065963	      0.91603439	     -0.17759134	     26.74910203	     -5.50010104	     -4.23527941	     16.91270592	      9.16175092	     -6.65558883	      0.00000000	     25.50397686	      0.54689266	    -13.30976703	     13.92541112	      8.22953211	      2.23159536	      0.00000000	     -8.14440784	     -2.54696832	     -2.76817111	      4.95800944	     -7.81204199	     -2.41175166	     26.32220595	     96.62280789	     -0.76832647	    -12.10784419	      4.21833070	     35.01817335	     99.99990517
      9.65000000	    -14.89173459	      3.26788049	     -1.67107295	     -0.57833173	      0.91875878	     -0.17850461	     25.06758342	     -5.27534196	     -3.91471280	     13.54221495	      7.62908634	     -6.50241831	      0.00000000	     23.51854324	      1.15047663	    -12.89808019	      9.84000776	      6.92576362	      2.59369744	      0.00000000	     -6.85034534	     -2.61089009	     -2.53288721	      4.37136088	     -7.94051337	     -1.71289385	     26.32797087	     96.51091911	     -1.53479808	    -12.00696310	      4.47405021	     35.40848175	     99.91078047
      9.66666670	    -15.26920572	      3.39488343	     -1.86147103	     -0.57512079	      0.92412368	     -0.17875322	     23.65354678	     -5.10578864	     -3.60115095	     10.25627015	      6.35218336	     -5.83782768	      0.00000000	     22.01394009	      1.70136509	    -12.53694838	      6.29905778	      5.58097529	      3.00435795	      0.00000000	     -5.20908019	     -2.74188759	     -2.32461906	      3.67294599	     -7.94243437	     -1.39957678	     26.30287013	     96.47250074	     -2.35976635	    -11.88724324	      4.60673437	     35.60399897	     99.87850655
      9.68333330	    -15.30931768	      3.32230212	     -2.02755230	     -0.57312444	      0.93007672	     -0.17851158	     21.81820915	     -4.76049220	     -3.29529879	      6.80613647	      4.85513838	     -5.29347502	      0.00000000	     20.29766013	      2.02566027	    -11.97168493	      3.07933709	      4.31481019	      3.29733585	      0.00000000	     -4.23384841	     -2.67145751	     -2.12261612	      3.09145644	     -8.08271625	     -1.02550514	     26.30845246	     96.43502291	     -2.96983108	    -11.73636137	      4.76402630	     35.94284917	     99.84783690
      9.70000000	    -14.67342683	      3.20950260	     -2.08742393	     -0.57002891	      0.93189584	     -0.17831369	     19.36307844	     -4.50199688	     -2.88103795	      3.67946501	      3.72014016	     -5.10009470	      0.00000000	     18.06076798	      2.28656074	    -11.19948936	      0.43554159	      3.64479863	      3.25417902	      0.00000000	     -4.34909298	     -2.53393314	     -2.04137222	      2.76330646	     -8.26101386	     -0.33064198	     26.47998589	     96.35401449	     -3.43446453	    -11.70502817	      5.00739817	     36.47286536	     99.80101994
      9.71666670	    -14.91920381	      3.10330006	     -2.06052765	     -0.56972437	      0.92912836	     -0.17931054	     18.48515705	     -4.29094458	     -2.42156796	      1.57077324	      3.45638522	     -4.70723722	      0.00000000	     17.91932448	      2.29528632	    -10.72960826	      0.00000000	      4.14355950	      3.50249983	      0.00000000	     -3.40926790	     -2.42437056	     -2.03266076	      2.36567333	     -8.36726113	     -0.21513982	     26.48648149	     96.33786746	     -3.83814776	    -11.61921473	      5.07536719	     36.63613504	     99.79761040
      9.73333330	    -15.02222636	      2.84575084	     -1.88723323	     -0.56699122	      0.92934586	     -0.17871074	     17.66681479	     -3.96366331	     -2.49397360	      0.00000000	      2.43027766	     -4.47949857	      0.00000000	     17.83903068	      2.10560366	    -10.31700385	      0.00000000	      4.88299582	      3.82413763	      0.00000000	     -2.75387500	     -2.11872733	     -2.08514657	      2.02645435	     -8.49271346	      0.00858068	     26.55379800	     96.30501307	     -4.25419990	    -11.56317018	      5.18433513	     36.96929084	     99.79636790
      9.75000000	    -14.98532860	      2.80055299	     -1.92572043	     -0.56903428	      0.92545186	     -0.17815494	     17.61319681	     -3.84479192	     -2.45069974	      0.00000000	      2.47175184	     -4.49474002	      0.00000000	     17.73167488	      2.07132874	    -10.27962057	      0.00000000	      5.01481096	      3.81618474	      0.00000000	     -2.52902027	     -2.18088822	     -2.11664723	      1.98620969	     -8.56305181	      0.02296351	     26.56890873	     96.30022750	     -4.27194091	    -11.57669872	      5.18965975	     37.03484061	     99.79631976
      9.76666670	    -15.11403138	      2.70180656	     -1.94540012	     -0.56939326	      0.92455946	     -0.17755543	     17.71731558	     -3.66174447	     -2.05631869	      0.00000000	      2.72971546	     -4.61305631	      0.00000000	     17.79857776	      1.96953900	     -9.97241466	      0.00000000	      5.71840156	      3.72165562	      0.00000000	     -2.07817779	     -2.02232289	     -1.96407007	      1.70341868	     -8.64737967	      0.16343386	     26.57368723	     96.28303285	     -4.61043483	    -11.60445363	      5.24113181	     37.33025129	     99.80345877
      9.78333330	    -15.05688387	      2.67192798	     -2.06954516	     -0.57018175	      0.91991095	     -0.17775572	     17.66946319	     -3.55038100	     -2.03176917	      0.00000000	      2.72222126	     -4.65464938	      0.00000000	     17.65732032	      1.91370245	     -9.93455774	      0.00000000	      5.75325826	      3.71718341	      0.00000000	     -1.83391962	     -2.08287754	     -1.99869675	      1.72028853	     -8.73562289	      0.16390761	     26.59899991	     96.27857193	     -4.56376716	    -11.62705880	      5.23508709	     37.40559077	     99.80363902
      9.80000000	    -14.97124769	      2.57272427	     -2.06648825	     -0.56601399	      0.91808554	     -0.17772980	     17.47401991	     -3.40592203	     -1.92467996	      0.00000000	      2.68379302	     -4.76141091	      0.00000000	     17.43507720	      1.80959469	     -9.87845778	      0.00000000	      5.83481879	      3.65908975	      0.00000000	     -1.45478115	     -2.04950430	     -1.87664198	      1.73943970	     -8.84615201	      0.17029956	     26.63413570	     96.27285570	     -4.68768212	    -11.67439983	      5.22507532	     37.46533557	     99.80478203
      9.81666670	    -15.04008368	      2.49805179	     -2.30369727	     -0.56376334	      0.91888313	     -0.17726182	     17.49355528	     -3.23354468	     -0.41810810	      0.00000000	      1.79855102	     -7.33697318	      0.00000000	     17.30352738	      1.65281096	     -9.36634235	      0.00000000	      6.01510735	      2.53636950	      0.00000000	     -1.05533438	     -1.94307034	     -1.39316175	      1.29478928	     -9.15008375	      0.55022835	     26.80169888	     96.17350019	     -5.09861444	    -11.65805417	      5.03838202	     38.34168033	     99.84207694
      9.83333330	    -14.91508456	      2.42843554	     -2.30986779	     -0.56280975	      0.91850925	     -0.17751077	     17.25025807	     -3.15902549	     -0.32248221	      0.00000000	      1.70631925	     -7.42632828	      0.00000000	     17.04605814	      1.56445818	     -9.34415078	      0.00000000	      5.99785457	      2.48500659	      0.00000000	     -0.78747514	     -1.89173275	     -1.40699638	      1.25505785	     -9.19921544	      0.54831360	     26.80293165	     96.16148147	     -5.21461371	    -11.64001189	      5.02448414	     38.27913281	     99.84721548
      9.85000000	    -14.70883375	      2.38997539	     -2.32410800	     -0.56050406	      0.91751407	     -0.17749893	     17.22710707	     -3.14330774	      0.56814832	      0.65410858	      1.47904735	     -9.10708030	      0.00000000	     16.70274674	      1.51230026	     -8.96679514	      0.00000000	      5.84005871	      1.73078682	      0.00000000	     -0.85638263	     -1.84319524	     -1.42167252	      1.37652701	     -9.22724293	      0.56297320	     26.68719220	     96.04362280	     -5.08511650	    -11.46279460	      4.63587973	     37.40882288	     99.87321165
      9.86666670	    -14.67551097	      2.37402758	     -2.40787277	     -0.55823224	      0.92269798	     -0.17771769	     17.48274655	     -3.13873022	      0.69503021	      1.49235339	      1.59597609	     -9.41506467	      0.00000000	     16.45935585	      1.46698272	     -9.01233526	      0.00000000	      5.86716174	      1.58928253	      0.00000000	     -0.69550376	     -1.78668019	     -1.35939387	      1.42869909	     -9.28798404	      0.52534171	     26.61620561	     96.00357653	     -5.08400041	    -11.34556900	      4.53129595	     37.13693191	     99.88464982
      9.88333330	    -14.71770197	      2.44648928	     -2.48343441	     -0.55723570	      0.92514760	     -0.17814891	     17.61670554	     -3.22559831	      1.10566186	      1.79543200	      1.82788123	     -9.84116996	      0.00000000	     16.36774868	      1.51665246	     -8.98979001	      0.00000000	      5.86488525	      1.31612790	      0.00000000	     -0.39024098	     -1.83838566	     -1.26139094	      1.44596441	     -9.22255677	      0.41704158	     26.33518446	     95.93119597	     -4.99938957	    -11.21311116	      4.25364713	     36.34018905	     99.89217953
      9.90000000	    -14.75952020	      2.42956114	     -2.45552527	     -0.55695574	      0.92481667	     -0.17833862	     17.65019778	     -3.25342876	      1.11032794	      1.78395853	      1.82434695	     -9.83975167	      0.00000000	     16.28791527	      1.50063085	     -8.99411484	      0.00000000	      5.86148057	      1.31368437	      0.00000000	     -0.38558691	     -1.83949584	     -1.25781884	      1.44835477	     -9.22317773	      0.41601892	     26.33468766	     95.93081913	     -5.00236844	    -11.21403734	      4.25233941	     36.33520147	     99.89221155
      9.91666670	    -14.73901393	      2.42424098	     -2.36326756	     -0.55695706	      0.92382013	     -0.17763222	     17.58123562	     -3.30251417	      1.14695036	      1.75509433	      1.81090550	     -9.83134291	      0.00000000	     16.23840653	      1.51939511	     -9.03467387	      0.00000000	      5.83477553	      1.27533632	      0.00000000	     -0.27778739	     -1.82887096	     -1.22544397	      1.44820229	     -9.24139049	      0.39915391	     26.32211832	     95.92600926	     -5.06374450	    -11.24519778	      4.23063305	     36.25614909	     99.89154812
      9.93333330	    -14.95804355	      2.42815807	     -2.29213150	     -0.55488414	      0.92304666	     -0.17815964	     17.42282402	     -3.35078209	      1.25564642	      1.10145583	      1.33191261	     -9.93683907	      0.00000000	     16.37156346	      1.53663056	     -8.88159395	      0.00000000	      5.64242561	      0.91419446	      0.00000000	      0.40847669	     -1.74862271	     -1.41887683	      1.38976302	     -9.18475909	     -0.06197593	     25.93710860	     95.78859262	     -4.95770038	    -11.06240463	      3.78474777	     34.73123509	     99.87094518
      9.95000000	    -15.02345627	      2.46945168	     -2.27120960	     -0.55492504	      0.92249598	     -0.17801045	     17.28714157	     -3.40797422	      1.28415971	      0.63979023	      1.45721373	     -9.96101738	      0.00000000	     16.45534238	      1.57687825	     -8.98140825	      0.00000000	      5.66914120	      0.83663884	      0.00000000	      0.56159769	     -1.82786168	     -1.39994611	      1.39754338	     -9.17221555	     -0.10965956	     25.95922675	     95.77526656	     -4.91770120	    -11.11354924	      3.73928657	     34.68397557	     99.86894698
      9.96666670	    -15.10277125	      2.51948420	     -2.25803447	     -0.55350738	      0.92274099	     -0.17750160	     17.03761982	     -3.47251314	      1.41451097	      0.00000000	      1.43909235	     -9.83328224	      0.00000000	     16.52832434	      1.60537657	     -8.98176181	      0.00000000	      5.68246708	      0.81421370	      0.00000000	      0.82698769	     -1.87122488	     -1.32348337	      1.36911100	     -9.17628060	     -0.18482894	     26.00153606	     95.75632043	     -5.03814619	    -11.22491540	      3.67047188	     34.57930321	     99.86361415
      9.98333330	    -15.10791529	      2.53195325	     -2.25023138	     -0.55431658	      0.92230401	     -0.17604031	     17.01658394	     -3.48487159	      1.41467801	      0.00000000	      1.43479014	     -9.82889640	      0.00000000	     16.53522671	      1.59353033	     -8.98248000	      0.00000000	      5.67919552	      0.81305616	      0.00000000	      0.83894120	     -1.86339620	     -1.31566069	      1.37252707	     -9.17516718	     -0.18692590	     26.00488442	     95.75576079	     -5.04221018	    -11.23299891	      3.66707115	     34.57688410	     99.86328201
     10.00000000	    -15.09570543	      2.55493650	     -2.26089005	     -0.55170119	      0.92615722	     -0.17635932	     16.96097354	     -3.50066885	      1.42762825	      0.00000000	      1.40695769	     -9.76862402	      0.00000000	     16.53236343	      1.58915167	     -8.96858440	      0.00000000	      5.63542205	      0.81607906	      0.00000000	      0.98065561	     -1.86105312	     -1.17084492	      1.43843155	     -9.11867670	     -0.20421847	     26.05876375	     95.75055469	     -5.14735495	    -11.37268664	      3.62162639	     34.52752581	     99.85843561
     10.01666670	    -15.11080076	      2.57367098	     -2.25980294	     -0.55036823	      0.92496507	     -0.17576203	     16.95269473	     -3.49947449	      1.42985571	      0.00000000	      1.40517669	     -9.76039208	      0.00000000	     16.52579121	      1.57780369	     -8.96699430	      0.00000000	      5.63275336	      0.81531336	      0.00000000	      0.98473866	     -1.86585418	     -1.16200385	      1.43660474	     -9.11389850	     -0.20683128	     26.06078031	     95.74987744	     -5.15756975	    -11.38507207	      3.61686052	     34.52220751	     99.85784222
     10.03333330	    -15.64973771	      2.69812576	     -2.37579365	     -0.55264900	      0.92223564	     -0.17420089	     17.55812522	     -3.51078419	      1.37716715	      0.00000000	      1.80550473	     -8.84656775	      0.00000000	     17.10770225	      1.59032800	     -9.08851984	      0.00000000	      5.48519198	      0.64651811	      0.00000000	      1.85994317	     -2.08952415	     -0.78538365	      1.02011419	     -8.87515970	     -0.94116875	     26.25038251	     95.58455851	     -5.41008509	    -11.54637821	      3.01872694	     34.48207279	     99.76209519
     10.05000000	    -15.66739308	      2.70267627	     -2.31145072	     -0.55241245	      0.92458577	     -0.17434507	     17.55168666	     -3.49707974	      1.38127619	      0.00000000	      1.79440141	     -8.83147825	      0.00000000	     17.15056095	      1.58000707	     -9.07578066	      0.00000000	      5.46942755	      0.65306585	      0.00000000	      1.83379512	     -2.10564884	     -0.74609959	      1.07275473	     -8.82496600	     -0.95084877	     26.27521392	     95.58204388	     -5.40534025	    -11.56667345	      3.00355507	     34.47321439	     99.76038755
     10.06666670	    -15.69002410	      2.71501030	     -2.30115386	     -0.55182055	      0.92393178	     -0.17423841	     17.55120475	     -3.48872585	      1.38137968	      0.00000000	      1.79248208	     -8.82845456	      0.00000000	     17.14069350	      1.57333601	     -9.07170947	      0.00000000	      5.46288176	      0.65614899	      0.00000000	      1.82430520	     -2.10518084	     -0.74272452	      1.08367049	     -8.81369235	     -0.95290046	     26.27929521	     95.58150434	     -5.39463709	    -11.57407190	      2.99873658	     34.47347791	     99.75979619
     10.08333330	    -15.71882888	      2.68483212	     -2.19372444	     -0.55110599	      0.92507579	     -0.17364215	     17.57733945	     -3.44837931	      1.38995856	      0.00000000	      1.77723382	     -8.80172059	      0.00000000	     17.19423882	      1.53505176	     -9.04222544	      0.00000000	      5.39107822	      0.68623409	      0.00000000	      1.74046513	     -2.12135797	     -0.70077447	      1.17730337	     -8.66995244	     -0.96496286	     26.31740658	     95.57740435	     -5.31134430	    -11.63883189	      2.95282609	     34.46572942	     99.75372166
     10.10000000	    -15.75421606	      2.68258191	     -2.16191222	     -0.55192826	      0.92291663	     -0.17327301	     17.67033255	     -3.40962316	      1.35495851	      0.00000000	      1.76819128	     -8.79657817	      0.00000000	     17.25422558	      1.50899178	     -8.99727109	      0.00000000	      5.30042326	      0.72933715	      0.00000000	      1.57041068	     -2.14153035	     -0.77104942	      1.24470109	     -8.53501715	     -1.00618235	     26.34423936	     95.56797708	     -5.10990561	    -11.70299910	      2.87915119	     34.46931296	     99.74316852
     10.11666670	    -15.37140603	      2.61394985	     -1.98334293	     -0.55156248	      0.92653907	     -0.17319847	     17.22633661	     -3.38591524	      1.12338321	      0.00000000	      1.69670492	     -8.77553268	      0.00000000	     16.87086475	      1.48507435	     -8.82363261	      0.00000000	      5.06847796	      0.61922844	      0.00000000	      0.89287355	     -2.08374754	     -1.03247232	      1.55181123	     -8.25076370	     -2.12282955	     26.50845525	     95.37395659	     -4.79598364	    -11.46207995	      1.96296565	     33.90122223	     99.59891564
     10.13333330	    -15.38155702	      2.62557897	     -1.97378303	     -0.55104994	      0.92497364	     -0.17298302	     17.21280131	     -3.37787562	      1.12520396	      0.00000000	      1.69772265	     -8.77504863	      0.00000000	     16.88210907	      1.48507189	     -8.82607642	      0.00000000	      5.06576691	      0.62016665	      0.00000000	      0.88449544	     -2.08086296	     -1.03030876	      1.55514317	     -8.24547976	     -2.12427897	     26.50986795	     95.37385151	     -4.79158386	    -11.46005438	      1.96116722	     33.90247585	     99.59866624
     10.15000000	    -15.42988509	      2.61598034	     -1.88733427	     -0.55032814	      0.92659431	     -0.17356888	     17.22618872	     -3.39371165	      1.14865869	      0.00000000	      1.71920902	     -8.77556499	      0.00000000	     16.95067355	      1.48786024	     -8.87832321	      0.00000000	      5.01179738	      0.63259525	      0.00000000	      0.81993491	     -2.04816385	     -1.06184622	      1.58353294	     -8.13595632	     -2.13655098	     26.52807199	     95.37284493	     -4.68485864	    -11.39255866	      1.94394075	     33.92722229	     99.59513820
     10.16666670	    -15.46034612	      2.63025825	     -1.90381171	     -0.54935896	      0.92722227	     -0.17327415	     17.19871967	     -3.39344101	      1.14632358	      0.00000000	      1.72194106	     -8.77709892	      0.00000000	     16.95632395	      1.48579802	     -8.87910967	      0.00000000	      5.00543286	      0.63560780	      0.00000000	      0.81821339	     -2.04616620	     -1.07146730	      1.58652194	     -8.13145444	     -2.13884969	     26.52984531	     95.37257379	     -4.66976144	    -11.38620227	      1.94217510	     33.93052677	     99.59474631
     10.18333330	    -15.45896706	      2.66818179	     -1.98553060	     -0.55084492	      0.92676060	     -0.17306889	     17.19565252	     -3.41436732	      1.13167143	      0.00000000	      1.74880145	     -8.78468171	      0.00000000	     16.94551491	      1.49943219	     -8.92439323	      0.00000000	      4.95079124	      0.64723307	      0.00000000	      0.83097707	     -2.02802033	     -1.16437552	      1.60126198	     -8.06774581	     -2.15077489	     26.54528474	     95.37086013	     -4.53673640	    -11.32199576	      1.93237594	     33.95978050	     99.59183339
     10.20000000	    -15.46371361	      2.69532510	     -1.91419793	     -0.55059531	      0.92697235	     -0.17289667	     17.16305303	     -3.45855297	      1.14688254	      0.00000000	      1.78268507	     -8.77111191	      0.00000000	     16.93451087	      1.54852316	     -9.05094261	      0.00000000	      4.83448132	      0.66467686	      0.00000000	      0.82708937	     -2.02627502	     -1.25449077	      1.68343085	     -7.92340680	     -2.17383875	     26.59751864	     95.36719312	     -4.36103182	    -11.22206062	      1.90808338	     33.97701921	     99.58499122
     10.21666670	    -15.51038082	      2.70171525	     -1.90896401	     -0.54994951	      0.92968778	     -0.17273670	     17.18385997	     -3.45036267	      1.14580019	      0.00000000	      1.78348625	     -8.77067840	      0.00000000	     16.88287189	      1.55647157	     -9.05347515	      0.00000000	      4.82803452	      0.66771827	      0.00000000	      0.82324876	     -2.02810647	     -1.26007563	      1.68522998	     -7.91995590	     -2.17592701	     26.59889170	     95.36688767	     -4.35490960	    -11.21936418	      1.90646713	     33.97615923	     99.58458725
     10.23333330	    -15.54704507	      2.71010509	     -1.91101161	     -0.54989798	      0.92692513	     -0.17248812	     17.18192494	     -3.44801221	      1.14268283	      0.00000000	      1.78398530	     -8.76969787	      0.00000000	     16.82916070	      1.56639370	     -9.06064916	      0.00000000	      4.82104770	      0.67062968	      0.00000000	      0.82006551	     -2.02947843	     -1.27284514	      1.68415755	     -7.91173999	     -2.17791809	     26.59981022	     95.36652625	     -4.34132107	    -11.21314675	      1.90497308	     33.97710372	     99.58409512
     10.25000000	    -15.52940175	      2.77120210	     -1.99436818	     -0.54909653	      0.92620842	     -0.17193788	     17.14390201	     -3.48196875	      1.10427400	      0.00000000	      1.79585288	     -8.77048495	      0.00000000	     16.72783026	      1.60558506	     -9.11622472	      0.00000000	      4.78364468	      0.69904626	      0.00000000	      0.83674250	     -2.06367238	     -1.37264642	      1.66014652	     -7.82015674	     -2.19192484	     26.60778369	     95.36350417	     -4.25962542	    -11.14522531	      1.89705169	     33.97880079	     99.58006027
     10.26666670	    -15.55751792	      2.78120643	     -1.98854115	     -0.54658879	      0.92755822	     -0.17224608	     17.12574206	     -3.47956191	      1.10317291	      0.00000000	      1.79698685	     -8.76990715	      0.00000000	     16.71251907	      1.60867691	     -9.12345111	      0.00000000	      4.78321301	      0.70156040	      0.00000000	      0.83256801	     -2.07074655	     -1.37658061	      1.66285199	     -7.80964556	     -2.19388925	     26.61020262	     95.36306353	     -4.25598505	    -11.13836144	      1.89598960	     33.97677034	     99.57951914
     10.28333330	    -14.85301182	      2.85273757	     -1.96768495	     -0.54494202	      0.92781802	     -0.17184134	     16.23518817	     -3.58043354	      0.85238269	      0.00000000	      2.10018010	     -8.40090027	      0.00000000	     15.84446127	      1.69988411	     -9.66981175	      0.00000000	      5.33691075	      1.91176373	      0.00000000	      0.00895898	     -2.19519616	     -1.78631333	      1.82081913	     -7.38690643	     -3.09500719	     26.75883817	     95.20555081	     -4.12330825	    -10.87582225	      1.30375123	     33.34065509	     99.39833531
     10.30000000	    -14.90699122	      2.86177325	     -1.97902627	     -0.54314874	      0.92715607	     -0.17194799	     16.20905028	     -3.58249009	      0.84950950	      0.00000000	      2.09799222	     -8.40151585	      0.00000000	     15.79938583	      1.69253987	     -9.67049540	      0.00000000	      5.33901764	      1.91078171	      0.00000000	      0.01599492	     -2.19541817	     -1.79337221	      1.81003850	     -7.38583160	     -3.09765283	     26.75573413	     95.20520220	     -4.11977330	    -10.87064070	      1.30298318	     33.34314424	     99.39781112
     10.31666670	    -14.76416446	      2.85614510	     -2.02635668	     -0.54335154	      0.92805600	     -0.17168472	     15.93777850	     -3.56014726	      0.81395998	      0.00000000	      2.08243829	     -8.41490846	      0.00000000	     15.50275594	      1.68002412	     -9.68882731	      0.00000000	      5.48747611	      1.88231663	      0.00000000	      0.29659061	     -2.20599853	     -1.83466127	      1.51395832	     -7.31911163	     -3.14022478	     26.67232247	     95.19801386	     -4.27649027	    -10.72233365	      1.30614360	     33.32548043	     99.38941497
     10.33333330	    -14.75256848	      2.87168962	     -2.09889164	     -0.54379958	      0.92729221	     -0.17117399	     15.91129672	     -3.54618156	      0.78820515	      0.00000000	      2.09387108	     -8.43091084	      0.00000000	     15.43937372	      1.67159170	     -9.67127708	      0.00000000	      5.54074252	      1.88728911	      0.00000000	      0.31401659	     -2.20283616	     -1.85390872	      1.45874676	     -7.30239012	     -3.15675762	     26.65294054	     95.19467952	     -4.28479771	    -10.69557885	      1.30266575	     33.32486984	     99.38611982
     10.35000000	    -14.68098262	      2.81724029	     -2.10857841	     -0.54518558	      0.92371548	     -0.17039085	     15.79643056	     -3.45354737	      0.75766112	      0.00000000	      2.14985195	     -8.48991837	      0.00000000	     15.33290847	      1.58756146	     -9.66191863	      0.00000000	      5.78592358	      1.86651038	      0.00000000	      0.40841682	     -2.23347244	     -1.86179261	      1.42087603	     -7.22511725	     -3.19697075	     26.64455209	     95.18462701	     -4.26176746	    -10.63771102	      1.29231720	     33.34374586	     99.37672626
     10.36666670	    -14.67229872	      2.82163468	     -2.10766294	     -0.54471949	      0.92439015	     -0.17039629	     15.80369983	     -3.45165155	      0.75781378	      0.00000000	      2.15058245	     -8.49056788	      0.00000000	     15.33640333	      1.58509515	     -9.66100289	      0.00000000	      5.78782887	      1.86669330	      0.00000000	      0.40794034	     -2.23225321	     -1.86187338	      1.42072706	     -7.22470363	     -3.19733641	     26.64445738	     95.18452976	     -4.26143203	    -10.63747142	      1.29221552	     33.34394017	     99.37665066
     10.38333330	    -14.60435077	      2.69082502	     -2.12673613	     -0.54263486	      0.92488861	     -0.17010166	     15.67542711	     -3.27708772	      0.82425370	      0.00000000	      2.38271596	     -8.66229657	      0.00000000	     15.17744070	      1.41047214	     -9.48783065	      0.00000000	      6.35989834	      1.94062056	      0.00000000	      0.46569018	     -2.07544659	     -1.86157557	      1.31458450	     -7.07499515	     -3.28590106	     26.61248701	     95.15800105	     -4.30433509	    -10.56211774	      1.28293927	     33.36431786	     99.35891627
     10.40000000	    -14.61515745	      2.70281496	     -2.13749162	     -0.54135947	      0.92403234	     -0.17009815	     15.65737847	     -3.28087758	      0.82393056	      0.00000000	      2.38664725	     -8.66641154	      0.00000000	     15.17689707	      1.39480602	     -9.48516941	      0.00000000	      6.36562995	      1.94338485	      0.00000000	      0.46394231	     -2.07537063	     -1.86717743	      1.31125046	     -7.07819781	     -3.28913937	     26.61104558	     95.15721632	     -4.30189136	    -10.55959663	      1.28306306	     33.36585466	     99.35854159
     10.41666670	    -14.51797000	      2.64679756	     -2.16344877	     -0.54131272	      0.92436139	     -0.16997318	     15.47273599	     -3.20764607	      0.87446872	      0.00000000	      2.57716463	     -8.80657305	      0.00000000	     15.02236407	      1.30254441	     -9.47151840	      0.00000000	      6.57600312	      1.98770738	      0.00000000	      0.61203234	     -2.04702152	     -1.93590192	      1.13033321	     -7.04822281	     -3.36232249	     26.56434386	     95.13529778	     -4.42420653	    -10.48645134	      1.29586044	     33.36318094	     99.34831921
     10.43333330	    -14.54937212	      2.65114048	     -2.17690378	     -0.54018917	      0.92487899	     -0.17024301	     15.45113482	     -3.21904004	      0.87485369	      0.00000000	      2.58149615	     -8.81118394	      0.00000000	     15.00826560	      1.28627890	     -9.46969233	      0.00000000	      6.57985474	      1.99025239	      0.00000000	      0.61541634	     -2.04346514	     -1.94051234	      1.12706744	     -7.04508033	     -3.36457724	     26.56401257	     95.13451068	     -4.42220815	    -10.48607079	      1.29576448	     33.36492157	     99.34789470
     10.45000000	    -14.47519235	      2.64688725	     -2.28934320	     -0.53809610	      0.92612637	     -0.16994023	     15.29289320	     -3.19169894	      0.89394678	      0.00000000	      2.66135942	     -8.87193489	      0.00000000	     14.82141208	      1.24180817	     -9.44814589	      0.00000000	      6.64078916	      2.02316021	      0.00000000	      0.81504068	     -1.99715232	     -2.00781712	      0.97682811	     -6.97671459	     -3.38729799	     26.53414121	     95.12491096	     -4.49607831	    -10.44819273	      1.30516177	     33.36332701	     99.34370928
     10.46666670	    -14.38424456	      2.58699346	     -2.27135073	     -0.53708277	      0.92599576	     -0.17000339	     15.04824694	     -3.15094513	      0.94340037	      0.00000000	      2.83756668	     -8.99730536	      0.00000000	     14.63371661	      1.17755663	     -9.46310428	      0.00000000	      6.84334149	      2.07473568	      0.00000000	      0.99897615	     -1.93126684	     -2.03872937	      0.77596290	     -6.89252761	     -3.45428548	     26.49090189	     95.09959258	     -4.75209095	    -10.39411653	      1.32286249	     33.30074074	     99.33273797
     10.48333330	    -14.38822946	      2.58672612	     -2.27349537	     -0.53807799	      0.92536021	     -0.17007777	     15.04488380	     -3.15081212	      0.94308703	      0.00000000	      2.84277267	     -9.00159589	      0.00000000	     14.62321784	      1.17755981	     -9.46478737	      0.00000000	      6.85049998	      2.07664347	      0.00000000	      1.00474277	     -1.92985732	     -2.04329794	      0.77439307	     -6.89067176	     -3.45707368	     26.49113412	     95.09854618	     -4.75159787	    -10.39313308	      1.32299498	     33.30121552	     99.33221773
     10.50000000	    -14.32678315	      2.58093059	     -2.28493109	     -0.53631216	      0.92552924	     -0.17009047	     14.93655379	     -3.14790514	      0.97222552	      0.00000000	      2.97185337	     -9.10280162	      0.00000000	     14.49765925	      1.16772608	     -9.49889592	      0.00000000	      7.04581533	      2.13668017	      0.00000000	      1.21031436	     -1.91574160	     -2.13839103	      0.71864373	     -6.80592513	     -3.53148699	     26.50878664	     95.06806705	     -4.83337169	    -10.35250151	      1.33330686	     33.28205559	     99.31774518
     10.51666670	    -14.34885612	      2.57858711	     -2.28849234	     -0.53526894	      0.92641527	     -0.17023818	     14.93757495	     -3.15023189	      0.97324789	      0.00000000	      2.97235002	     -9.10488287	      0.00000000	     14.47214963	      1.16667704	     -9.49762570	      0.00000000	      7.04827566	      2.14129266	      0.00000000	      1.21618795	     -1.91632533	     -2.14346790	      0.71642399	     -6.80436765	     -3.53482999	     26.50954854	     95.06675327	     -4.83501337	    -10.35288412	      1.33321722	     33.28139348	     99.31706481
     10.53333330	    -14.28445080	      2.57634264	     -2.34210252	     -0.53485348	      0.92631958	     -0.17023319	     14.82716003	     -3.14338118	      0.99295336	      0.00000000	      2.97143598	     -9.12033165	      0.00000000	     14.27351872	      1.16420275	     -9.47164236	      0.00000000	      7.11043609	      2.19281450	      0.00000000	      1.44475024	     -1.90573970	     -2.20119687	      0.64957219	     -6.77307456	     -3.56747000	     26.51684444	     95.05259798	     -4.90097910	    -10.33663206	      1.33724598	     33.26750727	     99.31008125
     10.55000000	    -14.23483573	      2.55406878	     -2.29683761	     -0.53290611	      0.92517130	     -0.17013388	     14.66672437	     -3.13562154	      1.03459447	      0.00000000	      2.99855112	     -9.16073771	      0.00000000	     14.06707143	      1.16455710	     -9.45969007	      0.00000000	      7.28328516	      2.27465511	      0.00000000	      1.64742438	     -1.87995647	     -2.28309509	      0.50049134	     -6.71745591	     -3.63531445	     26.50688590	     95.02284324	     -5.09079488	    -10.32331508	      1.34361116	     33.19507232	     99.29450959
     10.56666670	    -14.18622015	      2.53221893	     -2.29662567	     -0.52902502	      0.92707405	     -0.16924083	     14.52226495	     -3.11848653	      1.06570949	      0.00000000	      3.02812002	     -9.18291452	      0.00000000	     13.85269846	      1.13990910	     -9.41623623	      0.00000000	      7.40011064	      2.35446365	      0.00000000	      1.84119615	     -1.86718989	     -2.34398439	      0.33969206	     -6.65920025	     -3.67755122	     26.48532472	     95.00330491	     -5.25359748	    -10.31441325	      1.34524569	     33.13633504	     99.28308192
     10.58333330	    -14.13473997	      2.49342845	     -2.22333778	     -0.52818703	      0.92700196	     -0.16940750	     14.36126852	     -3.09117213	      1.10331846	      0.00000000	      3.10984797	     -9.22158010	      0.00000000	     13.64713065	      1.12344879	     -9.37594993	      0.00000000	      7.57909804	      2.43812573	      0.00000000	      2.02796878	     -1.83470513	     -2.39132357	      0.17879612	     -6.60180718	     -3.72539829	     26.46361124	     94.98111911	     -5.43524053	    -10.31412008	      1.34120222	     33.06148363	     99.26870812
     10.60000000	    -14.14494318	      2.49639428	     -2.21671094	     -0.52995557	      0.92744749	     -0.16862618	     14.37121052	     -3.07884634	      1.10241062	      0.00000000	      3.11583538	     -9.22456777	      0.00000000	     13.61327069	      1.12852454	     -9.37350183	      0.00000000	      7.58700697	      2.44193092	      0.00000000	      2.03787914	     -1.83295501	     -2.39518538	      0.17323984	     -6.60056922	     -3.72757637	     26.46309803	     94.98015135	     -5.44045746	    -10.31191087	      1.34134917	     33.05867844	     99.26809294
     10.61666670	    -14.02873714	      2.41516574	     -2.20047177	     -0.53053834	      0.92760134	     -0.16902384	     14.20960103	     -2.97491634	      1.17469416	      0.00000000	      3.48591406	     -9.38697486	      0.00000000	     13.42084430	      1.04520605	     -9.27286658	      0.00000000	      8.09752789	      2.74110084	      0.00000000	      2.20751304	     -1.72163841	     -2.60599833	      0.06630237	     -6.45230287	     -3.88905894	     26.46459162	     94.90379306	     -5.61375159	    -10.30361535	      1.31027371	     32.81630559	     99.21144499
     10.63333330	    -13.96699844	      2.38591624	     -2.17274409	     -0.52894860	      0.92924857	     -0.16852079	     14.14276784	     -2.92678632	      1.19095358	      0.00000000	      3.46380844	     -9.37553112	      0.00000000	     13.35601619	      1.00052921	     -9.26368191	      0.00000000	      8.09342359	      2.80937334	      0.00000000	      2.33997678	     -1.76151591	     -2.62948410	      0.14077473	     -6.42235499	     -3.91607059	     26.49647078	     94.89031520	     -5.55807189	    -10.29301706	      1.30170284	     32.80624396	     99.19966239
     10.65000000	    -13.95723999	      2.38220210	     -2.17138463	     -0.52860728	      0.92956136	     -0.16831368	     14.15000186	     -2.92704384	      1.19118664	      0.00000000	      3.46346836	     -9.37549119	      0.00000000	     13.35647160	      1.00274598	     -9.26316711	      0.00000000	      8.09347455	      2.81035905	      0.00000000	      2.34076081	     -1.76044782	     -2.62995155	      0.14036534	     -6.42167896	     -3.91633790	     26.49628368	     94.89015090	     -5.55811236	    -10.29295745	      1.30160020	     32.80569709	     99.19951064
     10.66666670	    -13.81017726	      2.35367647	     -2.20510335	     -0.52615393	      0.93057404	     -0.16805064	     13.93427165	     -2.86530382	      1.19076761	      0.00000000	      3.38447017	     -9.36687855	      0.00000000	     13.10659400	      0.94598343	     -9.19091110	      0.00000000	      8.06592460	      2.94192529	      0.00000000	      2.56108837	     -1.70541870	     -2.67977823	      0.03067623	     -6.29844617	     -3.93565143	     26.45787023	     94.87408748	     -5.62973378	    -10.28919050	      1.29259009	     32.71584331	     99.18361131
     10.68333330	    -13.39120288	      2.28069401	     -2.07609239	     -0.52326880	      0.93266657	     -0.16710140	     13.36820896	     -2.81101122	      0.86286942	      0.00000000	      3.10961177	     -9.42247535	      0.00000000	     12.57739411	      0.88851948	     -9.43788380	      0.00000000	      8.25410396	      3.67858548	      0.00000000	      2.16016962	     -1.59534219	     -3.11650745	      0.26186366	     -6.12287334	     -4.35979266	     26.21855281	     94.67365234	     -5.55988496	    -10.18734585	      1.17402555	     31.75692236	     98.99170249
     10.70000000	    -13.34192118	      2.29738434	     -2.07661278	     -0.52554816	      0.93049843	     -0.16799256	     13.25283001	     -2.82020860	      0.88998278	      0.00000000	      3.13886415	     -9.41801507	      0.00000000	     12.45244113	      0.90639904	     -9.47093558	      0.00000000	      8.24339499	      3.66545314	      0.00000000	      2.31369133	     -1.60344589	     -3.09857131	      0.26585491	     -6.07909617	     -4.37423748	     26.21027443	     94.66182290	     -5.52345367	    -10.17682702	      1.16630285	     31.74331228	     98.97570523
     10.71666670	    -13.36877535	      2.31176794	     -2.07201387	     -0.52462610	      0.93021904	     -0.16774888	     13.23162204	     -2.81725432	      0.89099403	      0.00000000	      3.14146173	     -9.41845926	      0.00000000	     12.42310905	      0.90445900	     -9.47626175	      0.00000000	      8.23915312	      3.66286504	      0.00000000	      2.32070992	     -1.60388380	     -3.09837453	      0.26368754	     -6.07677927	     -4.37587576	     26.20803896	     94.66069297	     -5.52254798	    -10.17390653	      1.16619130	     31.74009181	     98.97431204
     10.73333330	    -13.22924688	      2.34266319	     -2.06229749	     -0.52342427	      0.93202019	     -0.16795132	     12.99693039	     -2.86289146	      0.88320777	      0.00000000	      3.18424230	     -9.43373488	      0.00000000	     12.18211150	      0.94145805	     -9.58983462	      0.00000000	      8.14723464	      3.61758823	      0.00000000	      2.55876114	     -1.60143361	     -3.10999491	      0.17462529	     -6.02734687	     -4.39596901	     26.16367361	     94.64520603	     -5.55384636	    -10.12541236	      1.16794731	     31.67680265	     98.95533995
     10.75000000	    -13.26759901	      2.35277960	     -2.06157197	     -0.52133038	      0.93047232	     -0.16732958	     12.96290386	     -2.86408703	      0.88239408	      0.00000000	      3.18586653	     -9.43407786	      0.00000000	     12.15948304	      0.93879178	     -9.59580158	      0.00000000	      8.14064099	      3.61499606	      0.00000000	      2.55475523	     -1.60196971	     -3.11215346	      0.17238604	     -6.02703195	     -4.39785946	     26.16056150	     94.64412152	     -5.55141607	    -10.12328512	      1.16782810	     31.67270585	     98.95408827
     10.76666670	    -13.13192993	      2.37421749	     -2.07513128	     -0.52118099	      0.92982707	     -0.16712629	     12.72963119	     -2.89707415	      0.86952554	      0.00000000	      3.24738716	     -9.44622149	      0.00000000	     11.89186473	      0.95477697	     -9.72582109	      0.00000000	      8.06298522	      3.55795562	      0.00000000	      2.73215426	     -1.61802801	     -3.17413857	     -0.01521423	     -6.00052538	     -4.42639352	     26.07465810	     94.62613475	     -5.60994098	    -10.09030070	      1.16757419	     31.58419741	     98.93329128
     10.78333330	    -13.06587625	      2.36539784	     -2.02290923	     -0.51985540	      0.93118635	     -0.16720187	     12.58336801	     -2.90452208	      0.87125476	      0.00000000	      3.31039259	     -9.44326839	      0.00000000	     11.72833640	      0.95104239	     -9.77652437	      0.00000000	      8.01541148	      3.54727791	      0.00000000	      2.77167149	     -1.61782668	     -3.14206967	     -0.04376111	     -5.96710772	     -4.45829263	     26.03263426	     94.60602896	     -5.67569117	    -10.06026081	      1.16599737	     31.47499960	     98.91019607
     10.80000000	    -13.06060301	      2.37543031	     -2.09796006	     -0.52015513	      0.92927309	     -0.16735091	     12.56623231	     -2.90452300	      0.86199072	      0.00000000	      3.34316000	     -9.44847700	      0.00000000	     11.62746010	      0.94643461	     -9.77877183	      0.00000000	      8.02662950	      3.54700372	      0.00000000	      2.78652789	     -1.60326729	     -3.18983327	     -0.08638497	     -5.97473582	     -4.47398405	     26.00497646	     94.59788592	     -5.64082836	    -10.04993181	      1.16369035	     31.45580718	     98.90116239
     10.81666670	    -12.95587080	      2.34862438	     -2.05039507	     -0.51918221	      0.92998304	     -0.16685494	     12.35997321	     -2.88613370	      0.89770517	      0.00000000	      3.46588733	     -9.45125699	      0.00000000	     11.43647760	      0.93783382	     -9.81248798	      0.00000000	      8.12013676	      3.52865282	      0.00000000	      2.91019813	     -1.56212296	     -3.22592329	     -0.16216759	     -5.96656829	     -4.51656190	     25.94183125	     94.57317222	     -5.62659037	    -10.00037943	      1.15983021	     31.37373110	     98.87309299
     10.83333330	    -12.96187213	      2.36328312	     -2.12675268	     -0.51867343	      0.92958036	     -0.16697787	     12.32695611	     -2.87727927	      0.88553339	      0.00000000	      3.53017339	     -9.46250156	      0.00000000	     11.36636385	      0.93448640	     -9.79256907	      0.00000000	      8.17532225	      3.54059026	      0.00000000	      2.88293299	     -1.54088355	     -3.24586888	     -0.19924574	     -5.96921453	     -4.53859413	     25.90658420	     94.56086728	     -5.62125371	     -9.98691592	      1.15706659	     31.32947816	     98.85938609
